{"type":"FeatureCollection", "features": [
{"type":"Feature","geometry":{"type":"Polygon","coordinates":[[[71.81437,21.50554],[71.81442,21.50552],[71.81444,21.50547],[71.81442,21.5054],[71.81446,21.50545],[71.81445,21.50552],[71.81437,21.50554]]]},"properties":{"PolygonId":1204,"Area":54,"Subbasin":null}},
{"type":"Feature","geometry":{"type":"Polygon","coordinates":[[[71.76892,21.49772],[71.76892,21.49775],[71.76888,21.49779],[71.76882,21.49777],[71.76879,21.49766],[71.76885,21.49767],[71.76887,21.49767],[71.76892,21.49772]]]},"properties":{"PolygonId":1633,"Area":118,"Subbasin":null}},
{"type":"Feature","geometry":{"type":"Polygon","coordinates":[[[71.7556,21.50552],[71.75557,21.50545],[71.75552,21.50546],[71.75548,21.50553],[71.75541,21.50551],[71.75535,21.50551],[71.75533,21.50553],[71.75528,21.50554],[71.75526,21.50558],[71.75523,21.50558],[71.75519,21.50563],[71.75512,21.50564],[71.75506,21.50569],[71.75493,21.50571],[71.75491,21.50574],[71.75487,21.50575],[71.75484,21.5058],[71.7548,21.50582],[71.75473,21.5058],[71.75465,21.50581],[71.75453,21.50579],[71.75451,21.50574],[71.75451,21.50566],[71.75457,21.50561],[71.75461,21.50561],[71.75465,21.50557],[71.75457,21.50547],[71.75449,21.50535],[71.75444,21.50528],[71.75439,21.50518],[71.75436,21.50517],[71.75435,21.50511],[71.75426,21.50497],[71.75421,21.50486],[71.75417,21.50482],[71.75415,21.50476],[71.75411,21.50474],[71.75408,21.50467],[71.75405,21.50465],[71.754,21.50459],[71.75397,21.5045],[71.75394,21.50448],[71.75393,21.50443],[71.75387,21.50435],[71.75384,21.50427],[71.75378,21.50421],[71.75374,21.50411],[71.75372,21.50409],[71.75363,21.50385],[71.75361,21.50383],[71.75359,21.50375],[71.75357,21.50374],[71.75358,21.50368],[71.75361,21.50366],[71.75357,21.50349],[71.75357,21.50337],[71.75355,21.50336],[71.75356,21.50329],[71.75359,21.50326],[71.75366,21.50332],[71.75373,21.50334],[71.75377,21.50341],[71.75381,21.50342],[71.75392,21.50353],[71.75396,21.50356],[71.75401,21.50358],[71.75408,21.50363],[71.75416,21.50371],[71.75426,21.50377],[71.75431,21.5038],[71.75431,21.50383],[71.75435,21.50387],[71.75444,21.50393],[71.75449,21.504],[71.75453,21.50399],[71.75463,21.50407],[71.75462,21.50409],[71.75473,21.50415],[71.75473,21.50418],[71.7549,21.50431],[71.75495,21.50433],[71.75496,21.50435],[71.75504,21.5044],[71.75504,21.50442],[71.75513,21.50448],[71.75518,21.50446],[71.75519,21.5044],[71.75527,21.50435],[71.75533,21.50438],[71.7554,21.50436],[71.75549,21.5044],[71.75556,21.50438],[71.75561,21.50434],[71.7556,21.50428],[71.75566,21.50415],[71.75566,21.50407],[71.75564,21.50406],[71.75565,21.504],[71.75564,21.50393],[71.75571,21.50393],[71.75573,21.50385],[71.75577,21.50378],[71.75577,21.50375],[71.75579,21.50374],[71.75579,21.50375],[71.75587,21.50378],[71.75593,21.50379],[71.75598,21.50382],[71.75599,21.50386],[71.75607,21.5039],[71.75612,21.50395],[71.75619,21.50398],[71.75628,21.50403],[71.7563,21.50407],[71.75635,21.50407],[71.75641,21.50412],[71.7564,21.50414],[71.75641,21.50428],[71.75645,21.50428],[71.75643,21.50433],[71.75642,21.50441],[71.75637,21.50443],[71.75639,21.50451],[71.75641,21.50452],[71.75641,21.50461],[71.75648,21.50462],[71.75653,21.50474],[71.75655,21.50477],[71.7565,21.50479],[71.75646,21.50479],[71.75639,21.50481],[71.75634,21.50484],[71.75627,21.50484],[71.75625,21.50487],[71.75617,21.50488],[71.75616,21.5049],[71.75605,21.50493],[71.75598,21.50497],[71.75592,21.50497],[71.75588,21.50503],[71.75585,21.50505],[71.75582,21.5051],[71.75577,21.5051],[71.75573,21.50521],[71.75573,21.50526],[71.7557,21.50528],[71.75574,21.50532],[71.7557,21.50543],[71.75564,21.5055],[71.7556,21.50552]]]},"properties":{"PolygonId":997,"Area":3376,"Subbasin":null}},
{"type":"Feature","geometry":{"type":"Polygon","coordinates":[[[71.76531,21.50124],[71.76529,21.50129],[71.76525,21.50131],[71.76523,21.50138],[71.76519,21.5014],[71.76515,21.50149],[71.76512,21.50151],[71.76507,21.50158],[71.76505,21.50161],[71.76498,21.50172],[71.76506,21.50173],[71.76505,21.50177],[71.76506,21.50184],[71.7651,21.50185],[71.7651,21.5019],[71.76513,21.50192],[71.76514,21.50197],[71.76519,21.50199],[71.76515,21.50211],[71.76519,21.50219],[71.76518,21.50224],[71.76521,21.50225],[71.76523,21.50231],[71.76532,21.50231],[71.76535,21.50232],[71.76535,21.50235],[71.76537,21.5024],[71.76546,21.50246],[71.76547,21.5025],[71.76553,21.50255],[71.7656,21.50258],[71.76567,21.50257],[71.76573,21.50263],[71.76573,21.50267],[71.76582,21.50271],[71.76589,21.50276],[71.76586,21.50285],[71.76587,21.50289],[71.76593,21.50293],[71.76594,21.50296],[71.76604,21.50297],[71.76604,21.503],[71.76598,21.50308],[71.76599,21.50311],[71.76594,21.50312],[71.76591,21.50316],[71.76594,21.50321],[71.76595,21.5033],[71.76599,21.50332],[71.76595,21.50336],[71.76596,21.50341],[71.76606,21.50341],[71.7661,21.50343],[71.7662,21.50344],[71.76622,21.50345],[71.76622,21.5035],[71.76615,21.50353],[71.76614,21.50358],[71.76608,21.50359],[71.76605,21.50363],[71.76605,21.50369],[71.76603,21.5037],[71.76603,21.50376],[71.76599,21.50381],[71.766,21.5039],[71.76596,21.50395],[71.766,21.504],[71.76597,21.50404],[71.76593,21.50406],[71.76593,21.50411],[71.76591,21.50416],[71.76592,21.5042],[71.76592,21.5043],[71.76588,21.50433],[71.76588,21.50437],[71.76588,21.50446],[71.76591,21.50449],[71.76591,21.50453],[71.76585,21.50455],[71.76592,21.50463],[71.76593,21.50467],[71.7659,21.50473],[71.76593,21.50478],[71.76593,21.50489],[71.76592,21.50493],[71.76587,21.50497],[71.7659,21.50504],[71.76587,21.50506],[71.76585,21.5051],[71.76579,21.50512],[71.76573,21.50507],[71.76569,21.50508],[71.76562,21.50506],[71.76554,21.50499],[71.76548,21.50497],[71.76544,21.50498],[71.76532,21.5049],[71.76532,21.50485],[71.76524,21.50483],[71.7652,21.50481],[71.76515,21.50482],[71.76486,21.50471],[71.76481,21.50471],[71.76481,21.50468],[71.76472,21.50467],[71.76468,21.50468],[71.76455,21.50466],[71.76446,21.50463],[71.76439,21.50462],[71.76438,21.50457],[71.76431,21.50459],[71.7642,21.50459],[71.76421,21.50453],[71.7644,21.50428],[71.76447,21.50422],[71.76448,21.50418],[71.76453,21.50415],[71.76453,21.50412],[71.7646,21.50403],[71.76463,21.50401],[71.76466,21.50397],[71.76467,21.50393],[71.76472,21.50391],[71.76477,21.50382],[71.76473,21.50378],[71.76468,21.5038],[71.7646,21.50379],[71.76454,21.50374],[71.76453,21.5037],[71.76447,21.50368],[71.76442,21.50368],[71.76438,21.50365],[71.76429,21.50368],[71.76424,21.50365],[71.76422,21.50361],[71.76418,21.50356],[71.7641,21.50356],[71.76406,21.5036],[71.76401,21.5036],[71.76398,21.50357],[71.76395,21.50359],[71.76388,21.50359],[71.76385,21.50364],[71.76382,21.50367],[71.76372,21.50369],[71.7637,21.50371],[71.76368,21.50378],[71.76365,21.50382],[71.76359,21.50379],[71.76359,21.50376],[71.76351,21.5037],[71.76352,21.50367],[71.76346,21.50365],[71.76341,21.50359],[71.76339,21.50359],[71.76333,21.50352],[71.76328,21.50349],[71.76326,21.50346],[71.76326,21.5034],[71.76323,21.50335],[71.76322,21.5033],[71.76317,21.50324],[71.76318,21.50315],[71.76318,21.50305],[71.7632,21.50302],[71.76318,21.50294],[71.76314,21.50291],[71.76308,21.50277],[71.76308,21.50269],[71.76306,21.50268],[71.76307,21.50263],[71.76304,21.5026],[71.76304,21.50254],[71.76301,21.50251],[71.76301,21.50238],[71.76297,21.50234],[71.76297,21.50226],[71.76295,21.50222],[71.76295,21.50219],[71.76292,21.50215],[71.76295,21.50208],[71.76295,21.502],[71.76288,21.50198],[71.76287,21.50191],[71.76289,21.50189],[71.76286,21.50179],[71.76277,21.50169],[71.76279,21.5016],[71.76275,21.50158],[71.76275,21.50149],[71.76268,21.50138],[71.76264,21.50134],[71.76266,21.50126],[71.76265,21.50119],[71.76263,21.50119],[71.7626,21.50114],[71.7626,21.50108],[71.76255,21.50104],[71.76248,21.50092],[71.76247,21.50075],[71.76242,21.50073],[71.76239,21.5006],[71.76237,21.5006],[71.76237,21.5005],[71.76228,21.50036],[71.76234,21.50028],[71.76234,21.50027],[71.76234,21.50017],[71.76232,21.50013],[71.76228,21.5001],[71.76225,21.50006],[71.76225,21.49989],[71.76225,21.49986],[71.7623,21.4998],[71.76229,21.49973],[71.76232,21.4997],[71.76235,21.4996],[71.7624,21.49954],[71.7624,21.49951],[71.76233,21.49937],[71.76233,21.49922],[71.76227,21.49919],[71.7622,21.4991],[71.76218,21.49903],[71.76215,21.49899],[71.76214,21.4989],[71.76216,21.49887],[71.76216,21.49886],[71.76211,21.49882],[71.76209,21.49878],[71.76209,21.4987],[71.76196,21.4987],[71.76189,21.4987],[71.76183,21.49871],[71.76172,21.49869],[71.76172,21.49867],[71.7617,21.49857],[71.76167,21.49857],[71.76165,21.49854],[71.76165,21.49843],[71.76159,21.49839],[71.76161,21.49833],[71.76158,21.49826],[71.76154,21.49825],[71.76148,21.49826],[71.76144,21.49824],[71.76144,21.49821],[71.76139,21.4982],[71.76134,21.49814],[71.76127,21.49815],[71.76122,21.49812],[71.76118,21.49812],[71.76115,21.49806],[71.76108,21.49802],[71.76103,21.49794],[71.761,21.49794],[71.76093,21.49789],[71.76092,21.49786],[71.76086,21.49783],[71.76083,21.49779],[71.76079,21.49779],[71.76075,21.49774],[71.76067,21.49773],[71.76063,21.49768],[71.76058,21.49767],[71.76053,21.49764],[71.76052,21.4976],[71.76041,21.49754],[71.76042,21.49748],[71.76044,21.49751],[71.7605,21.49749],[71.7605,21.49744],[71.76055,21.49744],[71.76056,21.49746],[71.76064,21.49745],[71.76066,21.49742],[71.76071,21.49743],[71.76072,21.49752],[71.76083,21.49752],[71.76087,21.49751],[71.7609,21.49753],[71.76099,21.4975],[71.76104,21.4975],[71.7611,21.49748],[71.76117,21.49748],[71.76124,21.49745],[71.76129,21.49744],[71.76139,21.49734],[71.76147,21.49733],[71.76153,21.4973],[71.76158,21.49725],[71.76159,21.49722],[71.76173,21.49717],[71.76175,21.49715],[71.76186,21.49712],[71.76195,21.49713],[71.76195,21.49715],[71.76201,21.49717],[71.76207,21.49715],[71.76209,21.49718],[71.76208,21.49723],[71.7621,21.4973],[71.76214,21.4973],[71.7622,21.49736],[71.76232,21.49741],[71.76233,21.49743],[71.7624,21.49745],[71.76247,21.49746],[71.76253,21.49752],[71.76255,21.4976],[71.7626,21.49761],[71.76261,21.49765],[71.76276,21.49778],[71.76276,21.49781],[71.76282,21.49786],[71.76288,21.49787],[71.76292,21.4979],[71.76297,21.4979],[71.76306,21.49796],[71.76307,21.498],[71.76314,21.49804],[71.76314,21.49806],[71.76321,21.49811],[71.76332,21.49811],[71.76335,21.49813],[71.76339,21.49812],[71.76345,21.49815],[71.76353,21.49816],[71.76361,21.4982],[71.76366,21.49822],[71.76373,21.49831],[71.76374,21.49835],[71.76378,21.49839],[71.76378,21.49847],[71.76385,21.49854],[71.76393,21.49854],[71.76395,21.4986],[71.76401,21.4986],[71.76401,21.49869],[71.76404,21.49871],[71.76409,21.49869],[71.76416,21.49873],[71.76423,21.49872],[71.76425,21.4987],[71.7643,21.4987],[71.76436,21.49875],[71.76438,21.49881],[71.76443,21.49885],[71.76448,21.49885],[71.7645,21.49888],[71.76455,21.49893],[71.7646,21.499],[71.76464,21.49904],[71.76465,21.49907],[71.76487,21.49917],[71.76488,21.49921],[71.76493,21.49924],[71.76501,21.49924],[71.76507,21.49927],[71.76514,21.49928],[71.76515,21.49931],[71.7652,21.49932],[71.76525,21.49936],[71.76526,21.49939],[71.76534,21.49945],[71.76535,21.4995],[71.7654,21.49956],[71.76542,21.49956],[71.76548,21.49962],[71.7655,21.49968],[71.76554,21.49972],[71.76557,21.49972],[71.76556,21.49981],[71.76563,21.49989],[71.76563,21.49993],[71.76565,21.49998],[71.76566,21.50012],[71.76568,21.50014],[71.76568,21.50034],[71.76571,21.50039],[71.76571,21.50045],[71.76574,21.50047],[71.76567,21.50057],[71.76567,21.5006],[71.76561,21.50068],[71.7656,21.50076],[71.76556,21.50081],[71.7655,21.50096],[71.76543,21.50104],[71.76543,21.50108],[71.76539,21.5011],[71.76533,21.50122],[71.76531,21.50124]]]},"properties":{"PolygonId":1476,"Area":31250,"Subbasin":null}},
{"type":"Feature","geometry":{"type":"Polygon","coordinates":[[[71.75577,21.50375],[71.75577,21.50378],[71.75573,21.50385],[71.75571,21.50393],[71.75564,21.50393],[71.75565,21.504],[71.75564,21.50406],[71.75566,21.50407],[71.75566,21.50415],[71.7556,21.50428],[71.75561,21.50434],[71.75556,21.50438],[71.75549,21.5044],[71.7554,21.50436],[71.75533,21.50438],[71.75527,21.50435],[71.75519,21.5044],[71.75518,21.50446],[71.75513,21.50448],[71.75504,21.50442],[71.75504,21.5044],[71.75496,21.50435],[71.75495,21.50433],[71.7549,21.50431],[71.75473,21.50418],[71.75473,21.50415],[71.75462,21.50409],[71.75463,21.50407],[71.75453,21.50399],[71.75449,21.504],[71.75444,21.50393],[71.75435,21.50387],[71.75431,21.50383],[71.75431,21.5038],[71.75426,21.50377],[71.75416,21.50371],[71.75408,21.50363],[71.75401,21.50358],[71.75396,21.50356],[71.75392,21.50353],[71.75381,21.50342],[71.75377,21.50341],[71.75373,21.50334],[71.75366,21.50332],[71.75359,21.50326],[71.75352,21.50317],[71.75349,21.50316],[71.75341,21.50307],[71.75341,21.503],[71.75336,21.50299],[71.7533,21.50294],[71.75328,21.50289],[71.75325,21.50285],[71.7532,21.50282],[71.75307,21.50267],[71.75302,21.50264],[71.75302,21.5026],[71.75298,21.50258],[71.75296,21.50251],[71.75289,21.50244],[71.75285,21.50245],[71.75282,21.50238],[71.75279,21.50233],[71.75275,21.50231],[71.75269,21.50226],[71.75262,21.50228],[71.7526,21.50231],[71.75255,21.50225],[71.75249,21.50226],[71.75245,21.50221],[71.7524,21.5022],[71.75239,21.50216],[71.75236,21.50216],[71.75235,21.50222],[71.75222,21.50222],[71.75221,21.50226],[71.75213,21.50227],[71.75208,21.50226],[71.75203,21.5023],[71.75198,21.5023],[71.75195,21.50233],[71.75189,21.50232],[71.75188,21.50227],[71.75192,21.50223],[71.7519,21.50221],[71.7519,21.50215],[71.75197,21.50213],[71.75202,21.50209],[71.7521,21.502],[71.7521,21.50195],[71.75212,21.50192],[71.75217,21.5019],[71.75218,21.50187],[71.75228,21.50181],[71.75228,21.50177],[71.75223,21.50173],[71.7522,21.50168],[71.75217,21.50169],[71.75214,21.50164],[71.75202,21.50154],[71.75194,21.50144],[71.75186,21.50139],[71.75184,21.50134],[71.75179,21.50131],[71.75173,21.50125],[71.75172,21.50115],[71.75176,21.50113],[71.75184,21.50107],[71.75189,21.50106],[71.75193,21.50103],[71.75197,21.50101],[71.75207,21.501],[71.75203,21.50092],[71.75211,21.50089],[71.75214,21.50084],[71.75223,21.50084],[71.75226,21.50078],[71.7523,21.50077],[71.7523,21.50073],[71.75236,21.50071],[71.75244,21.50063],[71.75248,21.50063],[71.75256,21.50057],[71.75266,21.50058],[71.75273,21.50056],[71.75273,21.50052],[71.75276,21.50051],[71.75283,21.50051],[71.75296,21.50048],[71.75296,21.50044],[71.75299,21.50042],[71.753,21.50037],[71.75305,21.50035],[71.75305,21.50032],[71.7531,21.50027],[71.75317,21.50023],[71.75319,21.50019],[71.75324,21.5002],[71.75318,21.50004],[71.75319,21.49996],[71.75322,21.49991],[71.75318,21.49988],[71.75319,21.49984],[71.75318,21.49974],[71.75313,21.49971],[71.75312,21.49964],[71.75315,21.49962],[71.7532,21.49962],[71.7532,21.49957],[71.75321,21.49955],[71.75321,21.4995],[71.75331,21.49951],[71.75335,21.49949],[71.75339,21.49949],[71.7535,21.49941],[71.75369,21.49946],[71.75373,21.49945],[71.75379,21.4995],[71.75393,21.4995],[71.75394,21.49953],[71.754,21.49951],[71.75403,21.49948],[71.75405,21.49954],[71.75413,21.49954],[71.75415,21.49956],[71.75421,21.49953],[71.75433,21.49954],[71.75441,21.49944],[71.7544,21.49939],[71.75441,21.49933],[71.75444,21.4993],[71.75451,21.49929],[71.75457,21.49926],[71.75459,21.49924],[71.75464,21.49923],[71.75469,21.4992],[71.7547,21.49915],[71.75475,21.49911],[71.75481,21.4991],[71.75482,21.49908],[71.75488,21.49909],[71.75496,21.49907],[71.755,21.49901],[71.75508,21.49898],[71.75509,21.49894],[71.75514,21.49891],[71.75516,21.49884],[71.75525,21.49883],[71.7553,21.49876],[71.7554,21.4987],[71.75544,21.49865],[71.75544,21.49863],[71.75557,21.49849],[71.7556,21.49842],[71.75564,21.49842],[71.75571,21.4984],[71.75575,21.49844],[71.75582,21.49845],[71.75585,21.49842],[71.75592,21.49838],[71.75595,21.49834],[71.75599,21.49832],[71.75603,21.49828],[71.75618,21.49829],[71.75625,21.49827],[71.75629,21.49831],[71.75636,21.49832],[71.75638,21.49831],[71.75638,21.49825],[71.75644,21.49821],[71.75646,21.49816],[71.75653,21.4981],[71.75652,21.49806],[71.75659,21.49807],[71.75659,21.49796],[71.75662,21.49794],[71.75663,21.49789],[71.75668,21.49789],[71.75674,21.49783],[71.75681,21.49786],[71.75687,21.49785],[71.75695,21.49786],[71.75704,21.4979],[71.75705,21.49793],[71.75711,21.49795],[71.75714,21.49795],[71.75723,21.49802],[71.75726,21.49802],[71.75737,21.49809],[71.7574,21.49814],[71.75747,21.49817],[71.7575,21.49823],[71.75758,21.49824],[71.7576,21.49826],[71.75767,21.49829],[71.75766,21.49833],[71.75771,21.49833],[71.75777,21.49837],[71.75782,21.49843],[71.75787,21.49843],[71.75793,21.49849],[71.75793,21.49854],[71.75802,21.4986],[71.75807,21.49865],[71.7581,21.49873],[71.75818,21.49874],[71.75822,21.49875],[71.75823,21.49878],[71.7583,21.4988],[71.75838,21.4989],[71.75844,21.4989],[71.75857,21.49902],[71.75864,21.49904],[71.75871,21.49911],[71.75879,21.49911],[71.75884,21.49916],[71.75888,21.49916],[71.75891,21.49919],[71.75898,21.4992],[71.75903,21.49925],[71.75905,21.49924],[71.75917,21.4993],[71.75922,21.49931],[71.75925,21.49926],[71.75929,21.49925],[71.75934,21.49922],[71.75943,21.49911],[71.75945,21.49903],[71.75951,21.49894],[71.75959,21.49885],[71.75962,21.49886],[71.75967,21.4988],[71.75974,21.49877],[71.75979,21.49877],[71.7598,21.49874],[71.75985,21.49874],[71.75994,21.49865],[71.75999,21.49865],[71.76,21.49865],[71.7601,21.49879],[71.76009,21.4989],[71.76011,21.49895],[71.76018,21.49905],[71.76019,21.49912],[71.76025,21.49919],[71.76023,21.49922],[71.76024,21.49929],[71.76028,21.49936],[71.76029,21.49942],[71.76031,21.49943],[71.76029,21.49949],[71.76033,21.49954],[71.76031,21.49963],[71.76033,21.49964],[71.76034,21.49972],[71.7603,21.49977],[71.7603,21.49982],[71.76032,21.49987],[71.76023,21.49991],[71.76022,21.49994],[71.76021,21.50003],[71.76028,21.50008],[71.7603,21.50013],[71.76034,21.50016],[71.76041,21.50017],[71.76041,21.5002],[71.76048,21.50023],[71.76049,21.50025],[71.76044,21.50028],[71.76042,21.50034],[71.76039,21.50034],[71.76034,21.50042],[71.76034,21.50046],[71.76037,21.50047],[71.76041,21.50052],[71.76038,21.50062],[71.76036,21.50063],[71.76036,21.50071],[71.76034,21.50076],[71.76026,21.5008],[71.76021,21.50076],[71.7602,21.50071],[71.76016,21.50067],[71.76007,21.50066],[71.76005,21.50064],[71.75996,21.50057],[71.75986,21.50055],[71.75983,21.50053],[71.75973,21.50053],[71.75971,21.50057],[71.75965,21.50058],[71.75961,21.50061],[71.75958,21.50061],[71.75952,21.50065],[71.75945,21.50067],[71.75928,21.50067],[71.75926,21.50073],[71.75922,21.50073],[71.7592,21.50075],[71.75911,21.50078],[71.75907,21.50081],[71.75904,21.50081],[71.75903,21.50086],[71.759,21.50089],[71.75895,21.50089],[71.75896,21.50104],[71.75893,21.50107],[71.75884,21.50112],[71.75883,21.50118],[71.7588,21.50118],[71.75866,21.50119],[71.75857,21.50113],[71.7585,21.50112],[71.75847,21.50108],[71.75841,21.50108],[71.75837,21.50104],[71.75827,21.50103],[71.75827,21.50097],[71.75822,21.50092],[71.75821,21.50089],[71.75808,21.5009],[71.75808,21.50088],[71.75801,21.50086],[71.75798,21.50082],[71.75787,21.50081],[71.75784,21.50083],[71.75777,21.50074],[71.7577,21.5007],[71.75767,21.5007],[71.75756,21.50075],[71.75749,21.50068],[71.75742,21.50068],[71.75733,21.50069],[71.75729,21.50065],[71.75722,21.50065],[71.75721,21.50065],[71.7571,21.50065],[71.75707,21.50072],[71.75699,21.50075],[71.75698,21.50078],[71.75688,21.50084],[71.75683,21.50089],[71.75676,21.50089],[71.7567,21.50098],[71.75659,21.50098],[71.75657,21.50102],[71.75651,21.50103],[71.7565,21.50108],[71.75644,21.50112],[71.75638,21.50112],[71.75633,21.50121],[71.75626,21.50124],[71.75618,21.50126],[71.75613,21.50126],[71.75611,21.50128],[71.75598,21.50128],[71.75593,21.5013],[71.75584,21.50131],[71.75581,21.50134],[71.75574,21.50134],[71.75572,21.50132],[71.75566,21.50135],[71.75555,21.50137],[71.75556,21.50139],[71.75553,21.50149],[71.75548,21.50149],[71.75542,21.50152],[71.75539,21.50161],[71.75536,21.50162],[71.75536,21.5017],[71.75533,21.50172],[71.75532,21.50178],[71.7553,21.50189],[71.7552,21.50201],[71.75522,21.50207],[71.75517,21.50214],[71.75518,21.50218],[71.75522,21.50223],[71.75515,21.50228],[71.75513,21.50234],[71.75504,21.50241],[71.75498,21.50249],[71.7551,21.5026],[71.75511,21.50263],[71.75514,21.50267],[71.75512,21.5027],[71.75514,21.50278],[71.7552,21.50277],[71.75522,21.50289],[71.75533,21.50287],[71.75537,21.50289],[71.75538,21.50293],[71.75545,21.50296],[71.75551,21.50295],[71.75556,21.503],[71.7556,21.50307],[71.75563,21.50307],[71.75566,21.50311],[71.75567,21.50318],[71.75567,21.50327],[71.75569,21.50334],[71.75566,21.50339],[71.75566,21.50344],[71.75563,21.50348],[71.75564,21.50352],[71.75572,21.50352],[71.75571,21.50362],[71.75575,21.50363],[71.75574,21.50367],[71.75571,21.50371],[71.75577,21.50374],[71.75577,21.50375]]]},"properties":{"PolygonId":1608,"Area":2275,"Subbasin":null}},
{"type":"Feature","geometry":{"type":"Polygon","coordinates":[[[71.76528,21.49357],[71.76525,21.49356],[71.76515,21.49357],[71.765,21.49367],[71.76495,21.49366],[71.76489,21.49368],[71.76479,21.49368],[71.76474,21.49376],[71.76471,21.49378],[71.76464,21.49387],[71.76463,21.49398],[71.76461,21.49403],[71.76454,21.49404],[71.76451,21.49408],[71.76436,21.49411],[71.76423,21.4941],[71.76418,21.49415],[71.76412,21.49415],[71.76408,21.49417],[71.764,21.49418],[71.76397,21.4942],[71.76384,21.49421],[71.76379,21.49424],[71.76379,21.49427],[71.76373,21.4943],[71.7637,21.49436],[71.76368,21.49437],[71.76364,21.49444],[71.7636,21.49444],[71.76357,21.49449],[71.76353,21.4945],[71.7635,21.49454],[71.76339,21.49458],[71.76327,21.49459],[71.76326,21.49465],[71.76312,21.49467],[71.76312,21.49461],[71.7631,21.49457],[71.76305,21.49455],[71.763,21.49447],[71.763,21.49434],[71.763,21.49428],[71.76304,21.49422],[71.76305,21.49418],[71.76304,21.49412],[71.76307,21.49411],[71.76307,21.49401],[71.76307,21.49396],[71.763,21.49392],[71.76298,21.49388],[71.76292,21.49385],[71.76291,21.49381],[71.76287,21.49379],[71.7628,21.49371],[71.76274,21.49371],[71.76274,21.49367],[71.76267,21.49368],[71.76266,21.49363],[71.76263,21.49362],[71.7626,21.49356],[71.76259,21.49347],[71.76256,21.49345],[71.76253,21.4934],[71.76252,21.49332],[71.76249,21.49328],[71.7625,21.49323],[71.76246,21.49319],[71.76246,21.49316],[71.7624,21.49311],[71.76239,21.49308],[71.76232,21.49301],[71.76231,21.49295],[71.76224,21.49295],[71.76222,21.49293],[71.76217,21.49293],[71.76215,21.49285],[71.76217,21.49283],[71.76216,21.49282],[71.76217,21.49282],[71.76217,21.49281],[71.76219,21.49279],[71.76223,21.49273],[71.76222,21.49267],[71.76227,21.49269],[71.76236,21.49262],[71.76243,21.49262],[71.76247,21.49254],[71.76246,21.49249],[71.76252,21.49245],[71.76252,21.49241],[71.76256,21.49239],[71.76256,21.49233],[71.76258,21.49229],[71.76265,21.49229],[71.76274,21.49228],[71.76275,21.4923],[71.76279,21.4923],[71.76285,21.49224],[71.76287,21.49223],[71.76292,21.49215],[71.76299,21.49216],[71.76304,21.49211],[71.76313,21.49207],[71.76315,21.49209],[71.76325,21.49208],[71.76328,21.49211],[71.76336,21.49208],[71.76339,21.4921],[71.76343,21.49209],[71.7635,21.49204],[71.76356,21.49203],[71.76359,21.49204],[71.7637,21.49201],[71.76371,21.49199],[71.76378,21.49198],[71.76384,21.49199],[71.76389,21.49202],[71.76397,21.492],[71.76415,21.49201],[71.7642,21.49204],[71.76425,21.49203],[71.76432,21.49207],[71.76447,21.49205],[71.76451,21.49203],[71.76455,21.49199],[71.76462,21.49199],[71.7647,21.49197],[71.76471,21.49193],[71.76477,21.49193],[71.7648,21.49189],[71.76486,21.49187],[71.76489,21.49184],[71.76497,21.49184],[71.76505,21.49181],[71.7651,21.49182],[71.76514,21.49179],[71.76522,21.49178],[71.76525,21.49174],[71.7653,21.49176],[71.76531,21.4918],[71.76535,21.49179],[71.76535,21.49173],[71.76537,21.49167],[71.76536,21.49161],[71.7654,21.49158],[71.7654,21.49143],[71.76543,21.49141],[71.76549,21.49131],[71.76554,21.49125],[71.76557,21.49118],[71.76561,21.49118],[71.76563,21.49113],[71.76567,21.49113],[71.7657,21.49109],[71.76572,21.49102],[71.76576,21.49102],[71.76581,21.49099],[71.76581,21.49092],[71.76583,21.49088],[71.76586,21.49087],[71.76591,21.49092],[71.76593,21.49097],[71.76597,21.49101],[71.76598,21.49106],[71.76603,21.49109],[71.76603,21.49113],[71.7661,21.4912],[71.76613,21.49125],[71.76619,21.4913],[71.76623,21.49137],[71.76626,21.49139],[71.76632,21.49146],[71.76632,21.4915],[71.76637,21.49154],[71.76639,21.49159],[71.7665,21.49166],[71.76658,21.49171],[71.76659,21.49166],[71.76667,21.49174],[71.76665,21.49178],[71.76669,21.4918],[71.76675,21.49185],[71.76682,21.4919],[71.76686,21.49194],[71.76698,21.49199],[71.76703,21.49199],[71.76706,21.49202],[71.76712,21.49202],[71.76714,21.49194],[71.76718,21.4919],[71.7672,21.49181],[71.76728,21.49182],[71.76735,21.49184],[71.76737,21.49187],[71.76742,21.49187],[71.76744,21.4919],[71.76748,21.49188],[71.76759,21.49194],[71.76781,21.492],[71.76794,21.49207],[71.76807,21.49211],[71.76814,21.49214],[71.76815,21.49218],[71.76823,21.4922],[71.76828,21.49225],[71.76827,21.49232],[71.76829,21.49234],[71.76832,21.49243],[71.76825,21.49245],[71.76817,21.49245],[71.76816,21.49248],[71.76811,21.49247],[71.76806,21.49249],[71.76804,21.49252],[71.76804,21.49263],[71.76797,21.49267],[71.76798,21.49276],[71.76795,21.49279],[71.76793,21.49286],[71.76787,21.49286],[71.76776,21.49279],[71.76767,21.49279],[71.76763,21.49277],[71.76761,21.49282],[71.76751,21.4928],[71.76736,21.49281],[71.76733,21.49278],[71.76729,21.49282],[71.7672,21.49281],[71.76717,21.49284],[71.76706,21.49285],[71.76705,21.49287],[71.76696,21.49287],[71.76691,21.49294],[71.76684,21.49292],[71.7668,21.49296],[71.76673,21.49297],[71.7667,21.49291],[71.76668,21.49286],[71.76663,21.49285],[71.76658,21.49288],[71.76658,21.49293],[71.76656,21.49295],[71.7665,21.49294],[71.76649,21.49297],[71.76643,21.49303],[71.76633,21.49305],[71.76627,21.49304],[71.7662,21.49311],[71.76614,21.49312],[71.76612,21.4931],[71.76605,21.4931],[71.76601,21.49306],[71.76592,21.49302],[71.76591,21.49304],[71.76584,21.49307],[71.76577,21.49308],[71.76571,21.49315],[71.76565,21.49318],[71.76563,21.49321],[71.76563,21.49326],[71.76556,21.49337],[71.76543,21.49348],[71.76538,21.49352],[71.76532,21.49353],[71.7653,21.49357],[71.76528,21.49357]]]},"properties":{"PolygonId":196,"Area":46613,"Subbasin":null}},
{"type":"Feature","geometry":{"type":"Polygon","coordinates":[[[71.75761,21.49437],[71.75757,21.49439],[71.7575,21.49439],[71.75744,21.49445],[71.75739,21.49447],[71.75734,21.49451],[71.75734,21.49453],[71.75724,21.49457],[71.7572,21.49462],[71.75712,21.49465],[71.75707,21.4947],[71.75702,21.49468],[71.75693,21.49468],[71.75691,21.49469],[71.75684,21.49468],[71.75681,21.49463],[71.75674,21.49458],[71.75674,21.49455],[71.7566,21.49443],[71.75653,21.49446],[71.75633,21.49451],[71.7563,21.49455],[71.75627,21.49455],[71.75623,21.49457],[71.75618,21.49456],[71.75612,21.49463],[71.75606,21.49465],[71.75603,21.49467],[71.75595,21.49468],[71.75591,21.4947],[71.75585,21.49477],[71.75582,21.49477],[71.75576,21.49481],[71.75573,21.4948],[71.75571,21.49473],[71.75568,21.49474],[71.75564,21.49478],[71.75546,21.49478],[71.75545,21.49476],[71.75539,21.49472],[71.75535,21.49472],[71.7553,21.49477],[71.75524,21.49478],[71.75519,21.49482],[71.75515,21.49482],[71.7551,21.49472],[71.75506,21.4947],[71.75502,21.49458],[71.755,21.49457],[71.75499,21.49451],[71.75495,21.49441],[71.75491,21.4944],[71.7548,21.49429],[71.75472,21.49423],[71.75468,21.49418],[71.75461,21.49415],[71.75452,21.49406],[71.75445,21.49402],[71.75441,21.49398],[71.75436,21.49396],[71.75433,21.49401],[71.75423,21.49402],[71.7542,21.49408],[71.75415,21.49409],[71.75411,21.49407],[71.75406,21.49409],[71.75398,21.49407],[71.75396,21.49409],[71.75389,21.49405],[71.75387,21.49402],[71.75379,21.49399],[71.75376,21.494],[71.75369,21.49404],[71.75366,21.49401],[71.75355,21.49397],[71.75352,21.49399],[71.75348,21.49399],[71.75346,21.49397],[71.75338,21.49399],[71.75332,21.49404],[71.75331,21.49409],[71.75323,21.49409],[71.75322,21.49411],[71.75316,21.49412],[71.75316,21.49406],[71.75319,21.49401],[71.75325,21.49395],[71.75331,21.49391],[71.75334,21.49391],[71.7534,21.49389],[71.75345,21.49382],[71.75345,21.49379],[71.7535,21.49377],[71.7535,21.49373],[71.75353,21.49368],[71.75356,21.49368],[71.75357,21.49363],[71.75364,21.49359],[71.75363,21.49353],[71.7537,21.49349],[71.75371,21.49345],[71.75367,21.4934],[71.75367,21.49336],[71.75362,21.49332],[71.75361,21.49329],[71.75351,21.49313],[71.75339,21.49298],[71.75338,21.49295],[71.75332,21.4929],[71.75328,21.49281],[71.75322,21.49275],[71.75318,21.49267],[71.75312,21.49263],[71.75312,21.49259],[71.75308,21.49254],[71.75304,21.49247],[71.75299,21.49245],[71.75297,21.49242],[71.75297,21.49236],[71.75303,21.49234],[71.75305,21.49229],[71.75308,21.49226],[71.75312,21.49226],[71.75314,21.49223],[71.75319,21.49222],[71.75322,21.49217],[71.75324,21.49217],[71.75327,21.49212],[71.75332,21.4921],[71.75337,21.4921],[71.7534,21.49205],[71.75346,21.49203],[71.75357,21.49203],[71.75358,21.49206],[71.75365,21.49208],[71.75366,21.49211],[71.75376,21.49213],[71.75379,21.49215],[71.75385,21.49213],[71.75399,21.49213],[71.75408,21.49211],[71.75426,21.49211],[71.75431,21.49215],[71.75437,21.49217],[71.75444,21.49216],[71.75445,21.49214],[71.75455,21.49216],[71.7546,21.49224],[71.75465,21.49224],[71.75465,21.49227],[71.75469,21.49231],[71.75479,21.49236],[71.75482,21.49247],[71.75487,21.49253],[71.75491,21.49255],[71.75501,21.49254],[71.75513,21.49261],[71.75517,21.49262],[71.75522,21.49265],[71.75536,21.49264],[71.75539,21.4927],[71.75543,21.49271],[71.7555,21.49278],[71.75553,21.49278],[71.75555,21.49278],[71.75565,21.49289],[71.75574,21.49292],[71.75574,21.49296],[71.75578,21.49301],[71.75584,21.4931],[71.75588,21.49313],[71.75591,21.49325],[71.75595,21.4933],[71.75606,21.4933],[71.75615,21.49338],[71.75614,21.49342],[71.75618,21.49346],[71.75622,21.49346],[71.75627,21.49355],[71.75633,21.49357],[71.75633,21.4936],[71.75638,21.49364],[71.75638,21.49366],[71.75644,21.49369],[71.7565,21.49369],[71.75656,21.49375],[71.75665,21.49375],[71.75668,21.49378],[71.75672,21.49378],[71.75679,21.49384],[71.75684,21.49385],[71.75688,21.49388],[71.7569,21.49393],[71.75693,21.49397],[71.75698,21.49399],[71.757,21.49403],[71.75707,21.49409],[71.75705,21.49415],[71.75715,21.49415],[71.75717,21.49419],[71.75722,21.49422],[71.75727,21.49421],[71.75731,21.49423],[71.75739,21.49421],[71.75749,21.4942],[71.75758,21.49414],[71.75761,21.49414],[71.75768,21.49409],[71.75773,21.49408],[71.75779,21.49407],[71.75781,21.49409],[71.75792,21.49412],[71.75795,21.49415],[71.75798,21.49416],[71.75805,21.49421],[71.75807,21.49424],[71.75807,21.49426],[71.75806,21.49426],[71.75794,21.49423],[71.75777,21.49424],[71.75769,21.49427],[71.75766,21.49434],[71.75763,21.49437],[71.75761,21.49437]]]},"properties":{"PolygonId":185,"Area":15437,"Subbasin":null}},
{"type":"Feature","geometry":{"type":"Polygon","coordinates":[[[71.75297,21.49236],[71.7529,21.49233],[71.75282,21.49232],[71.7528,21.49229],[71.75271,21.49229],[71.75269,21.49226],[71.75264,21.49226],[71.75265,21.49219],[71.75271,21.49217],[71.75272,21.49199],[71.75278,21.49196],[71.75279,21.49188],[71.75281,21.49186],[71.75282,21.49181],[71.75278,21.49175],[71.75279,21.49167],[71.75277,21.49162],[71.75278,21.49156],[71.75279,21.49146],[71.7528,21.49143],[71.75286,21.49144],[71.75291,21.49136],[71.75299,21.49134],[71.75304,21.49132],[71.75307,21.49126],[71.75306,21.49121],[71.75309,21.49119],[71.75313,21.49119],[71.75312,21.49105],[71.75314,21.49103],[71.75314,21.49097],[71.75315,21.49091],[71.75319,21.49091],[71.75325,21.49088],[71.75326,21.49082],[71.75326,21.49075],[71.75331,21.49073],[71.75337,21.49069],[71.75339,21.49064],[71.75342,21.49062],[71.75342,21.49055],[71.75346,21.49048],[71.75346,21.49039],[71.75354,21.49035],[71.75355,21.49031],[71.75354,21.49028],[71.75357,21.49021],[71.75358,21.49015],[71.75362,21.49007],[71.75362,21.49005],[71.75367,21.49002],[71.75367,21.48996],[71.75372,21.48992],[71.75374,21.48986],[71.75378,21.48983],[71.7538,21.48974],[71.75379,21.4897],[71.7538,21.48962],[71.75377,21.48953],[71.7538,21.48942],[71.75373,21.48939],[71.75367,21.48934],[71.75367,21.48918],[71.75376,21.48913],[71.75376,21.48912],[71.75385,21.4891],[71.75386,21.48908],[71.75399,21.48904],[71.75401,21.48901],[71.75405,21.489],[71.75409,21.48893],[71.75412,21.48893],[71.7542,21.48885],[71.75423,21.48883],[71.75432,21.48876],[71.75432,21.48872],[71.7544,21.48866],[71.75442,21.48866],[71.75453,21.48865],[71.75454,21.48865],[71.75456,21.48865],[71.75462,21.48863],[71.75469,21.48866],[71.75471,21.48864],[71.75477,21.48868],[71.75484,21.48879],[71.7549,21.48885],[71.7549,21.48891],[71.75495,21.48897],[71.75495,21.489],[71.75499,21.48913],[71.75502,21.48917],[71.75505,21.48917],[71.75505,21.48925],[71.7551,21.48928],[71.75512,21.48932],[71.75511,21.48937],[71.75506,21.48939],[71.75504,21.48945],[71.75505,21.48951],[71.75507,21.48956],[71.75513,21.48962],[71.75519,21.48965],[71.75525,21.48965],[71.75529,21.48968],[71.75531,21.48972],[71.75538,21.48974],[71.75539,21.48978],[71.75542,21.48979],[71.75549,21.48979],[71.75552,21.48982],[71.75552,21.48987],[71.75561,21.48996],[71.75565,21.48996],[71.75567,21.49],[71.75574,21.49004],[71.75573,21.49007],[71.75576,21.49015],[71.75573,21.4902],[71.75577,21.49022],[71.75582,21.49028],[71.75587,21.49038],[71.75592,21.49039],[71.75592,21.49045],[71.75597,21.49048],[71.75601,21.49053],[71.75611,21.4906],[71.75613,21.49064],[71.75617,21.49069],[71.75622,21.49069],[71.75627,21.49072],[71.75632,21.49075],[71.75643,21.49076],[71.75648,21.49072],[71.75662,21.49072],[71.75665,21.49071],[71.75672,21.49072],[71.75677,21.49075],[71.7568,21.49073],[71.75685,21.49075],[71.75693,21.49074],[71.75697,21.49075],[71.75707,21.49073],[71.75715,21.49069],[71.75724,21.49066],[71.75732,21.49066],[71.75734,21.49064],[71.75742,21.49065],[71.75745,21.49063],[71.75755,21.49063],[71.75762,21.49061],[71.75765,21.49059],[71.75787,21.49058],[71.75799,21.49065],[71.758,21.49068],[71.75804,21.49072],[71.75804,21.49074],[71.75806,21.49076],[71.75815,21.49076],[71.75819,21.49074],[71.75825,21.49067],[71.75826,21.49067],[71.75832,21.49073],[71.75834,21.49073],[71.75837,21.49079],[71.75844,21.49082],[71.75844,21.49085],[71.75853,21.49085],[71.75857,21.49089],[71.75854,21.49093],[71.75858,21.49099],[71.75858,21.4911],[71.75859,21.49118],[71.75864,21.49124],[71.75867,21.49136],[71.75872,21.49138],[71.75872,21.49141],[71.75878,21.49146],[71.7588,21.49171],[71.75875,21.49177],[71.75876,21.49183],[71.75872,21.49188],[71.75871,21.49192],[71.75865,21.492],[71.75863,21.49214],[71.7586,21.49217],[71.75857,21.49227],[71.75853,21.49233],[71.7585,21.49234],[71.75843,21.49242],[71.75841,21.49248],[71.75842,21.49253],[71.75848,21.49256],[71.75848,21.49259],[71.75841,21.49262],[71.75834,21.49263],[71.75829,21.49264],[71.75827,21.49261],[71.75812,21.4926],[71.75809,21.49261],[71.75809,21.49265],[71.75811,21.49271],[71.75811,21.49276],[71.75815,21.49289],[71.75815,21.49295],[71.75819,21.49312],[71.75819,21.49318],[71.75823,21.4933],[71.75823,21.49332],[71.75824,21.49336],[71.75839,21.49342],[71.75838,21.49346],[71.75848,21.49353],[71.75845,21.49356],[71.75845,21.49361],[71.75848,21.49362],[71.75848,21.4937],[71.75853,21.49374],[71.7585,21.4938],[71.75851,21.49383],[71.7586,21.49381],[71.7586,21.49389],[71.75863,21.49391],[71.75863,21.49397],[71.75869,21.494],[71.75872,21.4941],[71.75875,21.4941],[71.75876,21.49416],[71.75878,21.49421],[71.75878,21.49425],[71.75872,21.49429],[71.75868,21.4943],[71.75864,21.49436],[71.75865,21.49441],[71.75858,21.49445],[71.75858,21.49448],[71.75854,21.4945],[71.75854,21.49451],[71.75853,21.49451],[71.75852,21.49451],[71.75848,21.49449],[71.7584,21.49447],[71.75836,21.49444],[71.75832,21.49444],[71.75826,21.49433],[71.75822,21.49433],[71.75814,21.49428],[71.75808,21.49426],[71.75807,21.49426],[71.75807,21.49424],[71.75805,21.49421],[71.75798,21.49416],[71.75795,21.49415],[71.75792,21.49412],[71.75781,21.49409],[71.75779,21.49407],[71.75773,21.49408],[71.75768,21.49409],[71.75761,21.49414],[71.75758,21.49414],[71.75749,21.4942],[71.75739,21.49421],[71.75731,21.49423],[71.75727,21.49421],[71.75722,21.49422],[71.75717,21.49419],[71.75715,21.49415],[71.75705,21.49415],[71.75707,21.49409],[71.757,21.49403],[71.75698,21.49399],[71.75693,21.49397],[71.7569,21.49393],[71.75688,21.49388],[71.75684,21.49385],[71.75679,21.49384],[71.75672,21.49378],[71.75668,21.49378],[71.75665,21.49375],[71.75656,21.49375],[71.7565,21.49369],[71.75644,21.49369],[71.75638,21.49366],[71.75638,21.49364],[71.75633,21.4936],[71.75633,21.49357],[71.75627,21.49355],[71.75622,21.49346],[71.75618,21.49346],[71.75614,21.49342],[71.75615,21.49338],[71.75606,21.4933],[71.75595,21.4933],[71.75591,21.49325],[71.75588,21.49313],[71.75584,21.4931],[71.75578,21.49301],[71.75574,21.49296],[71.75574,21.49292],[71.75565,21.49289],[71.75555,21.49278],[71.75553,21.49278],[71.7555,21.49278],[71.75543,21.49271],[71.75539,21.4927],[71.75536,21.49264],[71.75522,21.49265],[71.75517,21.49262],[71.75513,21.49261],[71.75501,21.49254],[71.75491,21.49255],[71.75487,21.49253],[71.75482,21.49247],[71.75479,21.49236],[71.75469,21.49231],[71.75465,21.49227],[71.75465,21.49224],[71.7546,21.49224],[71.75455,21.49216],[71.75445,21.49214],[71.75444,21.49216],[71.75437,21.49217],[71.75431,21.49215],[71.75426,21.49211],[71.75408,21.49211],[71.75399,21.49213],[71.75385,21.49213],[71.75379,21.49215],[71.75376,21.49213],[71.75366,21.49211],[71.75365,21.49208],[71.75358,21.49206],[71.75357,21.49203],[71.75346,21.49203],[71.7534,21.49205],[71.75337,21.4921],[71.75332,21.4921],[71.75327,21.49212],[71.75324,21.49217],[71.75322,21.49217],[71.75319,21.49222],[71.75314,21.49223],[71.75312,21.49226],[71.75308,21.49226],[71.75305,21.49229],[71.75303,21.49234],[71.75297,21.49236]]]},"properties":{"PolygonId":200,"Area":32035,"Subbasin":null}},
{"type":"Feature","geometry":{"type":"Polygon","coordinates":[[[71.75315,21.49091],[71.75312,21.49095],[71.75308,21.49096],[71.75304,21.49102],[71.75305,21.49106],[71.75295,21.49114],[71.75288,21.49114],[71.75283,21.4912],[71.75278,21.49117],[71.75267,21.49119],[71.7526,21.49117],[71.75259,21.49113],[71.75239,21.4911],[71.75233,21.49109],[71.7523,21.49113],[71.75225,21.49116],[71.75213,21.49117],[71.75206,21.49119],[71.75201,21.49118],[71.75197,21.49114],[71.75195,21.4911],[71.75187,21.4911],[71.75179,21.49115],[71.75174,21.49115],[71.75173,21.49117],[71.75166,21.49119],[71.75161,21.49119],[71.75154,21.49114],[71.75149,21.49116],[71.75139,21.49115],[71.75135,21.49117],[71.75127,21.49116],[71.75126,21.49113],[71.75118,21.49112],[71.75114,21.49108],[71.75112,21.491],[71.75111,21.49099],[71.7511,21.49091],[71.75107,21.49086],[71.75103,21.4909],[71.75093,21.49078],[71.75093,21.49073],[71.7509,21.49072],[71.75088,21.49068],[71.7508,21.49064],[71.75075,21.49065],[71.75074,21.49063],[71.75067,21.49063],[71.75066,21.49065],[71.75061,21.49064],[71.75055,21.49059],[71.75044,21.49059],[71.75043,21.49054],[71.75047,21.49054],[71.75053,21.49049],[71.75063,21.49056],[71.75068,21.49055],[71.75076,21.49051],[71.75083,21.49053],[71.75089,21.49053],[71.75093,21.49056],[71.75099,21.49056],[71.75106,21.49054],[71.7511,21.49049],[71.75113,21.4905],[71.75114,21.49053],[71.75122,21.49054],[71.75128,21.49052],[71.75128,21.49049],[71.75132,21.49046],[71.75141,21.49044],[71.75151,21.49038],[71.75151,21.49036],[71.75157,21.49031],[71.75166,21.49028],[71.75173,21.49018],[71.75183,21.49011],[71.75186,21.49003],[71.75192,21.49002],[71.7519,21.48997],[71.75186,21.48993],[71.75185,21.48987],[71.75191,21.48985],[71.752,21.48984],[71.75206,21.4898],[71.7521,21.48974],[71.75217,21.48975],[71.75227,21.48971],[71.75229,21.48968],[71.7524,21.48964],[71.75247,21.48963],[71.75251,21.48961],[71.75255,21.48956],[71.75259,21.48955],[71.75264,21.48957],[71.75268,21.48957],[71.75272,21.48955],[71.75273,21.4895],[71.75278,21.48947],[71.75286,21.4894],[71.75292,21.4894],[71.75295,21.48937],[71.75303,21.48939],[71.75307,21.48937],[71.75314,21.48938],[71.75316,21.48935],[71.75317,21.48928],[71.75317,21.48926],[71.75319,21.48925],[71.7532,21.48919],[71.75329,21.48919],[71.75334,21.48921],[71.7534,21.48921],[71.75342,21.48919],[71.75342,21.48918],[71.75341,21.48917],[71.75346,21.48915],[71.75355,21.48917],[71.75362,21.48915],[71.75365,21.48909],[71.75374,21.48903],[71.75377,21.48899],[71.75384,21.48895],[71.75391,21.48894],[71.75392,21.48891],[71.754,21.48889],[71.75403,21.48885],[71.7541,21.48885],[71.75413,21.4888],[71.75417,21.4888],[71.75425,21.48875],[71.7543,21.48868],[71.75436,21.48866],[71.75442,21.48866],[71.7544,21.48866],[71.75432,21.48872],[71.75432,21.48876],[71.75423,21.48883],[71.7542,21.48885],[71.75412,21.48893],[71.75409,21.48893],[71.75405,21.489],[71.75401,21.48901],[71.75399,21.48904],[71.75386,21.48908],[71.75385,21.4891],[71.75376,21.48912],[71.75376,21.48913],[71.75367,21.48918],[71.75367,21.48934],[71.75373,21.48939],[71.7538,21.48942],[71.75377,21.48953],[71.7538,21.48962],[71.75379,21.4897],[71.7538,21.48974],[71.75378,21.48983],[71.75374,21.48986],[71.75372,21.48992],[71.75367,21.48996],[71.75367,21.49002],[71.75362,21.49005],[71.75362,21.49007],[71.75358,21.49015],[71.75357,21.49021],[71.75354,21.49028],[71.75355,21.49031],[71.75354,21.49035],[71.75346,21.49039],[71.75346,21.49048],[71.75342,21.49055],[71.75342,21.49062],[71.75339,21.49064],[71.75337,21.49069],[71.75331,21.49073],[71.75326,21.49075],[71.75326,21.49082],[71.75325,21.49088],[71.75319,21.49091],[71.75315,21.49091]]]},"properties":{"PolygonId":1057,"Area":1501,"Subbasin":null}},
{"type":"Feature","geometry":{"type":"Polygon","coordinates":[[[71.75128,21.49049],[71.75127,21.49049],[71.75126,21.4904],[71.75114,21.49032],[71.75106,21.49031],[71.75105,21.49028],[71.751,21.49025],[71.75097,21.49026],[71.75092,21.49032],[71.75085,21.49036],[71.75081,21.49034],[71.75079,21.49026],[71.75079,21.49022],[71.75075,21.49017],[71.75073,21.49011],[71.75068,21.49004],[71.75068,21.49001],[71.75064,21.48994],[71.75061,21.48984],[71.75059,21.48982],[71.75057,21.48974],[71.75053,21.48967],[71.75049,21.48962],[71.75047,21.48953],[71.75041,21.48948],[71.75036,21.48949],[71.75034,21.48946],[71.75022,21.48945],[71.75022,21.48948],[71.75019,21.48951],[71.75013,21.48951],[71.7501,21.48948],[71.7501,21.48939],[71.75013,21.48934],[71.75021,21.4893],[71.7502,21.48923],[71.75017,21.48916],[71.75021,21.48915],[71.75028,21.48903],[71.75036,21.48901],[71.75038,21.48899],[71.75054,21.48896],[71.75057,21.48892],[71.75061,21.48895],[71.75069,21.48894],[71.75071,21.48892],[71.7508,21.48893],[71.75084,21.4889],[71.75084,21.48883],[71.75088,21.48881],[71.75092,21.48884],[71.75096,21.48883],[71.751,21.48884],[71.75106,21.48879],[71.7511,21.48882],[71.7512,21.48885],[71.75127,21.48882],[71.75138,21.48883],[71.7514,21.48885],[71.75147,21.48884],[71.75154,21.48885],[71.75155,21.48887],[71.75161,21.48887],[71.75164,21.48885],[71.75169,21.48889],[71.75175,21.48889],[71.75178,21.48893],[71.7518,21.48891],[71.75187,21.48891],[71.75189,21.48889],[71.75196,21.48888],[71.752,21.48879],[71.75206,21.48878],[71.75214,21.48871],[71.75217,21.48871],[71.7523,21.48862],[71.75243,21.48856],[71.75252,21.48858],[71.75254,21.48861],[71.75257,21.48861],[71.75272,21.48867],[71.75278,21.48869],[71.75277,21.48877],[71.75277,21.48878],[71.75285,21.48879],[71.75289,21.48883],[71.75291,21.48882],[71.75299,21.48888],[71.75302,21.48888],[71.75304,21.48892],[71.75311,21.48891],[71.75317,21.48893],[71.75322,21.48893],[71.75327,21.4889],[71.75329,21.48896],[71.75331,21.48896],[71.75332,21.48904],[71.7533,21.48905],[71.7533,21.48913],[71.75335,21.48915],[71.7534,21.48916],[71.75342,21.48918],[71.75342,21.48919],[71.7534,21.48921],[71.75334,21.48921],[71.75329,21.48919],[71.7532,21.48919],[71.75319,21.48925],[71.75317,21.48926],[71.75317,21.48928],[71.75316,21.48935],[71.75314,21.48938],[71.75307,21.48937],[71.75303,21.48939],[71.75295,21.48937],[71.75292,21.4894],[71.75286,21.4894],[71.75278,21.48947],[71.75273,21.4895],[71.75272,21.48955],[71.75268,21.48957],[71.75264,21.48957],[71.75259,21.48955],[71.75255,21.48956],[71.75251,21.48961],[71.75247,21.48963],[71.7524,21.48964],[71.75229,21.48968],[71.75227,21.48971],[71.75217,21.48975],[71.7521,21.48974],[71.75206,21.4898],[71.752,21.48984],[71.75191,21.48985],[71.75185,21.48987],[71.75186,21.48993],[71.7519,21.48997],[71.75192,21.49002],[71.75186,21.49003],[71.75183,21.49011],[71.75173,21.49018],[71.75166,21.49028],[71.75157,21.49031],[71.75151,21.49036],[71.75151,21.49038],[71.75141,21.49044],[71.75132,21.49046],[71.75128,21.49049]]]},"properties":{"PolygonId":987,"Area":386,"Subbasin":null}},
{"type":"Feature","geometry":{"type":"Polygon","coordinates":[[[71.7502,21.48923],[71.75016,21.48922],[71.75014,21.48925],[71.75007,21.48926],[71.75006,21.48921],[71.75009,21.48919],[71.75006,21.48915],[71.75006,21.48897],[71.75004,21.48891],[71.75007,21.48888],[71.75003,21.48871],[71.75003,21.48855],[71.75015,21.48855],[71.75015,21.48833],[71.75012,21.48823],[71.75013,21.48813],[71.75011,21.48813],[71.7501,21.48805],[71.75011,21.48797],[71.75009,21.48783],[71.75011,21.48778],[71.75008,21.48777],[71.75008,21.48758],[71.7501,21.48756],[71.75024,21.48756],[71.75039,21.48754],[71.75041,21.48753],[71.7505,21.48751],[71.7505,21.48742],[71.75058,21.48742],[71.75059,21.48739],[71.75065,21.48735],[71.7507,21.48735],[71.75072,21.48737],[71.75077,21.48735],[71.75077,21.48733],[71.75082,21.48731],[71.75083,21.48722],[71.75085,21.48713],[71.7509,21.48689],[71.75093,21.4868],[71.75094,21.48673],[71.75097,21.4867],[71.75102,21.48673],[71.75106,21.48679],[71.7511,21.48677],[71.75116,21.48679],[71.75125,21.4867],[71.75135,21.4868],[71.75138,21.48684],[71.75144,21.48687],[71.75152,21.48696],[71.75152,21.48699],[71.75156,21.48706],[71.75154,21.48711],[71.75158,21.48713],[71.7516,21.4872],[71.75166,21.48724],[71.7517,21.48729],[71.75174,21.48731],[71.75177,21.48737],[71.75178,21.48746],[71.75182,21.48748],[71.75192,21.48757],[71.75195,21.48757],[71.75203,21.48761],[71.75206,21.48769],[71.75209,21.48771],[71.75212,21.48775],[71.75212,21.48782],[71.75213,21.48787],[71.75227,21.48801],[71.75226,21.48808],[71.75231,21.4881],[71.75232,21.48814],[71.75241,21.48828],[71.75245,21.4883],[71.75249,21.4883],[71.75253,21.48836],[71.75262,21.48844],[71.75264,21.48847],[71.75262,21.48853],[71.75268,21.48856],[71.75269,21.48861],[71.75272,21.48862],[71.75273,21.48867],[71.75272,21.48867],[71.75257,21.48861],[71.75254,21.48861],[71.75252,21.48858],[71.75243,21.48856],[71.7523,21.48862],[71.75217,21.48871],[71.75214,21.48871],[71.75206,21.48878],[71.752,21.48879],[71.75196,21.48888],[71.75189,21.48889],[71.75187,21.48891],[71.7518,21.48891],[71.75178,21.48893],[71.75175,21.48889],[71.75169,21.48889],[71.75164,21.48885],[71.75161,21.48887],[71.75155,21.48887],[71.75154,21.48885],[71.75147,21.48884],[71.7514,21.48885],[71.75138,21.48883],[71.75127,21.48882],[71.7512,21.48885],[71.7511,21.48882],[71.75106,21.48879],[71.751,21.48884],[71.75096,21.48883],[71.75092,21.48884],[71.75088,21.48881],[71.75084,21.48883],[71.75084,21.4889],[71.7508,21.48893],[71.75071,21.48892],[71.75069,21.48894],[71.75061,21.48895],[71.75057,21.48892],[71.75054,21.48896],[71.75038,21.48899],[71.75036,21.48901],[71.75028,21.48903],[71.75021,21.48915],[71.75017,21.48916],[71.7502,21.48923]]]},"properties":{"PolygonId":285,"Area":13711,"Subbasin":null}},
{"type":"Feature","geometry":{"type":"Polygon","coordinates":[[[71.75442,21.48866],[71.75436,21.48866],[71.7543,21.48868],[71.75425,21.48875],[71.75417,21.4888],[71.75413,21.4888],[71.7541,21.48885],[71.75403,21.48885],[71.754,21.48889],[71.75392,21.48891],[71.75391,21.48894],[71.75384,21.48895],[71.75377,21.48899],[71.75374,21.48903],[71.75365,21.48909],[71.75362,21.48915],[71.75355,21.48917],[71.75346,21.48915],[71.75341,21.48917],[71.75342,21.48918],[71.7534,21.48916],[71.75335,21.48915],[71.7533,21.48913],[71.7533,21.48905],[71.75332,21.48904],[71.75331,21.48896],[71.75329,21.48896],[71.75327,21.4889],[71.75322,21.48893],[71.75317,21.48893],[71.75311,21.48891],[71.75304,21.48892],[71.75302,21.48888],[71.75299,21.48888],[71.75291,21.48882],[71.75289,21.48883],[71.75285,21.48879],[71.75277,21.48878],[71.75277,21.48877],[71.75278,21.48869],[71.75272,21.48867],[71.75273,21.48867],[71.75272,21.48862],[71.75269,21.48861],[71.75268,21.48856],[71.75262,21.48853],[71.75264,21.48847],[71.75262,21.48844],[71.75253,21.48836],[71.75249,21.4883],[71.75245,21.4883],[71.75241,21.48828],[71.75232,21.48814],[71.75231,21.4881],[71.75226,21.48808],[71.75227,21.48801],[71.75213,21.48787],[71.75212,21.48782],[71.75212,21.48775],[71.75209,21.48771],[71.75206,21.48769],[71.75203,21.48761],[71.75195,21.48757],[71.75192,21.48757],[71.75182,21.48748],[71.75178,21.48746],[71.75177,21.48737],[71.75174,21.48731],[71.7517,21.48729],[71.75166,21.48724],[71.7516,21.4872],[71.75158,21.48713],[71.75154,21.48711],[71.75156,21.48706],[71.75152,21.48699],[71.75152,21.48696],[71.75144,21.48687],[71.75138,21.48684],[71.75135,21.4868],[71.75125,21.4867],[71.75117,21.48662],[71.75111,21.4866],[71.75103,21.48664],[71.75097,21.48663],[71.75094,21.48656],[71.7509,21.48651],[71.75086,21.48643],[71.75079,21.48642],[71.75073,21.48643],[71.75068,21.48647],[71.75039,21.48648],[71.75028,21.4864],[71.7502,21.4864],[71.75014,21.48637],[71.75014,21.48633],[71.75016,21.4863],[71.75023,21.48628],[71.75022,21.48618],[71.75029,21.48612],[71.75033,21.48612],[71.75035,21.48609],[71.75041,21.48604],[71.75044,21.48595],[71.75054,21.4859],[71.75056,21.48585],[71.75053,21.48583],[71.75057,21.48578],[71.75059,21.48574],[71.75058,21.48563],[71.75058,21.48542],[71.75056,21.48538],[71.75058,21.48536],[71.75057,21.48531],[71.75057,21.48516],[71.75056,21.48509],[71.75056,21.48502],[71.75054,21.485],[71.75055,21.48477],[71.75066,21.48475],[71.75074,21.48473],[71.75075,21.48476],[71.75094,21.48478],[71.75099,21.48478],[71.75106,21.48473],[71.75111,21.48471],[71.75112,21.48466],[71.75116,21.48465],[71.75122,21.48459],[71.75122,21.4843],[71.75132,21.48432],[71.75139,21.48432],[71.75139,21.48429],[71.75149,21.48425],[71.75158,21.48425],[71.7516,21.48426],[71.75169,21.48427],[71.75173,21.48421],[71.75191,21.4842],[71.75201,21.4842],[71.75206,21.48419],[71.75211,21.48414],[71.75215,21.48414],[71.75218,21.4841],[71.75218,21.48406],[71.75221,21.48397],[71.75225,21.48393],[71.75229,21.48395],[71.75233,21.48391],[71.75241,21.48399],[71.75255,21.484],[71.75256,21.48401],[71.75266,21.48399],[71.75265,21.48394],[71.75264,21.48374],[71.75269,21.48373],[71.75276,21.48368],[71.75279,21.48368],[71.75284,21.48368],[71.75291,21.48368],[71.75293,21.48376],[71.75298,21.48375],[71.75301,21.48376],[71.75312,21.48371],[71.75318,21.48375],[71.75321,21.4838],[71.75322,21.48384],[71.75322,21.48386],[71.75322,21.48407],[71.75322,21.48425],[71.75321,21.48428],[71.75323,21.48456],[71.75327,21.48468],[71.75329,21.48483],[71.75331,21.48486],[71.75332,21.48491],[71.75334,21.48494],[71.75337,21.48505],[71.7534,21.48515],[71.7534,21.48518],[71.7534,21.4852],[71.75344,21.48522],[71.75348,21.48538],[71.75349,21.48546],[71.75351,21.4855],[71.75352,21.48561],[71.75353,21.48563],[71.75353,21.4857],[71.7535,21.48579],[71.7535,21.48589],[71.75348,21.48591],[71.75349,21.48598],[71.75346,21.48599],[71.75341,21.48607],[71.75329,21.48615],[71.7533,21.4862],[71.75325,21.48627],[71.75325,21.48633],[71.75323,21.48634],[71.75323,21.4864],[71.75325,21.48649],[71.75326,21.48658],[71.75321,21.48668],[71.75315,21.48669],[71.75313,21.48671],[71.75306,21.48684],[71.75306,21.48687],[71.75307,21.48696],[71.75307,21.48699],[71.75303,21.48702],[71.75302,21.48713],[71.75306,21.48719],[71.75312,21.48721],[71.75312,21.48725],[71.75318,21.48731],[71.7532,21.48734],[71.75332,21.48733],[71.75339,21.48741],[71.75344,21.4874],[71.75351,21.48743],[71.75358,21.4875],[71.75359,21.48757],[71.75365,21.48761],[71.75368,21.48761],[71.75373,21.48766],[71.75385,21.48764],[71.75388,21.48763],[71.75395,21.48765],[71.75406,21.48765],[71.75411,21.48767],[71.75421,21.48765],[71.75424,21.48761],[71.7543,21.48758],[71.75435,21.48761],[71.75437,21.4876],[71.7544,21.48764],[71.75442,21.48773],[71.75444,21.48786],[71.75448,21.48791],[71.75447,21.48796],[71.75447,21.48806],[71.75441,21.48815],[71.7544,21.48823],[71.75437,21.48827],[71.75437,21.48834],[71.75439,21.48838],[71.75446,21.48838],[71.75449,21.48843],[71.75449,21.48848],[71.75453,21.48849],[71.75456,21.48855],[71.75457,21.48859],[71.75455,21.4886],[71.75455,21.48863],[71.75454,21.48864],[71.75454,21.48865],[71.75453,21.48865],[71.75442,21.48866]]]},"properties":{"PolygonId":280,"Area":44213,"Subbasin":null}},
{"type":"Feature","geometry":{"type":"Polygon","coordinates":[[[71.76149,21.48972],[71.76143,21.48974],[71.76137,21.48977],[71.76131,21.48985],[71.76119,21.48987],[71.76113,21.48989],[71.76107,21.48994],[71.76105,21.48999],[71.76095,21.48999],[71.7609,21.49002],[71.76085,21.49003],[71.76079,21.49],[71.7606,21.49003],[71.76057,21.49006],[71.76048,21.49006],[71.76045,21.49009],[71.76032,21.4901],[71.76026,21.49007],[71.76011,21.49009],[71.76009,21.49012],[71.75986,21.4901],[71.75979,21.49007],[71.75959,21.49008],[71.75949,21.49006],[71.75944,21.49007],[71.75939,21.49004],[71.75934,21.49],[71.75929,21.49],[71.75926,21.48998],[71.75924,21.48991],[71.75916,21.48985],[71.75909,21.48985],[71.75903,21.48983],[71.75896,21.48986],[71.75891,21.48985],[71.75884,21.48986],[71.75879,21.48992],[71.75878,21.48992],[71.75875,21.48983],[71.75871,21.48981],[71.75867,21.48966],[71.75863,21.48964],[71.75861,21.48953],[71.75861,21.4895],[71.75863,21.48946],[71.75862,21.48939],[71.75859,21.48939],[71.75858,21.48932],[71.75856,21.4893],[71.75854,21.48923],[71.75861,21.48919],[71.75862,21.48915],[71.75857,21.48912],[71.75855,21.48906],[71.7585,21.48906],[71.75849,21.48903],[71.75844,21.489],[71.75844,21.4889],[71.75842,21.48882],[71.75843,21.48877],[71.75838,21.48866],[71.75831,21.48865],[71.75831,21.4886],[71.75834,21.48852],[71.75828,21.48847],[71.75822,21.48846],[71.75825,21.48837],[71.75819,21.48833],[71.75816,21.48826],[71.75812,21.48821],[71.75815,21.48813],[71.75814,21.48804],[71.75813,21.48801],[71.75813,21.488],[71.75813,21.48791],[71.75815,21.48785],[71.75812,21.48778],[71.75813,21.48772],[71.75812,21.48759],[71.75812,21.48756],[71.75809,21.48749],[71.7581,21.48746],[71.75811,21.48731],[71.75809,21.48712],[71.75808,21.48704],[71.75802,21.48699],[71.75795,21.48699],[71.75789,21.48692],[71.75787,21.48685],[71.75784,21.48683],[71.75786,21.48678],[71.75791,21.48672],[71.75796,21.48668],[71.75796,21.48665],[71.758,21.48661],[71.75802,21.48657],[71.7581,21.4865],[71.75812,21.48645],[71.75811,21.48641],[71.75814,21.48637],[71.75824,21.48629],[71.75824,21.48621],[71.75826,21.48608],[71.75829,21.48606],[71.75835,21.48597],[71.75837,21.48597],[71.7584,21.48591],[71.75841,21.48586],[71.75843,21.48583],[71.75848,21.48582],[71.75852,21.48574],[71.75856,21.48569],[71.7586,21.48568],[71.75861,21.48559],[71.75861,21.48549],[71.75866,21.48547],[71.75869,21.48543],[71.75878,21.48539],[71.75887,21.48538],[71.75893,21.48535],[71.75896,21.48531],[71.75897,21.48531],[71.75897,21.4853],[71.759,21.48541],[71.75903,21.48542],[71.75909,21.48546],[71.75915,21.48546],[71.75921,21.48549],[71.7594,21.48554],[71.75944,21.48554],[71.7595,21.4856],[71.75954,21.48565],[71.75959,21.48569],[71.75964,21.48579],[71.7597,21.48585],[71.75977,21.48594],[71.75982,21.48598],[71.75986,21.48604],[71.75989,21.48605],[71.75992,21.48612],[71.75996,21.48617],[71.75996,21.48619],[71.76007,21.48633],[71.76015,21.48645],[71.76019,21.48649],[71.7602,21.48652],[71.76024,21.48658],[71.76025,21.48663],[71.76031,21.48668],[71.76035,21.4867],[71.76039,21.48673],[71.76042,21.48682],[71.76055,21.48694],[71.76058,21.487],[71.76061,21.48702],[71.76065,21.48709],[71.76074,21.48707],[71.76082,21.48713],[71.76091,21.48715],[71.76094,21.48719],[71.76099,21.48719],[71.76105,21.48723],[71.76113,21.48726],[71.76122,21.48732],[71.76128,21.48731],[71.76128,21.48728],[71.76132,21.48725],[71.76139,21.48727],[71.76146,21.48726],[71.76152,21.48728],[71.76153,21.48731],[71.76158,21.48735],[71.76164,21.48738],[71.76165,21.4874],[71.76173,21.48744],[71.76178,21.48743],[71.76178,21.48754],[71.76185,21.48754],[71.76192,21.48762],[71.76203,21.48764],[71.76215,21.48771],[71.76215,21.48776],[71.76219,21.48776],[71.76229,21.48785],[71.76235,21.48792],[71.76239,21.48795],[71.76241,21.48799],[71.76249,21.48805],[71.7625,21.48812],[71.76253,21.4882],[71.7626,21.48827],[71.76266,21.48828],[71.76266,21.48831],[71.76277,21.48839],[71.76274,21.48841],[71.76274,21.48845],[71.76284,21.48849],[71.76291,21.4885],[71.76297,21.48854],[71.76292,21.48859],[71.76285,21.48863],[71.76284,21.48869],[71.76275,21.48876],[71.76277,21.48878],[71.76282,21.4889],[71.76281,21.48898],[71.76278,21.48902],[71.76275,21.48902],[71.76271,21.48906],[71.76271,21.4891],[71.76262,21.48917],[71.76251,21.48914],[71.76249,21.4892],[71.76245,21.48921],[71.76244,21.48926],[71.76237,21.4893],[71.76235,21.48933],[71.76231,21.48935],[71.76223,21.48943],[71.76216,21.48947],[71.76203,21.4896],[71.76193,21.4896],[71.76188,21.48964],[71.76193,21.48969],[71.7619,21.48972],[71.7619,21.48978],[71.76182,21.48978],[71.76174,21.48974],[71.76167,21.48973],[71.76161,21.48975],[71.76153,21.48972],[71.76149,21.48972]]]},"properties":{"PolygonId":253,"Area":26195,"Subbasin":null}},
{"type":"Feature","geometry":{"type":"Polygon","coordinates":[[[71.76217,21.49283],[71.76216,21.49283],[71.7621,21.49275],[71.76209,21.49265],[71.76207,21.49263],[71.76201,21.49265],[71.76199,21.49263],[71.76199,21.49257],[71.76195,21.49256],[71.76189,21.49252],[71.76189,21.49249],[71.76184,21.49247],[71.76185,21.49242],[71.76179,21.49237],[71.76175,21.49235],[71.76164,21.49225],[71.76163,21.49222],[71.76165,21.49218],[71.76161,21.49213],[71.76152,21.49212],[71.76149,21.49207],[71.76146,21.49206],[71.76139,21.49209],[71.76128,21.492],[71.76126,21.49195],[71.76123,21.49194],[71.76119,21.49187],[71.76114,21.49187],[71.76112,21.49182],[71.76099,21.49171],[71.76095,21.49159],[71.7609,21.49155],[71.76091,21.49149],[71.76092,21.49146],[71.76092,21.49141],[71.76087,21.49139],[71.76086,21.49136],[71.76077,21.49123],[71.76073,21.49124],[71.76069,21.49119],[71.76063,21.49118],[71.76061,21.49114],[71.76053,21.49114],[71.7605,21.49111],[71.76042,21.49112],[71.76035,21.49106],[71.76025,21.49105],[71.76017,21.49107],[71.76014,21.49108],[71.76003,21.49109],[71.75995,21.4911],[71.75985,21.49109],[71.75982,21.49111],[71.75972,21.49111],[71.75964,21.49106],[71.75952,21.4909],[71.75942,21.49074],[71.75942,21.49071],[71.75939,21.49065],[71.75939,21.49061],[71.75937,21.49051],[71.75938,21.49046],[71.75936,21.49037],[71.7593,21.49029],[71.75929,21.49025],[71.75924,21.49021],[71.75916,21.4902],[71.75905,21.49019],[71.75903,21.49018],[71.75896,21.49016],[71.75893,21.49011],[71.75885,21.49003],[71.75885,21.48999],[71.75882,21.48997],[71.75878,21.48992],[71.75879,21.48992],[71.75884,21.48986],[71.75891,21.48985],[71.75896,21.48986],[71.75903,21.48983],[71.75909,21.48985],[71.75916,21.48985],[71.75924,21.48991],[71.75926,21.48998],[71.75929,21.49],[71.75934,21.49],[71.75939,21.49004],[71.75944,21.49007],[71.75949,21.49006],[71.75959,21.49008],[71.75979,21.49007],[71.75986,21.4901],[71.76009,21.49012],[71.76011,21.49009],[71.76026,21.49007],[71.76032,21.4901],[71.76045,21.49009],[71.76048,21.49006],[71.76057,21.49006],[71.7606,21.49003],[71.76079,21.49],[71.76085,21.49003],[71.7609,21.49002],[71.76095,21.48999],[71.76105,21.48999],[71.76107,21.48994],[71.76113,21.48989],[71.76119,21.48987],[71.76131,21.48985],[71.76137,21.48977],[71.76143,21.48974],[71.76149,21.48972],[71.76153,21.48972],[71.76161,21.48975],[71.76167,21.48973],[71.76174,21.48974],[71.76182,21.48978],[71.7619,21.48978],[71.7619,21.48972],[71.76193,21.48969],[71.76188,21.48964],[71.76193,21.4896],[71.76203,21.4896],[71.76216,21.48947],[71.76223,21.48943],[71.76231,21.48935],[71.76235,21.48933],[71.76237,21.4893],[71.76244,21.48926],[71.76245,21.48921],[71.76249,21.4892],[71.76251,21.48914],[71.76262,21.48917],[71.76271,21.4891],[71.76271,21.48906],[71.76275,21.48902],[71.76278,21.48902],[71.76281,21.48898],[71.76282,21.4889],[71.76282,21.48888],[71.76289,21.4888],[71.76292,21.48882],[71.76297,21.48881],[71.76298,21.48875],[71.76303,21.48877],[71.76304,21.4888],[71.76309,21.4888],[71.76319,21.48889],[71.76321,21.48889],[71.76322,21.48896],[71.76324,21.489],[71.76329,21.48901],[71.76333,21.48898],[71.76338,21.48898],[71.76343,21.48902],[71.76349,21.48903],[71.76359,21.48904],[71.7637,21.48911],[71.76372,21.48915],[71.76377,21.48921],[71.76382,21.48923],[71.76389,21.48928],[71.76391,21.48931],[71.76395,21.48931],[71.764,21.48935],[71.76407,21.4894],[71.7641,21.48944],[71.76416,21.48947],[71.76425,21.48959],[71.76431,21.4896],[71.76442,21.48969],[71.76446,21.48972],[71.76435,21.48976],[71.76429,21.48972],[71.76423,21.48972],[71.76415,21.48983],[71.7641,21.4898],[71.76406,21.48981],[71.76399,21.48987],[71.764,21.4899],[71.76389,21.48997],[71.76384,21.49003],[71.76383,21.49012],[71.76379,21.49015],[71.7638,21.49025],[71.76382,21.49032],[71.76386,21.49039],[71.76387,21.49046],[71.76385,21.49048],[71.76386,21.49054],[71.76382,21.49057],[71.76378,21.49064],[71.7638,21.49071],[71.76377,21.49076],[71.76373,21.49076],[71.76368,21.49085],[71.76365,21.49086],[71.76364,21.49092],[71.7636,21.49097],[71.7636,21.491],[71.76352,21.49113],[71.76352,21.49116],[71.76345,21.4912],[71.7634,21.49127],[71.7634,21.4913],[71.76332,21.49137],[71.7633,21.49146],[71.76326,21.4915],[71.76322,21.49164],[71.76316,21.49169],[71.7631,21.49172],[71.7631,21.49178],[71.76305,21.49183],[71.76301,21.49183],[71.76292,21.49192],[71.76289,21.49196],[71.76287,21.49202],[71.76283,21.49201],[71.76273,21.49206],[71.76266,21.49206],[71.76262,21.49208],[71.76263,21.49223],[71.76258,21.49229],[71.76256,21.49233],[71.76256,21.49239],[71.76252,21.49241],[71.76252,21.49245],[71.76246,21.49249],[71.76247,21.49254],[71.76243,21.49262],[71.76236,21.49262],[71.76227,21.49269],[71.76222,21.49267],[71.76223,21.49273],[71.76219,21.49279],[71.76217,21.49281],[71.76217,21.49282],[71.76216,21.49282],[71.76217,21.49283]]]},"properties":{"PolygonId":229,"Area":61918,"Subbasin":null}},
{"type":"Feature","geometry":{"type":"Polygon","coordinates":[[[71.73056,21.47313],[71.73055,21.47306],[71.73057,21.47303],[71.7306,21.47303],[71.73061,21.47294],[71.73056,21.47292],[71.73055,21.47287],[71.73059,21.47282],[71.73065,21.47284],[71.73071,21.47283],[71.73073,21.4728],[71.73077,21.47278],[71.73088,21.47269],[71.73089,21.47263],[71.73093,21.47263],[71.731,21.47256],[71.73099,21.47245],[71.731,21.47237],[71.73107,21.47237],[71.73107,21.47243],[71.73113,21.47243],[71.73114,21.47249],[71.73122,21.47248],[71.73122,21.4724],[71.73126,21.47239],[71.7313,21.47234],[71.73134,21.47233],[71.73135,21.4723],[71.73139,21.4723],[71.73142,21.47226],[71.73142,21.47211],[71.73143,21.47209],[71.73136,21.47202],[71.73137,21.47197],[71.73151,21.47195],[71.73152,21.47193],[71.73159,21.47189],[71.73164,21.47191],[71.73169,21.47189],[71.73169,21.47185],[71.73173,21.47183],[71.73175,21.47178],[71.73189,21.47177],[71.73189,21.47174],[71.73196,21.47171],[71.73196,21.47167],[71.73203,21.4716],[71.73205,21.4716],[71.7321,21.47157],[71.73215,21.47157],[71.73221,21.47151],[71.73229,21.47149],[71.73235,21.4715],[71.73236,21.47147],[71.73241,21.47144],[71.73249,21.47145],[71.73251,21.47143],[71.73251,21.47138],[71.73255,21.47134],[71.73261,21.47133],[71.73265,21.4713],[71.73268,21.4713],[71.73272,21.47136],[71.73281,21.47136],[71.73285,21.47139],[71.73289,21.47139],[71.73292,21.47142],[71.733,21.47143],[71.73303,21.47142],[71.73307,21.47146],[71.73308,21.47152],[71.73301,21.47153],[71.73302,21.47158],[71.73297,21.47163],[71.73298,21.47169],[71.73305,21.47175],[71.73313,21.47179],[71.73314,21.47192],[71.73311,21.472],[71.73315,21.47204],[71.73315,21.47214],[71.73318,21.47221],[71.73318,21.47226],[71.73319,21.47231],[71.73316,21.47235],[71.73322,21.47244],[71.7332,21.47251],[71.73323,21.47259],[71.73322,21.47268],[71.73325,21.47274],[71.73326,21.47289],[71.73324,21.47291],[71.73318,21.47295],[71.73302,21.47297],[71.73298,21.47295],[71.7329,21.47301],[71.73281,21.47303],[71.73279,21.47309],[71.73269,21.47319],[71.73258,21.47321],[71.73255,21.47316],[71.73249,21.47314],[71.73242,21.47315],[71.73238,21.47319],[71.73232,21.47322],[71.73233,21.47329],[71.73226,21.47329],[71.73222,21.47332],[71.73222,21.47334],[71.73213,21.4734],[71.732,21.4734],[71.73199,21.47336],[71.73194,21.47334],[71.73188,21.47335],[71.73188,21.47339],[71.7318,21.47345],[71.73177,21.47341],[71.7317,21.4734],[71.73169,21.47335],[71.73163,21.47335],[71.73161,21.47333],[71.73148,21.47338],[71.73145,21.4734],[71.7314,21.47337],[71.73135,21.47339],[71.73132,21.47338],[71.7313,21.47341],[71.73123,21.47341],[71.7312,21.47345],[71.7311,21.4734],[71.73108,21.47343],[71.73099,21.47339],[71.73093,21.47339],[71.73089,21.47335],[71.73089,21.47324],[71.73085,21.47321],[71.73085,21.47317],[71.73072,21.47316],[71.73071,21.47314],[71.73063,21.47314],[71.73056,21.47313]]]},"properties":{"PolygonId":1030,"Area":200,"Subbasin":null}},
{"type":"Feature","geometry":{"type":"Polygon","coordinates":[[[71.73903,21.48302],[71.73898,21.48308],[71.73896,21.48315],[71.73898,21.48319],[71.73902,21.48319],[71.73905,21.48325],[71.73908,21.48328],[71.73912,21.48329],[71.7391,21.48334],[71.73915,21.48334],[71.73921,21.48336],[71.73922,21.4834],[71.73928,21.48338],[71.7393,21.48342],[71.73928,21.48345],[71.7393,21.48352],[71.73933,21.48358],[71.73932,21.48366],[71.73927,21.48368],[71.73926,21.48377],[71.7392,21.48382],[71.73917,21.48389],[71.7392,21.48396],[71.73907,21.48397],[71.73902,21.484],[71.73882,21.48401],[71.73872,21.48403],[71.73863,21.48403],[71.7386,21.48401],[71.73851,21.48403],[71.73849,21.48407],[71.73842,21.48408],[71.73836,21.4841],[71.73825,21.48411],[71.73822,21.48414],[71.73812,21.48414],[71.73812,21.48416],[71.73797,21.48419],[71.73777,21.48421],[71.73772,21.48422],[71.73761,21.48421],[71.73761,21.48423],[71.73745,21.48424],[71.73731,21.48424],[71.73712,21.48426],[71.73704,21.48426],[71.737,21.48429],[71.73695,21.48431],[71.7369,21.48436],[71.73683,21.48436],[71.73673,21.48438],[71.7367,21.48441],[71.73664,21.48438],[71.73662,21.48441],[71.73647,21.48441],[71.73629,21.48445],[71.73616,21.48446],[71.73615,21.48448],[71.73607,21.48449],[71.73605,21.4845],[71.73596,21.48451],[71.73593,21.48453],[71.73573,21.48456],[71.73564,21.48459],[71.73554,21.48459],[71.73554,21.48462],[71.7355,21.48463],[71.73524,21.48475],[71.73517,21.48476],[71.73512,21.4848],[71.73501,21.48475],[71.73496,21.48482],[71.73496,21.48485],[71.73493,21.48492],[71.73492,21.48501],[71.73487,21.48514],[71.73486,21.4852],[71.73481,21.48532],[71.73479,21.48545],[71.73473,21.48546],[71.7347,21.48543],[71.73471,21.48534],[71.73474,21.48531],[71.73474,21.48526],[71.73477,21.48523],[71.73478,21.48511],[71.73482,21.48506],[71.73481,21.48502],[71.73483,21.48497],[71.73483,21.48491],[71.7349,21.48477],[71.73494,21.48471],[71.7349,21.4846],[71.73482,21.48454],[71.7348,21.48449],[71.73477,21.48449],[71.7347,21.48442],[71.7347,21.4844],[71.73461,21.48434],[71.73455,21.48428],[71.73452,21.48421],[71.73456,21.48418],[71.73462,21.48416],[71.73465,21.48414],[71.73467,21.48407],[71.7347,21.48405],[71.73473,21.48399],[71.73473,21.48395],[71.7347,21.4839],[71.73473,21.48386],[71.73472,21.48377],[71.73476,21.48374],[71.73479,21.48368],[71.73482,21.48358],[71.73487,21.48353],[71.73487,21.48347],[71.7349,21.48345],[71.73494,21.48339],[71.73491,21.48336],[71.73492,21.4833],[71.73488,21.48326],[71.73489,21.48306],[71.73485,21.48304],[71.73486,21.48299],[71.73491,21.48295],[71.7349,21.48291],[71.73497,21.48285],[71.73495,21.48275],[71.73491,21.48272],[71.7349,21.48269],[71.73495,21.48264],[71.73494,21.48255],[71.7349,21.48247],[71.73488,21.48233],[71.73489,21.48227],[71.73488,21.4822],[71.73488,21.48214],[71.73487,21.48208],[71.7349,21.48205],[71.73488,21.48198],[71.73491,21.48197],[71.73489,21.48191],[71.73489,21.48189],[71.73488,21.48184],[71.73491,21.48179],[71.7349,21.48167],[71.73493,21.48163],[71.73492,21.4815],[71.7349,21.48147],[71.73491,21.48142],[71.73494,21.48137],[71.73493,21.48133],[71.73496,21.48128],[71.73495,21.48124],[71.73498,21.48116],[71.735,21.48112],[71.73497,21.48108],[71.73497,21.48103],[71.73503,21.48097],[71.73504,21.48087],[71.73502,21.48084],[71.73503,21.4808],[71.73503,21.48066],[71.73505,21.48064],[71.73505,21.48054],[71.73511,21.48049],[71.7351,21.48041],[71.73506,21.48038],[71.73505,21.48025],[71.73508,21.48022],[71.73507,21.48017],[71.73504,21.48013],[71.73505,21.48005],[71.73499,21.48004],[71.73498,21.48002],[71.73501,21.47995],[71.73501,21.47989],[71.73503,21.47987],[71.73497,21.47983],[71.73494,21.47973],[71.73495,21.47972],[71.73493,21.47965],[71.73493,21.47963],[71.73494,21.47956],[71.73492,21.47943],[71.73488,21.47936],[71.73489,21.47929],[71.73494,21.47918],[71.73494,21.47913],[71.73499,21.4791],[71.73502,21.47906],[71.73504,21.47899],[71.73512,21.47897],[71.73512,21.47893],[71.73509,21.47892],[71.73507,21.47887],[71.7351,21.4788],[71.73513,21.47876],[71.73513,21.47866],[71.73512,21.47863],[71.73514,21.47858],[71.73516,21.47856],[71.73516,21.4785],[71.73513,21.47848],[71.73513,21.47843],[71.7352,21.47835],[71.73525,21.47834],[71.73529,21.47829],[71.73538,21.47828],[71.73539,21.47824],[71.73548,21.47823],[71.7355,21.47819],[71.7356,21.47818],[71.73562,21.47822],[71.73568,21.47827],[71.73577,21.47827],[71.73579,21.4783],[71.73587,21.47831],[71.73594,21.47827],[71.73599,21.47828],[71.73612,21.4782],[71.73618,21.47818],[71.7362,21.4782],[71.7362,21.47821],[71.7362,21.47822],[71.73621,21.47825],[71.73625,21.47828],[71.73626,21.47837],[71.73628,21.47839],[71.73628,21.47844],[71.73631,21.47849],[71.73628,21.47858],[71.73628,21.4786],[71.73625,21.47866],[71.73625,21.47872],[71.73622,21.47874],[71.73629,21.47883],[71.73637,21.47888],[71.73641,21.47894],[71.73641,21.47905],[71.73645,21.47905],[71.73656,21.47916],[71.73659,21.4792],[71.7366,21.47928],[71.73655,21.47933],[71.73653,21.47942],[71.73651,21.47947],[71.73651,21.47952],[71.73649,21.47958],[71.73649,21.47968],[71.73651,21.47968],[71.7365,21.47976],[71.73652,21.47981],[71.73653,21.4799],[71.73648,21.4799],[71.73648,21.47995],[71.73651,21.48001],[71.73655,21.48004],[71.73655,21.48008],[71.73661,21.48018],[71.73661,21.48022],[71.73664,21.48029],[71.7367,21.4803],[71.73671,21.48033],[71.73669,21.48038],[71.73663,21.48042],[71.73658,21.48052],[71.73661,21.48054],[71.73658,21.48058],[71.73655,21.48068],[71.73657,21.48071],[71.73656,21.48087],[71.73658,21.48089],[71.73658,21.48102],[71.7366,21.48104],[71.7366,21.48109],[71.73661,21.48116],[71.73666,21.48123],[71.73666,21.48136],[71.73662,21.48141],[71.73659,21.48148],[71.73659,21.48155],[71.73663,21.48162],[71.73663,21.4816],[71.7368,21.4816],[71.73685,21.48164],[71.73687,21.48169],[71.73692,21.48167],[71.73703,21.48169],[71.7371,21.48175],[71.73717,21.48178],[71.73719,21.48186],[71.73726,21.48193],[71.73731,21.48194],[71.73733,21.48197],[71.73739,21.48199],[71.73744,21.48204],[71.73747,21.48209],[71.73752,21.48211],[71.73755,21.48214],[71.73759,21.48215],[71.73766,21.48221],[71.73773,21.48224],[71.7378,21.48229],[71.7378,21.48232],[71.73787,21.48232],[71.73789,21.48234],[71.73797,21.48234],[71.73807,21.48235],[71.7382,21.48235],[71.73829,21.48241],[71.73833,21.48246],[71.73836,21.48252],[71.73845,21.48259],[71.73845,21.48261],[71.73852,21.48269],[71.73858,21.48279],[71.73863,21.48283],[71.73866,21.48288],[71.7387,21.48298],[71.73874,21.48303],[71.73875,21.48305],[71.73879,21.48303],[71.73886,21.48304],[71.73895,21.48304],[71.73903,21.48302]]]},"properties":{"PolygonId":1223,"Area":359,"Subbasin":null}},
{"type":"Feature","geometry":{"type":"MultiPolygon","coordinates":[[[[71.74294,21.47443],[71.74295,21.47448],[71.74302,21.47452],[71.74303,21.47455],[71.74303,21.47464],[71.74296,21.47468],[71.74296,21.47474],[71.74287,21.47482],[71.74285,21.47492],[71.74286,21.47493],[71.74286,21.47505],[71.74289,21.47506],[71.74291,21.47514],[71.74295,21.47514],[71.74294,21.47519],[71.74289,21.4752],[71.74289,21.47529],[71.74291,21.4754],[71.74291,21.47555],[71.74289,21.47558],[71.74288,21.47567],[71.74286,21.47568],[71.74287,21.47574],[71.74286,21.47584],[71.74288,21.47588],[71.74288,21.47608],[71.74288,21.47612],[71.7429,21.47618],[71.74303,21.47633],[71.74306,21.47639],[71.74311,21.4764],[71.74317,21.47638],[71.7432,21.4764],[71.74319,21.47648],[71.74324,21.47657],[71.74323,21.47664],[71.74319,21.47665],[71.74311,21.47664],[71.74309,21.47659],[71.74305,21.47656],[71.74294,21.47646],[71.74289,21.4764],[71.74285,21.47637],[71.74282,21.47633],[71.74276,21.47629],[71.74274,21.4762],[71.74274,21.47595],[71.74272,21.47588],[71.74266,21.47589],[71.74255,21.476],[71.74252,21.47603],[71.7424,21.47617],[71.74234,21.47621],[71.74226,21.47621],[71.74215,21.47612],[71.74212,21.47607],[71.74208,21.47606],[71.74205,21.47602],[71.74198,21.47599],[71.74189,21.47592],[71.74178,21.47579],[71.74168,21.47573],[71.74165,21.47569],[71.74153,21.47565],[71.74142,21.47554],[71.74142,21.47546],[71.74137,21.47541],[71.74128,21.47539],[71.74122,21.47534],[71.74119,21.47535],[71.7411,21.47528],[71.74106,21.47528],[71.74092,21.47519],[71.74086,21.47519],[71.74084,21.47517],[71.74078,21.47518],[71.74072,21.47514],[71.74066,21.47515],[71.74065,21.47512],[71.7406,21.47512],[71.74048,21.47503],[71.74044,21.47495],[71.74039,21.47493],[71.74036,21.47492],[71.74032,21.47486],[71.74034,21.47484],[71.74035,21.47477],[71.74032,21.47474],[71.74031,21.47469],[71.74022,21.47463],[71.74018,21.47463],[71.74014,21.47458],[71.7401,21.47457],[71.74005,21.47454],[71.73998,21.47445],[71.7399,21.47436],[71.73989,21.47432],[71.73985,21.47428],[71.73984,21.47417],[71.73982,21.47414],[71.73981,21.47398],[71.73977,21.47388],[71.73963,21.47375],[71.73962,21.47371],[71.73953,21.47366],[71.73945,21.47358],[71.73941,21.47356],[71.73938,21.47351],[71.73935,21.47349],[71.7393,21.47341],[71.73927,21.4734],[71.73919,21.47332],[71.73917,21.47323],[71.73918,21.47322],[71.73918,21.47319],[71.73922,21.47312],[71.73919,21.47307],[71.73919,21.473],[71.73917,21.47297],[71.73911,21.47295],[71.73914,21.47286],[71.73913,21.47281],[71.73916,21.47272],[71.73916,21.47267],[71.73918,21.47263],[71.73922,21.4726],[71.73924,21.47252],[71.73929,21.47245],[71.73923,21.47244],[71.73921,21.47237],[71.73927,21.47228],[71.73928,21.47224],[71.7393,21.47222],[71.73929,21.47214],[71.7393,21.4721],[71.73938,21.47206],[71.73938,21.47202],[71.73946,21.472],[71.7395,21.47194],[71.73958,21.47189],[71.73959,21.47182],[71.73963,21.47179],[71.7396,21.47176],[71.7397,21.47165],[71.7397,21.47161],[71.73976,21.47156],[71.73982,21.47154],[71.73989,21.47147],[71.73991,21.47143],[71.73995,21.4714],[71.74005,21.47138],[71.7401,21.47134],[71.74017,21.47132],[71.7402,21.47129],[71.74021,21.47125],[71.74027,21.47122],[71.74036,21.47119],[71.7404,21.47113],[71.74046,21.47108],[71.74048,21.47103],[71.74054,21.471],[71.74056,21.47094],[71.74061,21.4709],[71.74068,21.47082],[71.74076,21.47079],[71.74083,21.47074],[71.7409,21.47069],[71.74093,21.47064],[71.74093,21.4706],[71.74097,21.47055],[71.74103,21.4705],[71.74107,21.47046],[71.74113,21.47035],[71.74113,21.47034],[71.74124,21.47023],[71.74117,21.47033],[71.74116,21.47039],[71.7412,21.47046],[71.74121,21.47059],[71.74124,21.47062],[71.74124,21.47067],[71.74127,21.4707],[71.74125,21.47075],[71.74129,21.47084],[71.74142,21.47094],[71.74142,21.47097],[71.74155,21.47109],[71.74158,21.47116],[71.7417,21.47129],[71.74173,21.47129],[71.74178,21.47135],[71.74178,21.47141],[71.74182,21.47144],[71.74183,21.47149],[71.74186,21.47152],[71.74189,21.47161],[71.74193,21.47166],[71.74194,21.47171],[71.74199,21.47177],[71.742,21.47182],[71.74204,21.47185],[71.74209,21.47199],[71.74212,21.47209],[71.74216,21.47212],[71.74222,21.4723],[71.74227,21.47237],[71.74227,21.47238],[71.74231,21.47242],[71.74234,21.4725],[71.74234,21.47257],[71.74238,21.47261],[71.74238,21.47264],[71.74247,21.47274],[71.74251,21.47278],[71.74251,21.4728],[71.74257,21.47289],[71.74258,21.47296],[71.74261,21.47298],[71.74263,21.47309],[71.74263,21.47314],[71.7426,21.47318],[71.74259,21.47336],[71.74259,21.47349],[71.74254,21.47359],[71.74252,21.47376],[71.74256,21.47382],[71.74256,21.47386],[71.74258,21.47391],[71.74257,21.47398],[71.74268,21.47403],[71.74265,21.47408],[71.74269,21.47412],[71.74278,21.47425],[71.74279,21.47429],[71.74283,21.47431],[71.74287,21.47438],[71.74293,21.4744],[71.74294,21.47443]]],[[[71.74125,21.47022],[71.74124,21.47023],[71.74125,21.47021],[71.74125,21.47022]]]]},"properties":{"PolygonId":1275,"Area":14211,"Subbasin":null}},
{"type":"Feature","geometry":{"type":"Polygon","coordinates":[[[71.74124,21.47023],[71.74125,21.47022],[71.74125,21.47021],[71.74125,21.47019],[71.7413,21.4701],[71.74132,21.47005],[71.74133,21.47005],[71.74138,21.47011],[71.74141,21.47011],[71.74148,21.47018],[71.74154,21.4702],[71.74158,21.47025],[71.74162,21.47024],[71.74167,21.47025],[71.74173,21.47032],[71.7418,21.47036],[71.74182,21.4704],[71.74182,21.47045],[71.74188,21.47047],[71.74197,21.47056],[71.74202,21.47062],[71.74212,21.47072],[71.74213,21.47075],[71.74229,21.47089],[71.74231,21.47094],[71.74236,21.47096],[71.74254,21.47113],[71.74256,21.47113],[71.74264,21.47118],[71.74279,21.47131],[71.74285,21.47143],[71.74296,21.47157],[71.74302,21.4716],[71.743,21.47178],[71.74302,21.47185],[71.74314,21.472],[71.74322,21.47205],[71.74328,21.47211],[71.74337,21.47212],[71.74346,21.47217],[71.7435,21.47221],[71.74357,21.47223],[71.74367,21.47232],[71.74374,21.47242],[71.74374,21.47246],[71.74382,21.47244],[71.74385,21.4724],[71.74388,21.47241],[71.74388,21.47245],[71.74402,21.47249],[71.74416,21.47262],[71.74423,21.47261],[71.74431,21.47267],[71.74442,21.47276],[71.74451,21.47281],[71.74461,21.47292],[71.74467,21.47295],[71.7447,21.47301],[71.7446,21.47311],[71.74458,21.47315],[71.74454,21.47324],[71.74459,21.47326],[71.74462,21.47329],[71.74463,21.47337],[71.74464,21.47337],[71.74465,21.47347],[71.74469,21.47353],[71.7447,21.47356],[71.74477,21.47357],[71.74477,21.47362],[71.7448,21.4737],[71.7448,21.47374],[71.74483,21.47378],[71.7449,21.47377],[71.74492,21.47384],[71.7449,21.47386],[71.74493,21.47389],[71.74498,21.47389],[71.74501,21.47405],[71.74507,21.4741],[71.74507,21.47414],[71.74509,21.47418],[71.7451,21.47427],[71.7452,21.47427],[71.74526,21.47436],[71.74532,21.47439],[71.7453,21.47452],[71.7453,21.4746],[71.74537,21.47464],[71.74536,21.47468],[71.74538,21.47474],[71.74541,21.47474],[71.74542,21.47484],[71.7454,21.47491],[71.74544,21.47498],[71.74543,21.47501],[71.74544,21.47507],[71.74543,21.47512],[71.74539,21.47518],[71.74541,21.47524],[71.74545,21.47527],[71.74546,21.47536],[71.7455,21.47539],[71.74556,21.4754],[71.74555,21.47543],[71.74559,21.47545],[71.74559,21.4755],[71.74552,21.47551],[71.74548,21.47557],[71.74542,21.47557],[71.74541,21.47553],[71.74531,21.47552],[71.74527,21.47554],[71.74521,21.47554],[71.7452,21.47551],[71.74513,21.47551],[71.74507,21.47549],[71.74505,21.47546],[71.745,21.47553],[71.74495,21.47552],[71.74492,21.4755],[71.74482,21.47547],[71.74481,21.47543],[71.74473,21.47544],[71.74473,21.4754],[71.74468,21.47539],[71.74465,21.47537],[71.74459,21.47537],[71.74457,21.47532],[71.74447,21.47534],[71.74437,21.47533],[71.74436,21.47529],[71.7443,21.47524],[71.74429,21.4752],[71.74425,21.47522],[71.74421,21.47522],[71.7442,21.47526],[71.74415,21.47525],[71.7441,21.47529],[71.74404,21.4753],[71.74394,21.47528],[71.7439,21.47526],[71.74384,21.47526],[71.74378,21.47524],[71.74377,21.47515],[71.74374,21.47515],[71.74372,21.47505],[71.7437,21.47502],[71.74373,21.47499],[71.74368,21.47495],[71.74359,21.47495],[71.74358,21.47491],[71.74355,21.47491],[71.74353,21.47486],[71.74346,21.4748],[71.74346,21.47476],[71.74341,21.47473],[71.74339,21.47469],[71.74327,21.4747],[71.74327,21.47466],[71.74322,21.47461],[71.74321,21.47457],[71.74316,21.47457],[71.74308,21.47451],[71.74305,21.47447],[71.74301,21.47447],[71.74294,21.47443],[71.74293,21.4744],[71.74287,21.47438],[71.74283,21.47431],[71.74279,21.47429],[71.74278,21.47425],[71.74269,21.47412],[71.74265,21.47408],[71.74268,21.47403],[71.74257,21.47398],[71.74258,21.47391],[71.74256,21.47386],[71.74256,21.47382],[71.74252,21.47376],[71.74254,21.47359],[71.74259,21.47349],[71.74259,21.47336],[71.7426,21.47318],[71.74263,21.47314],[71.74263,21.47309],[71.74261,21.47298],[71.74258,21.47296],[71.74257,21.47289],[71.74251,21.4728],[71.74251,21.47278],[71.74247,21.47274],[71.74238,21.47264],[71.74238,21.47261],[71.74234,21.47257],[71.74234,21.4725],[71.74231,21.47242],[71.74227,21.47238],[71.74227,21.47237],[71.74222,21.4723],[71.74216,21.47212],[71.74212,21.47209],[71.74209,21.47199],[71.74204,21.47185],[71.742,21.47182],[71.74199,21.47177],[71.74194,21.47171],[71.74193,21.47166],[71.74189,21.47161],[71.74186,21.47152],[71.74183,21.47149],[71.74182,21.47144],[71.74178,21.47141],[71.74178,21.47135],[71.74173,21.47129],[71.7417,21.47129],[71.74158,21.47116],[71.74155,21.47109],[71.74142,21.47097],[71.74142,21.47094],[71.74129,21.47084],[71.74125,21.47075],[71.74127,21.4707],[71.74124,21.47067],[71.74124,21.47062],[71.74121,21.47059],[71.7412,21.47046],[71.74116,21.47039],[71.74117,21.47033],[71.74124,21.47023]]]},"properties":{"PolygonId":1186,"Area":4441,"Subbasin":null}},
{"type":"Feature","geometry":{"type":"Polygon","coordinates":[[[71.74132,21.47005],[71.74132,21.47001],[71.74135,21.46999],[71.74142,21.46999],[71.74148,21.46998],[71.74154,21.46991],[71.74163,21.46987],[71.74172,21.4698],[71.74183,21.46978],[71.74199,21.4698],[71.74206,21.46978],[71.74208,21.46978],[71.74215,21.46978],[71.7422,21.46979],[71.74233,21.46986],[71.74235,21.46988],[71.74239,21.46986],[71.74244,21.46986],[71.74253,21.4698],[71.74263,21.46981],[71.74269,21.46979],[71.7428,21.4698],[71.74287,21.46978],[71.74293,21.46981],[71.74305,21.46975],[71.74313,21.46974],[71.74333,21.46974],[71.74344,21.46977],[71.74352,21.46977],[71.74359,21.46972],[71.7436,21.4697],[71.74369,21.46967],[71.74375,21.46958],[71.74384,21.46953],[71.74395,21.46951],[71.74397,21.46948],[71.74407,21.46946],[71.74409,21.46944],[71.74415,21.46943],[71.74416,21.46941],[71.74427,21.46938],[71.74432,21.46939],[71.74449,21.46937],[71.74451,21.46932],[71.74456,21.4693],[71.74462,21.4693],[71.74465,21.46934],[71.74474,21.46935],[71.74476,21.46932],[71.74479,21.46931],[71.7448,21.46933],[71.7449,21.46934],[71.74495,21.46937],[71.74499,21.46937],[71.745,21.4694],[71.74505,21.46942],[71.74512,21.46943],[71.74515,21.46942],[71.74517,21.46938],[71.74523,21.46938],[71.74537,21.46925],[71.74535,21.46922],[71.7454,21.4692],[71.74548,21.46915],[71.74559,21.46912],[71.74559,21.46908],[71.74563,21.46905],[71.74566,21.46905],[71.74572,21.46901],[71.74576,21.46896],[71.74582,21.46898],[71.74587,21.46898],[71.7459,21.46895],[71.74595,21.46895],[71.74604,21.46888],[71.74608,21.46888],[71.74613,21.46885],[71.74616,21.46896],[71.74627,21.46901],[71.74632,21.46904],[71.74635,21.46904],[71.74641,21.46908],[71.74641,21.4691],[71.74641,21.46916],[71.74637,21.46925],[71.74637,21.4694],[71.74638,21.46945],[71.74635,21.46948],[71.74637,21.46953],[71.74637,21.46959],[71.7463,21.46959],[71.74623,21.46967],[71.74621,21.46974],[71.74616,21.46978],[71.74617,21.46991],[71.74615,21.46994],[71.74615,21.46996],[71.74617,21.46999],[71.74618,21.47005],[71.74618,21.47009],[71.74618,21.47016],[71.74622,21.47023],[71.74624,21.47033],[71.74626,21.47039],[71.74625,21.4705],[71.74623,21.47054],[71.74624,21.47067],[71.74626,21.47069],[71.74628,21.47082],[71.74632,21.47088],[71.74632,21.47097],[71.74631,21.47099],[71.74632,21.47108],[71.74632,21.47118],[71.7463,21.4712],[71.74631,21.47124],[71.7463,21.47135],[71.74626,21.47142],[71.74626,21.47149],[71.74622,21.47152],[71.74622,21.47159],[71.74617,21.47166],[71.74616,21.47173],[71.74614,21.47178],[71.74614,21.47183],[71.74611,21.47186],[71.74611,21.47197],[71.74609,21.47199],[71.74611,21.47217],[71.74608,21.47225],[71.74604,21.47231],[71.74605,21.47234],[71.74597,21.47246],[71.74598,21.47253],[71.74588,21.47258],[71.74583,21.47258],[71.74573,21.47263],[71.74564,21.47265],[71.74555,21.47269],[71.74553,21.47275],[71.74554,21.47281],[71.74552,21.47293],[71.7455,21.47295],[71.74547,21.47302],[71.74547,21.47311],[71.74546,21.47314],[71.74546,21.47321],[71.74551,21.47326],[71.74554,21.47326],[71.74554,21.47331],[71.74556,21.47335],[71.74556,21.47343],[71.74565,21.47356],[71.74565,21.47362],[71.74571,21.47361],[71.74578,21.47385],[71.74582,21.47391],[71.74586,21.47391],[71.74599,21.47392],[71.746,21.47397],[71.74606,21.47402],[71.74604,21.47405],[71.74609,21.47417],[71.74609,21.47421],[71.74611,21.47427],[71.74618,21.47432],[71.74618,21.47435],[71.74623,21.47439],[71.74626,21.47442],[71.74626,21.47449],[71.74628,21.47453],[71.74628,21.4746],[71.74629,21.47461],[71.7463,21.47472],[71.7462,21.47476],[71.7462,21.47479],[71.74627,21.47481],[71.74628,21.47485],[71.74626,21.47489],[71.74624,21.47501],[71.74619,21.47506],[71.74621,21.4751],[71.74616,21.47511],[71.74617,21.47507],[71.74611,21.47508],[71.74608,21.47503],[71.74596,21.47502],[71.74592,21.47497],[71.74593,21.47492],[71.74586,21.47491],[71.74582,21.47485],[71.74583,21.47478],[71.74579,21.47474],[71.74578,21.4747],[71.74564,21.47465],[71.7456,21.47456],[71.7456,21.47451],[71.74557,21.47447],[71.74555,21.4744],[71.74553,21.47439],[71.74552,21.47433],[71.74548,21.4743],[71.74548,21.47423],[71.74552,21.47419],[71.74553,21.47413],[71.74552,21.47403],[71.74548,21.47397],[71.74548,21.47393],[71.74544,21.47382],[71.74541,21.4738],[71.74539,21.47366],[71.74542,21.47361],[71.74542,21.47358],[71.74545,21.47354],[71.74547,21.47338],[71.74548,21.47332],[71.74539,21.47331],[71.74539,21.47329],[71.74531,21.47325],[71.74519,21.47325],[71.74515,21.47323],[71.74516,21.47318],[71.74512,21.47311],[71.74509,21.47311],[71.74506,21.47301],[71.74505,21.47294],[71.74474,21.47295],[71.7447,21.47296],[71.74467,21.47295],[71.74461,21.47292],[71.74451,21.47281],[71.74442,21.47276],[71.74431,21.47267],[71.74423,21.47261],[71.74416,21.47262],[71.74402,21.47249],[71.74388,21.47245],[71.74388,21.47241],[71.74385,21.4724],[71.74382,21.47244],[71.74374,21.47246],[71.74374,21.47242],[71.74367,21.47232],[71.74357,21.47223],[71.7435,21.47221],[71.74346,21.47217],[71.74337,21.47212],[71.74328,21.47211],[71.74322,21.47205],[71.74314,21.472],[71.74302,21.47185],[71.743,21.47178],[71.74302,21.4716],[71.74296,21.47157],[71.74285,21.47143],[71.74279,21.47131],[71.74264,21.47118],[71.74256,21.47113],[71.74254,21.47113],[71.74236,21.47096],[71.74231,21.47094],[71.74229,21.47089],[71.74213,21.47075],[71.74212,21.47072],[71.74202,21.47062],[71.74197,21.47056],[71.74188,21.47047],[71.74182,21.47045],[71.74182,21.4704],[71.7418,21.47036],[71.74173,21.47032],[71.74167,21.47025],[71.74162,21.47024],[71.74158,21.47025],[71.74154,21.4702],[71.74148,21.47018],[71.74141,21.47011],[71.74138,21.47011],[71.74133,21.47005],[71.74132,21.47005]]]},"properties":{"PolygonId":1199,"Area":10547,"Subbasin":null}},
{"type":"Feature","geometry":{"type":"Polygon","coordinates":[[[71.74641,21.4691],[71.74642,21.46912],[71.74644,21.46914],[71.74644,21.46916],[71.74647,21.46918],[71.74652,21.46918],[71.7466,21.46919],[71.74664,21.46915],[71.74673,21.46916],[71.74678,21.46913],[71.74683,21.46906],[71.74691,21.46904],[71.74695,21.469],[71.74699,21.46901],[71.74702,21.46897],[71.74716,21.46895],[71.74716,21.4689],[71.74725,21.46888],[71.74737,21.46888],[71.74741,21.4689],[71.74745,21.46896],[71.7475,21.46897],[71.74751,21.46897],[71.74758,21.46898],[71.74759,21.46901],[71.74764,21.469],[71.74766,21.46897],[71.74774,21.469],[71.74778,21.46906],[71.7478,21.46906],[71.74786,21.46911],[71.74799,21.46915],[71.74799,21.46918],[71.74804,21.4692],[71.74808,21.46927],[71.74817,21.46932],[71.74822,21.46938],[71.7483,21.46938],[71.74831,21.4694],[71.74841,21.46939],[71.74845,21.46935],[71.74849,21.46935],[71.74855,21.46937],[71.74864,21.46936],[71.74871,21.46939],[71.7488,21.4694],[71.74882,21.46941],[71.7489,21.46942],[71.74891,21.46945],[71.74901,21.46944],[71.74904,21.46941],[71.7491,21.46945],[71.74923,21.46946],[71.74927,21.4695],[71.74933,21.46951],[71.74947,21.46951],[71.74959,21.46949],[71.74965,21.46949],[71.74972,21.4695],[71.74989,21.4695],[71.74995,21.46949],[71.74997,21.46947],[71.7501,21.46947],[71.75026,21.4695],[71.75035,21.46958],[71.7506,21.46963],[71.75073,21.46963],[71.7508,21.4697],[71.75081,21.46975],[71.75087,21.46981],[71.75093,21.46981],[71.75101,21.46984],[71.75103,21.46986],[71.7511,21.46987],[71.75115,21.4699],[71.75126,21.46991],[71.75137,21.46991],[71.75142,21.46991],[71.75148,21.4699],[71.7515,21.46993],[71.75151,21.46993],[71.75152,21.46993],[71.75144,21.47002],[71.75142,21.47008],[71.75142,21.47021],[71.7514,21.47024],[71.75142,21.47033],[71.75142,21.4704],[71.75144,21.47042],[71.75144,21.47052],[71.75145,21.47055],[71.75146,21.47069],[71.75143,21.47074],[71.75141,21.47081],[71.75131,21.47099],[71.75128,21.47117],[71.75122,21.47125],[71.7512,21.47132],[71.75121,21.47137],[71.75121,21.47152],[71.75117,21.4716],[71.75115,21.47168],[71.75112,21.4717],[71.75108,21.47181],[71.75107,21.47188],[71.75104,21.47193],[71.75096,21.47203],[71.75091,21.47213],[71.75087,21.47216],[71.75083,21.47224],[71.75077,21.47231],[71.75076,21.47235],[71.75073,21.47238],[71.75069,21.47249],[71.75059,21.4726],[71.75058,21.47268],[71.75055,21.47272],[71.75054,21.47288],[71.7505,21.47296],[71.75046,21.47306],[71.75047,21.47313],[71.75052,21.47316],[71.75053,21.47321],[71.7505,21.47322],[71.75037,21.47322],[71.75033,21.47319],[71.75011,21.47319],[71.74995,21.47314],[71.74982,21.47313],[71.74971,21.47308],[71.7496,21.47307],[71.7495,21.47303],[71.7495,21.47302],[71.7493,21.473],[71.74925,21.47298],[71.74911,21.47297],[71.74904,21.47295],[71.74902,21.473],[71.749,21.47305],[71.74896,21.4731],[71.74897,21.47314],[71.74892,21.47319],[71.74892,21.47323],[71.74896,21.47328],[71.74896,21.47335],[71.74892,21.47338],[71.7489,21.47341],[71.7489,21.47346],[71.74886,21.47353],[71.74877,21.47355],[71.74874,21.47359],[71.74873,21.47364],[71.74868,21.47366],[71.74863,21.47373],[71.74857,21.47373],[71.74849,21.47379],[71.74843,21.47379],[71.74838,21.47382],[71.74835,21.47386],[71.74827,21.47388],[71.74822,21.47393],[71.74818,21.47394],[71.74814,21.47399],[71.7481,21.47401],[71.74802,21.47402],[71.74796,21.474],[71.74794,21.47396],[71.74793,21.47392],[71.74789,21.47387],[71.7479,21.4738],[71.74794,21.47377],[71.74794,21.47372],[71.74796,21.47367],[71.74794,21.47365],[71.74788,21.47366],[71.74778,21.47362],[71.74767,21.47362],[71.74755,21.47362],[71.74747,21.4736],[71.74738,21.47361],[71.74717,21.4736],[71.74706,21.47357],[71.74693,21.47357],[71.74689,21.47356],[71.74677,21.47357],[71.74674,21.47354],[71.74677,21.47342],[71.74677,21.4733],[71.74679,21.47327],[71.74679,21.4732],[71.74682,21.47301],[71.74685,21.47288],[71.74685,21.47282],[71.74687,21.47268],[71.74678,21.47269],[71.74671,21.47266],[71.74665,21.47266],[71.74636,21.47259],[71.74633,21.47257],[71.74625,21.47256],[71.74614,21.47251],[71.74616,21.47244],[71.74614,21.4724],[71.74613,21.47231],[71.74615,21.47229],[71.74615,21.47219],[71.7462,21.47213],[71.7462,21.47194],[71.7462,21.47186],[71.74622,21.47181],[71.74624,21.47179],[71.74627,21.4717],[71.74627,21.47164],[71.74632,21.47158],[71.74633,21.47154],[71.74633,21.47146],[71.74639,21.47139],[71.74639,21.47127],[71.74642,21.47111],[71.74643,21.47103],[71.74641,21.47102],[71.74637,21.4709],[71.74638,21.47079],[71.7463,21.47066],[71.7463,21.47057],[71.74629,21.47055],[71.74628,21.47042],[71.74626,21.47039],[71.74624,21.47033],[71.74622,21.47023],[71.74618,21.47016],[71.74618,21.47009],[71.74618,21.47005],[71.74617,21.46999],[71.74615,21.46996],[71.74615,21.46994],[71.74617,21.46991],[71.74616,21.46978],[71.74621,21.46974],[71.74623,21.46967],[71.7463,21.46959],[71.74637,21.46959],[71.74637,21.46953],[71.74635,21.46948],[71.74638,21.46945],[71.74637,21.4694],[71.74637,21.46925],[71.74641,21.46916],[71.74641,21.4691]]]},"properties":{"PolygonId":1255,"Area":6148,"Subbasin":null}},
{"type":"Feature","geometry":{"type":"MultiPolygon","coordinates":[[[[71.74125,21.46977],[71.74128,21.46986],[71.74126,21.46986],[71.74125,21.46977]]],[[[71.74131,21.46835],[71.74129,21.46838],[71.74124,21.46838],[71.74117,21.46847],[71.74116,21.46851],[71.74113,21.46854],[71.74112,21.46859],[71.74106,21.46866],[71.74105,21.46872],[71.74098,21.46876],[71.74095,21.46882],[71.74094,21.4689],[71.74098,21.46897],[71.741,21.46911],[71.74098,21.46915],[71.74102,21.46922],[71.74104,21.46931],[71.74112,21.46939],[71.74118,21.46952],[71.74122,21.46958],[71.74122,21.46967],[71.74124,21.46969],[71.74125,21.46977],[71.7412,21.46966],[71.74116,21.46962],[71.74116,21.4696],[71.74111,21.46954],[71.74103,21.46948],[71.74103,21.46945],[71.74097,21.46938],[71.74097,21.46936],[71.74088,21.4693],[71.74087,21.46926],[71.74081,21.46922],[71.7408,21.46917],[71.74073,21.46907],[71.74069,21.46903],[71.74068,21.46898],[71.74071,21.46893],[71.74068,21.46891],[71.74067,21.46881],[71.74059,21.46873],[71.74057,21.46868],[71.74052,21.46863],[71.74043,21.46852],[71.74041,21.46845],[71.74041,21.46843],[71.74037,21.46836],[71.74034,21.46834],[71.74026,21.46818],[71.74023,21.46818],[71.74023,21.4681],[71.74017,21.46802],[71.74013,21.46798],[71.74009,21.46783],[71.74004,21.46781],[71.73999,21.46775],[71.73999,21.46771],[71.7399,21.46756],[71.73988,21.46755],[71.73985,21.46745],[71.73982,21.46744],[71.73982,21.4674],[71.73977,21.46733],[71.73973,21.46727],[71.73973,21.46724],[71.73969,21.46718],[71.73969,21.46714],[71.73967,21.46712],[71.73961,21.46701],[71.73959,21.467],[71.73959,21.46689],[71.73956,21.46687],[71.73955,21.46678],[71.73955,21.46671],[71.73957,21.4667],[71.73957,21.46657],[71.73957,21.46646],[71.7396,21.46642],[71.73957,21.46615],[71.73953,21.4661],[71.7395,21.46603],[71.73948,21.46592],[71.73943,21.46587],[71.73943,21.46584],[71.73939,21.46577],[71.73936,21.46576],[71.73936,21.46571],[71.73928,21.46571],[71.73926,21.46562],[71.73932,21.46556],[71.73936,21.4655],[71.73939,21.46549],[71.73939,21.46544],[71.73943,21.46539],[71.73938,21.46527],[71.73936,21.46518],[71.73932,21.46513],[71.73933,21.4651],[71.73929,21.46508],[71.73925,21.46504],[71.73924,21.46499],[71.73919,21.46495],[71.7392,21.46489],[71.73917,21.46472],[71.73916,21.46471],[71.73923,21.46469],[71.7394,21.46467],[71.73947,21.46465],[71.73952,21.46463],[71.73957,21.46463],[71.73959,21.4646],[71.73969,21.46457],[71.73978,21.46451],[71.73992,21.46444],[71.74005,21.4644],[71.7401,21.4644],[71.7402,21.46438],[71.7403,21.46436],[71.74034,21.46437],[71.74041,21.46437],[71.74045,21.46439],[71.74052,21.46436],[71.74054,21.46443],[71.74059,21.46445],[71.74068,21.46446],[71.74069,21.46451],[71.74063,21.46461],[71.74068,21.46463],[71.74069,21.46471],[71.74071,21.46474],[71.74068,21.46478],[71.74069,21.46487],[71.74067,21.46488],[71.74066,21.46497],[71.74064,21.465],[71.74068,21.46502],[71.74067,21.46505],[71.74064,21.46516],[71.74057,21.46524],[71.74058,21.4653],[71.7406,21.46531],[71.74061,21.46539],[71.74065,21.46543],[71.74062,21.4655],[71.74066,21.46552],[71.74067,21.46559],[71.74069,21.4656],[71.74069,21.46569],[71.74068,21.46574],[71.74069,21.46581],[71.74066,21.46585],[71.74065,21.46594],[71.74067,21.46597],[71.74068,21.46607],[71.74071,21.46612],[71.74071,21.46625],[71.74075,21.4663],[71.74075,21.46646],[71.74073,21.46651],[71.74073,21.46656],[71.74076,21.4666],[71.74077,21.46666],[71.74082,21.46672],[71.7408,21.46675],[71.7408,21.4668],[71.74084,21.46682],[71.74089,21.46692],[71.74088,21.46698],[71.74085,21.467],[71.74087,21.46709],[71.74094,21.46715],[71.74095,21.46724],[71.74098,21.46728],[71.741,21.46739],[71.74108,21.46748],[71.74111,21.46763],[71.74114,21.46766],[71.74115,21.46771],[71.7412,21.46775],[71.74125,21.46786],[71.74133,21.46786],[71.74132,21.46794],[71.74139,21.468],[71.74139,21.46808],[71.74136,21.46811],[71.74134,21.46823],[71.74133,21.46825],[71.74132,21.46834],[71.74131,21.46835]]]]},"properties":{"PolygonId":722,"Area":16363,"Subbasin":null}},
{"type":"Feature","geometry":{"type":"Polygon","coordinates":[[[71.74611,21.46651],[71.7461,21.46673],[71.74605,21.46678],[71.74606,21.46681],[71.74602,21.46682],[71.74604,21.46675],[71.74602,21.46654],[71.746,21.46652],[71.74601,21.46644],[71.74595,21.46637],[71.74592,21.46631],[71.74586,21.46631],[71.74581,21.46627],[71.74578,21.46627],[71.74573,21.46623],[71.74567,21.46624],[71.7456,21.46618],[71.74551,21.46607],[71.74543,21.46602],[71.74543,21.46597],[71.74534,21.46589],[71.74524,21.46584],[71.74521,21.46581],[71.74514,21.46577],[71.74507,21.46572],[71.74504,21.46572],[71.74497,21.46569],[71.74496,21.46566],[71.74496,21.46565],[71.74493,21.46558],[71.74487,21.46554],[71.74485,21.46549],[71.74484,21.4654],[71.74481,21.46536],[71.74484,21.46531],[71.74486,21.46531],[71.74488,21.46525],[71.74485,21.46523],[71.74482,21.4651],[71.74482,21.46499],[71.7448,21.46487],[71.74477,21.46484],[71.74477,21.46481],[71.74474,21.46477],[71.74473,21.46472],[71.7447,21.46468],[71.74468,21.46461],[71.74466,21.46458],[71.74466,21.46453],[71.74461,21.46448],[71.74459,21.46439],[71.74461,21.46435],[71.74459,21.4643],[71.74459,21.46423],[71.74464,21.46418],[71.74471,21.46417],[71.74482,21.46419],[71.74488,21.46416],[71.74496,21.46411],[71.7451,21.4641],[71.74519,21.464],[71.74526,21.46396],[71.74534,21.46386],[71.74538,21.46383],[71.74542,21.46385],[71.7455,21.46384],[71.74565,21.46379],[71.74566,21.46375],[71.74569,21.46372],[71.74571,21.46364],[71.74576,21.46359],[71.74575,21.46356],[71.74581,21.4635],[71.7458,21.46347],[71.74584,21.46346],[71.74584,21.46343],[71.74589,21.46338],[71.7459,21.46334],[71.74604,21.46334],[71.74614,21.46336],[71.74613,21.46328],[71.74604,21.46315],[71.746,21.46308],[71.74599,21.463],[71.74606,21.46302],[71.74606,21.46307],[71.7461,21.4631],[71.74612,21.46316],[71.74622,21.46319],[71.74623,21.46324],[71.74626,21.46328],[71.74635,21.4633],[71.74639,21.4633],[71.74643,21.46332],[71.74651,21.46333],[71.7466,21.46336],[71.74666,21.46342],[71.74666,21.46347],[71.74676,21.46356],[71.74678,21.46361],[71.74678,21.46367],[71.74695,21.4637],[71.74698,21.46374],[71.74702,21.46373],[71.7471,21.46375],[71.74712,21.46383],[71.74711,21.4639],[71.74717,21.4639],[71.74719,21.46393],[71.74717,21.46398],[71.74721,21.46402],[71.74722,21.46407],[71.74719,21.46409],[71.74723,21.46417],[71.74719,21.4642],[71.74721,21.46435],[71.74724,21.46439],[71.74725,21.46444],[71.74724,21.46448],[71.74725,21.46456],[71.7473,21.46461],[71.74731,21.46466],[71.74734,21.46466],[71.74737,21.46471],[71.74737,21.46474],[71.74735,21.46476],[71.74736,21.46482],[71.74731,21.46485],[71.74729,21.4649],[71.7473,21.46493],[71.74727,21.46504],[71.74729,21.46514],[71.74723,21.46518],[71.74719,21.46524],[71.74714,21.46524],[71.7471,21.46528],[71.74706,21.46528],[71.74702,21.46531],[71.74694,21.4654],[71.7469,21.46541],[71.74682,21.46546],[71.74678,21.46551],[71.74673,21.46554],[71.74657,21.46569],[71.74657,21.46573],[71.74646,21.46583],[71.74642,21.46589],[71.74642,21.46595],[71.74637,21.46601],[71.74633,21.46608],[71.74633,21.46615],[71.74628,21.46619],[71.74628,21.46622],[71.74622,21.46626],[71.7461,21.46639],[71.7461,21.46649],[71.74611,21.4665],[71.74611,21.46651]]]},"properties":{"PolygonId":793,"Area":18285,"Subbasin":null}},
{"type":"Feature","geometry":{"type":"Polygon","coordinates":[[[71.74613,21.46885],[71.74613,21.46882],[71.74612,21.46879],[71.74608,21.46879],[71.74608,21.46877],[71.74605,21.46871],[71.74599,21.46864],[71.74599,21.46858],[71.74597,21.46854],[71.74595,21.46842],[71.74589,21.46835],[71.74586,21.46821],[71.74584,21.4682],[71.74584,21.46815],[71.74582,21.46809],[71.74583,21.46804],[71.74584,21.46793],[71.74582,21.46792],[71.74572,21.4678],[71.74572,21.46777],[71.74566,21.46771],[71.74566,21.46767],[71.74559,21.4676],[71.74558,21.46754],[71.74562,21.46748],[71.74562,21.46745],[71.7457,21.46737],[71.74571,21.46733],[71.74577,21.46729],[71.74577,21.4672],[71.74581,21.46716],[71.74582,21.46712],[71.74588,21.46704],[71.74594,21.4669],[71.74598,21.46688],[71.74601,21.46684],[71.74601,21.46683],[71.74602,21.46682],[71.74606,21.46681],[71.74605,21.46678],[71.7461,21.46673],[71.74611,21.46651],[71.74611,21.4665],[71.7461,21.46649],[71.7461,21.46639],[71.74622,21.46626],[71.74628,21.46622],[71.74628,21.46619],[71.74633,21.46615],[71.74633,21.46608],[71.74637,21.46601],[71.74642,21.46595],[71.74642,21.46589],[71.74646,21.46583],[71.74657,21.46573],[71.74657,21.46569],[71.74673,21.46554],[71.74678,21.46551],[71.74682,21.46546],[71.7469,21.46541],[71.74694,21.4654],[71.74702,21.46531],[71.74706,21.46528],[71.7471,21.46528],[71.74714,21.46524],[71.74719,21.46524],[71.74723,21.46518],[71.74729,21.46514],[71.74727,21.46504],[71.7473,21.46493],[71.74729,21.4649],[71.74731,21.46485],[71.74736,21.46482],[71.74735,21.46476],[71.74737,21.46474],[71.74737,21.46471],[71.74734,21.46466],[71.74734,21.4646],[71.7474,21.46452],[71.7474,21.46447],[71.74743,21.46444],[71.74746,21.46438],[71.74745,21.46425],[71.74746,21.46422],[71.74751,21.46418],[71.74754,21.46412],[71.74754,21.46409],[71.7476,21.46405],[71.74761,21.46397],[71.74764,21.46396],[71.74764,21.46389],[71.74774,21.46393],[71.74779,21.46389],[71.74781,21.46383],[71.74786,21.4638],[71.74788,21.46366],[71.74785,21.4636],[71.74785,21.4635],[71.74789,21.46345],[71.74797,21.46345],[71.74802,21.46344],[71.74806,21.46349],[71.74806,21.46361],[71.74807,21.46365],[71.74802,21.46369],[71.74799,21.46373],[71.74799,21.46377],[71.74803,21.46383],[71.74802,21.46387],[71.74803,21.46394],[71.74803,21.46405],[71.74809,21.46405],[71.74817,21.46407],[71.74841,21.46407],[71.74845,21.46413],[71.74844,21.4642],[71.74845,21.46428],[71.74845,21.46438],[71.7485,21.46444],[71.74854,21.46454],[71.74863,21.46462],[71.74869,21.46468],[71.74876,21.46472],[71.74879,21.46477],[71.74883,21.4648],[71.74883,21.46482],[71.74889,21.46488],[71.74895,21.46497],[71.74895,21.46502],[71.74899,21.46505],[71.74907,21.46519],[71.74912,21.46525],[71.74927,21.46531],[71.74934,21.46533],[71.74934,21.46536],[71.74939,21.46536],[71.74942,21.46537],[71.74942,21.46541],[71.74946,21.46541],[71.74946,21.46549],[71.74942,21.46551],[71.74941,21.46556],[71.74934,21.46564],[71.74933,21.46567],[71.74928,21.46572],[71.74929,21.46577],[71.74927,21.46585],[71.74922,21.4659],[71.74921,21.46596],[71.74918,21.46601],[71.74914,21.46604],[71.74912,21.4661],[71.74903,21.46619],[71.74901,21.46626],[71.74894,21.46639],[71.74894,21.46643],[71.7489,21.46646],[71.74889,21.4665],[71.74885,21.46656],[71.74882,21.4666],[71.74883,21.46665],[71.74878,21.46672],[71.74875,21.46674],[71.74873,21.46681],[71.74865,21.46683],[71.74861,21.4669],[71.74858,21.46692],[71.74858,21.46698],[71.74853,21.46704],[71.74851,21.46704],[71.74849,21.46707],[71.7485,21.46712],[71.74845,21.46719],[71.74842,21.46721],[71.74842,21.46727],[71.74835,21.46734],[71.74835,21.46737],[71.7483,21.46738],[71.74826,21.46744],[71.74815,21.46754],[71.74813,21.46759],[71.74806,21.46767],[71.74803,21.46771],[71.74798,21.46775],[71.74794,21.4678],[71.7479,21.46782],[71.74788,21.46786],[71.74781,21.46793],[71.74768,21.468],[71.7476,21.46801],[71.74754,21.46804],[71.74753,21.46806],[71.74751,21.46806],[71.7475,21.46818],[71.74748,21.4682],[71.74749,21.46825],[71.74745,21.46826],[71.74742,21.46834],[71.74738,21.46833],[71.74739,21.46838],[71.74736,21.46841],[71.74732,21.46842],[71.74731,21.46846],[71.74723,21.46856],[71.74724,21.46861],[71.74729,21.46861],[71.74733,21.46868],[71.74734,21.46874],[71.74738,21.4688],[71.74739,21.46886],[71.74746,21.46894],[71.7475,21.46897],[71.74745,21.46896],[71.74741,21.4689],[71.74737,21.46888],[71.74725,21.46888],[71.74716,21.4689],[71.74716,21.46895],[71.74702,21.46897],[71.74699,21.46901],[71.74695,21.469],[71.74691,21.46904],[71.74683,21.46906],[71.74678,21.46913],[71.74673,21.46916],[71.74664,21.46915],[71.7466,21.46919],[71.74652,21.46918],[71.74647,21.46918],[71.74644,21.46916],[71.74644,21.46914],[71.74642,21.46912],[71.74641,21.4691],[71.74641,21.46908],[71.74635,21.46904],[71.74632,21.46904],[71.74627,21.46901],[71.74616,21.46896],[71.74613,21.46885]]]},"properties":{"PolygonId":747,"Area":19629,"Subbasin":null}},
{"type":"Feature","geometry":{"type":"MultiPolygon","coordinates":[[[[71.73503,21.46459],[71.73502,21.46461],[71.73502,21.46459],[71.73503,21.46459]]],[[[71.73699,21.46417],[71.73692,21.46419],[71.73685,21.46417],[71.73679,21.4642],[71.7367,21.46421],[71.73658,21.4643],[71.73649,21.46431],[71.73648,21.46434],[71.73642,21.46433],[71.73632,21.4644],[71.7361,21.46439],[71.73598,21.46442],[71.73594,21.4644],[71.7359,21.4644],[71.73584,21.46436],[71.73577,21.46436],[71.7357,21.46433],[71.73546,21.46431],[71.7354,21.46436],[71.73529,21.46437],[71.7352,21.46442],[71.73517,21.46445],[71.73511,21.46449],[71.73503,21.46459],[71.73506,21.46451],[71.73512,21.46445],[71.73513,21.46442],[71.73518,21.46435],[71.73522,21.4642],[71.7352,21.4641],[71.73524,21.46407],[71.73529,21.46399],[71.73535,21.46395],[71.73536,21.46392],[71.73536,21.4639],[71.7354,21.46379],[71.73542,21.46377],[71.73543,21.46367],[71.73543,21.46365],[71.73544,21.4636],[71.73547,21.46355],[71.73547,21.46348],[71.73559,21.46338],[71.73567,21.46334],[71.73571,21.46328],[71.73576,21.46317],[71.73579,21.46316],[71.73581,21.4631],[71.73586,21.4631],[71.73588,21.46306],[71.73592,21.46304],[71.73594,21.46301],[71.73593,21.46293],[71.736,21.46284],[71.736,21.4628],[71.73604,21.4627],[71.73608,21.46263],[71.7361,21.46256],[71.73614,21.46252],[71.73616,21.46247],[71.7362,21.46247],[71.73624,21.46244],[71.7363,21.46236],[71.73634,21.46234],[71.73647,21.46224],[71.73647,21.46217],[71.73654,21.46212],[71.73658,21.46206],[71.73662,21.46204],[71.73664,21.46199],[71.73678,21.46187],[71.73683,21.46187],[71.73694,21.46189],[71.73694,21.46192],[71.73705,21.46195],[71.73709,21.46199],[71.73724,21.46203],[71.73731,21.46202],[71.73742,21.46202],[71.73753,21.46202],[71.73762,21.46201],[71.73778,21.46205],[71.73781,21.46208],[71.73781,21.46217],[71.73787,21.46217],[71.73793,21.46222],[71.738,21.46221],[71.73807,21.46212],[71.73813,21.46215],[71.7381,21.4622],[71.73811,21.46224],[71.7382,21.46229],[71.73828,21.46236],[71.73834,21.46239],[71.73837,21.46236],[71.73845,21.46235],[71.73847,21.46236],[71.73859,21.46237],[71.73863,21.4624],[71.73866,21.46238],[71.73867,21.46234],[71.73873,21.46235],[71.73872,21.46243],[71.73882,21.46244],[71.73885,21.46242],[71.7389,21.46241],[71.73896,21.46244],[71.73906,21.46243],[71.73909,21.46239],[71.73918,21.4624],[71.73923,21.46237],[71.73929,21.4623],[71.7393,21.46235],[71.73927,21.46237],[71.73922,21.46239],[71.73921,21.46247],[71.73918,21.46248],[71.7392,21.46255],[71.73913,21.4626],[71.73907,21.4626],[71.739,21.46265],[71.73896,21.46265],[71.73887,21.46261],[71.7388,21.46262],[71.73877,21.46266],[71.73867,21.46271],[71.73862,21.4627],[71.73861,21.46274],[71.73861,21.46283],[71.73866,21.46289],[71.73869,21.46295],[71.73869,21.463],[71.73862,21.46306],[71.73859,21.46304],[71.73852,21.46307],[71.73849,21.46312],[71.73845,21.46315],[71.73846,21.46318],[71.73843,21.46326],[71.73837,21.46333],[71.73833,21.46336],[71.73835,21.46341],[71.73833,21.46352],[71.73828,21.46359],[71.73826,21.46356],[71.73821,21.46356],[71.7382,21.4636],[71.73822,21.46366],[71.73818,21.4637],[71.73818,21.46373],[71.73816,21.46377],[71.73811,21.46378],[71.73811,21.46381],[71.73808,21.46385],[71.738,21.46384],[71.73798,21.46382],[71.73791,21.4638],[71.73784,21.4638],[71.73778,21.46381],[71.73769,21.4638],[71.73767,21.46382],[71.73757,21.46381],[71.73753,21.46383],[71.73742,21.46382],[71.73737,21.46387],[71.73738,21.46397],[71.7373,21.46399],[71.73729,21.46403],[71.73722,21.46403],[71.73714,21.46407],[71.73713,21.46411],[71.73708,21.46413],[71.73703,21.46413],[71.73699,21.46417]]]]},"properties":{"PolygonId":802,"Area":15099,"Subbasin":null}},
{"type":"Feature","geometry":{"type":"Polygon","coordinates":[[[71.73502,21.46461],[71.73497,21.46467],[71.73497,21.46475],[71.73493,21.46482],[71.73491,21.46491],[71.73492,21.46493],[71.73494,21.465],[71.73493,21.46505],[71.73489,21.46508],[71.73487,21.46513],[71.73478,21.46517],[71.73479,21.46522],[71.73474,21.4653],[71.73474,21.46536],[71.7347,21.46544],[71.7347,21.46549],[71.7346,21.46558],[71.7346,21.46565],[71.73453,21.46565],[71.73453,21.46567],[71.73443,21.46567],[71.73442,21.46565],[71.73438,21.46563],[71.73434,21.46564],[71.73427,21.46561],[71.73422,21.46563],[71.73417,21.46563],[71.73414,21.46561],[71.73404,21.46561],[71.73399,21.4656],[71.73387,21.4656],[71.7338,21.46564],[71.73369,21.46564],[71.73365,21.46566],[71.7336,21.46566],[71.73352,21.46571],[71.73345,21.46576],[71.73336,21.46578],[71.73324,21.46584],[71.73324,21.46582],[71.73324,21.4658],[71.73326,21.46577],[71.73325,21.46566],[71.73326,21.46561],[71.73326,21.4655],[71.73329,21.46544],[71.73329,21.46539],[71.73331,21.46537],[71.73335,21.46525],[71.73335,21.46516],[71.73337,21.46515],[71.73338,21.46506],[71.73342,21.46505],[71.73343,21.46501],[71.73352,21.46502],[71.73353,21.46499],[71.7336,21.46498],[71.73365,21.46493],[71.7337,21.46478],[71.73377,21.46468],[71.73382,21.46466],[71.73384,21.46459],[71.73384,21.46452],[71.73381,21.46446],[71.73381,21.46437],[71.73382,21.46423],[71.73385,21.46417],[71.73383,21.46415],[71.73384,21.46406],[71.73386,21.46401],[71.73385,21.46394],[71.73383,21.46392],[71.73383,21.46384],[71.73382,21.46376],[71.73374,21.46365],[71.73373,21.4636],[71.73373,21.46345],[71.7337,21.4634],[71.7337,21.46336],[71.73373,21.46334],[71.73371,21.46329],[71.73369,21.4632],[71.73369,21.46307],[71.73368,21.46301],[71.73364,21.463],[71.73361,21.46297],[71.73355,21.46294],[71.73348,21.46287],[71.73341,21.46282],[71.73338,21.46278],[71.73339,21.46273],[71.73335,21.46257],[71.73336,21.46253],[71.73336,21.46242],[71.73337,21.46238],[71.7334,21.46237],[71.73344,21.46229],[71.73344,21.46225],[71.73353,21.46216],[71.73353,21.46213],[71.73358,21.46201],[71.73363,21.46197],[71.73364,21.46192],[71.73374,21.46192],[71.73375,21.4619],[71.73389,21.46191],[71.73394,21.4619],[71.73399,21.46186],[71.73406,21.46186],[71.73416,21.46181],[71.73431,21.46177],[71.73435,21.46177],[71.73444,21.46171],[71.73447,21.46172],[71.73451,21.46158],[71.73456,21.46154],[71.73461,21.46153],[71.73462,21.46149],[71.7347,21.46143],[71.73473,21.46143],[71.73478,21.46139],[71.7348,21.46135],[71.73484,21.46133],[71.73489,21.46133],[71.73493,21.46129],[71.73494,21.46126],[71.735,21.46121],[71.73506,21.46122],[71.73509,21.46111],[71.73509,21.46103],[71.7351,21.46102],[71.73511,21.46092],[71.73514,21.46074],[71.73519,21.46073],[71.73521,21.4607],[71.73522,21.46063],[71.73524,21.4606],[71.73522,21.46053],[71.73527,21.46046],[71.73533,21.46046],[71.73535,21.46043],[71.73539,21.46043],[71.7354,21.46039],[71.73546,21.4603],[71.73546,21.46024],[71.73549,21.46017],[71.73554,21.46018],[71.73555,21.46013],[71.73561,21.46008],[71.7356,21.45999],[71.73563,21.45994],[71.73563,21.45984],[71.73566,21.4598],[71.73561,21.45976],[71.73563,21.4597],[71.73574,21.45964],[71.73577,21.45959],[71.73576,21.45949],[71.73582,21.45944],[71.73577,21.45941],[71.73578,21.45935],[71.73583,21.45933],[71.73583,21.45931],[71.73589,21.45923],[71.73591,21.45923],[71.73592,21.45916],[71.73597,21.45911],[71.73605,21.45914],[71.73605,21.45918],[71.73603,21.45925],[71.73605,21.45929],[71.7361,21.45935],[71.73616,21.45935],[71.73617,21.45942],[71.73612,21.45946],[71.73607,21.45946],[71.736,21.45949],[71.73602,21.45954],[71.73602,21.45959],[71.73607,21.45969],[71.73607,21.45978],[71.73605,21.45979],[71.73605,21.45987],[71.73612,21.45984],[71.73622,21.45994],[71.73619,21.45999],[71.7362,21.46004],[71.73626,21.46006],[71.73626,21.46019],[71.7362,21.46023],[71.73616,21.46018],[71.73607,21.46024],[71.73606,21.46027],[71.73596,21.4603],[71.73595,21.46039],[71.73602,21.46044],[71.73604,21.4605],[71.7361,21.4605],[71.73615,21.46046],[71.73618,21.46043],[71.73624,21.46045],[71.73638,21.46038],[71.73645,21.46038],[71.7365,21.4604],[71.7365,21.46045],[71.73655,21.46048],[71.73669,21.46061],[71.73669,21.46064],[71.73677,21.46071],[71.73681,21.46082],[71.73681,21.46088],[71.73683,21.46092],[71.7368,21.46098],[71.73686,21.46101],[71.7369,21.46101],[71.73696,21.46105],[71.73699,21.46102],[71.73705,21.46102],[71.7371,21.46105],[71.73709,21.46112],[71.73717,21.46116],[71.73716,21.46123],[71.73712,21.46124],[71.73707,21.46134],[71.73703,21.46137],[71.73709,21.46141],[71.73707,21.46146],[71.73705,21.46149],[71.73703,21.46156],[71.73698,21.46159],[71.73698,21.46162],[71.73693,21.46168],[71.73693,21.46175],[71.73692,21.46181],[71.73686,21.46181],[71.73681,21.46184],[71.73683,21.46187],[71.73678,21.46187],[71.73664,21.46199],[71.73662,21.46204],[71.73658,21.46206],[71.73654,21.46212],[71.73647,21.46217],[71.73647,21.46224],[71.73634,21.46234],[71.7363,21.46236],[71.73624,21.46244],[71.7362,21.46247],[71.73616,21.46247],[71.73614,21.46252],[71.7361,21.46256],[71.73608,21.46263],[71.73604,21.4627],[71.736,21.4628],[71.736,21.46284],[71.73593,21.46293],[71.73594,21.46301],[71.73592,21.46304],[71.73588,21.46306],[71.73586,21.4631],[71.73581,21.4631],[71.73579,21.46316],[71.73576,21.46317],[71.73571,21.46328],[71.73567,21.46334],[71.73559,21.46338],[71.73547,21.46348],[71.73547,21.46355],[71.73544,21.4636],[71.73543,21.46365],[71.73543,21.46367],[71.73542,21.46377],[71.7354,21.46379],[71.73536,21.4639],[71.73536,21.46392],[71.73535,21.46395],[71.73529,21.46399],[71.73524,21.46407],[71.7352,21.4641],[71.73522,21.4642],[71.73518,21.46435],[71.73513,21.46442],[71.73512,21.46445],[71.73506,21.46451],[71.73503,21.46459],[71.73502,21.46459],[71.73502,21.46461]]]},"properties":{"PolygonId":836,"Area":17221,"Subbasin":null}},
{"type":"Feature","geometry":{"type":"Polygon","coordinates":[[[71.73364,21.463],[71.73356,21.46299],[71.73349,21.46296],[71.73345,21.46292],[71.7334,21.46287],[71.73336,21.46286],[71.73334,21.46281],[71.73328,21.4628],[71.73328,21.46274],[71.73324,21.46273],[71.7332,21.46267],[71.73315,21.46264],[71.73306,21.46257],[71.73302,21.46256],[71.733,21.46251],[71.73293,21.46243],[71.73289,21.46241],[71.73283,21.46235],[71.73274,21.46229],[71.73271,21.46228],[71.73267,21.46223],[71.73259,21.46217],[71.73257,21.46212],[71.7325,21.46207],[71.73244,21.46201],[71.73242,21.46198],[71.73237,21.46193],[71.73219,21.46194],[71.7321,21.46193],[71.73206,21.46189],[71.73197,21.46185],[71.73194,21.46182],[71.73187,21.46178],[71.73186,21.46173],[71.73184,21.46169],[71.73183,21.46158],[71.73177,21.46155],[71.73176,21.46148],[71.73174,21.46147],[71.73173,21.4614],[71.73166,21.46137],[71.73164,21.4613],[71.73163,21.46122],[71.73159,21.46119],[71.73159,21.46116],[71.73156,21.46112],[71.73154,21.46105],[71.73149,21.461],[71.73146,21.46088],[71.7315,21.4608],[71.73154,21.46082],[71.73158,21.4608],[71.73159,21.46077],[71.73164,21.46076],[71.73167,21.46073],[71.73168,21.4607],[71.73172,21.46069],[71.73178,21.46069],[71.73185,21.46064],[71.73203,21.46059],[71.73207,21.46059],[71.73213,21.46056],[71.73218,21.4606],[71.73222,21.46056],[71.73227,21.46055],[71.73228,21.4605],[71.73233,21.46052],[71.73237,21.46052],[71.73241,21.46049],[71.73239,21.46045],[71.73248,21.46044],[71.73251,21.46047],[71.73256,21.46046],[71.73258,21.46043],[71.73262,21.46044],[71.73265,21.4604],[71.73278,21.46036],[71.73286,21.46035],[71.7329,21.46031],[71.73294,21.46032],[71.73301,21.46028],[71.73308,21.46027],[71.73312,21.46029],[71.73313,21.46024],[71.73319,21.46023],[71.73321,21.4602],[71.73326,21.4602],[71.7333,21.46016],[71.73335,21.46015],[71.73337,21.46012],[71.73346,21.46009],[71.73361,21.46002],[71.73365,21.46001],[71.73392,21.45989],[71.73395,21.45989],[71.73394,21.45998],[71.73398,21.46],[71.73401,21.46004],[71.73405,21.46005],[71.73407,21.46014],[71.73414,21.46022],[71.73423,21.46027],[71.73424,21.46029],[71.73431,21.4603],[71.73432,21.46035],[71.73441,21.4604],[71.73444,21.46049],[71.73444,21.46057],[71.73448,21.4606],[71.73459,21.46058],[71.7346,21.46065],[71.73459,21.4607],[71.7346,21.46079],[71.73457,21.46089],[71.73458,21.46102],[71.73455,21.46102],[71.73454,21.46108],[71.73453,21.46111],[71.73455,21.46119],[71.73455,21.46126],[71.73453,21.46129],[71.73446,21.46135],[71.73445,21.46138],[71.73439,21.46139],[71.73431,21.46146],[71.73426,21.46149],[71.73417,21.4615],[71.73408,21.46155],[71.73401,21.46155],[71.73394,21.4616],[71.7339,21.4616],[71.73386,21.46163],[71.73378,21.46174],[71.73375,21.46174],[71.73367,21.46178],[71.73365,21.46181],[71.73366,21.46192],[71.73364,21.46192],[71.73363,21.46197],[71.73358,21.46201],[71.73353,21.46213],[71.73353,21.46216],[71.73344,21.46225],[71.73344,21.46229],[71.7334,21.46237],[71.73337,21.46238],[71.73336,21.46242],[71.73336,21.46253],[71.73335,21.46257],[71.73339,21.46273],[71.73338,21.46278],[71.73341,21.46282],[71.73348,21.46287],[71.73355,21.46294],[71.73361,21.46297],[71.73364,21.463]]]},"properties":{"PolygonId":851,"Area":10383,"Subbasin":null}},
{"type":"Feature","geometry":{"type":"Polygon","coordinates":[[[71.73057,21.46771],[71.73054,21.4677],[71.7305,21.46774],[71.73042,21.46779],[71.73041,21.46784],[71.73034,21.46787],[71.73032,21.46784],[71.73025,21.46779],[71.73015,21.46768],[71.73006,21.46761],[71.72997,21.46752],[71.72988,21.46747],[71.72986,21.46744],[71.72975,21.46743],[71.72972,21.46745],[71.72961,21.46746],[71.72953,21.46747],[71.72952,21.46749],[71.72937,21.4675],[71.72934,21.46753],[71.7293,21.46751],[71.7292,21.46752],[71.72918,21.46754],[71.72911,21.46755],[71.7291,21.4675],[71.72906,21.46739],[71.72907,21.46733],[71.72903,21.46722],[71.72901,21.46712],[71.72899,21.46707],[71.72898,21.46701],[71.72896,21.46695],[71.72895,21.46689],[71.72892,21.46674],[71.7289,21.4667],[71.72887,21.46656],[71.72885,21.4665],[71.72886,21.46644],[71.72884,21.46641],[71.72883,21.46633],[71.7288,21.46625],[71.72881,21.46619],[71.72877,21.46615],[71.72875,21.46607],[71.72876,21.46594],[71.72873,21.46593],[71.72874,21.46586],[71.72871,21.46581],[71.72869,21.4657],[71.72867,21.46564],[71.72867,21.46554],[71.72866,21.46542],[71.72863,21.46529],[71.72862,21.46507],[71.7286,21.46494],[71.72858,21.46492],[71.72858,21.46485],[71.72855,21.46479],[71.72856,21.4647],[71.72853,21.46465],[71.72855,21.46453],[71.72852,21.46436],[71.72852,21.46427],[71.72851,21.46413],[71.72849,21.46403],[71.72849,21.46394],[71.7285,21.46385],[71.72853,21.46382],[71.72858,21.46383],[71.72865,21.46388],[71.72863,21.46395],[71.72866,21.464],[71.72869,21.46399],[71.72877,21.46406],[71.72879,21.4641],[71.72881,21.46411],[71.72881,21.46416],[71.72884,21.4642],[71.72888,21.46422],[71.7289,21.46427],[71.72894,21.46428],[71.72899,21.46433],[71.72903,21.46435],[71.72912,21.46434],[71.72915,21.46429],[71.72919,21.4643],[71.72926,21.46434],[71.72934,21.46437],[71.72935,21.46439],[71.72944,21.46439],[71.72942,21.46444],[71.7294,21.46457],[71.72943,21.46461],[71.72947,21.46465],[71.72948,21.46471],[71.72954,21.46475],[71.72958,21.46476],[71.72958,21.46482],[71.72958,21.46487],[71.72962,21.46488],[71.72966,21.46492],[71.72967,21.46495],[71.7297,21.46498],[71.72977,21.465],[71.72986,21.46504],[71.72987,21.46508],[71.72992,21.46507],[71.72995,21.46513],[71.72998,21.46515],[71.72998,21.46521],[71.72999,21.46524],[71.73005,21.46524],[71.73008,21.46529],[71.73008,21.46534],[71.73009,21.46546],[71.73011,21.46548],[71.73011,21.46556],[71.73007,21.46563],[71.73005,21.46574],[71.73004,21.46576],[71.73005,21.46582],[71.73004,21.4659],[71.73012,21.46597],[71.73012,21.46609],[71.73015,21.46611],[71.73015,21.46615],[71.73021,21.46616],[71.73028,21.46615],[71.73035,21.46611],[71.73043,21.46611],[71.73051,21.46614],[71.73056,21.46618],[71.73066,21.46618],[71.73074,21.46622],[71.73076,21.46622],[71.73079,21.46627],[71.73086,21.46631],[71.73089,21.46635],[71.73105,21.46647],[71.73115,21.46653],[71.7312,21.46653],[71.73126,21.46654],[71.73133,21.4666],[71.73133,21.46665],[71.7314,21.46669],[71.73132,21.4667],[71.73127,21.46673],[71.73127,21.46676],[71.73122,21.46686],[71.73114,21.46692],[71.73114,21.46694],[71.73109,21.46699],[71.73108,21.46703],[71.73101,21.4671],[71.73099,21.46715],[71.73095,21.46718],[71.73088,21.46727],[71.73085,21.4673],[71.73082,21.46739],[71.73084,21.46741],[71.73076,21.4675],[71.73071,21.46751],[71.73071,21.46758],[71.73069,21.46762],[71.73059,21.46771],[71.73057,21.46771]]]},"properties":{"PolygonId":726,"Area":44506,"Subbasin":null}},
{"type":"Feature","geometry":{"type":"Polygon","coordinates":[[[71.73324,21.46584],[71.73319,21.46585],[71.73314,21.46589],[71.73308,21.46601],[71.73308,21.46606],[71.73304,21.46611],[71.73302,21.46616],[71.73296,21.46625],[71.73289,21.4663],[71.73285,21.46631],[71.73275,21.46637],[71.73271,21.46637],[71.73268,21.4664],[71.7326,21.46641],[71.7325,21.46645],[71.73248,21.46647],[71.7324,21.4665],[71.73236,21.46653],[71.73235,21.46657],[71.73231,21.46659],[71.73218,21.46659],[71.73209,21.46662],[71.73206,21.46665],[71.73199,21.46665],[71.73189,21.46668],[71.7318,21.46666],[71.7317,21.46667],[71.73165,21.46665],[71.73156,21.46664],[71.73144,21.46666],[71.73141,21.46669],[71.7314,21.46669],[71.73133,21.46665],[71.73133,21.4666],[71.73126,21.46654],[71.7312,21.46653],[71.73115,21.46653],[71.73105,21.46647],[71.73089,21.46635],[71.73086,21.46631],[71.73079,21.46627],[71.73076,21.46622],[71.73074,21.46622],[71.73066,21.46618],[71.73056,21.46618],[71.73051,21.46614],[71.73043,21.46611],[71.73035,21.46611],[71.73028,21.46615],[71.73021,21.46616],[71.73015,21.46615],[71.73015,21.46611],[71.73012,21.46609],[71.73012,21.46597],[71.73004,21.4659],[71.73005,21.46582],[71.73004,21.46576],[71.73005,21.46574],[71.73007,21.46563],[71.73011,21.46556],[71.73011,21.46548],[71.73009,21.46546],[71.73008,21.46534],[71.73008,21.46529],[71.73005,21.46524],[71.72999,21.46524],[71.72998,21.46521],[71.72998,21.46515],[71.72995,21.46513],[71.72992,21.46507],[71.72987,21.46508],[71.72986,21.46504],[71.72977,21.465],[71.7297,21.46498],[71.72967,21.46495],[71.72966,21.46492],[71.72962,21.46488],[71.72958,21.46487],[71.72958,21.46482],[71.72958,21.46476],[71.72954,21.46475],[71.72948,21.46471],[71.72947,21.46465],[71.72943,21.46461],[71.7294,21.46457],[71.72942,21.46444],[71.72944,21.46439],[71.72945,21.46436],[71.72944,21.46431],[71.72936,21.46428],[71.72921,21.46421],[71.7292,21.46418],[71.72912,21.46417],[71.72907,21.46418],[71.72902,21.46411],[71.72893,21.46408],[71.72889,21.46408],[71.72885,21.46403],[71.72874,21.46396],[71.72872,21.46394],[71.72871,21.46386],[71.72868,21.46385],[71.72868,21.46379],[71.72878,21.46375],[71.72875,21.46369],[71.72876,21.46361],[71.72871,21.46355],[71.72874,21.4635],[71.72877,21.46349],[71.72876,21.46332],[71.72881,21.46321],[71.72888,21.4632],[71.72891,21.46321],[71.72893,21.46326],[71.72893,21.46332],[71.72897,21.46335],[71.72899,21.4634],[71.72903,21.46342],[71.72903,21.46348],[71.72917,21.46347],[71.72923,21.46351],[71.72926,21.46359],[71.72926,21.46365],[71.72931,21.46366],[71.72939,21.46368],[71.72944,21.4637],[71.72947,21.46368],[71.72955,21.46368],[71.72964,21.46366],[71.7297,21.46369],[71.72974,21.46375],[71.72983,21.46375],[71.72994,21.46373],[71.72999,21.46375],[71.73004,21.46381],[71.73007,21.46381],[71.73019,21.46388],[71.73025,21.46387],[71.73027,21.46389],[71.73033,21.4639],[71.73044,21.46389],[71.73047,21.46392],[71.73053,21.46392],[71.73062,21.46386],[71.73068,21.46387],[71.7307,21.46385],[71.7308,21.46385],[71.73086,21.46384],[71.73093,21.46379],[71.73115,21.4638],[71.73124,21.46378],[71.73132,21.46378],[71.73139,21.46374],[71.73145,21.46374],[71.73154,21.46372],[71.7316,21.46374],[71.73169,21.46381],[71.73172,21.46381],[71.73181,21.46388],[71.73181,21.46393],[71.73186,21.46395],[71.73191,21.46395],[71.73196,21.46396],[71.73199,21.464],[71.73208,21.46404],[71.7321,21.46407],[71.73218,21.4641],[71.73226,21.46409],[71.73232,21.46414],[71.73236,21.46415],[71.73238,21.46421],[71.73242,21.46423],[71.73244,21.46429],[71.73248,21.46433],[71.73252,21.46435],[71.73257,21.46441],[71.73262,21.46443],[71.73267,21.46443],[71.73271,21.46449],[71.7328,21.46451],[71.73284,21.4645],[71.73297,21.46462],[71.73316,21.46491],[71.73316,21.46498],[71.73318,21.46502],[71.73319,21.46508],[71.73323,21.46516],[71.73324,21.46522],[71.73323,21.46527],[71.73325,21.46528],[71.73326,21.46539],[71.73329,21.46544],[71.73326,21.4655],[71.73326,21.46561],[71.73325,21.46566],[71.73326,21.46577],[71.73324,21.4658],[71.73324,21.46582],[71.73324,21.46584]]]},"properties":{"PolygonId":755,"Area":25260,"Subbasin":null}},
{"type":"Feature","geometry":{"type":"Polygon","coordinates":[[[71.7314,21.46669],[71.73141,21.46669],[71.73144,21.46666],[71.73156,21.46664],[71.73165,21.46665],[71.7317,21.46667],[71.7318,21.46666],[71.73189,21.46668],[71.73199,21.46665],[71.73206,21.46665],[71.73209,21.46662],[71.73218,21.46659],[71.73231,21.46659],[71.73235,21.46657],[71.73236,21.46653],[71.7324,21.4665],[71.73248,21.46647],[71.7325,21.46645],[71.7326,21.46641],[71.73268,21.4664],[71.73271,21.46637],[71.73275,21.46637],[71.73285,21.46631],[71.73289,21.4663],[71.73296,21.46625],[71.73302,21.46616],[71.73304,21.46611],[71.73308,21.46606],[71.73308,21.46601],[71.73314,21.46589],[71.73314,21.46593],[71.73311,21.46599],[71.73311,21.46603],[71.73306,21.4661],[71.73304,21.46617],[71.73301,21.46619],[71.73298,21.46628],[71.733,21.46632],[71.73295,21.46636],[71.73294,21.46641],[71.73294,21.46647],[71.73291,21.4665],[71.73289,21.46657],[71.73284,21.46662],[71.73283,21.46667],[71.73276,21.46672],[71.73276,21.46675],[71.73271,21.4668],[71.73271,21.46686],[71.73274,21.4669],[71.73274,21.46697],[71.73277,21.46701],[71.73279,21.46716],[71.73277,21.46717],[71.73279,21.4673],[71.73274,21.46735],[71.73273,21.4674],[71.73268,21.46748],[71.73262,21.46751],[71.73262,21.46758],[71.73257,21.46769],[71.7326,21.4678],[71.73256,21.46788],[71.73252,21.46792],[71.73252,21.46796],[71.73249,21.46799],[71.73251,21.46804],[71.73251,21.46813],[71.73249,21.46818],[71.7325,21.46829],[71.73251,21.46835],[71.73251,21.46859],[71.73252,21.46869],[71.73255,21.46875],[71.73254,21.46881],[71.73257,21.46883],[71.7326,21.46895],[71.73264,21.469],[71.73267,21.46912],[71.73269,21.46914],[71.73269,21.46921],[71.73271,21.46923],[71.73272,21.46936],[71.73276,21.46943],[71.73276,21.4695],[71.73271,21.46958],[71.7328,21.4697],[71.73281,21.4698],[71.73274,21.46981],[71.73264,21.46981],[71.73264,21.4699],[71.73258,21.46992],[71.73257,21.46987],[71.73252,21.46986],[71.73242,21.46981],[71.73237,21.46982],[71.73233,21.46978],[71.73229,21.46978],[71.73227,21.46981],[71.73219,21.46981],[71.73213,21.46977],[71.73211,21.46979],[71.73203,21.46979],[71.73201,21.46981],[71.73189,21.46981],[71.73189,21.4698],[71.7318,21.46975],[71.73179,21.46956],[71.73174,21.46955],[71.73166,21.46951],[71.73165,21.46948],[71.73161,21.46949],[71.73154,21.46947],[71.73146,21.46949],[71.7314,21.46948],[71.73139,21.46946],[71.73132,21.46945],[71.73128,21.46942],[71.73125,21.46936],[71.73122,21.46933],[71.73117,21.46936],[71.7311,21.46936],[71.73103,21.46934],[71.73094,21.46939],[71.73089,21.4694],[71.73087,21.46943],[71.73082,21.46944],[71.73078,21.4694],[71.73077,21.46936],[71.73073,21.46938],[71.73071,21.46932],[71.73067,21.46933],[71.73057,21.46931],[71.73051,21.46935],[71.73041,21.4694],[71.73035,21.46941],[71.73029,21.46945],[71.73025,21.46941],[71.73021,21.4694],[71.73012,21.46941],[71.73011,21.46942],[71.73003,21.46943],[71.73002,21.46941],[71.72995,21.46941],[71.72993,21.46938],[71.72988,21.46941],[71.72975,21.46938],[71.72967,21.46943],[71.72964,21.46947],[71.7296,21.46944],[71.72946,21.46944],[71.72939,21.46942],[71.72934,21.46938],[71.72933,21.46936],[71.72929,21.46935],[71.72922,21.4693],[71.72917,21.46931],[71.72912,21.46924],[71.72911,21.4692],[71.72911,21.46908],[71.72909,21.46894],[71.72909,21.4688],[71.72907,21.46875],[71.72906,21.46867],[71.72905,21.46865],[71.72904,21.46858],[71.72902,21.46857],[71.72902,21.46852],[71.72898,21.4685],[71.72898,21.46845],[71.72895,21.46841],[71.72896,21.46835],[71.72893,21.46831],[71.7289,21.46816],[71.72888,21.46814],[71.72888,21.46806],[71.72887,21.468],[71.72881,21.46796],[71.72875,21.46794],[71.72866,21.46789],[71.72863,21.46791],[71.72855,21.46791],[71.72849,21.46793],[71.72848,21.4679],[71.72843,21.46791],[71.72842,21.46788],[71.72834,21.46784],[71.72834,21.46781],[71.7283,21.46778],[71.7283,21.46773],[71.72823,21.46767],[71.72821,21.46763],[71.72818,21.46754],[71.72821,21.46749],[71.72824,21.46749],[71.72827,21.46743],[71.72835,21.46736],[71.72841,21.46734],[71.7285,21.46732],[71.72855,21.46728],[71.72863,21.46728],[71.72867,21.46731],[71.72873,21.46731],[71.72882,21.4673],[71.72885,21.46731],[71.72892,21.46729],[71.72893,21.46722],[71.72896,21.4672],[71.72903,21.46722],[71.72907,21.46733],[71.72906,21.46739],[71.7291,21.4675],[71.72911,21.46755],[71.72918,21.46754],[71.7292,21.46752],[71.7293,21.46751],[71.72934,21.46753],[71.72937,21.4675],[71.72952,21.46749],[71.72953,21.46747],[71.72961,21.46746],[71.72972,21.46745],[71.72975,21.46743],[71.72986,21.46744],[71.72988,21.46747],[71.72997,21.46752],[71.73006,21.46761],[71.73015,21.46768],[71.73025,21.46779],[71.73032,21.46784],[71.73034,21.46787],[71.73041,21.46784],[71.73042,21.46779],[71.7305,21.46774],[71.73054,21.4677],[71.73057,21.46771],[71.73059,21.46771],[71.73069,21.46762],[71.73071,21.46758],[71.73071,21.46751],[71.73076,21.4675],[71.73084,21.46741],[71.73082,21.46739],[71.73085,21.4673],[71.73088,21.46727],[71.73095,21.46718],[71.73099,21.46715],[71.73101,21.4671],[71.73108,21.46703],[71.73109,21.46699],[71.73114,21.46694],[71.73114,21.46692],[71.73122,21.46686],[71.73127,21.46676],[71.73127,21.46673],[71.73132,21.4667],[71.7314,21.46669]]]},"properties":{"PolygonId":1005,"Area":4859,"Subbasin":null}},
{"type":"Feature","geometry":{"type":"Polygon","coordinates":[[[71.75152,21.46993],[71.7516,21.46995],[71.75162,21.46995],[71.75173,21.46995],[71.75179,21.46996],[71.75186,21.46996],[71.75187,21.46994],[71.75188,21.46994],[71.75192,21.46995],[71.75193,21.46998],[71.75198,21.47],[71.75205,21.46999],[71.75218,21.47003],[71.75238,21.46998],[71.7524,21.46994],[71.75242,21.46994],[71.75244,21.46992],[71.75256,21.46989],[71.75259,21.46986],[71.75263,21.46986],[71.75269,21.46982],[71.7528,21.46981],[71.75294,21.46986],[71.75298,21.46988],[71.75307,21.46989],[71.7531,21.46988],[71.75317,21.46988],[71.7532,21.46989],[71.7533,21.46989],[71.75336,21.46986],[71.75347,21.46983],[71.75349,21.46987],[71.75353,21.46987],[71.75354,21.46987],[71.75354,21.46996],[71.75357,21.46998],[71.75363,21.46999],[71.75364,21.47002],[71.75371,21.47004],[71.75371,21.47012],[71.75376,21.47011],[71.75378,21.47016],[71.75381,21.47015],[71.75383,21.47019],[71.75386,21.4702],[71.75397,21.47029],[71.75398,21.47032],[71.75398,21.47038],[71.754,21.47041],[71.75401,21.47052],[71.75403,21.47059],[71.75406,21.47064],[71.75407,21.47068],[71.75411,21.47073],[71.75413,21.47078],[71.75413,21.47084],[71.75416,21.47091],[71.75417,21.47099],[71.75416,21.47109],[71.75419,21.47112],[71.75417,21.47116],[71.75416,21.47131],[71.75419,21.47137],[71.7542,21.47145],[71.75425,21.47151],[71.75427,21.47157],[71.75429,21.4716],[71.75434,21.47173],[71.75438,21.47177],[71.75442,21.47183],[71.75442,21.47186],[71.75446,21.4719],[71.75454,21.47206],[71.75459,21.47211],[71.75463,21.47218],[71.75468,21.47222],[71.75478,21.47233],[71.75482,21.47237],[71.75482,21.47241],[71.75488,21.47248],[71.7549,21.47254],[71.75494,21.47258],[71.75496,21.47267],[71.755,21.47269],[71.75504,21.47277],[71.75506,21.47279],[71.75506,21.47285],[71.75508,21.47291],[71.75508,21.47297],[71.75506,21.47305],[71.75502,21.4731],[71.75496,21.47326],[71.75493,21.4733],[71.75493,21.47335],[71.7549,21.47339],[71.75489,21.47344],[71.75487,21.47348],[71.75484,21.47355],[71.75485,21.47363],[71.75489,21.47371],[71.75489,21.47377],[71.75493,21.47383],[71.75496,21.4739],[71.75499,21.47393],[71.755,21.47398],[71.75507,21.47409],[71.75511,21.47414],[71.75511,21.47418],[71.75518,21.47427],[71.75518,21.47429],[71.75518,21.4743],[71.75518,21.47431],[71.75515,21.47433],[71.75508,21.47432],[71.75503,21.47431],[71.75497,21.47431],[71.75495,21.47431],[71.75481,21.47428],[71.75475,21.47426],[71.75471,21.47427],[71.75462,21.47425],[71.75458,21.47425],[71.75451,21.47423],[71.75443,21.47422],[71.75439,21.47421],[71.75423,21.4742],[71.75421,21.47418],[71.75411,21.47418],[71.75408,21.47416],[71.75399,21.47416],[71.75389,21.47415],[71.7538,21.47416],[71.75375,21.47421],[71.75367,21.4743],[71.75367,21.47435],[71.75364,21.4744],[71.75358,21.47446],[71.75358,21.47451],[71.75353,21.47453],[71.75331,21.47457],[71.7533,21.47461],[71.75324,21.47461],[71.7532,21.47468],[71.75322,21.47471],[71.75322,21.4748],[71.75308,21.47482],[71.75305,21.47479],[71.75298,21.47479],[71.75295,21.47482],[71.7529,21.47481],[71.75286,21.47484],[71.75287,21.47489],[71.75281,21.4749],[71.75273,21.47486],[71.75268,21.47487],[71.75264,21.4749],[71.75257,21.47491],[71.75254,21.47498],[71.75249,21.47495],[71.7524,21.47498],[71.75239,21.47496],[71.75233,21.47496],[71.7523,21.47493],[71.75226,21.47496],[71.75216,21.47496],[71.75211,21.47495],[71.75209,21.47488],[71.75205,21.47485],[71.75201,21.47485],[71.75197,21.4749],[71.75186,21.47489],[71.75169,21.47489],[71.75165,21.47495],[71.75159,21.47497],[71.75146,21.47497],[71.75139,21.47493],[71.75136,21.4749],[71.75133,21.47493],[71.7513,21.47493],[71.75129,21.47498],[71.75122,21.47502],[71.75121,21.47506],[71.75115,21.47508],[71.75111,21.47508],[71.75104,21.47512],[71.75095,21.4751],[71.75094,21.47514],[71.75089,21.47516],[71.75083,21.47521],[71.7508,21.47521],[71.75076,21.47517],[71.75074,21.47513],[71.75074,21.47505],[71.75072,21.47503],[71.75077,21.47495],[71.75093,21.47482],[71.751,21.47481],[71.751,21.47477],[71.75104,21.47474],[71.75104,21.47467],[71.75107,21.47458],[71.75111,21.47451],[71.75115,21.47449],[71.75114,21.4744],[71.75116,21.47438],[71.75117,21.4743],[71.75119,21.47426],[71.75122,21.47426],[71.75122,21.47414],[71.75126,21.47412],[71.75133,21.47415],[71.75139,21.47415],[71.7514,21.47413],[71.7514,21.47395],[71.75142,21.4739],[71.7514,21.47388],[71.75139,21.47377],[71.75137,21.47376],[71.75137,21.47369],[71.75138,21.47367],[71.75138,21.47356],[71.75146,21.47347],[71.75147,21.47342],[71.75144,21.47338],[71.7513,21.47334],[71.75098,21.47326],[71.75082,21.47324],[71.75081,21.47321],[71.75087,21.47312],[71.75087,21.47308],[71.75083,21.47305],[71.75086,21.47291],[71.75095,21.47283],[71.751,21.47276],[71.75106,21.47271],[71.75114,21.47262],[71.75115,21.47257],[71.75119,21.47255],[71.75121,21.4725],[71.75123,21.47238],[71.75126,21.47236],[71.75128,21.47228],[71.75128,21.47221],[71.7513,21.47219],[71.75131,21.47208],[71.75133,21.47206],[71.75134,21.47196],[71.75135,21.47191],[71.75134,21.47179],[71.75136,21.47172],[71.75134,21.47164],[71.75136,21.47162],[71.75135,21.47154],[71.75132,21.47151],[71.7513,21.47134],[71.75136,21.47123],[71.75138,21.47116],[71.75138,21.4711],[71.7514,21.47094],[71.75146,21.47075],[71.75148,21.47073],[71.75147,21.47054],[71.75145,21.47052],[71.75147,21.47037],[71.75142,21.47033],[71.7514,21.47024],[71.75142,21.47021],[71.75142,21.47008],[71.75144,21.47002],[71.75152,21.46993]]]},"properties":{"PolygonId":1333,"Area":7193,"Subbasin":null}},
{"type":"Feature","geometry":{"type":"Polygon","coordinates":[[[71.75409,21.46411],[71.7541,21.46407],[71.75408,21.46405],[71.75407,21.464],[71.75405,21.46397],[71.75405,21.4639],[71.75409,21.46387],[71.75407,21.46381],[71.75409,21.46375],[71.75409,21.46361],[71.75411,21.46352],[71.75408,21.4635],[71.75405,21.46343],[71.7541,21.46339],[71.7541,21.46327],[71.75399,21.46323],[71.75393,21.46323],[71.75391,21.46321],[71.7539,21.4631],[71.75383,21.46309],[71.75382,21.46304],[71.75385,21.46303],[71.7539,21.46299],[71.7539,21.46292],[71.75394,21.46284],[71.75396,21.46278],[71.75395,21.4627],[71.75399,21.46265],[71.75404,21.46264],[71.75406,21.4626],[71.75406,21.46255],[71.75403,21.46249],[71.75403,21.46244],[71.75406,21.46234],[71.75411,21.46231],[71.75404,21.46223],[71.75409,21.46219],[71.75413,21.46213],[71.75428,21.46213],[71.75427,21.46204],[71.75428,21.46202],[71.75435,21.46198],[71.75433,21.46193],[71.75431,21.46191],[71.75433,21.46186],[71.75437,21.46183],[71.75434,21.46179],[71.75436,21.46175],[71.75441,21.46173],[71.75445,21.46174],[71.75449,21.46177],[71.75453,21.46172],[71.75452,21.46166],[71.75459,21.46162],[71.75465,21.46163],[71.75468,21.46162],[71.75463,21.46153],[71.75465,21.4615],[71.75462,21.46148],[71.75469,21.46144],[71.7547,21.4614],[71.75476,21.4614],[71.75478,21.46133],[71.75482,21.46126],[71.75484,21.46121],[71.75492,21.46114],[71.75498,21.46114],[71.75505,21.46109],[71.7551,21.461],[71.75514,21.46099],[71.75518,21.46101],[71.7552,21.46108],[71.75516,21.46113],[71.75515,21.4612],[71.75513,21.46123],[71.75513,21.46134],[71.75519,21.46142],[71.75522,21.46142],[71.75524,21.46147],[71.75524,21.46151],[71.75521,21.46155],[71.75523,21.4616],[71.75518,21.46161],[71.75515,21.46166],[71.75519,21.46169],[71.7552,21.46175],[71.75527,21.46181],[71.75527,21.46184],[71.75534,21.46186],[71.75546,21.46184],[71.75548,21.46182],[71.75552,21.46181],[71.75554,21.46187],[71.7556,21.46186],[71.75565,21.4619],[71.75571,21.46191],[71.75576,21.46193],[71.75579,21.46197],[71.75583,21.46208],[71.75588,21.46213],[71.75596,21.46226],[71.75595,21.46232],[71.75602,21.46236],[71.75609,21.46237],[71.75615,21.46235],[71.75621,21.46243],[71.75627,21.46247],[71.7563,21.46251],[71.75636,21.46252],[71.75638,21.46254],[71.75642,21.46254],[71.75643,21.4626],[71.75643,21.46263],[71.75648,21.46265],[71.7565,21.46268],[71.7566,21.46268],[71.75666,21.46282],[71.7567,21.46286],[71.75666,21.46303],[71.75666,21.4631],[71.75673,21.46316],[71.75682,21.46321],[71.75684,21.46325],[71.7569,21.46329],[71.75698,21.46338],[71.75698,21.46353],[71.75697,21.46356],[71.75701,21.46359],[71.75701,21.4636],[71.75695,21.46364],[71.75695,21.4637],[71.75692,21.46379],[71.75692,21.46389],[71.75693,21.46393],[71.75693,21.46401],[71.75691,21.46401],[71.75689,21.46419],[71.75685,21.46423],[71.75682,21.4643],[71.75677,21.46435],[71.75677,21.46444],[71.75673,21.46449],[71.75675,21.46455],[71.75675,21.4646],[71.75669,21.46469],[71.75668,21.46474],[71.75664,21.46477],[71.7566,21.46487],[71.75655,21.46493],[71.75655,21.465],[71.75652,21.46503],[71.75652,21.46513],[71.75647,21.46519],[71.75647,21.46528],[71.7565,21.4653],[71.75648,21.46534],[71.75648,21.46552],[71.75641,21.46568],[71.75641,21.46586],[71.75643,21.46586],[71.75646,21.46594],[71.75645,21.46601],[71.75641,21.46609],[71.75638,21.46612],[71.75637,21.46622],[71.75634,21.46624],[71.75632,21.46631],[71.75629,21.46637],[71.75622,21.46644],[71.7562,21.46649],[71.75615,21.46655],[71.75606,21.4666],[71.75602,21.46666],[71.75601,21.46673],[71.75598,21.46676],[71.75596,21.46674],[71.75596,21.46673],[71.75596,21.46671],[71.75592,21.46665],[71.75579,21.46653],[71.75579,21.4665],[71.75569,21.46644],[71.75555,21.46629],[71.75541,21.46615],[71.75533,21.46607],[71.75533,21.46604],[71.75526,21.46596],[71.75526,21.46595],[71.75518,21.46587],[71.75516,21.46583],[71.75515,21.46574],[71.75516,21.4657],[71.7551,21.4656],[71.75504,21.46546],[71.75497,21.46538],[71.75491,21.46534],[71.7549,21.46529],[71.75485,21.46525],[71.75483,21.46522],[71.75478,21.46518],[71.75471,21.46507],[71.75471,21.46503],[71.75463,21.46495],[71.7546,21.46495],[71.75455,21.46482],[71.75445,21.46472],[71.75445,21.46468],[71.75442,21.46465],[71.75437,21.46457],[71.75433,21.46452],[71.75429,21.46446],[71.75428,21.46442],[71.75422,21.46436],[71.75422,21.4643],[71.7542,21.46425],[71.75416,21.46424],[71.75409,21.46413],[71.75409,21.46411]]]},"properties":{"PolygonId":795,"Area":17468,"Subbasin":null}},
{"type":"Feature","geometry":{"type":"Polygon","coordinates":[[[71.75571,21.46191],[71.75565,21.46184],[71.75559,21.4618],[71.75557,21.46171],[71.75552,21.46163],[71.75548,21.46161],[71.75545,21.46157],[71.75547,21.46154],[71.75547,21.46147],[71.75546,21.46143],[71.75548,21.46139],[71.75548,21.4613],[71.75551,21.46126],[71.75554,21.46111],[71.75552,21.46111],[71.75551,21.46103],[71.75548,21.46098],[71.75553,21.46095],[71.75551,21.46092],[71.75551,21.46086],[71.75556,21.46085],[71.75557,21.46082],[71.75562,21.46079],[71.75577,21.46077],[71.75576,21.46071],[71.75584,21.46072],[71.75587,21.46067],[71.75584,21.46063],[71.75587,21.4606],[71.75588,21.46053],[71.75595,21.46054],[71.75601,21.46051],[71.75602,21.46045],[71.75608,21.46044],[71.75608,21.46039],[71.75606,21.46035],[71.75608,21.46033],[71.75613,21.46021],[71.75617,21.46018],[71.75629,21.46023],[71.7563,21.46026],[71.75635,21.46028],[71.75638,21.46034],[71.75645,21.46037],[71.75653,21.46037],[71.75658,21.4604],[71.75661,21.46033],[71.75663,21.46031],[71.7567,21.46034],[71.75673,21.46033],[71.75688,21.46034],[71.75691,21.46038],[71.75696,21.46041],[71.757,21.4604],[71.75702,21.46037],[71.75708,21.46037],[71.75714,21.46043],[71.75716,21.4604],[71.7572,21.46042],[71.75728,21.46041],[71.75733,21.46038],[71.75741,21.46029],[71.75742,21.46024],[71.75749,21.46023],[71.75752,21.4603],[71.75757,21.46031],[71.7576,21.46038],[71.75765,21.46039],[71.75768,21.46043],[71.75768,21.46054],[71.75773,21.46055],[71.75783,21.4606],[71.75794,21.46062],[71.75799,21.46066],[71.75799,21.46068],[71.75806,21.46067],[71.7581,21.4607],[71.75812,21.46074],[71.75825,21.46078],[71.75828,21.4608],[71.75827,21.4609],[71.75831,21.46094],[71.75834,21.46095],[71.75837,21.46102],[71.75843,21.46102],[71.75843,21.46106],[71.75837,21.46109],[71.75837,21.46112],[71.75848,21.46119],[71.75855,21.46118],[71.7586,21.4612],[71.7586,21.46127],[71.75864,21.46126],[71.75866,21.46134],[71.75873,21.4614],[71.75874,21.46153],[71.75878,21.46154],[71.75882,21.46165],[71.75886,21.46171],[71.75886,21.46174],[71.75896,21.46179],[71.75896,21.46181],[71.75903,21.46185],[71.75904,21.46195],[71.75907,21.46196],[71.75907,21.46203],[71.75904,21.46206],[71.75907,21.46211],[71.75907,21.46218],[71.75913,21.4622],[71.75914,21.46228],[71.75913,21.46233],[71.75911,21.46234],[71.7591,21.4624],[71.75905,21.46246],[71.75899,21.46248],[71.75896,21.46253],[71.75892,21.46267],[71.75889,21.46274],[71.75884,21.46276],[71.75884,21.46278],[71.75878,21.46286],[71.75874,21.46289],[71.75865,21.46286],[71.75856,21.46285],[71.75856,21.4629],[71.75859,21.4629],[71.7586,21.46296],[71.75855,21.463],[71.75849,21.46302],[71.75842,21.46301],[71.7584,21.46305],[71.75836,21.46308],[71.75836,21.46311],[71.75833,21.46314],[71.75829,21.46314],[71.75816,21.46322],[71.75812,21.46329],[71.75806,21.46332],[71.75804,21.46335],[71.75799,21.46334],[71.75793,21.4634],[71.7578,21.46344],[71.75771,21.46346],[71.75767,21.46344],[71.75758,21.46345],[71.75756,21.46348],[71.75751,21.46348],[71.75747,21.46344],[71.75736,21.46339],[71.75734,21.46335],[71.75731,21.46335],[71.75723,21.46336],[71.75719,21.46338],[71.75717,21.46343],[71.75712,21.46343],[71.75709,21.46345],[71.75707,21.46351],[71.75704,21.46352],[71.75701,21.46358],[71.75701,21.46359],[71.75697,21.46356],[71.75698,21.46353],[71.75698,21.46338],[71.7569,21.46329],[71.75684,21.46325],[71.75682,21.46321],[71.75673,21.46316],[71.75666,21.4631],[71.75666,21.46303],[71.7567,21.46286],[71.75666,21.46282],[71.7566,21.46268],[71.7565,21.46268],[71.75648,21.46265],[71.75643,21.46263],[71.75643,21.4626],[71.75642,21.46254],[71.75638,21.46254],[71.75636,21.46252],[71.7563,21.46251],[71.75627,21.46247],[71.75621,21.46243],[71.75615,21.46235],[71.75609,21.46237],[71.75602,21.46236],[71.75595,21.46232],[71.75596,21.46226],[71.75588,21.46213],[71.75583,21.46208],[71.75579,21.46197],[71.75576,21.46193],[71.75571,21.46191]]]},"properties":{"PolygonId":839,"Area":10174,"Subbasin":null}},
{"type":"Feature","geometry":{"type":"Polygon","coordinates":[[[71.75945,21.46091],[71.75947,21.46088],[71.75949,21.46079],[71.75951,21.46078],[71.7595,21.46069],[71.75948,21.46067],[71.75948,21.4606],[71.75941,21.46053],[71.75941,21.46049],[71.75945,21.46046],[71.75947,21.46039],[71.75951,21.46037],[71.75955,21.46032],[71.75955,21.46025],[71.75957,21.46024],[71.75957,21.46013],[71.7596,21.46009],[71.75961,21.46004],[71.75967,21.45996],[71.75966,21.45992],[71.75973,21.45991],[71.75976,21.45987],[71.75981,21.45977],[71.75985,21.45967],[71.75985,21.45961],[71.75978,21.45956],[71.75977,21.4595],[71.75978,21.45945],[71.75981,21.45944],[71.75985,21.45938],[71.75984,21.45931],[71.75986,21.45928],[71.75994,21.45924],[71.75995,21.45921],[71.75996,21.45914],[71.76001,21.45912],[71.76003,21.45926],[71.76011,21.45926],[71.76011,21.4593],[71.76015,21.45938],[71.76016,21.45944],[71.7602,21.45946],[71.76022,21.45949],[71.76022,21.45954],[71.76026,21.45954],[71.7603,21.45957],[71.7603,21.45962],[71.76035,21.45967],[71.76034,21.45972],[71.76037,21.45976],[71.76044,21.45978],[71.76053,21.45989],[71.76055,21.45999],[71.7606,21.45998],[71.76057,21.46005],[71.76063,21.46006],[71.76068,21.46006],[71.76073,21.46007],[71.76077,21.46011],[71.76076,21.46015],[71.76079,21.46017],[71.76076,21.46023],[71.76077,21.46027],[71.76084,21.46028],[71.76085,21.46033],[71.76082,21.46036],[71.76084,21.4604],[71.76083,21.46044],[71.76086,21.46045],[71.76088,21.4605],[71.76085,21.46053],[71.76085,21.46059],[71.76088,21.46064],[71.76088,21.46068],[71.76091,21.46069],[71.76091,21.46078],[71.76096,21.4608],[71.76096,21.46087],[71.76089,21.46088],[71.76091,21.46094],[71.76091,21.46103],[71.7609,21.46104],[71.76089,21.46113],[71.76092,21.46117],[71.76092,21.46121],[71.76095,21.46125],[71.76093,21.4613],[71.76093,21.46137],[71.76091,21.4614],[71.7609,21.46153],[71.76091,21.46158],[71.76085,21.46163],[71.76084,21.46172],[71.76085,21.46177],[71.76083,21.46183],[71.76078,21.4619],[71.7608,21.46194],[71.76074,21.462],[71.76073,21.46206],[71.76071,21.46207],[71.76071,21.46214],[71.7607,21.46225],[71.76067,21.46231],[71.76067,21.46237],[71.76063,21.46238],[71.76064,21.46243],[71.7606,21.46258],[71.76057,21.46261],[71.76057,21.46266],[71.76053,21.46267],[71.76055,21.46278],[71.76055,21.46284],[71.76052,21.46286],[71.76052,21.46291],[71.76046,21.46293],[71.76036,21.46293],[71.76034,21.46294],[71.76012,21.46295],[71.76,21.46295],[71.75998,21.463],[71.75996,21.46298],[71.75982,21.46298],[71.75973,21.4629],[71.75971,21.46279],[71.75969,21.46276],[71.75968,21.46269],[71.75973,21.46266],[71.75974,21.4626],[71.75978,21.46256],[71.75986,21.46257],[71.7599,21.46253],[71.75989,21.46245],[71.75994,21.46238],[71.75993,21.46224],[71.7599,21.46223],[71.75993,21.46214],[71.75991,21.46212],[71.75979,21.46212],[71.75974,21.46205],[71.75976,21.462],[71.75974,21.46193],[71.7597,21.46194],[71.75969,21.46186],[71.75964,21.46185],[71.75963,21.46174],[71.75957,21.46172],[71.75957,21.46168],[71.75955,21.46162],[71.75948,21.4616],[71.75946,21.46156],[71.75943,21.46155],[71.75939,21.4615],[71.75929,21.4615],[71.75929,21.46146],[71.75935,21.46135],[71.75937,21.4613],[71.75937,21.46123],[71.75939,21.46116],[71.75944,21.46111],[71.75942,21.46103],[71.75945,21.46102],[71.75947,21.46095],[71.75945,21.46091]]]},"properties":{"PolygonId":833,"Area":19230,"Subbasin":null}},
{"type":"Feature","geometry":{"type":"Polygon","coordinates":[[[71.75518,21.4743],[71.75521,21.47433],[71.75524,21.47442],[71.75524,21.47445],[71.75518,21.47459],[71.7551,21.47467],[71.75506,21.47479],[71.75506,21.47491],[71.75505,21.475],[71.75503,21.475],[71.755,21.4751],[71.75496,21.47516],[71.75496,21.47524],[71.75492,21.4753],[71.75489,21.47534],[71.75481,21.47546],[71.7548,21.47558],[71.75481,21.47564],[71.75483,21.47567],[71.75483,21.47579],[71.7548,21.47583],[71.75474,21.47594],[71.75475,21.47603],[71.75474,21.4761],[71.75471,21.47613],[71.75469,21.47621],[71.75467,21.47624],[71.75467,21.47626],[71.75462,21.47634],[71.75462,21.47638],[71.75459,21.47641],[71.75455,21.4765],[71.75451,21.47654],[71.75451,21.47657],[71.75448,21.47658],[71.75446,21.47665],[71.75435,21.47671],[71.7543,21.47677],[71.75421,21.47683],[71.75418,21.47687],[71.75412,21.47691],[71.75409,21.47697],[71.75404,21.477],[71.75398,21.47708],[71.75396,21.47716],[71.75392,21.47719],[71.75392,21.47724],[71.75387,21.47735],[71.75385,21.47742],[71.75384,21.47752],[71.75382,21.47758],[71.7538,21.47769],[71.75379,21.4777],[71.75377,21.47779],[71.75372,21.47778],[71.75368,21.47779],[71.75366,21.47775],[71.75357,21.47775],[71.75353,21.47776],[71.75351,21.47771],[71.75337,21.47765],[71.75329,21.47766],[71.75327,21.47761],[71.75323,21.47753],[71.75324,21.47751],[71.75323,21.47744],[71.75317,21.47742],[71.75316,21.47736],[71.7531,21.47736],[71.75304,21.47739],[71.75293,21.47739],[71.75287,21.47741],[71.75283,21.47742],[71.7528,21.47744],[71.75276,21.47744],[71.75272,21.47748],[71.75263,21.47748],[71.75255,21.47751],[71.75254,21.47754],[71.75248,21.47747],[71.7525,21.47743],[71.75249,21.47739],[71.75256,21.47738],[71.75258,21.47735],[71.75264,21.4773],[71.75265,21.47726],[71.75262,21.47718],[71.75262,21.47694],[71.75264,21.4769],[71.75263,21.47676],[71.75264,21.47663],[71.75258,21.47658],[71.75256,21.47653],[71.75251,21.47647],[71.75247,21.47645],[71.75246,21.47636],[71.7525,21.47633],[71.75259,21.47634],[71.7526,21.47629],[71.75263,21.47627],[71.75264,21.47622],[71.75267,21.47623],[71.75268,21.47619],[71.75273,21.47619],[71.75276,21.47613],[71.75272,21.47607],[71.75267,21.47604],[71.75267,21.47599],[71.75268,21.47591],[71.75272,21.47586],[71.75271,21.47581],[71.75278,21.47577],[71.75277,21.47574],[71.75286,21.47569],[71.75288,21.47562],[71.75295,21.47561],[71.75299,21.47556],[71.75299,21.47553],[71.75306,21.47551],[71.7531,21.47553],[71.75312,21.4755],[71.7532,21.47549],[71.75324,21.47545],[71.75329,21.47543],[71.75327,21.4754],[71.7533,21.47535],[71.75329,21.47527],[71.75331,21.4752],[71.75331,21.47513],[71.75335,21.4751],[71.75338,21.47505],[71.75347,21.47492],[71.75351,21.47489],[71.75354,21.47481],[71.7536,21.47477],[71.75364,21.47476],[71.75364,21.47469],[71.75366,21.47462],[71.75367,21.47453],[71.75362,21.4745],[71.75364,21.4744],[71.75367,21.47435],[71.75367,21.4743],[71.75375,21.47421],[71.7538,21.47416],[71.75389,21.47415],[71.75399,21.47416],[71.75408,21.47416],[71.75411,21.47418],[71.75421,21.47418],[71.75423,21.4742],[71.75439,21.47421],[71.75443,21.47422],[71.75451,21.47423],[71.75458,21.47425],[71.75462,21.47425],[71.75471,21.47427],[71.75475,21.47426],[71.75481,21.47428],[71.75495,21.47431],[71.75497,21.47431],[71.75503,21.47431],[71.75508,21.47432],[71.75515,21.47433],[71.75518,21.47431],[71.75518,21.4743]]]},"properties":{"PolygonId":1054,"Area":5616,"Subbasin":null}},
{"type":"Feature","geometry":{"type":"Polygon","coordinates":[[[71.76605,21.4643],[71.76601,21.46433],[71.766,21.46433],[71.766,21.46432],[71.76601,21.46431],[71.766,21.46429],[71.76599,21.46421],[71.76601,21.46413],[71.76599,21.46402],[71.76601,21.46392],[71.76599,21.46383],[71.76601,21.4638],[71.76601,21.46375],[71.76599,21.46373],[71.76598,21.46364],[71.76594,21.46359],[71.76594,21.46348],[71.76595,21.46346],[71.76594,21.46328],[71.766,21.46317],[71.76601,21.46307],[71.76599,21.46298],[71.76601,21.46294],[71.76602,21.46282],[71.76603,21.46276],[71.76601,21.46272],[71.76601,21.46263],[71.76597,21.46257],[71.76593,21.46248],[71.76593,21.46245],[71.7659,21.46241],[71.7659,21.46233],[71.76589,21.46229],[71.76589,21.46217],[71.76587,21.46209],[71.76589,21.46204],[71.76591,21.46197],[71.76592,21.46189],[71.76589,21.46187],[71.76589,21.46182],[71.76586,21.46177],[71.76588,21.46173],[71.76592,21.46172],[71.76593,21.46166],[71.7659,21.46164],[71.76588,21.46159],[71.76585,21.46159],[71.76584,21.46155],[71.7657,21.46155],[71.76562,21.46153],[71.76561,21.4615],[71.76556,21.46148],[71.76555,21.46144],[71.76556,21.46134],[71.76548,21.46127],[71.76544,21.46126],[71.76542,21.46121],[71.76545,21.46115],[71.76545,21.46101],[71.7655,21.46098],[71.76552,21.46088],[71.76558,21.46083],[71.76557,21.46078],[71.76559,21.46072],[71.76564,21.46068],[71.76562,21.46066],[71.76562,21.46058],[71.76564,21.46057],[71.76563,21.46044],[71.76564,21.46039],[71.76562,21.46036],[71.76564,21.46031],[71.76561,21.46027],[71.76557,21.46023],[71.76556,21.46017],[71.76559,21.46017],[71.76563,21.4602],[71.76567,21.4602],[71.76571,21.46024],[71.76577,21.46022],[71.76582,21.46027],[71.76586,21.46027],[71.76589,21.46031],[71.76596,21.46034],[71.76609,21.46045],[71.76614,21.46048],[71.76615,21.46053],[71.76619,21.46052],[71.76623,21.46054],[71.76624,21.46059],[71.76627,21.46061],[71.76633,21.4606],[71.76642,21.46067],[71.76644,21.46072],[71.76652,21.46073],[71.76662,21.46081],[71.76669,21.46085],[71.76672,21.46088],[71.76685,21.46093],[71.76693,21.46092],[71.76705,21.46095],[71.76719,21.46093],[71.76728,21.46094],[71.76733,21.4609],[71.76738,21.4609],[71.76743,21.46092],[71.7675,21.46091],[71.7675,21.46096],[71.76754,21.46095],[71.76757,21.46101],[71.76752,21.46103],[71.76759,21.46106],[71.76765,21.46106],[71.76768,21.46111],[71.76772,21.46114],[71.7678,21.46114],[71.76782,21.46123],[71.76782,21.46132],[71.76781,21.46136],[71.76783,21.4614],[71.76776,21.46147],[71.76777,21.46152],[71.7677,21.46159],[71.76769,21.46164],[71.76769,21.4617],[71.76771,21.46174],[71.76769,21.46184],[71.76767,21.46186],[71.76768,21.46193],[71.76768,21.46206],[71.76763,21.46213],[71.76766,21.46215],[71.76771,21.46216],[71.76777,21.46222],[71.76776,21.46228],[71.76766,21.46228],[71.76764,21.46235],[71.76765,21.46242],[71.76764,21.46247],[71.76765,21.46252],[71.76763,21.46257],[71.76766,21.46259],[71.76767,21.46267],[71.76771,21.46269],[71.76774,21.46272],[71.7677,21.46278],[71.7677,21.46288],[71.76768,21.46295],[71.76759,21.46296],[71.76759,21.46303],[71.76761,21.46306],[71.76754,21.46307],[71.76746,21.46315],[71.76741,21.46317],[71.76737,21.46317],[71.76733,21.46321],[71.7673,21.46321],[71.76725,21.46325],[71.76721,21.46326],[71.76718,21.46331],[71.767,21.46343],[71.76695,21.4635],[71.76691,21.46352],[71.7668,21.46364],[71.76675,21.46364],[71.76669,21.46369],[71.76668,21.46371],[71.76659,21.46377],[71.76656,21.46382],[71.76652,21.46392],[71.76648,21.46394],[71.76641,21.46401],[71.76635,21.46404],[71.76633,21.46406],[71.76619,21.46415],[71.76614,21.4642],[71.76609,21.46422],[71.76605,21.46429],[71.76605,21.4643]]]},"properties":{"PolygonId":824,"Area":22226,"Subbasin":null}},
{"type":"Feature","geometry":{"type":"Polygon","coordinates":[[[71.77334,21.45807],[71.77333,21.45815],[71.7733,21.45818],[71.7733,21.45825],[71.77332,21.45832],[71.77326,21.45835],[71.77318,21.45834],[71.77313,21.45837],[71.77311,21.4584],[71.77312,21.45845],[71.77305,21.45852],[71.77298,21.45856],[71.77291,21.45862],[71.77289,21.45862],[71.77283,21.45867],[71.77282,21.45875],[71.77274,21.4588],[71.77271,21.45884],[71.77271,21.45887],[71.77261,21.45897],[71.77261,21.45904],[71.7725,21.45915],[71.77251,21.4592],[71.7725,21.4593],[71.77252,21.45935],[71.7725,21.45946],[71.7725,21.45952],[71.77256,21.45955],[71.7726,21.45961],[71.77258,21.45972],[71.77249,21.45982],[71.77248,21.45987],[71.77245,21.45991],[71.77242,21.45999],[71.77241,21.46001],[71.7724,21.46008],[71.77237,21.46013],[71.77235,21.46024],[71.77231,21.46032],[71.77232,21.46037],[71.77228,21.46046],[71.77226,21.46055],[71.77222,21.46058],[71.77216,21.46063],[71.77211,21.46064],[71.77203,21.46063],[71.77194,21.46065],[71.77192,21.46065],[71.77187,21.46066],[71.77175,21.46066],[71.77167,21.46068],[71.77164,21.46067],[71.77159,21.46069],[71.7715,21.4607],[71.77146,21.4607],[71.77127,21.4607],[71.77125,21.46068],[71.77129,21.46064],[71.77129,21.46058],[71.77125,21.46053],[71.77119,21.46053],[71.77115,21.46048],[71.77106,21.46046],[71.77102,21.46041],[71.77102,21.4603],[71.77101,21.46026],[71.77094,21.46024],[71.77087,21.46024],[71.77076,21.46012],[71.77076,21.46005],[71.77072,21.46001],[71.77067,21.46001],[71.77066,21.45999],[71.77061,21.45994],[71.77048,21.4598],[71.77046,21.45974],[71.77041,21.45966],[71.77034,21.45965],[71.77031,21.45962],[71.77025,21.4595],[71.77019,21.45942],[71.77013,21.4593],[71.77005,21.45919],[71.77001,21.45912],[71.77001,21.45909],[71.77006,21.45907],[71.77006,21.45898],[71.76999,21.45895],[71.76995,21.45892],[71.76995,21.45887],[71.76991,21.45883],[71.76985,21.45878],[71.76985,21.45873],[71.76981,21.45872],[71.76983,21.45861],[71.76987,21.45859],[71.76988,21.45855],[71.76985,21.45851],[71.7698,21.45852],[71.76971,21.45851],[71.76967,21.45842],[71.76968,21.4584],[71.76963,21.45835],[71.76961,21.45824],[71.76953,21.45813],[71.7695,21.45804],[71.76945,21.45795],[71.76935,21.45774],[71.76935,21.45769],[71.76931,21.45764],[71.76931,21.45762],[71.76926,21.45752],[71.76925,21.45747],[71.76921,21.45742],[71.76917,21.45733],[71.76919,21.4573],[71.76911,21.4572],[71.7691,21.45712],[71.76907,21.45711],[71.76904,21.45701],[71.76907,21.45697],[71.76903,21.45692],[71.76897,21.45688],[71.76897,21.45676],[71.76891,21.45673],[71.76889,21.45663],[71.76884,21.45661],[71.76884,21.45655],[71.76895,21.45651],[71.76897,21.45639],[71.76902,21.45637],[71.76903,21.45632],[71.76902,21.45629],[71.76899,21.45617],[71.76899,21.45606],[71.76897,21.456],[71.76893,21.456],[71.76893,21.45594],[71.76897,21.45592],[71.76897,21.45584],[71.76894,21.45582],[71.76894,21.45579],[71.76893,21.45561],[71.76892,21.45552],[71.76891,21.45548],[71.76888,21.45536],[71.76881,21.45535],[71.76882,21.45529],[71.76886,21.45524],[71.76893,21.45524],[71.76897,21.45526],[71.76903,21.45522],[71.7691,21.45521],[71.76919,21.4552],[71.76925,21.45518],[71.76935,21.45517],[71.76937,21.45514],[71.76948,21.45513],[71.76951,21.45508],[71.76959,21.45509],[71.76965,21.45506],[71.76972,21.45503],[71.76981,21.45501],[71.76989,21.45497],[71.76992,21.45491],[71.76999,21.45486],[71.77001,21.45473],[71.77001,21.4545],[71.77002,21.45442],[71.77012,21.45441],[71.77013,21.45443],[71.7701,21.45448],[71.77011,21.45456],[71.7701,21.45465],[71.77013,21.45469],[71.77017,21.45468],[71.7702,21.45472],[71.7702,21.45477],[71.77017,21.45477],[71.77018,21.45484],[71.77014,21.45486],[71.77013,21.45489],[71.77009,21.4549],[71.77011,21.455],[71.77016,21.45502],[71.77023,21.45502],[71.77033,21.45504],[71.77038,21.45507],[71.77046,21.45511],[71.77063,21.45512],[71.77072,21.45512],[71.77073,21.45513],[71.77081,21.45514],[71.77083,21.4552],[71.7708,21.45525],[71.77083,21.45531],[71.77085,21.45538],[71.77085,21.45549],[71.77088,21.45556],[71.77086,21.45559],[71.7709,21.45567],[71.77094,21.4557],[71.77093,21.45575],[71.77095,21.45586],[71.77087,21.45588],[71.77084,21.45592],[71.77088,21.45593],[71.77087,21.45597],[71.77082,21.45602],[71.77083,21.45605],[71.77087,21.45608],[71.77086,21.45615],[71.77088,21.45617],[71.77088,21.45624],[71.77086,21.45626],[71.77087,21.45635],[71.77088,21.45651],[71.77092,21.45658],[71.77095,21.45661],[71.77099,21.4566],[71.77099,21.45664],[71.77102,21.45666],[71.77103,21.45671],[71.77108,21.45671],[71.77114,21.45674],[71.77125,21.45677],[71.7713,21.45685],[71.77134,21.45688],[71.77135,21.45695],[71.77139,21.45698],[71.77143,21.45698],[71.77146,21.45705],[71.77152,21.45708],[71.77154,21.45715],[71.77159,21.4572],[71.77161,21.45726],[71.77166,21.45728],[71.77179,21.45728],[71.77183,21.4573],[71.77194,21.45732],[71.77206,21.4574],[71.77218,21.45743],[71.77239,21.45742],[71.77247,21.45743],[71.77251,21.45747],[71.77255,21.45747],[71.77258,21.45744],[71.77261,21.45746],[71.7727,21.45746],[71.77274,21.45749],[71.77278,21.45748],[71.77281,21.45752],[71.77292,21.45751],[71.77295,21.45754],[71.773,21.45754],[71.77303,21.45757],[71.77313,21.45759],[71.77328,21.45765],[71.7733,21.45772],[71.77333,21.45773],[71.77335,21.45775],[71.77331,21.45785],[71.77327,21.45789],[71.77328,21.45797],[71.77332,21.458],[71.77334,21.45806],[71.77334,21.45807]]]},"properties":{"PolygonId":869,"Area":14136,"Subbasin":null}},
{"type":"Feature","geometry":{"type":"Polygon","coordinates":[[[71.77333,21.45773],[71.77332,21.45769],[71.77331,21.45746],[71.77335,21.45742],[71.77336,21.45736],[71.77338,21.45734],[71.77338,21.4572],[71.77337,21.45715],[71.7734,21.45709],[71.77339,21.45705],[71.77343,21.45702],[71.77347,21.45694],[71.77351,21.45692],[71.77356,21.45687],[71.77358,21.45679],[71.77363,21.45674],[71.77363,21.45664],[71.77366,21.4566],[71.77366,21.45653],[71.77369,21.4565],[71.77371,21.45644],[71.77373,21.45642],[71.77377,21.45631],[71.77377,21.45628],[71.7738,21.45622],[71.7738,21.45616],[71.77383,21.45611],[71.77384,21.45602],[71.77387,21.45598],[71.77387,21.4559],[71.77382,21.45589],[71.77382,21.45585],[71.77386,21.45584],[71.77387,21.45579],[71.77395,21.45577],[71.77407,21.45577],[71.77416,21.45576],[71.7742,21.45574],[71.77432,21.45575],[71.77433,21.45573],[71.77444,21.4557],[71.77454,21.45571],[71.77457,21.45568],[71.77467,21.45566],[71.77482,21.45566],[71.77488,21.45563],[71.77495,21.45562],[71.77496,21.45557],[71.77507,21.45557],[71.7751,21.45553],[71.77515,21.45554],[71.77521,21.4555],[71.77534,21.45546],[71.77543,21.45545],[71.77545,21.45543],[71.77541,21.45537],[71.77542,21.45533],[71.77541,21.4552],[71.77543,21.4552],[71.77547,21.45508],[71.77548,21.45503],[71.77551,21.45502],[71.77553,21.45497],[71.77553,21.45491],[71.77556,21.45487],[71.77559,21.45485],[71.77561,21.4548],[71.77561,21.45475],[71.77566,21.45476],[71.77567,21.45469],[71.77576,21.45469],[71.77583,21.45468],[71.77586,21.45464],[71.77592,21.45463],[71.77596,21.45458],[71.77604,21.45455],[71.77614,21.45455],[71.77634,21.45458],[71.77635,21.4546],[71.7764,21.45458],[71.77643,21.45462],[71.77642,21.45466],[71.77642,21.45473],[71.77644,21.45481],[71.77645,21.45498],[71.77653,21.45503],[71.77665,21.45505],[71.77669,21.45514],[71.77669,21.45521],[71.77673,21.45525],[71.77671,21.45534],[71.77668,21.45536],[71.77661,21.45536],[71.77653,21.4554],[71.77643,21.4554],[71.77642,21.45542],[71.77634,21.45542],[71.77627,21.45544],[71.77623,21.45546],[71.77618,21.45545],[71.77612,21.45547],[71.77594,21.45546],[71.77593,21.4555],[71.77589,21.4555],[71.77581,21.45552],[71.77571,21.45557],[71.77571,21.45565],[71.77563,21.45566],[71.77558,21.45565],[71.77558,21.45566],[71.77563,21.45572],[71.77561,21.45574],[71.77554,21.45575],[71.77554,21.45584],[71.77556,21.45586],[71.77554,21.45598],[71.77558,21.45602],[71.77562,21.45604],[71.77563,21.45612],[71.77564,21.45614],[71.77565,21.45624],[71.77566,21.45627],[71.77563,21.45637],[71.77561,21.45638],[71.77561,21.45652],[71.77559,21.45662],[71.77561,21.45675],[71.77563,21.45683],[71.77567,21.45692],[71.77572,21.45696],[71.77581,21.45699],[71.77581,21.457],[71.77579,21.45703],[71.77578,21.45713],[71.77573,21.4572],[71.77564,21.45728],[71.77563,21.4573],[71.77551,21.45738],[71.77547,21.45738],[71.77541,21.45742],[71.77536,21.45749],[71.77533,21.45751],[71.77531,21.45756],[71.77515,21.45757],[71.77514,21.45763],[71.77508,21.45772],[71.77504,21.4578],[71.77504,21.45787],[71.77501,21.45792],[71.775,21.45798],[71.77497,21.45799],[71.77495,21.45807],[71.77495,21.45812],[71.77493,21.45815],[71.77493,21.4582],[71.7749,21.45822],[71.7749,21.45828],[71.77487,21.45831],[71.77486,21.45838],[71.77487,21.45846],[71.77485,21.4585],[71.77477,21.4586],[71.77477,21.45871],[71.77474,21.45874],[71.77474,21.45877],[71.77474,21.45884],[71.77476,21.45896],[71.77479,21.459],[71.77479,21.45905],[71.77483,21.45905],[71.77484,21.45905],[71.77483,21.45907],[71.77475,21.45907],[71.77475,21.45906],[71.77471,21.45903],[71.77467,21.45904],[71.77458,21.459],[71.77457,21.45895],[71.77459,21.45892],[71.77452,21.45885],[71.7745,21.45879],[71.77446,21.45875],[71.77444,21.45868],[71.77437,21.45865],[71.77432,21.45856],[71.77428,21.45856],[71.77421,21.45854],[71.77415,21.45849],[71.77408,21.45849],[71.77403,21.45846],[71.77399,21.45841],[71.77394,21.4584],[71.77388,21.45834],[71.77386,21.45834],[71.77377,21.4583],[71.77376,21.45827],[71.77369,21.45825],[71.77366,21.4582],[71.77359,21.4582],[71.77355,21.45818],[71.7735,21.45818],[71.77349,21.45816],[71.7734,21.45813],[71.77334,21.45808],[71.77334,21.45807],[71.77334,21.45806],[71.77332,21.458],[71.77328,21.45797],[71.77327,21.45789],[71.77331,21.45785],[71.77335,21.45775],[71.77333,21.45773]]]},"properties":{"PolygonId":891,"Area":10161,"Subbasin":null}},
{"type":"Feature","geometry":{"type":"Polygon","coordinates":[[[71.78768,21.46388],[71.78766,21.46388],[71.78758,21.46381],[71.78755,21.46372],[71.78753,21.46371],[71.78754,21.46356],[71.7875,21.46351],[71.78747,21.46341],[71.78743,21.46336],[71.7874,21.4633],[71.78739,21.46326],[71.78723,21.46311],[71.78717,21.46303],[71.78713,21.46302],[71.787,21.46288],[71.78697,21.46288],[71.78688,21.46276],[71.78681,21.46275],[71.78679,21.46271],[71.78673,21.46265],[71.78667,21.46261],[71.78665,21.46256],[71.78659,21.4625],[71.78653,21.46249],[71.78646,21.46246],[71.78634,21.46238],[71.78626,21.4623],[71.78624,21.46229],[71.78621,21.46219],[71.78618,21.46219],[71.7861,21.46215],[71.78607,21.46215],[71.78602,21.46211],[71.78593,21.46212],[71.78584,21.46205],[71.78583,21.462],[71.78583,21.46191],[71.78579,21.46188],[71.78575,21.46188],[71.78569,21.46185],[71.78562,21.46174],[71.78553,21.46171],[71.78549,21.46169],[71.78549,21.46164],[71.78543,21.46157],[71.78538,21.46155],[71.78531,21.4615],[71.78525,21.46137],[71.7852,21.46133],[71.78517,21.4613],[71.7851,21.46124],[71.7851,21.46119],[71.78507,21.46117],[71.785,21.46103],[71.78496,21.46096],[71.7849,21.46091],[71.78482,21.4608],[71.78482,21.46076],[71.78473,21.46068],[71.78468,21.46068],[71.78466,21.46065],[71.78468,21.46057],[71.78466,21.46056],[71.78466,21.46049],[71.78481,21.4604],[71.78486,21.46039],[71.7849,21.46035],[71.78496,21.46032],[71.78499,21.46032],[71.78507,21.46029],[71.78517,21.46022],[71.78524,21.46019],[71.78527,21.46019],[71.78531,21.46014],[71.78537,21.46015],[71.78541,21.46011],[71.78553,21.46007],[71.78568,21.45996],[71.78576,21.45996],[71.7858,21.45992],[71.78582,21.45988],[71.78578,21.45981],[71.78581,21.45975],[71.7858,21.45971],[71.78583,21.4597],[71.78582,21.45961],[71.78586,21.45959],[71.78584,21.45951],[71.7859,21.4595],[71.7859,21.45945],[71.78589,21.45934],[71.78596,21.45934],[71.78597,21.45943],[71.78594,21.45943],[71.78589,21.45962],[71.78594,21.4597],[71.78595,21.45975],[71.786,21.45978],[71.786,21.45986],[71.78605,21.45985],[71.78605,21.45992],[71.78602,21.45993],[71.78603,21.45997],[71.78606,21.46004],[71.78606,21.4601],[71.78608,21.46015],[71.78608,21.46027],[71.78611,21.46029],[71.78613,21.46038],[71.78622,21.46045],[71.78627,21.46047],[71.78628,21.46053],[71.78639,21.46063],[71.78641,21.46067],[71.78642,21.46074],[71.78645,21.46078],[71.78645,21.46093],[71.78643,21.46097],[71.78643,21.46102],[71.78647,21.46105],[71.78647,21.46108],[71.78643,21.46112],[71.78643,21.46118],[71.78641,21.46125],[71.78642,21.4613],[71.78644,21.46132],[71.78642,21.46138],[71.78645,21.4614],[71.78647,21.46146],[71.78652,21.46153],[71.78651,21.46159],[71.78652,21.46168],[71.78653,21.46169],[71.78656,21.46182],[71.78658,21.46185],[71.78664,21.46189],[71.78672,21.46196],[71.78682,21.462],[71.78688,21.46206],[71.78688,21.46208],[71.78693,21.46214],[71.78696,21.46216],[71.787,21.46222],[71.78701,21.46227],[71.78704,21.46228],[71.7871,21.46239],[71.7872,21.46242],[71.78723,21.46247],[71.78727,21.46252],[71.78733,21.46263],[71.78738,21.46265],[71.78742,21.46271],[71.78748,21.46278],[71.78751,21.46283],[71.78752,21.46291],[71.7876,21.463],[71.78766,21.46305],[71.78769,21.46315],[71.78769,21.46322],[71.78771,21.46325],[71.78774,21.4633],[71.7878,21.46338],[71.78784,21.46339],[71.78785,21.4635],[71.78786,21.46355],[71.7879,21.46358],[71.78794,21.46371],[71.78795,21.46375],[71.78798,21.46381],[71.78808,21.4639],[71.7881,21.46394],[71.78806,21.46397],[71.78808,21.464],[71.78808,21.46407],[71.78813,21.46412],[71.78814,21.46416],[71.78811,21.4642],[71.78813,21.46426],[71.78814,21.46437],[71.7882,21.46441],[71.78822,21.46449],[71.78831,21.46461],[71.7883,21.46475],[71.78833,21.46478],[71.78838,21.46488],[71.78839,21.46493],[71.78843,21.465],[71.78843,21.46509],[71.78848,21.46511],[71.78851,21.46521],[71.78851,21.46526],[71.78847,21.46531],[71.7885,21.46536],[71.78852,21.46542],[71.78858,21.46545],[71.78859,21.46549],[71.7886,21.46556],[71.78862,21.46558],[71.78863,21.46583],[71.78865,21.46584],[71.78864,21.46598],[71.78862,21.46598],[71.78857,21.46594],[71.78854,21.4659],[71.78851,21.46588],[71.78848,21.46583],[71.78837,21.46569],[71.78836,21.46562],[71.78834,21.46561],[71.78825,21.4655],[71.78825,21.46544],[71.78822,21.46542],[71.78823,21.46535],[71.78817,21.46525],[71.78812,21.46522],[71.78811,21.46515],[71.78815,21.46513],[71.78818,21.46508],[71.78818,21.46504],[71.78822,21.46493],[71.78821,21.46489],[71.78824,21.46484],[71.78822,21.4648],[71.78824,21.46475],[71.78822,21.46471],[71.78817,21.46468],[71.78811,21.46466],[71.78807,21.46461],[71.78807,21.46453],[71.78805,21.46446],[71.78799,21.46434],[71.78794,21.46428],[71.78792,21.46422],[71.78792,21.46415],[71.78787,21.46409],[71.78785,21.46402],[71.78778,21.46391],[71.78774,21.46388],[71.78768,21.46388]]]},"properties":{"PolygonId":840,"Area":24091,"Subbasin":null}},
{"type":"Feature","geometry":{"type":"Polygon","coordinates":[[[71.78864,21.45393],[71.78856,21.45393],[71.78847,21.4539],[71.78843,21.45395],[71.78835,21.454],[71.78826,21.45401],[71.78824,21.45389],[71.78825,21.4538],[71.78819,21.45376],[71.78819,21.45364],[71.78818,21.45357],[71.78821,21.45341],[71.78822,21.45338],[71.78821,21.4533],[71.78826,21.45324],[71.78826,21.45317],[71.78829,21.4531],[71.78828,21.45304],[71.78828,21.45297],[71.78824,21.45293],[71.78824,21.45288],[71.78828,21.45287],[71.78826,21.45283],[71.78826,21.45277],[71.78829,21.45277],[71.78831,21.45272],[71.78827,21.4527],[71.78832,21.45262],[71.78832,21.45258],[71.78836,21.45256],[71.78838,21.45252],[71.78841,21.4525],[71.78842,21.45244],[71.78841,21.4524],[71.78851,21.4523],[71.78853,21.45231],[71.78858,21.45226],[71.78855,21.45224],[71.78855,21.45219],[71.78844,21.45219],[71.78839,21.45219],[71.78837,21.45215],[71.78825,21.45208],[71.78825,21.45198],[71.78827,21.45194],[71.78836,21.45193],[71.78839,21.45191],[71.78848,21.45191],[71.78854,21.45188],[71.78856,21.45192],[71.7886,21.4519],[71.78874,21.45192],[71.78873,21.45198],[71.78878,21.45195],[71.78884,21.45195],[71.78886,21.45193],[71.78892,21.45193],[71.78895,21.45191],[71.78903,21.45191],[71.78905,21.45188],[71.7892,21.45186],[71.78923,21.45187],[71.78932,21.45185],[71.78935,21.45181],[71.78942,21.45181],[71.78942,21.4519],[71.78945,21.45197],[71.78944,21.45207],[71.78948,21.45217],[71.78948,21.45224],[71.78951,21.45233],[71.78961,21.4524],[71.78962,21.45246],[71.78959,21.45256],[71.78961,21.45259],[71.7896,21.45265],[71.78964,21.45267],[71.78964,21.45271],[71.7897,21.45275],[71.78971,21.45282],[71.78973,21.45284],[71.78974,21.453],[71.78978,21.453],[71.78981,21.45313],[71.7898,21.45319],[71.78988,21.45326],[71.7899,21.45341],[71.79,21.45346],[71.79001,21.4535],[71.79006,21.45351],[71.79011,21.45356],[71.79012,21.4536],[71.79016,21.4536],[71.79018,21.45366],[71.79015,21.45371],[71.7902,21.45372],[71.79021,21.45379],[71.79017,21.45387],[71.79022,21.45391],[71.7902,21.45398],[71.79024,21.45399],[71.79026,21.45403],[71.79035,21.45407],[71.79035,21.45409],[71.79045,21.45408],[71.79046,21.45411],[71.79041,21.45417],[71.79041,21.45421],[71.79046,21.45425],[71.79052,21.45424],[71.79054,21.45427],[71.79057,21.45426],[71.79062,21.45431],[71.79067,21.45432],[71.79066,21.45436],[71.79071,21.45438],[71.7907,21.45442],[71.79075,21.45445],[71.79073,21.45449],[71.79074,21.45457],[71.79077,21.45459],[71.79078,21.45465],[71.79086,21.45466],[71.79088,21.45474],[71.79088,21.45482],[71.79094,21.45491],[71.79093,21.45494],[71.79099,21.45497],[71.79103,21.45497],[71.79107,21.45503],[71.79114,21.45509],[71.79114,21.4551],[71.79108,21.4551],[71.79105,21.45508],[71.79099,21.4551],[71.79088,21.45505],[71.79083,21.45499],[71.79072,21.45492],[71.79072,21.45489],[71.79064,21.45484],[71.7906,21.45483],[71.79054,21.45475],[71.79043,21.45469],[71.79037,21.45464],[71.79035,21.45464],[71.79027,21.45457],[71.79024,21.45456],[71.79024,21.45453],[71.79019,21.45452],[71.79018,21.45448],[71.79012,21.45447],[71.79007,21.45452],[71.79002,21.45453],[71.78999,21.45447],[71.78994,21.45447],[71.78994,21.45433],[71.78988,21.45435],[71.78983,21.45435],[71.7897,21.45427],[71.78966,21.45424],[71.78966,21.4542],[71.78958,21.45417],[71.78955,21.45421],[71.78949,21.45425],[71.78944,21.4542],[71.78939,21.4542],[71.78937,21.45417],[71.78938,21.45411],[71.78934,21.45409],[71.78929,21.45409],[71.78926,21.45407],[71.78908,21.45407],[71.78903,21.45402],[71.78903,21.45399],[71.78892,21.454],[71.7889,21.45397],[71.78883,21.45397],[71.7888,21.45393],[71.78875,21.45395],[71.78871,21.45392],[71.78864,21.45393]]]},"properties":{"PolygonId":899,"Area":28466,"Subbasin":null}},
{"type":"Feature","geometry":{"type":"Polygon","coordinates":[[[71.79045,21.45408],[71.79043,21.45406],[71.79043,21.45399],[71.79039,21.45397],[71.7904,21.45393],[71.79036,21.4539],[71.79034,21.45386],[71.79025,21.45381],[71.79026,21.45376],[71.79029,21.45376],[71.79031,21.45369],[71.79031,21.45361],[71.79033,21.45359],[71.79034,21.4535],[71.79041,21.45342],[71.79041,21.45337],[71.79045,21.45331],[71.79043,21.45328],[71.79043,21.45323],[71.79046,21.45321],[71.79046,21.45308],[71.79043,21.45305],[71.79046,21.45298],[71.7905,21.45297],[71.79051,21.45294],[71.79054,21.45293],[71.79057,21.45289],[71.79056,21.45285],[71.79053,21.45282],[71.79053,21.45277],[71.79057,21.45276],[71.79055,21.45269],[71.79048,21.45264],[71.79051,21.45257],[71.7906,21.45254],[71.79067,21.45248],[71.79076,21.45246],[71.79083,21.45236],[71.79086,21.4523],[71.7909,21.45229],[71.79092,21.45226],[71.79096,21.45225],[71.79096,21.4522],[71.79104,21.45214],[71.79103,21.45208],[71.79107,21.45206],[71.79109,21.45201],[71.79122,21.45201],[71.7913,21.45198],[71.79141,21.45201],[71.79146,21.452],[71.7915,21.45204],[71.79162,21.45204],[71.79171,21.45209],[71.79179,21.45209],[71.79181,21.45211],[71.79183,21.45219],[71.79177,21.45224],[71.79179,21.45238],[71.79175,21.45246],[71.79176,21.45254],[71.79174,21.4526],[71.7917,21.45261],[71.7917,21.45271],[71.79167,21.45276],[71.79171,21.45281],[71.79172,21.45291],[71.79171,21.45292],[71.7917,21.45299],[71.79174,21.45302],[71.79177,21.45314],[71.79172,21.45319],[71.7917,21.45334],[71.79172,21.45349],[71.79177,21.45351],[71.79185,21.45352],[71.79186,21.45356],[71.79185,21.45366],[71.79183,21.45371],[71.79183,21.45377],[71.79186,21.45378],[71.79192,21.45387],[71.79196,21.45387],[71.79194,21.45392],[71.79196,21.45399],[71.79198,21.45402],[71.79199,21.45409],[71.79202,21.4541],[71.79204,21.4542],[71.79202,21.45424],[71.79204,21.45429],[71.79205,21.45429],[71.79204,21.45439],[71.79206,21.45446],[71.79203,21.45449],[71.79204,21.45454],[71.792,21.45457],[71.79202,21.45464],[71.79202,21.45471],[71.79205,21.45477],[71.79205,21.45482],[71.79203,21.45484],[71.79206,21.45493],[71.7921,21.45497],[71.79209,21.455],[71.79211,21.45506],[71.79209,21.45513],[71.79212,21.45514],[71.79212,21.45517],[71.79218,21.45522],[71.79219,21.45528],[71.79218,21.45531],[71.79222,21.45537],[71.79222,21.45543],[71.79226,21.45547],[71.79226,21.45551],[71.79231,21.45559],[71.79235,21.45567],[71.79236,21.45575],[71.7924,21.45583],[71.7924,21.45585],[71.7924,21.45586],[71.79235,21.45589],[71.79235,21.4559],[71.79236,21.4559],[71.79228,21.45593],[71.79223,21.456],[71.7921,21.45601],[71.79209,21.456],[71.79203,21.45601],[71.79201,21.45598],[71.79192,21.45596],[71.79188,21.45592],[71.79184,21.45586],[71.79184,21.45578],[71.79182,21.45575],[71.79181,21.45569],[71.79177,21.45568],[71.79172,21.45562],[71.79169,21.45562],[71.79167,21.45555],[71.79169,21.45552],[71.79169,21.45548],[71.79163,21.45547],[71.7916,21.45541],[71.79159,21.45537],[71.79151,21.45532],[71.79145,21.45531],[71.79139,21.45527],[71.79133,21.45527],[71.79131,21.45524],[71.79125,21.45521],[71.79126,21.45515],[71.79119,21.4551],[71.79116,21.4551],[71.79114,21.4551],[71.79114,21.45509],[71.79107,21.45503],[71.79103,21.45497],[71.79099,21.45497],[71.79093,21.45494],[71.79094,21.45491],[71.79088,21.45482],[71.79088,21.45474],[71.79086,21.45466],[71.79078,21.45465],[71.79077,21.45459],[71.79074,21.45457],[71.79073,21.45449],[71.79075,21.45445],[71.7907,21.45442],[71.79071,21.45438],[71.79066,21.45436],[71.79067,21.45432],[71.79062,21.45431],[71.79057,21.45426],[71.79054,21.45427],[71.79052,21.45424],[71.79046,21.45425],[71.79041,21.45421],[71.79041,21.45417],[71.79046,21.45411],[71.79045,21.45408]]]},"properties":{"PolygonId":901,"Area":12239,"Subbasin":null}},
{"type":"Feature","geometry":{"type":"Polygon","coordinates":[[[71.79179,21.45209],[71.7918,21.45205],[71.79188,21.45201],[71.79187,21.45212],[71.79196,21.45212],[71.792,21.45215],[71.79206,21.45216],[71.79211,21.45215],[71.79217,21.45218],[71.79225,21.45216],[71.79233,21.45212],[71.79239,21.45213],[71.79244,21.45211],[71.79246,21.45214],[71.79246,21.45221],[71.79253,21.4522],[71.79256,21.45225],[71.79256,21.45231],[71.79261,21.45233],[71.79259,21.45249],[71.79254,21.45253],[71.79254,21.45259],[71.79259,21.45262],[71.79259,21.45276],[71.79265,21.45276],[71.79265,21.45289],[71.79267,21.45291],[71.79267,21.453],[71.79255,21.45301],[71.79254,21.453],[71.79246,21.45301],[71.7924,21.45306],[71.79239,21.45315],[71.79232,21.45315],[71.79221,21.45319],[71.79219,21.45328],[71.79213,21.45331],[71.79213,21.45344],[71.79212,21.45346],[71.79213,21.4535],[71.79214,21.45361],[71.79216,21.45363],[71.79216,21.45373],[71.79215,21.45374],[71.79215,21.4538],[71.79217,21.45382],[71.79217,21.4539],[71.79216,21.45393],[71.79216,21.45402],[71.79218,21.45412],[71.79214,21.45412],[71.79205,21.45424],[71.79205,21.45429],[71.79204,21.45429],[71.79202,21.45424],[71.79204,21.4542],[71.79202,21.4541],[71.79199,21.45409],[71.79198,21.45402],[71.79196,21.45399],[71.79194,21.45392],[71.79196,21.45387],[71.79192,21.45387],[71.79186,21.45378],[71.79183,21.45377],[71.79183,21.45371],[71.79185,21.45366],[71.79186,21.45356],[71.79185,21.45352],[71.79177,21.45351],[71.79172,21.45349],[71.7917,21.45334],[71.79172,21.45319],[71.79177,21.45314],[71.79174,21.45302],[71.7917,21.45299],[71.79171,21.45292],[71.79172,21.45291],[71.79171,21.45281],[71.79167,21.45276],[71.7917,21.45271],[71.7917,21.45261],[71.79174,21.4526],[71.79176,21.45254],[71.79175,21.45246],[71.79179,21.45238],[71.79177,21.45224],[71.79183,21.45219],[71.79181,21.45211],[71.79179,21.45209]]]},"properties":{"PolygonId":902,"Area":13246,"Subbasin":null}},
{"type":"Feature","geometry":{"type":"Polygon","coordinates":[[[71.79205,21.45429],[71.79205,21.45424],[71.79214,21.45412],[71.79218,21.45412],[71.79216,21.45402],[71.79216,21.45393],[71.79217,21.4539],[71.79217,21.45382],[71.79215,21.4538],[71.79215,21.45374],[71.79216,21.45373],[71.79216,21.45363],[71.79214,21.45361],[71.79213,21.4535],[71.79212,21.45346],[71.79213,21.45344],[71.79213,21.45331],[71.79219,21.45328],[71.79221,21.45319],[71.79232,21.45315],[71.79239,21.45315],[71.7924,21.45306],[71.79246,21.45301],[71.79254,21.453],[71.79255,21.45301],[71.79267,21.453],[71.79281,21.45298],[71.79286,21.45298],[71.79293,21.45303],[71.79306,21.45303],[71.7931,21.45301],[71.79314,21.45296],[71.79319,21.45296],[71.79319,21.4529],[71.79322,21.45285],[71.79327,21.45285],[71.79333,21.4528],[71.79331,21.45278],[71.7933,21.45269],[71.79333,21.45265],[71.79325,21.45261],[71.79319,21.45255],[71.79314,21.45254],[71.79313,21.45248],[71.79308,21.45245],[71.79301,21.45233],[71.79298,21.45233],[71.79289,21.45226],[71.79286,21.45215],[71.79288,21.45212],[71.79296,21.45211],[71.79303,21.45212],[71.79306,21.45214],[71.79312,21.45214],[71.79315,21.45216],[71.79317,21.45221],[71.7932,21.45222],[71.79324,21.45227],[71.79324,21.45233],[71.79323,21.45235],[71.7933,21.45236],[71.79332,21.45235],[71.79336,21.4524],[71.79345,21.45239],[71.79347,21.45242],[71.7935,21.45238],[71.79355,21.45237],[71.79359,21.4524],[71.79359,21.45245],[71.79357,21.45246],[71.79354,21.45256],[71.7935,21.45263],[71.79357,21.45266],[71.79367,21.45274],[71.79367,21.4528],[71.79365,21.45282],[71.79372,21.45286],[71.79372,21.45298],[71.79384,21.453],[71.79388,21.45304],[71.79397,21.45308],[71.79397,21.45312],[71.79401,21.45313],[71.794,21.4532],[71.79408,21.45328],[71.79407,21.45336],[71.7941,21.4534],[71.79412,21.45349],[71.79408,21.45351],[71.7941,21.45366],[71.79407,21.45378],[71.79405,21.45382],[71.794,21.45386],[71.79396,21.45383],[71.79393,21.45387],[71.79398,21.45391],[71.7939,21.45396],[71.79387,21.45394],[71.7938,21.45396],[71.79376,21.45396],[71.79376,21.45404],[71.79373,21.45409],[71.79373,21.45416],[71.79369,21.45419],[71.79367,21.45423],[71.79372,21.45425],[71.79375,21.45431],[71.7938,21.45435],[71.79378,21.4544],[71.79383,21.45441],[71.79386,21.45453],[71.79384,21.45456],[71.79375,21.45461],[71.79374,21.45467],[71.79371,21.45471],[71.79366,21.45473],[71.79361,21.45473],[71.79354,21.45481],[71.79354,21.45483],[71.79353,21.45488],[71.79345,21.45493],[71.79343,21.45499],[71.79337,21.455],[71.79335,21.45506],[71.7933,21.45508],[71.79325,21.45514],[71.79321,21.45516],[71.79314,21.45525],[71.79311,21.45527],[71.79303,21.45533],[71.79298,21.45534],[71.7929,21.45537],[71.79288,21.45545],[71.79285,21.45547],[71.79281,21.45547],[71.79273,21.45549],[71.79269,21.45552],[71.79268,21.45556],[71.79264,21.45558],[71.79259,21.45564],[71.79254,21.45566],[71.79254,21.45569],[71.79249,21.45571],[71.79249,21.45575],[71.79245,21.45581],[71.79244,21.45585],[71.79243,21.45585],[71.79243,21.45586],[71.79242,21.45586],[71.79242,21.45585],[71.7924,21.45585],[71.7924,21.45583],[71.79236,21.45575],[71.79235,21.45567],[71.79231,21.45559],[71.79226,21.45551],[71.79226,21.45547],[71.79222,21.45543],[71.79222,21.45537],[71.79218,21.45531],[71.79219,21.45528],[71.79218,21.45522],[71.79212,21.45517],[71.79212,21.45514],[71.79209,21.45513],[71.79211,21.45506],[71.79209,21.455],[71.7921,21.45497],[71.79206,21.45493],[71.79203,21.45484],[71.79205,21.45482],[71.79205,21.45477],[71.79202,21.45471],[71.79202,21.45464],[71.792,21.45457],[71.79204,21.45454],[71.79203,21.45449],[71.79206,21.45446],[71.79204,21.45439],[71.79205,21.45429]]]},"properties":{"PolygonId":898,"Area":25063,"Subbasin":null}},
{"type":"Feature","geometry":{"type":"Polygon","coordinates":[[[71.7924,21.45585],[71.79242,21.45585],[71.79242,21.45586],[71.79243,21.45586],[71.79243,21.45585],[71.79244,21.45585],[71.79245,21.45581],[71.79249,21.45575],[71.79249,21.45571],[71.79254,21.45569],[71.79254,21.45566],[71.79259,21.45564],[71.79264,21.45558],[71.79268,21.45556],[71.79269,21.45552],[71.79273,21.45549],[71.79281,21.45547],[71.79285,21.45547],[71.79288,21.45545],[71.7929,21.45537],[71.79298,21.45534],[71.79303,21.45533],[71.79311,21.45527],[71.79314,21.45525],[71.79321,21.45516],[71.79325,21.45514],[71.7933,21.45508],[71.79335,21.45506],[71.79337,21.455],[71.79343,21.45499],[71.79345,21.45493],[71.79353,21.45488],[71.79354,21.45483],[71.79354,21.45481],[71.79361,21.45473],[71.79366,21.45473],[71.79371,21.45471],[71.79374,21.45467],[71.79375,21.45461],[71.79384,21.45456],[71.79386,21.45453],[71.79383,21.45441],[71.79378,21.4544],[71.7938,21.45435],[71.79375,21.45431],[71.79372,21.45425],[71.79367,21.45423],[71.79369,21.45419],[71.79373,21.45416],[71.79373,21.45409],[71.79376,21.45404],[71.79376,21.45396],[71.7938,21.45396],[71.79387,21.45394],[71.7939,21.45396],[71.79398,21.45391],[71.79393,21.45387],[71.79396,21.45383],[71.794,21.45386],[71.79405,21.45382],[71.79407,21.45378],[71.7941,21.45366],[71.79408,21.45351],[71.79412,21.45349],[71.7941,21.4534],[71.79407,21.45336],[71.79408,21.45328],[71.794,21.4532],[71.79401,21.45313],[71.794,21.45307],[71.79404,21.45304],[71.7941,21.45297],[71.7941,21.45294],[71.79419,21.45294],[71.79421,21.45289],[71.79421,21.45285],[71.79425,21.45277],[71.79431,21.45277],[71.79433,21.45274],[71.79434,21.45267],[71.79432,21.45266],[71.79419,21.45265],[71.79413,21.45263],[71.79417,21.45254],[71.79411,21.45253],[71.79408,21.45247],[71.7941,21.4524],[71.79404,21.45235],[71.79393,21.45236],[71.79389,21.45229],[71.79389,21.45224],[71.79397,21.45223],[71.79398,21.4523],[71.79403,21.45229],[71.79405,21.45233],[71.79411,21.45232],[71.79414,21.45231],[71.7942,21.45232],[71.79426,21.45232],[71.79428,21.45227],[71.79437,21.45232],[71.79439,21.45239],[71.79436,21.45245],[71.7944,21.45246],[71.79441,21.45251],[71.79444,21.45252],[71.79444,21.45258],[71.79455,21.45259],[71.79458,21.45268],[71.79464,21.45273],[71.79466,21.45281],[71.79462,21.45287],[71.79452,21.45292],[71.79453,21.45294],[71.79459,21.45297],[71.79464,21.45298],[71.79467,21.45307],[71.79466,21.45311],[71.79469,21.45315],[71.79476,21.45314],[71.79482,21.45316],[71.79484,21.45323],[71.79486,21.45326],[71.79484,21.45332],[71.79484,21.45337],[71.7949,21.4534],[71.7949,21.45345],[71.79501,21.45347],[71.79505,21.45351],[71.79504,21.45358],[71.79508,21.45361],[71.79512,21.45368],[71.79512,21.45372],[71.79516,21.45372],[71.79522,21.45376],[71.79523,21.45382],[71.79526,21.45383],[71.79524,21.45388],[71.79525,21.45397],[71.79522,21.45402],[71.79516,21.45404],[71.7951,21.45405],[71.79506,21.45407],[71.79515,21.45417],[71.79512,21.4542],[71.79516,21.45425],[71.79519,21.45432],[71.79515,21.45435],[71.79504,21.45433],[71.79505,21.45438],[71.79509,21.45438],[71.79514,21.45442],[71.79513,21.45451],[71.79509,21.45457],[71.79516,21.45462],[71.79513,21.4547],[71.79516,21.45473],[71.79515,21.45478],[71.79507,21.45479],[71.795,21.45479],[71.795,21.45483],[71.79491,21.45492],[71.79491,21.45497],[71.79489,21.45502],[71.79491,21.45503],[71.79491,21.45513],[71.79486,21.45524],[71.79487,21.45529],[71.79484,21.45531],[71.79482,21.45538],[71.79481,21.45545],[71.79478,21.4555],[71.79477,21.45561],[71.79473,21.45573],[71.79471,21.45575],[71.7947,21.45583],[71.79464,21.45589],[71.79457,21.4559],[71.79458,21.45595],[71.79449,21.45598],[71.7943,21.45597],[71.79426,21.45599],[71.79422,21.45598],[71.79419,21.45602],[71.79413,21.45606],[71.79409,21.45606],[71.79407,21.4561],[71.79402,21.45614],[71.79399,21.45614],[71.79396,21.45622],[71.79389,21.45625],[71.79378,21.45622],[71.79376,21.45619],[71.79367,21.45622],[71.79356,21.45618],[71.79348,21.45617],[71.79334,21.45618],[71.79327,21.45614],[71.79316,21.45615],[71.79312,21.45616],[71.7931,21.45621],[71.79304,21.45618],[71.79294,21.45623],[71.79284,21.45621],[71.79281,21.45619],[71.79276,21.45618],[71.79272,21.45614],[71.79269,21.45614],[71.7926,21.45607],[71.79259,21.45603],[71.79249,21.45605],[71.7924,21.45599],[71.7924,21.45595],[71.79236,21.4559],[71.79235,21.4559],[71.79235,21.45589],[71.7924,21.45586],[71.7924,21.45585]]]},"properties":{"PolygonId":892,"Area":11213,"Subbasin":null}},
{"type":"Feature","geometry":{"type":"Polygon","coordinates":[[[71.80058,21.46959],[71.80057,21.46959],[71.80055,21.46965],[71.80047,21.46976],[71.80048,21.46979],[71.80044,21.46984],[71.8004,21.46984],[71.80036,21.46989],[71.80038,21.46993],[71.80035,21.46995],[71.80036,21.46999],[71.80034,21.47007],[71.80024,21.47013],[71.80019,21.47013],[71.8002,21.47017],[71.80016,21.47019],[71.80012,21.47023],[71.80012,21.47027],[71.80007,21.4703],[71.79998,21.47038],[71.79998,21.47042],[71.79993,21.47046],[71.79993,21.47051],[71.79992,21.47056],[71.79979,21.47069],[71.79979,21.47072],[71.79968,21.47083],[71.79965,21.47087],[71.79961,21.47089],[71.79961,21.47093],[71.79958,21.47094],[71.79957,21.47104],[71.79954,21.4711],[71.79954,21.47124],[71.79957,21.47124],[71.79958,21.47133],[71.79955,21.47135],[71.79954,21.47143],[71.79952,21.47145],[71.79953,21.47155],[71.7995,21.47169],[71.79951,21.47178],[71.79952,21.4718],[71.79952,21.47186],[71.79947,21.47193],[71.79944,21.47194],[71.79943,21.47199],[71.79939,21.47202],[71.79941,21.47209],[71.7994,21.47212],[71.79934,21.47212],[71.79929,21.47216],[71.79928,21.47222],[71.7993,21.47228],[71.79927,21.47234],[71.79923,21.47237],[71.79922,21.47237],[71.79922,21.47236],[71.79922,21.47235],[71.79921,21.47235],[71.79922,21.47233],[71.79922,21.47229],[71.79924,21.47223],[71.79927,21.47219],[71.79927,21.47213],[71.7993,21.47211],[71.79928,21.47206],[71.79929,21.47192],[71.7993,21.47187],[71.79932,21.47175],[71.79929,21.47171],[71.79932,21.47167],[71.79931,21.4716],[71.79929,21.47153],[71.7993,21.47144],[71.79928,21.47143],[71.79927,21.47125],[71.79931,21.47119],[71.79927,21.47117],[71.79926,21.47111],[71.79926,21.47103],[71.79931,21.47101],[71.7993,21.4709],[71.79928,21.47088],[71.7993,21.47083],[71.7993,21.47077],[71.79929,21.4707],[71.79923,21.47065],[71.7992,21.47065],[71.79919,21.47057],[71.79923,21.47049],[71.79922,21.47039],[71.79915,21.47034],[71.79916,21.47032],[71.79915,21.47027],[71.79916,21.47021],[71.79919,21.47018],[71.79915,21.47006],[71.79912,21.47002],[71.79911,21.46997],[71.79909,21.46994],[71.79907,21.46988],[71.79908,21.46982],[71.79905,21.46978],[71.79907,21.4697],[71.79905,21.46968],[71.79905,21.46953],[71.79907,21.46952],[71.79911,21.46943],[71.79909,21.46935],[71.79911,21.46933],[71.79911,21.46925],[71.79909,21.4692],[71.79903,21.46916],[71.79901,21.46907],[71.79903,21.46901],[71.79904,21.46895],[71.79904,21.46887],[71.79904,21.46875],[71.79901,21.46872],[71.799,21.46861],[71.79901,21.46854],[71.79905,21.4685],[71.79907,21.46841],[71.79908,21.46838],[71.79916,21.46834],[71.79918,21.46827],[71.79924,21.46825],[71.79927,21.46821],[71.79924,21.46816],[71.79926,21.46812],[71.79923,21.46807],[71.79923,21.46801],[71.79926,21.46801],[71.79924,21.4679],[71.79916,21.46781],[71.79911,21.46779],[71.79909,21.46771],[71.79905,21.46769],[71.79907,21.46765],[71.79905,21.46758],[71.79899,21.46755],[71.79895,21.46756],[71.79879,21.46742],[71.79878,21.46736],[71.79879,21.46728],[71.79876,21.46726],[71.79875,21.46722],[71.79863,21.46722],[71.7986,21.46719],[71.79854,21.46719],[71.79848,21.46709],[71.79844,21.46707],[71.79844,21.46704],[71.79836,21.46703],[71.7983,21.46701],[71.79828,21.46692],[71.79824,21.4669],[71.79821,21.46683],[71.79813,21.46681],[71.7981,21.46674],[71.79805,21.46673],[71.79802,21.46668],[71.79795,21.46662],[71.79795,21.46658],[71.79788,21.46651],[71.79784,21.46649],[71.79785,21.46643],[71.79787,21.46641],[71.79787,21.46636],[71.7978,21.4663],[71.7978,21.4662],[71.79778,21.46619],[71.79776,21.46613],[71.79777,21.46606],[71.79779,21.46604],[71.79778,21.46598],[71.79776,21.46596],[71.79776,21.46588],[71.79773,21.46577],[71.7977,21.46572],[71.79766,21.46568],[71.79765,21.4656],[71.79761,21.46553],[71.79761,21.46543],[71.79757,21.46539],[71.79756,21.4653],[71.79751,21.46518],[71.79752,21.4651],[71.7975,21.46507],[71.79747,21.46496],[71.79746,21.46496],[71.79741,21.46491],[71.79734,21.46486],[71.79733,21.46481],[71.7973,21.46478],[71.7973,21.46469],[71.79726,21.46461],[71.79725,21.46457],[71.79718,21.46452],[71.79713,21.46442],[71.79715,21.46436],[71.79711,21.46431],[71.79706,21.46422],[71.79706,21.46418],[71.79702,21.46416],[71.79699,21.46412],[71.797,21.46404],[71.79705,21.4639],[71.79705,21.46384],[71.79698,21.46372],[71.79698,21.46362],[71.79695,21.46359],[71.79691,21.46351],[71.79685,21.46345],[71.7968,21.46338],[71.79673,21.46329],[71.79672,21.46325],[71.79666,21.46324],[71.79658,21.46313],[71.7965,21.46309],[71.79648,21.46299],[71.79643,21.46295],[71.79644,21.46291],[71.7964,21.46284],[71.79637,21.46281],[71.79638,21.46276],[71.79642,21.46271],[71.79646,21.46263],[71.79646,21.46259],[71.79642,21.46255],[71.79642,21.4625],[71.79655,21.46245],[71.79663,21.4624],[71.79663,21.46239],[71.79661,21.46229],[71.79659,21.46225],[71.79656,21.46224],[71.79656,21.46218],[71.7966,21.46215],[71.79663,21.46211],[71.79663,21.46203],[71.79661,21.46201],[71.79661,21.46182],[71.79658,21.46181],[71.79658,21.46174],[71.7966,21.46173],[71.7966,21.46167],[71.79663,21.46162],[71.79671,21.46161],[71.79676,21.46159],[71.79675,21.46156],[71.7968,21.46147],[71.79681,21.46138],[71.79679,21.46136],[71.7968,21.46124],[71.79678,21.46118],[71.7968,21.46116],[71.79679,21.46103],[71.79682,21.461],[71.79681,21.46087],[71.79681,21.46085],[71.79681,21.46078],[71.79678,21.46074],[71.79673,21.46071],[71.79673,21.46057],[71.79674,21.46053],[71.79672,21.46048],[71.79672,21.46032],[71.79668,21.46024],[71.79669,21.46018],[71.79665,21.46013],[71.79666,21.46004],[71.79665,21.45988],[71.79663,21.45982],[71.79662,21.45974],[71.7966,21.45967],[71.79663,21.45966],[71.79664,21.45954],[71.79666,21.45953],[71.79668,21.45948],[71.79671,21.45941],[71.79668,21.45937],[71.79668,21.45927],[71.79669,21.45917],[71.79664,21.45915],[71.79655,21.45909],[71.79652,21.45901],[71.79655,21.45898],[71.79656,21.45889],[71.79661,21.45884],[71.79661,21.45879],[71.79663,21.45877],[71.79664,21.45871],[71.79667,21.4587],[71.79666,21.45866],[71.7967,21.45862],[71.79676,21.45854],[71.79676,21.45851],[71.79681,21.45845],[71.79688,21.45845],[71.79702,21.45834],[71.79705,21.45834],[71.79707,21.4583],[71.79712,21.45826],[71.79718,21.45825],[71.79722,21.45823],[71.79722,21.45818],[71.79742,21.45801],[71.79752,21.45792],[71.79755,21.45791],[71.79765,21.45778],[71.79767,21.45777],[71.79767,21.45768],[71.79773,21.45768],[71.79777,21.45766],[71.79778,21.45762],[71.79778,21.45758],[71.79783,21.45754],[71.79789,21.45743],[71.79791,21.45742],[71.79797,21.45737],[71.79799,21.45733],[71.79798,21.45725],[71.79802,21.45721],[71.79806,21.45719],[71.79804,21.45715],[71.79804,21.45708],[71.79808,21.45705],[71.79807,21.45701],[71.79809,21.4569],[71.79809,21.45683],[71.79812,21.45679],[71.79813,21.45674],[71.79811,21.45672],[71.79811,21.45665],[71.79816,21.45661],[71.7982,21.45656],[71.79815,21.4565],[71.79815,21.45646],[71.79812,21.45645],[71.79813,21.4564],[71.79823,21.45629],[71.79828,21.45628],[71.7983,21.45626],[71.79833,21.45611],[71.7984,21.45607],[71.7984,21.45605],[71.79851,21.45602],[71.79851,21.45599],[71.79857,21.45597],[71.79861,21.45599],[71.79867,21.45595],[71.79873,21.45594],[71.79876,21.45591],[71.79877,21.45585],[71.79882,21.45584],[71.79892,21.45572],[71.79896,21.4557],[71.79914,21.45568],[71.79919,21.4557],[71.79924,21.45575],[71.7993,21.45574],[71.79929,21.4557],[71.79933,21.45569],[71.79933,21.45561],[71.79935,21.45557],[71.79938,21.45556],[71.79939,21.4555],[71.79946,21.45548],[71.7996,21.45539],[71.79965,21.45539],[71.79972,21.45533],[71.79978,21.45538],[71.79975,21.45541],[71.79969,21.45543],[71.79961,21.45548],[71.79963,21.45551],[71.79963,21.4557],[71.7996,21.45576],[71.79953,21.45584],[71.79953,21.45588],[71.7995,21.45592],[71.7995,21.45595],[71.79944,21.45599],[71.79947,21.45605],[71.79947,21.4561],[71.79943,21.45614],[71.79944,21.4562],[71.79941,21.45622],[71.7994,21.45626],[71.79936,21.45628],[71.79937,21.45634],[71.7994,21.45635],[71.79943,21.45642],[71.79938,21.45652],[71.79941,21.45654],[71.7994,21.45662],[71.79935,21.45667],[71.79928,21.45673],[71.79924,21.4568],[71.79923,21.45683],[71.7992,21.45685],[71.79917,21.4569],[71.79917,21.45698],[71.79918,21.45709],[71.79915,21.45712],[71.79914,21.45717],[71.79911,21.45719],[71.79907,21.45724],[71.79905,21.45725],[71.79894,21.45736],[71.79895,21.45742],[71.79892,21.45744],[71.79893,21.45749],[71.79892,21.45755],[71.79886,21.45758],[71.79884,21.45762],[71.79875,21.45765],[71.79874,21.45772],[71.79866,21.45771],[71.79865,21.45773],[71.79866,21.45788],[71.79863,21.4579],[71.79864,21.45797],[71.7986,21.45807],[71.79858,21.4582],[71.79855,21.45824],[71.79856,21.45833],[71.79856,21.45839],[71.79862,21.45844],[71.79866,21.45845],[71.79871,21.45853],[71.79875,21.45853],[71.7988,21.45858],[71.79884,21.45868],[71.79881,21.45871],[71.7989,21.45891],[71.79893,21.45895],[71.79896,21.45902],[71.79895,21.45912],[71.79891,21.45917],[71.79891,21.45923],[71.79896,21.45926],[71.799,21.45934],[71.799,21.45937],[71.79909,21.45947],[71.79908,21.45951],[71.79909,21.45959],[71.79902,21.45967],[71.79902,21.45971],[71.79899,21.45974],[71.79897,21.45982],[71.79901,21.45995],[71.79906,21.45999],[71.79906,21.46002],[71.79914,21.46009],[71.79917,21.46009],[71.79918,21.46015],[71.79921,21.46018],[71.79921,21.46025],[71.79923,21.4603],[71.79923,21.46038],[71.79937,21.46042],[71.79938,21.46047],[71.79946,21.46057],[71.79948,21.46064],[71.79947,21.4607],[71.7995,21.46073],[71.79949,21.4608],[71.79952,21.46082],[71.79954,21.4609],[71.79957,21.46098],[71.79961,21.461],[71.79968,21.46115],[71.79974,21.46122],[71.79974,21.46127],[71.79986,21.4614],[71.79988,21.46144],[71.79989,21.46154],[71.79998,21.46161],[71.79998,21.46165],[71.80002,21.46168],[71.80002,21.46173],[71.79999,21.46174],[71.80003,21.46181],[71.80003,21.46188],[71.80006,21.46195],[71.80005,21.46203],[71.80007,21.46222],[71.80003,21.46234],[71.80004,21.46244],[71.80007,21.46249],[71.80005,21.46258],[71.80007,21.46262],[71.80007,21.46271],[71.80009,21.46275],[71.80011,21.46298],[71.80018,21.46306],[71.80019,21.46318],[71.80023,21.46326],[71.80026,21.46331],[71.80026,21.46338],[71.8003,21.46344],[71.80032,21.46354],[71.80032,21.46364],[71.80034,21.46367],[71.80034,21.46368],[71.80037,21.46378],[71.80039,21.46381],[71.8004,21.46387],[71.80042,21.46392],[71.80044,21.46406],[71.80041,21.46409],[71.80042,21.46428],[71.80042,21.46449],[71.80048,21.46459],[71.80048,21.46464],[71.80053,21.46474],[71.80057,21.46476],[71.80057,21.46481],[71.80059,21.46494],[71.80057,21.46502],[71.8006,21.46508],[71.80062,21.46509],[71.80063,21.46518],[71.8006,21.46522],[71.80066,21.46526],[71.80072,21.46534],[71.80074,21.46538],[71.80074,21.46547],[71.80075,21.46551],[71.80074,21.46573],[71.80075,21.46582],[71.8007,21.46587],[71.80071,21.4659],[71.80071,21.46598],[71.80075,21.46599],[71.80081,21.46605],[71.80083,21.4661],[71.80082,21.46616],[71.80083,21.46622],[71.8009,21.46628],[71.80095,21.46629],[71.80095,21.46632],[71.80097,21.46637],[71.80097,21.4664],[71.80097,21.4665],[71.80098,21.46654],[71.80104,21.4666],[71.80104,21.46667],[71.80101,21.46673],[71.80097,21.46677],[71.80095,21.46681],[71.80105,21.46681],[71.80113,21.46685],[71.80116,21.46685],[71.8012,21.46689],[71.80121,21.46694],[71.80122,21.46702],[71.80119,21.46708],[71.80115,21.46713],[71.80112,21.46719],[71.80112,21.4673],[71.8011,21.46732],[71.80114,21.46739],[71.80109,21.46744],[71.80111,21.46755],[71.80111,21.46762],[71.80113,21.46765],[71.80109,21.46771],[71.80111,21.46778],[71.80111,21.46785],[71.8011,21.4679],[71.80113,21.46794],[71.80114,21.468],[71.80111,21.46802],[71.80106,21.46809],[71.80106,21.46813],[71.80102,21.46821],[71.80101,21.46829],[71.80097,21.46833],[71.80098,21.46837],[71.80098,21.4685],[71.80096,21.46851],[71.80098,21.46859],[71.80094,21.46865],[71.80093,21.46873],[71.8009,21.46878],[71.80095,21.46884],[71.80092,21.46893],[71.80095,21.46906],[71.80087,21.4691],[71.80084,21.46916],[71.80079,21.46916],[71.80075,21.4693],[71.80072,21.46932],[71.80072,21.46936],[71.80065,21.46944],[71.80063,21.46947],[71.80058,21.46951],[71.8006,21.46954],[71.80058,21.46957],[71.80058,21.46959]]]},"properties":{"PolygonId":673,"Area":184636,"Subbasin":null}},
{"type":"Feature","geometry":{"type":"Polygon","coordinates":[[[71.8027,21.46362],[71.80264,21.4637],[71.80263,21.46371],[71.8026,21.46377],[71.80247,21.46382],[71.80241,21.46389],[71.80236,21.46393],[71.80235,21.46395],[71.80213,21.46417],[71.80207,21.46423],[71.80201,21.46423],[71.80189,21.46432],[71.80187,21.46436],[71.80179,21.46441],[71.80177,21.46443],[71.8017,21.46449],[71.8017,21.46451],[71.8016,21.46455],[71.80162,21.46452],[71.80177,21.46442],[71.80178,21.46437],[71.80183,21.46431],[71.8019,21.46425],[71.80192,21.46422],[71.80199,21.46417],[71.80206,21.4641],[71.80206,21.46405],[71.80212,21.46395],[71.80215,21.46394],[71.80222,21.46387],[71.80224,21.46382],[71.80231,21.46377],[71.80236,21.46373],[71.80237,21.4637],[71.80243,21.46365],[71.80245,21.46358],[71.80248,21.46356],[71.80251,21.4635],[71.80254,21.46347],[71.80258,21.46345],[71.80258,21.46342],[71.80264,21.46332],[71.80267,21.46332],[71.80275,21.46325],[71.80278,21.46322],[71.80283,21.46317],[71.80283,21.46314],[71.80288,21.46307],[71.80293,21.46305],[71.80296,21.463],[71.80297,21.46287],[71.803,21.46284],[71.80299,21.46279],[71.80302,21.46273],[71.80311,21.46263],[71.80311,21.46256],[71.80306,21.46252],[71.80306,21.46238],[71.80308,21.46228],[71.80308,21.46223],[71.8031,21.46215],[71.80313,21.46208],[71.80311,21.46187],[71.80316,21.46176],[71.80321,21.46171],[71.80326,21.46161],[71.80329,21.46159],[71.80334,21.46155],[71.80341,21.4615],[71.80343,21.46143],[71.80349,21.46138],[71.80349,21.46132],[71.8035,21.46129],[71.80356,21.46123],[71.8036,21.46123],[71.80365,21.46119],[71.80366,21.46115],[71.80368,21.46112],[71.80373,21.46103],[71.80374,21.46098],[71.80371,21.46084],[71.80369,21.46077],[71.8037,21.46075],[71.8037,21.46069],[71.80372,21.46066],[71.80374,21.46053],[71.80374,21.46052],[71.8038,21.46041],[71.80378,21.46035],[71.80378,21.46029],[71.80377,21.46009],[71.80372,21.46001],[71.80371,21.45993],[71.8037,21.4598],[71.80362,21.4597],[71.80362,21.45963],[71.80361,21.45961],[71.8036,21.45953],[71.80357,21.45951],[71.80357,21.45946],[71.80361,21.45936],[71.80362,21.45929],[71.80365,21.45925],[71.80366,21.45916],[71.80364,21.45915],[71.80364,21.45903],[71.80369,21.45901],[71.80363,21.45893],[71.80364,21.45891],[71.8038,21.45893],[71.80386,21.45894],[71.80388,21.45896],[71.80392,21.45896],[71.80397,21.45899],[71.804,21.45899],[71.80405,21.45902],[71.80408,21.45902],[71.80412,21.45905],[71.8042,21.45908],[71.80431,21.4591],[71.8044,21.45915],[71.80443,21.45914],[71.80448,21.45917],[71.80457,21.45919],[71.80464,21.45919],[71.80468,21.45921],[71.8047,21.45913],[71.80465,21.45909],[71.80464,21.45905],[71.8047,21.45904],[71.80469,21.45894],[71.8048,21.45893],[71.80487,21.45889],[71.80486,21.45869],[71.80489,21.45864],[71.80493,21.45863],[71.80491,21.45857],[71.80492,21.45852],[71.80497,21.4585],[71.80498,21.45846],[71.80501,21.45845],[71.80504,21.45837],[71.80508,21.45836],[71.80507,21.45832],[71.80509,21.45829],[71.8052,21.45826],[71.80526,21.45822],[71.8053,21.45821],[71.80533,21.45818],[71.80533,21.45812],[71.80545,21.45806],[71.80548,21.45807],[71.80556,21.45807],[71.8056,21.45803],[71.80567,21.45805],[71.8056,21.45811],[71.80561,21.45818],[71.80561,21.45822],[71.80558,21.45824],[71.80558,21.45831],[71.8056,21.45832],[71.8056,21.4584],[71.80563,21.45843],[71.80568,21.45854],[71.80572,21.45856],[71.80572,21.45859],[71.80578,21.45865],[71.80585,21.45863],[71.80591,21.45859],[71.80595,21.45859],[71.80599,21.45858],[71.80604,21.45858],[71.80607,21.45864],[71.80608,21.45872],[71.80611,21.45876],[71.80612,21.45884],[71.80616,21.45886],[71.80615,21.45893],[71.80615,21.45907],[71.80614,21.45911],[71.80614,21.45918],[71.80612,21.4592],[71.80615,21.45926],[71.80614,21.45931],[71.80617,21.45936],[71.80617,21.45947],[71.80619,21.45949],[71.80618,21.45954],[71.80624,21.45957],[71.80627,21.45965],[71.8063,21.45968],[71.8063,21.45971],[71.80636,21.45976],[71.80633,21.45987],[71.80633,21.45992],[71.80639,21.46],[71.80637,21.46002],[71.80637,21.4601],[71.80637,21.46016],[71.8064,21.46018],[71.80637,21.46024],[71.80643,21.46031],[71.80639,21.46034],[71.80635,21.4604],[71.80632,21.4604],[71.80628,21.46044],[71.80626,21.46044],[71.80621,21.4605],[71.80622,21.46051],[71.80622,21.46062],[71.80618,21.46065],[71.80616,21.46072],[71.80615,21.46078],[71.8061,21.46083],[71.80602,21.46087],[71.80602,21.46093],[71.806,21.46095],[71.80598,21.461],[71.80591,21.46106],[71.80586,21.46108],[71.80579,21.46108],[71.80571,21.46112],[71.80566,21.46118],[71.80556,21.46121],[71.80551,21.46122],[71.80547,21.46124],[71.80541,21.46124],[71.80535,21.4613],[71.8053,21.46132],[71.80524,21.46138],[71.80524,21.46141],[71.80516,21.46151],[71.80507,21.46156],[71.80507,21.46158],[71.80502,21.46162],[71.80496,21.46169],[71.80491,21.46178],[71.80488,21.46182],[71.80488,21.46186],[71.80483,21.4619],[71.80483,21.46195],[71.80481,21.462],[71.80477,21.46204],[71.80477,21.46208],[71.80469,21.46217],[71.80466,21.46219],[71.80463,21.46224],[71.80458,21.46227],[71.80455,21.46233],[71.80448,21.46237],[71.80438,21.46244],[71.80431,21.46246],[71.80428,21.4625],[71.80422,21.4625],[71.80408,21.46267],[71.80403,21.46268],[71.80399,21.46275],[71.80388,21.46281],[71.80383,21.46286],[71.80371,21.46295],[71.80363,21.46295],[71.80359,21.463],[71.80346,21.463],[71.80338,21.46303],[71.80336,21.46309],[71.80327,21.46312],[71.8032,21.46317],[71.80318,21.4632],[71.80312,21.46323],[71.80304,21.46331],[71.80304,21.46333],[71.80295,21.4634],[71.80288,21.46344],[71.80287,21.46346],[71.80279,21.46348],[71.80271,21.46358],[71.80272,21.46362],[71.8027,21.46362]]]},"properties":{"PolygonId":822,"Area":54767,"Subbasin":null}},
{"type":"Feature","geometry":{"type":"Polygon","coordinates":[[[71.80121,21.46694],[71.80122,21.46694],[71.80124,21.46691],[71.80125,21.4668],[71.80126,21.46677],[71.80138,21.46668],[71.80144,21.46667],[71.80147,21.46664],[71.80151,21.46664],[71.80154,21.4666],[71.80161,21.46656],[71.80167,21.46654],[71.80172,21.46655],[71.80176,21.46652],[71.80196,21.46647],[71.80198,21.46645],[71.80205,21.46645],[71.80212,21.4664],[71.80221,21.46637],[71.80229,21.46631],[71.80236,21.46627],[71.80244,21.46625],[71.80249,21.46621],[71.80257,21.4662],[71.8026,21.4662],[71.80262,21.46617],[71.80267,21.46617],[71.80278,21.46612],[71.80288,21.46612],[71.80299,21.46605],[71.80306,21.46602],[71.80318,21.46593],[71.80318,21.4659],[71.80328,21.46582],[71.80335,21.46581],[71.80345,21.46573],[71.80356,21.46572],[71.80369,21.46566],[71.80373,21.46566],[71.80383,21.46561],[71.8039,21.46561],[71.80391,21.46559],[71.80404,21.46558],[71.80414,21.46554],[71.8042,21.46549],[71.80427,21.46548],[71.80435,21.46542],[71.80443,21.4654],[71.80451,21.46535],[71.80461,21.46534],[71.8047,21.46528],[71.80476,21.46528],[71.80481,21.46524],[71.80484,21.46524],[71.80493,21.46517],[71.80499,21.46517],[71.80502,21.46511],[71.80508,21.46508],[71.80511,21.46504],[71.80517,21.46503],[71.80522,21.46496],[71.80523,21.4649],[71.8053,21.46491],[71.80533,21.46496],[71.80541,21.46494],[71.8055,21.46494],[71.80553,21.46494],[71.80556,21.46492],[71.80565,21.4649],[71.80571,21.46486],[71.80582,21.46487],[71.80583,21.46486],[71.80594,21.46486],[71.80603,21.46484],[71.8061,21.46484],[71.80613,21.46482],[71.80625,21.46481],[71.80627,21.46478],[71.80633,21.46477],[71.80638,21.46474],[71.80645,21.46472],[71.80648,21.46467],[71.80651,21.46467],[71.80657,21.46462],[71.80665,21.46453],[71.8067,21.46452],[71.80681,21.46446],[71.80697,21.46448],[71.80704,21.46447],[71.80709,21.4645],[71.80716,21.4645],[71.8072,21.46453],[71.80737,21.46452],[71.80746,21.46447],[71.80751,21.46447],[71.80758,21.46444],[71.80769,21.46442],[71.80777,21.46445],[71.80787,21.46444],[71.80789,21.46447],[71.80795,21.46446],[71.80803,21.46437],[71.80807,21.46439],[71.80814,21.46439],[71.80815,21.46431],[71.80817,21.46429],[71.80816,21.4642],[71.8082,21.46417],[71.80833,21.46416],[71.80838,21.46414],[71.80839,21.4641],[71.80845,21.46409],[71.80851,21.46403],[71.80855,21.46403],[71.80856,21.46398],[71.80852,21.46393],[71.80853,21.46386],[71.80857,21.46385],[71.80865,21.46376],[71.8087,21.46376],[71.8087,21.4637],[71.80874,21.46366],[71.80874,21.46355],[71.80878,21.46351],[71.80889,21.46352],[71.80893,21.46345],[71.80897,21.46345],[71.80902,21.46341],[71.8091,21.46341],[71.80912,21.46346],[71.80908,21.46352],[71.80908,21.46361],[71.80905,21.46367],[71.80896,21.46367],[71.80895,21.46371],[71.8089,21.46376],[71.80891,21.4638],[71.80889,21.46385],[71.80882,21.46388],[71.8088,21.46393],[71.80876,21.46394],[71.80876,21.46403],[71.80869,21.46407],[71.80869,21.4641],[71.80863,21.46416],[71.80861,21.46421],[71.80857,21.46426],[71.80857,21.46431],[71.80851,21.46433],[71.80842,21.46434],[71.80836,21.46435],[71.80835,21.46438],[71.80829,21.4644],[71.80826,21.46445],[71.80826,21.4645],[71.8083,21.46453],[71.80831,21.46459],[71.80829,21.46463],[71.8082,21.46464],[71.80818,21.4647],[71.80814,21.46467],[71.80811,21.46471],[71.80807,21.46471],[71.80806,21.46475],[71.80803,21.46475],[71.80801,21.46482],[71.80798,21.46485],[71.80794,21.46485],[71.80793,21.46489],[71.80792,21.46498],[71.80773,21.46507],[71.8077,21.46515],[71.80767,21.46517],[71.80765,21.46524],[71.80758,21.46527],[71.80757,21.46544],[71.80758,21.46547],[71.80761,21.46549],[71.80759,21.46553],[71.80759,21.4656],[71.80765,21.46564],[71.80767,21.4657],[71.80767,21.46578],[71.80759,21.46587],[71.80755,21.46587],[71.80751,21.46591],[71.8075,21.46599],[71.80752,21.46602],[71.80751,21.46607],[71.80751,21.46618],[71.80754,21.46622],[71.80759,21.46625],[71.80756,21.46632],[71.8075,21.46639],[71.80749,21.46647],[71.80746,21.46652],[71.80742,21.46654],[71.8074,21.4666],[71.80736,21.46662],[71.80732,21.46668],[71.80727,21.46669],[71.80727,21.46672],[71.80724,21.46674],[71.80718,21.46681],[71.80714,21.46684],[71.80713,21.46692],[71.80702,21.46698],[71.80697,21.46702],[71.80692,21.46702],[71.80688,21.46707],[71.80668,21.46719],[71.80665,21.46725],[71.80657,21.46725],[71.80652,21.46731],[71.80651,21.46733],[71.80644,21.46733],[71.80637,21.4673],[71.80632,21.4673],[71.80628,21.46734],[71.80625,21.46732],[71.80616,21.46732],[71.80613,21.46729],[71.80607,21.46734],[71.80601,21.4674],[71.80601,21.46742],[71.80595,21.46746],[71.80588,21.46743],[71.80587,21.46743],[71.80581,21.46745],[71.80569,21.46745],[71.80559,21.46749],[71.80557,21.46751],[71.80552,21.46752],[71.80549,21.46754],[71.80536,21.46757],[71.8053,21.46762],[71.80524,21.46763],[71.80516,21.46762],[71.80504,21.46756],[71.80499,21.46759],[71.80494,21.4676],[71.8049,21.4676],[71.80484,21.4676],[71.8048,21.46756],[71.80476,21.46757],[71.80463,21.46758],[71.80455,21.46755],[71.80452,21.46751],[71.80441,21.46751],[71.80438,21.46752],[71.8043,21.46751],[71.80422,21.46753],[71.80417,21.46758],[71.80413,21.46758],[71.80406,21.46762],[71.80396,21.4677],[71.80394,21.46773],[71.80388,21.46775],[71.80382,21.46776],[71.80379,21.46778],[71.80364,21.46781],[71.80362,21.46783],[71.80354,21.46782],[71.80351,21.46784],[71.80345,21.46785],[71.80338,21.46791],[71.80334,21.46791],[71.8033,21.46794],[71.80324,21.46794],[71.80318,21.46798],[71.80313,21.46798],[71.80307,21.468],[71.80299,21.46801],[71.80294,21.46805],[71.80282,21.46808],[71.80278,21.46811],[71.80271,21.46813],[71.80266,21.46819],[71.80261,21.46821],[71.80257,21.46828],[71.80249,21.46832],[71.80234,21.46845],[71.80227,21.46846],[71.80225,21.46848],[71.80216,21.46852],[71.80211,21.46856],[71.802,21.46858],[71.80194,21.46862],[71.80185,21.46863],[71.8018,21.46865],[71.80174,21.46866],[71.80171,21.46868],[71.80165,21.46868],[71.80161,21.4687],[71.80159,21.46876],[71.80155,21.4688],[71.8015,21.46882],[71.80141,21.46884],[71.80133,21.46881],[71.80131,21.46885],[71.80126,21.46887],[71.80123,21.46893],[71.80119,21.46898],[71.80115,21.46899],[71.80114,21.46899],[71.80111,21.469],[71.8011,21.46905],[71.80101,21.46905],[71.80097,21.46908],[71.80096,21.46912],[71.80093,21.46913],[71.80092,21.46924],[71.80093,21.46927],[71.80086,21.46932],[71.80086,21.46935],[71.80083,21.4694],[71.80077,21.46947],[71.80075,21.46952],[71.80059,21.4696],[71.80058,21.46959],[71.80058,21.46957],[71.8006,21.46954],[71.80058,21.46951],[71.80063,21.46947],[71.80065,21.46944],[71.80072,21.46936],[71.80072,21.46932],[71.80075,21.4693],[71.80079,21.46916],[71.80084,21.46916],[71.80087,21.4691],[71.80095,21.46906],[71.80092,21.46893],[71.80095,21.46884],[71.8009,21.46878],[71.80093,21.46873],[71.80094,21.46865],[71.80098,21.46859],[71.80096,21.46851],[71.80098,21.4685],[71.80098,21.46837],[71.80097,21.46833],[71.80101,21.46829],[71.80102,21.46821],[71.80106,21.46813],[71.80106,21.46809],[71.80111,21.46802],[71.80114,21.468],[71.80113,21.46794],[71.8011,21.4679],[71.80111,21.46785],[71.80111,21.46778],[71.80109,21.46771],[71.80113,21.46765],[71.80111,21.46762],[71.80111,21.46755],[71.80109,21.46744],[71.80114,21.46739],[71.8011,21.46732],[71.80112,21.4673],[71.80112,21.46719],[71.80115,21.46713],[71.80119,21.46708],[71.80122,21.46702],[71.80121,21.46694]]]},"properties":{"PolygonId":698,"Area":43191,"Subbasin":null}},
{"type":"Feature","geometry":{"type":"Polygon","coordinates":[[[71.80312,21.47285],[71.80311,21.47282],[71.80301,21.47277],[71.80293,21.4727],[71.80289,21.47269],[71.80281,21.47265],[71.80266,21.47266],[71.80258,21.47261],[71.80248,21.47259],[71.80233,21.4726],[71.80228,21.47256],[71.80212,21.47253],[71.80202,21.47257],[71.80192,21.47256],[71.80187,21.47261],[71.80185,21.47266],[71.80182,21.47269],[71.80177,21.47269],[71.80175,21.47271],[71.80166,21.47273],[71.80164,21.47271],[71.80155,21.47273],[71.80151,21.4727],[71.80146,21.47271],[71.80142,21.47274],[71.80129,21.47278],[71.80123,21.47278],[71.80119,21.47282],[71.80116,21.47282],[71.80111,21.47285],[71.80098,21.47287],[71.80094,21.47293],[71.8009,21.47295],[71.80085,21.47294],[71.80079,21.47297],[71.80078,21.47299],[71.8007,21.47298],[71.80061,21.47305],[71.80049,21.47307],[71.80041,21.47313],[71.80037,21.4731],[71.8003,21.47313],[71.8002,21.47316],[71.80019,21.47318],[71.80012,21.4732],[71.80008,21.47324],[71.8,21.47325],[71.79997,21.47323],[71.79986,21.47326],[71.79984,21.47329],[71.79978,21.47331],[71.79972,21.47331],[71.79968,21.47328],[71.79966,21.47333],[71.79956,21.47329],[71.79942,21.47329],[71.79939,21.47334],[71.79929,21.47333],[71.79926,21.47337],[71.7992,21.47336],[71.79918,21.47336],[71.79919,21.47336],[71.79919,21.47335],[71.7992,21.47333],[71.79921,21.47332],[71.79924,21.47332],[71.79924,21.47328],[71.79927,21.47326],[71.79924,21.47322],[71.79926,21.47317],[71.79925,21.47314],[71.79929,21.47306],[71.79934,21.47302],[71.79932,21.47294],[71.79942,21.47293],[71.79943,21.47286],[71.79946,21.47284],[71.79946,21.4728],[71.7995,21.47276],[71.7995,21.47271],[71.79952,21.47266],[71.79955,21.47266],[71.79955,21.47259],[71.79952,21.47259],[71.79953,21.47252],[71.79957,21.47246],[71.7996,21.47244],[71.79964,21.47236],[71.79968,21.47236],[71.79971,21.47231],[71.79969,21.47226],[71.79972,21.47225],[71.79971,21.4722],[71.79974,21.47217],[71.79975,21.47212],[71.79978,21.47208],[71.79978,21.47205],[71.79981,21.47199],[71.79981,21.47196],[71.79986,21.47195],[71.79992,21.47186],[71.79996,21.47186],[71.79996,21.47179],[71.80007,21.47171],[71.8001,21.47162],[71.80017,21.47156],[71.80017,21.47148],[71.80025,21.47137],[71.80025,21.47131],[71.80028,21.47129],[71.80034,21.47121],[71.80035,21.47116],[71.80038,21.47112],[71.80043,21.4711],[71.80045,21.47108],[71.80047,21.471],[71.80051,21.47098],[71.8005,21.47092],[71.80061,21.47081],[71.80061,21.47078],[71.80066,21.47076],[71.8007,21.47066],[71.80077,21.47053],[71.8008,21.47051],[71.80084,21.47042],[71.80095,21.47034],[71.80103,21.47025],[71.80107,21.47024],[71.80114,21.47019],[71.80117,21.47015],[71.80132,21.4701],[71.80134,21.47006],[71.80142,21.47003],[71.80148,21.47004],[71.80168,21.47003],[71.80172,21.47004],[71.80183,21.47001],[71.80191,21.47001],[71.80199,21.46993],[71.80205,21.46993],[71.80209,21.46991],[71.80217,21.4699],[71.80225,21.4699],[71.80227,21.46988],[71.80237,21.46986],[71.8025,21.46986],[71.80257,21.46989],[71.80269,21.46992],[71.8027,21.46996],[71.80276,21.47],[71.80282,21.47006],[71.80286,21.47006],[71.80292,21.4701],[71.80297,21.47011],[71.80311,21.47012],[71.80313,21.47013],[71.8032,21.47013],[71.80324,21.47015],[71.80332,21.47014],[71.80339,21.47018],[71.80346,21.47017],[71.8035,21.47022],[71.8036,21.47029],[71.8036,21.47033],[71.80361,21.47035],[71.80367,21.47035],[71.80373,21.47041],[71.80377,21.47042],[71.80382,21.47048],[71.80388,21.47049],[71.80394,21.47048],[71.80399,21.47051],[71.80403,21.47053],[71.80417,21.47051],[71.80418,21.47047],[71.80425,21.47044],[71.80438,21.47035],[71.80441,21.47035],[71.80445,21.47031],[71.80454,21.47027],[71.80458,21.4702],[71.80471,21.47013],[71.80479,21.47015],[71.80481,21.47017],[71.80488,21.47016],[71.80492,21.47014],[71.80496,21.4701],[71.805,21.4701],[71.80506,21.47007],[71.80511,21.47007],[71.80517,21.47002],[71.80523,21.47],[71.80527,21.46996],[71.80534,21.46995],[71.80541,21.46989],[71.80541,21.46987],[71.80548,21.46974],[71.80548,21.46966],[71.80549,21.46965],[71.8055,21.46957],[71.80553,21.46955],[71.80554,21.46955],[71.80558,21.46951],[71.80563,21.4695],[71.8057,21.46948],[71.80578,21.46942],[71.80587,21.4694],[71.806,21.46931],[71.80607,21.46929],[71.80611,21.46926],[71.80626,21.46919],[71.80633,21.46918],[71.80638,21.46915],[71.80648,21.46908],[71.80654,21.46904],[71.80658,21.46904],[71.8066,21.46901],[71.80665,21.469],[71.80673,21.46888],[71.80677,21.46888],[71.80683,21.4689],[71.80694,21.4688],[71.80693,21.46877],[71.80698,21.46873],[71.80701,21.46873],[71.80708,21.46867],[71.80717,21.46863],[71.80719,21.46858],[71.80722,21.46858],[71.80728,21.46858],[71.80733,21.46856],[71.80739,21.46858],[71.80743,21.46858],[71.80745,21.4686],[71.80756,21.46861],[71.80758,21.46859],[71.80772,21.46863],[71.80775,21.46868],[71.80782,21.46869],[71.80787,21.46872],[71.8079,21.46872],[71.80791,21.46877],[71.80806,21.46877],[71.80808,21.46879],[71.8082,21.46878],[71.80822,21.46881],[71.80834,21.46883],[71.80846,21.46883],[71.80851,21.46885],[71.80854,21.46889],[71.80865,21.46889],[71.80866,21.46887],[71.80876,21.46888],[71.80879,21.4689],[71.80889,21.46889],[71.80912,21.46889],[71.80916,21.46888],[71.80926,21.46882],[71.80929,21.46882],[71.80939,21.46876],[71.80944,21.46876],[71.80951,21.46884],[71.80961,21.4688],[71.80964,21.46879],[71.80969,21.46874],[71.80976,21.4687],[71.80981,21.46872],[71.80985,21.46865],[71.8099,21.46865],[71.80996,21.46862],[71.80997,21.46859],[71.81002,21.46857],[71.81006,21.46858],[71.81013,21.46853],[71.81015,21.46854],[71.81016,21.46863],[71.81014,21.46865],[71.81011,21.46875],[71.81003,21.46879],[71.81,21.46883],[71.80994,21.46886],[71.80991,21.46893],[71.80982,21.46901],[71.80976,21.46903],[71.80965,21.46912],[71.80962,21.46912],[71.80955,21.46918],[71.8095,21.46927],[71.80941,21.46931],[71.80939,21.46939],[71.80933,21.46944],[71.8093,21.46948],[71.80931,21.46956],[71.80933,21.4696],[71.80933,21.4697],[71.80935,21.46976],[71.80935,21.46989],[71.80938,21.46996],[71.80938,21.47002],[71.8094,21.47012],[71.8094,21.47031],[71.80938,21.47037],[71.80938,21.47049],[71.80931,21.47058],[71.80932,21.4706],[71.8092,21.4707],[71.80919,21.47075],[71.80915,21.47079],[71.80914,21.47084],[71.80907,21.47088],[71.80904,21.47092],[71.80905,21.47102],[71.80898,21.47106],[71.80889,21.47117],[71.80884,21.47118],[71.8088,21.47124],[71.8088,21.47129],[71.80871,21.47139],[71.80868,21.47142],[71.80866,21.47148],[71.80859,21.47155],[71.80849,21.47161],[71.80846,21.47165],[71.80838,21.47169],[71.80829,21.47169],[71.80819,21.47174],[71.80817,21.47182],[71.8081,21.47188],[71.80799,21.47206],[71.80795,21.47211],[71.80791,21.47213],[71.8078,21.47223],[71.80777,21.47228],[71.80766,21.47236],[71.80757,21.47245],[71.80748,21.47249],[71.80741,21.47249],[71.8074,21.47254],[71.8074,21.47255],[71.8074,21.47256],[71.80737,21.47257],[71.8073,21.47256],[71.80725,21.47253],[71.80718,21.47248],[71.80714,21.47249],[71.80708,21.47243],[71.80707,21.4724],[71.80701,21.4724],[71.80699,21.47238],[71.80693,21.47239],[71.80693,21.47235],[71.8069,21.4723],[71.80682,21.47231],[71.80674,21.47227],[71.80663,21.47227],[71.80657,21.4723],[71.80654,21.47228],[71.80647,21.47221],[71.80642,21.4722],[71.80632,21.47221],[71.80627,21.47218],[71.80618,21.47218],[71.80615,21.47214],[71.80609,21.47211],[71.80594,21.4721],[71.80588,21.47211],[71.80581,21.47209],[71.80577,21.47212],[71.80572,21.47212],[71.80565,21.47217],[71.80558,21.47219],[71.80553,21.47218],[71.80551,21.47218],[71.80549,21.47219],[71.80537,21.47221],[71.80526,21.47221],[71.80526,21.47224],[71.80515,21.47227],[71.80512,21.47224],[71.80507,21.47225],[71.80504,21.47225],[71.80494,21.47227],[71.80489,21.47233],[71.80486,21.47233],[71.80483,21.47237],[71.80476,21.4724],[71.80471,21.47241],[71.80457,21.47252],[71.80452,21.47259],[71.80445,21.47262],[71.80443,21.47265],[71.80437,21.47266],[71.80428,21.4727],[71.80417,21.47272],[71.8041,21.47274],[71.80406,21.47274],[71.80392,21.47277],[71.80385,21.47283],[71.80371,21.47284],[71.80364,21.47286],[71.80357,21.47287],[71.80352,21.47284],[71.80344,21.47285],[71.80329,21.47288],[71.80328,21.47287],[71.8032,21.47287],[71.80319,21.47287],[71.80314,21.47285],[71.80312,21.47285]]]},"properties":{"PolygonId":633,"Area":45252,"Subbasin":null}},
{"type":"Feature","geometry":{"type":"Polygon","coordinates":[[[71.80905,21.47102],[71.80905,21.47099],[71.80911,21.47093],[71.80911,21.47091],[71.80917,21.47087],[71.80917,21.47084],[71.8092,21.4708],[71.8093,21.47073],[71.80935,21.47069],[71.80941,21.47065],[71.8095,21.47055],[71.80958,21.47048],[71.8096,21.47048],[71.80966,21.47042],[71.80975,21.4704],[71.80977,21.47038],[71.80985,21.47035],[71.80997,21.47031],[71.81001,21.47027],[71.81006,21.47025],[71.81018,21.47025],[71.81022,21.47021],[71.81031,21.47018],[71.81035,21.47014],[71.81044,21.47014],[71.81063,21.47013],[71.81067,21.47012],[71.81071,21.47012],[71.81084,21.47013],[71.81091,21.47011],[71.81096,21.47012],[71.811,21.47017],[71.81102,21.47022],[71.81106,21.47024],[71.81116,21.47025],[71.8112,21.47022],[71.81124,21.47025],[71.81129,21.47021],[71.81134,21.47014],[71.81139,21.47012],[71.81154,21.47009],[71.81163,21.47003],[71.81171,21.47001],[71.81178,21.47001],[71.81185,21.46999],[71.81187,21.47001],[71.81194,21.47002],[71.81202,21.46998],[71.81205,21.4699],[71.8121,21.46983],[71.81221,21.46982],[71.81223,21.4698],[71.81219,21.46991],[71.81218,21.46998],[71.81214,21.47],[71.8121,21.47003],[71.81207,21.47011],[71.81203,21.47014],[71.812,21.4702],[71.81197,21.47022],[71.81191,21.47029],[71.81189,21.47026],[71.81177,21.47027],[71.81174,21.4703],[71.81162,21.47029],[71.81157,21.47032],[71.81154,21.47035],[71.8115,21.47035],[71.81146,21.47042],[71.81143,21.47042],[71.81143,21.47049],[71.81138,21.47052],[71.81134,21.47061],[71.81127,21.47068],[71.81127,21.47073],[71.81121,21.47081],[71.81119,21.47088],[71.8112,21.47097],[71.81119,21.47102],[71.81117,21.47104],[71.8112,21.47108],[71.81118,21.47113],[71.81114,21.47116],[71.81113,21.4712],[71.81091,21.47128],[71.81083,21.47135],[71.81077,21.47136],[71.81068,21.47143],[71.81062,21.47144],[71.81056,21.47148],[71.81047,21.47147],[71.81041,21.47151],[71.81029,21.47153],[71.81024,21.47153],[71.81014,21.47159],[71.81011,21.47159],[71.81004,21.47164],[71.81001,21.47164],[71.80991,21.47171],[71.80974,21.47178],[71.80969,21.47183],[71.80967,21.47183],[71.80955,21.47189],[71.80948,21.4719],[71.80946,21.47189],[71.80938,21.47189],[71.80933,21.47194],[71.8093,21.47192],[71.80921,21.47191],[71.80917,21.47195],[71.80911,21.47196],[71.80905,21.47202],[71.809,21.47202],[71.80891,21.47211],[71.80888,21.47211],[71.80879,21.47219],[71.80865,21.47233],[71.80859,21.47235],[71.80848,21.47242],[71.80844,21.47246],[71.80841,21.47247],[71.80836,21.47251],[71.80827,21.47254],[71.80824,21.47257],[71.80815,21.4726],[71.80802,21.47262],[71.80796,21.47265],[71.80795,21.47265],[71.80794,21.47265],[71.80784,21.47265],[71.80776,21.47265],[71.80773,21.47265],[71.80763,21.47263],[71.80752,21.47258],[71.80752,21.47254],[71.8074,21.47255],[71.8074,21.47254],[71.80741,21.47249],[71.80748,21.47249],[71.80757,21.47245],[71.80766,21.47236],[71.80777,21.47228],[71.8078,21.47223],[71.80791,21.47213],[71.80795,21.47211],[71.80799,21.47206],[71.8081,21.47188],[71.80817,21.47182],[71.80819,21.47174],[71.80829,21.47169],[71.80838,21.47169],[71.80846,21.47165],[71.80849,21.47161],[71.80859,21.47155],[71.80866,21.47148],[71.80868,21.47142],[71.80871,21.47139],[71.8088,21.47129],[71.8088,21.47124],[71.80884,21.47118],[71.80889,21.47117],[71.80898,21.47106],[71.80905,21.47102]]]},"properties":{"PolygonId":632,"Area":11546,"Subbasin":null}},
{"type":"Feature","geometry":{"type":"Polygon","coordinates":[[[71.81191,21.47029],[71.81196,21.4703],[71.81206,21.47026],[71.81213,21.4702],[71.81229,21.47018],[71.81229,21.47012],[71.81243,21.47013],[71.81245,21.47006],[71.81248,21.47005],[71.81248,21.47013],[71.81251,21.47012],[71.8125,21.4702],[71.81252,21.47025],[71.81255,21.47041],[71.81254,21.47051],[71.81256,21.47056],[71.81259,21.47056],[71.8126,21.47061],[71.81263,21.47062],[71.81265,21.47077],[71.81269,21.47088],[71.81272,21.47093],[71.81271,21.47106],[71.81273,21.47111],[71.8127,21.47113],[71.81271,21.47119],[71.81267,21.4712],[71.81262,21.47131],[71.81257,21.47132],[71.81253,21.47137],[71.81246,21.47139],[71.81242,21.47142],[71.81244,21.47145],[71.81243,21.4715],[71.81244,21.47157],[71.81243,21.47162],[71.81237,21.47173],[71.81234,21.47173],[71.81229,21.47177],[71.81228,21.47181],[71.81224,21.47185],[71.81219,21.47187],[71.81216,21.47192],[71.81211,21.47196],[71.81205,21.47197],[71.81198,21.47202],[71.81191,21.47204],[71.81187,21.47209],[71.81183,21.47212],[71.81179,21.47217],[71.81176,21.47219],[71.81173,21.47223],[71.81165,21.47229],[71.81163,21.47233],[71.81157,21.47239],[71.81149,21.47243],[71.81149,21.47248],[71.81143,21.4725],[71.81131,21.47251],[71.81127,21.47251],[71.8112,21.47255],[71.81116,21.4726],[71.81111,21.47261],[71.81108,21.47266],[71.81098,21.47265],[71.81097,21.47267],[71.81086,21.47269],[71.81082,21.47269],[71.81065,21.4727],[71.81057,21.47272],[71.81049,21.47272],[71.81044,21.47274],[71.8103,21.47274],[71.8102,21.47273],[71.81016,21.47271],[71.8098,21.47272],[71.80974,21.47273],[71.80966,21.47271],[71.80958,21.47273],[71.80936,21.47273],[71.80932,21.47272],[71.80925,21.47275],[71.80921,21.47274],[71.80914,21.4728],[71.80902,21.47282],[71.80895,21.47285],[71.80889,21.47286],[71.80888,21.47287],[71.80886,21.47287],[71.80879,21.47288],[71.8087,21.47287],[71.80869,21.47289],[71.80867,21.47289],[71.80862,21.47289],[71.80861,21.47286],[71.80851,21.47286],[71.80843,21.47287],[71.80838,21.47283],[71.80833,21.47281],[71.80829,21.47276],[71.80825,21.47274],[71.80821,21.47275],[71.80807,21.47265],[71.80795,21.47265],[71.80796,21.47265],[71.80802,21.47262],[71.80815,21.4726],[71.80824,21.47257],[71.80827,21.47254],[71.80836,21.47251],[71.80841,21.47247],[71.80844,21.47246],[71.80848,21.47242],[71.80859,21.47235],[71.80865,21.47233],[71.80879,21.47219],[71.80888,21.47211],[71.80891,21.47211],[71.809,21.47202],[71.80905,21.47202],[71.80911,21.47196],[71.80917,21.47195],[71.80921,21.47191],[71.8093,21.47192],[71.80933,21.47194],[71.80938,21.47189],[71.80946,21.47189],[71.80948,21.4719],[71.80955,21.47189],[71.80967,21.47183],[71.80969,21.47183],[71.80974,21.47178],[71.80991,21.47171],[71.81001,21.47164],[71.81004,21.47164],[71.81011,21.47159],[71.81014,21.47159],[71.81024,21.47153],[71.81029,21.47153],[71.81041,21.47151],[71.81047,21.47147],[71.81056,21.47148],[71.81062,21.47144],[71.81068,21.47143],[71.81077,21.47136],[71.81083,21.47135],[71.81091,21.47128],[71.81113,21.4712],[71.81114,21.47116],[71.81118,21.47113],[71.8112,21.47108],[71.81117,21.47104],[71.81119,21.47102],[71.8112,21.47097],[71.81119,21.47088],[71.81121,21.47081],[71.81127,21.47073],[71.81127,21.47068],[71.81134,21.47061],[71.81138,21.47052],[71.81143,21.47049],[71.81143,21.47042],[71.81146,21.47042],[71.8115,21.47035],[71.81154,21.47035],[71.81157,21.47032],[71.81162,21.47029],[71.81174,21.4703],[71.81177,21.47027],[71.81189,21.47026],[71.81191,21.47029]]]},"properties":{"PolygonId":603,"Area":11903,"Subbasin":null}},
{"type":"Feature","geometry":{"type":"Polygon","coordinates":[[[71.77754,21.48172],[71.77744,21.48171],[71.77739,21.48167],[71.77729,21.48166],[71.77726,21.48168],[71.77718,21.48176],[71.77718,21.48179],[71.7771,21.48188],[71.77706,21.48188],[71.77705,21.48182],[71.77699,21.48182],[71.77699,21.48177],[71.77696,21.48172],[71.77684,21.48174],[71.77683,21.48178],[71.77675,21.4818],[71.77666,21.48186],[71.77664,21.4819],[71.77658,21.48192],[71.77653,21.48191],[71.77649,21.48195],[71.7764,21.48198],[71.77635,21.48201],[71.77629,21.48198],[71.77624,21.48198],[71.77622,21.48204],[71.77615,21.48206],[71.77614,21.48209],[71.77606,21.48213],[71.77601,21.48215],[71.776,21.48221],[71.77595,21.48222],[71.77587,21.48227],[71.77582,21.48228],[71.77572,21.48223],[71.77566,21.48226],[71.77565,21.48217],[71.77561,21.4822],[71.77556,21.48217],[71.77545,21.48218],[71.77543,21.48215],[71.77555,21.48212],[71.77559,21.48204],[71.77559,21.48201],[71.77564,21.48194],[71.77574,21.48194],[71.77575,21.48192],[71.77574,21.48186],[71.77575,21.48183],[71.77571,21.48179],[71.77572,21.48171],[71.7757,21.48165],[71.77578,21.48162],[71.77576,21.48156],[71.77584,21.48151],[71.77588,21.48148],[71.77594,21.48147],[71.77596,21.48152],[71.77603,21.48154],[71.77608,21.4815],[71.77611,21.4815],[71.77612,21.48144],[71.77613,21.48138],[71.77619,21.48139],[71.77621,21.48143],[71.77628,21.48143],[71.77632,21.48138],[71.77641,21.48139],[71.77647,21.48135],[71.77655,21.48133],[71.77662,21.48128],[71.77669,21.48128],[71.77675,21.48124],[71.77674,21.48115],[71.77673,21.48111],[71.77673,21.48102],[71.77671,21.48101],[71.77672,21.48094],[71.77681,21.48094],[71.77686,21.48094],[71.77688,21.48091],[71.777,21.48083],[71.77702,21.48072],[71.77706,21.48072],[71.77705,21.48066],[71.77709,21.48065],[71.77709,21.48047],[71.77711,21.48043],[71.77705,21.4804],[71.77705,21.48037],[71.7771,21.48032],[71.77716,21.48028],[71.77717,21.48024],[71.77721,21.48024],[71.77721,21.4802],[71.77727,21.48016],[71.77727,21.48006],[71.77727,21.48003],[71.77726,21.47998],[71.77728,21.4799],[71.77732,21.47986],[71.77733,21.47993],[71.77752,21.47992],[71.77757,21.47991],[71.77764,21.47992],[71.77766,21.47989],[71.77772,21.47987],[71.77783,21.47987],[71.77802,21.47986],[71.77809,21.4799],[71.77823,21.47989],[71.77831,21.47987],[71.77838,21.47988],[71.77852,21.47988],[71.77858,21.4799],[71.77862,21.47985],[71.77867,21.47984],[71.77877,21.47984],[71.7789,21.47974],[71.77897,21.47974],[71.77906,21.47968],[71.7791,21.47968],[71.77919,21.47964],[71.77926,21.47965],[71.77928,21.47968],[71.77938,21.47975],[71.77945,21.47981],[71.77947,21.47981],[71.77955,21.47988],[71.7796,21.4799],[71.77965,21.47995],[71.7797,21.47999],[71.77984,21.48011],[71.77984,21.48014],[71.77993,21.48019],[71.77996,21.48023],[71.78,21.48021],[71.78,21.48014],[71.78008,21.48011],[71.78015,21.48011],[71.78016,21.48009],[71.78024,21.48009],[71.78031,21.48005],[71.78039,21.48004],[71.78042,21.48005],[71.78048,21.48002],[71.78049,21.47996],[71.78054,21.47994],[71.78056,21.47994],[71.7808,21.4799],[71.78083,21.47983],[71.78083,21.47979],[71.78085,21.47973],[71.78089,21.4797],[71.78089,21.47967],[71.78093,21.47961],[71.78097,21.47959],[71.78096,21.47955],[71.78095,21.47937],[71.78105,21.47932],[71.78109,21.47926],[71.78119,21.47915],[71.78123,21.4791],[71.78134,21.47909],[71.78142,21.47902],[71.78147,21.47899],[71.78146,21.47907],[71.78143,21.47908],[71.78145,21.47913],[71.78145,21.47921],[71.78148,21.47927],[71.78147,21.47935],[71.78148,21.47936],[71.78146,21.47944],[71.78139,21.47946],[71.78134,21.47949],[71.78135,21.47952],[71.78131,21.47954],[71.78131,21.47966],[71.7813,21.47978],[71.78126,21.4799],[71.78119,21.47993],[71.78114,21.48007],[71.78108,21.4801],[71.78105,21.48015],[71.78106,21.48027],[71.78099,21.48038],[71.78086,21.48049],[71.78082,21.48058],[71.78078,21.48059],[71.78075,21.48067],[71.78069,21.48072],[71.78063,21.48073],[71.7806,21.48076],[71.78057,21.48077],[71.78056,21.4808],[71.78052,21.48082],[71.78051,21.48085],[71.78045,21.48088],[71.78041,21.48088],[71.78037,21.4809],[71.78025,21.48092],[71.78022,21.48097],[71.78015,21.48098],[71.78014,21.48096],[71.78008,21.48095],[71.77998,21.48096],[71.77995,21.48097],[71.77986,21.48098],[71.77981,21.48101],[71.77976,21.48101],[71.77966,21.48103],[71.77963,21.48105],[71.77956,21.48101],[71.77946,21.48103],[71.77943,21.48106],[71.7794,21.48106],[71.77935,21.48109],[71.77931,21.48112],[71.77928,21.48114],[71.77924,21.48118],[71.77912,21.48118],[71.77907,21.4812],[71.77905,21.48122],[71.77898,21.48123],[71.77891,21.48127],[71.77887,21.48126],[71.77878,21.48128],[71.77874,21.4813],[71.7786,21.48132],[71.77858,21.48134],[71.77849,21.48133],[71.77837,21.4814],[71.77832,21.4814],[71.77827,21.48142],[71.77825,21.48144],[71.77813,21.48146],[71.77808,21.4815],[71.77796,21.48155],[71.77789,21.48155],[71.77783,21.48161],[71.77771,21.48164],[71.77767,21.48161],[71.77762,21.4816],[71.7776,21.48164],[71.77754,21.48164],[71.77754,21.48172]]]},"properties":{"PolygonId":1308,"Area":2968,"Subbasin":null}},
{"type":"Feature","geometry":{"type":"Polygon","coordinates":[[[71.76944,21.48274],[71.76945,21.48278],[71.76952,21.48284],[71.7695,21.48289],[71.7695,21.48294],[71.76954,21.483],[71.76967,21.48303],[71.76971,21.48309],[71.7697,21.48313],[71.76976,21.48314],[71.76976,21.48319],[71.7698,21.48326],[71.76986,21.48328],[71.76986,21.4833],[71.76991,21.48333],[71.76996,21.48335],[71.76999,21.48338],[71.77,21.48348],[71.77004,21.48354],[71.77004,21.48362],[71.77008,21.48366],[71.77009,21.4838],[71.77012,21.48385],[71.77012,21.48402],[71.77018,21.48408],[71.77025,21.48414],[71.77031,21.48425],[71.77041,21.48436],[71.77049,21.48448],[71.77052,21.48453],[71.77059,21.48459],[71.77062,21.48464],[71.77064,21.4847],[71.77067,21.48474],[71.7707,21.48483],[71.77073,21.48484],[71.77075,21.48492],[71.77077,21.48494],[71.77078,21.48501],[71.7708,21.48506],[71.7708,21.4851],[71.77084,21.48521],[71.77087,21.48526],[71.77086,21.48534],[71.77087,21.48542],[71.77088,21.48548],[71.77087,21.48552],[71.77088,21.48559],[71.7709,21.48562],[71.7709,21.48568],[71.77092,21.48582],[71.77094,21.48584],[71.77094,21.48594],[71.77096,21.48602],[71.771,21.48609],[71.77101,21.48614],[71.77105,21.48617],[71.77105,21.48631],[71.77109,21.4864],[71.77109,21.48646],[71.77111,21.48651],[71.77109,21.48654],[71.77109,21.48661],[71.77102,21.48661],[71.771,21.48658],[71.77101,21.48653],[71.771,21.4865],[71.77095,21.48648],[71.77088,21.48647],[71.77087,21.48642],[71.77077,21.48641],[71.77065,21.48642],[71.77062,21.48644],[71.77047,21.48644],[71.77042,21.48641],[71.77036,21.48629],[71.77027,21.48624],[71.77018,21.48616],[71.77015,21.48616],[71.77003,21.48608],[71.76999,21.48607],[71.76994,21.48609],[71.76987,21.48609],[71.76978,21.48616],[71.76975,21.48624],[71.76972,21.48626],[71.76952,21.48628],[71.76949,21.48622],[71.76942,21.48622],[71.76937,21.48617],[71.76933,21.48616],[71.7693,21.48609],[71.7693,21.48604],[71.76928,21.48603],[71.76927,21.48595],[71.76922,21.48585],[71.76922,21.48575],[71.76918,21.48571],[71.76917,21.48562],[71.76915,21.48559],[71.76913,21.48553],[71.76911,21.4855],[71.76909,21.48542],[71.76905,21.48533],[71.76899,21.48531],[71.76895,21.48534],[71.76889,21.48534],[71.7688,21.48537],[71.76878,21.48539],[71.76873,21.48539],[71.76865,21.48543],[71.76853,21.4855],[71.76848,21.48555],[71.76843,21.48553],[71.76837,21.48552],[71.76834,21.4855],[71.76828,21.48552],[71.76818,21.48553],[71.76811,21.4855],[71.76806,21.4855],[71.76804,21.48548],[71.76791,21.48547],[71.7679,21.48545],[71.76784,21.48545],[71.76777,21.48542],[71.76768,21.48543],[71.76759,21.48535],[71.76752,21.4853],[71.76745,21.48522],[71.76726,21.48505],[71.76714,21.48505],[71.76712,21.48502],[71.76699,21.48498],[71.7669,21.48497],[71.76676,21.48494],[71.7667,21.48491],[71.76667,21.48488],[71.76659,21.48487],[71.76646,21.4848],[71.76641,21.48481],[71.76637,21.48477],[71.7663,21.48468],[71.76627,21.48458],[71.76629,21.48452],[71.76623,21.48448],[71.76622,21.48444],[71.76612,21.48436],[71.76609,21.48436],[71.76602,21.48431],[71.76601,21.48421],[71.76601,21.4842],[71.76598,21.48415],[71.76594,21.48412],[71.76589,21.48411],[71.76589,21.48407],[71.7658,21.48406],[71.76573,21.48409],[71.7657,21.48404],[71.76566,21.48401],[71.7656,21.48401],[71.7656,21.48397],[71.76555,21.48396],[71.76552,21.48391],[71.76549,21.48391],[71.76543,21.48386],[71.7653,21.48386],[71.76527,21.4839],[71.76521,21.4839],[71.76518,21.48387],[71.76516,21.48387],[71.76516,21.48382],[71.76512,21.48379],[71.76509,21.48378],[71.76512,21.48373],[71.7651,21.48366],[71.76496,21.48353],[71.76496,21.48344],[71.7649,21.48339],[71.7649,21.48334],[71.76487,21.48333],[71.76483,21.48328],[71.76479,21.48322],[71.76475,21.48317],[71.76465,21.48302],[71.76461,21.48299],[71.76458,21.48286],[71.76454,21.48281],[71.76454,21.48277],[71.76447,21.48272],[71.76447,21.48271],[71.76444,21.48268],[71.76437,21.48268],[71.76436,21.48266],[71.7643,21.48266],[71.76428,21.48267],[71.76422,21.48245],[71.76422,21.48234],[71.76419,21.48231],[71.76419,21.48225],[71.76413,21.48217],[71.76412,21.48212],[71.76407,21.48211],[71.76405,21.48207],[71.76399,21.48203],[71.76396,21.48191],[71.76391,21.48187],[71.76389,21.48179],[71.76385,21.48177],[71.76375,21.48164],[71.76374,21.48159],[71.7636,21.48141],[71.76354,21.4814],[71.7635,21.48137],[71.7634,21.48123],[71.76341,21.48119],[71.76341,21.48105],[71.7634,21.48101],[71.76342,21.48096],[71.76342,21.48088],[71.76344,21.48074],[71.76345,21.48074],[71.76348,21.48081],[71.76351,21.48083],[71.76357,21.48084],[71.76371,21.48083],[71.76374,21.48085],[71.76373,21.48095],[71.76375,21.48097],[71.76377,21.48104],[71.76382,21.48107],[71.76386,21.48107],[71.76394,21.4811],[71.76404,21.48117],[71.76405,21.48123],[71.76417,21.48134],[71.7642,21.48142],[71.76419,21.48149],[71.76424,21.48154],[71.76432,21.4816],[71.76436,21.48163],[71.7645,21.48174],[71.76455,21.48176],[71.76468,21.48186],[71.76473,21.48188],[71.76476,21.48192],[71.76481,21.48195],[71.76488,21.48195],[71.76502,21.48202],[71.7651,21.48205],[71.76518,21.48205],[71.76521,21.48207],[71.76536,21.48205],[71.76542,21.4821],[71.76545,21.4821],[71.76551,21.48213],[71.76561,21.48214],[71.76566,21.48217],[71.76571,21.48217],[71.76584,21.48221],[71.76589,21.48224],[71.76595,21.48226],[71.76597,21.4823],[71.76614,21.48244],[71.76621,21.48245],[71.76626,21.4825],[71.76632,21.48254],[71.76643,21.48256],[71.76649,21.48261],[71.76652,21.48261],[71.76657,21.48265],[71.76666,21.48267],[71.76669,21.48269],[71.76674,21.48269],[71.76685,21.48263],[71.7669,21.48258],[71.76701,21.48257],[71.76703,21.48258],[71.76709,21.48259],[71.76713,21.48256],[71.76719,21.48254],[71.76726,21.48254],[71.76731,21.48257],[71.76736,21.48262],[71.76742,21.48264],[71.76749,21.48264],[71.76756,21.48262],[71.7676,21.48265],[71.7676,21.48266],[71.76769,21.48267],[71.76773,21.4827],[71.7678,21.48272],[71.76784,21.48273],[71.76792,21.48279],[71.76796,21.48278],[71.76807,21.48279],[71.76811,21.48276],[71.76819,21.48274],[71.76824,21.48278],[71.76834,21.48278],[71.76838,21.48271],[71.76844,21.48267],[71.76851,21.48268],[71.76854,21.48275],[71.76858,21.48274],[71.76863,21.48276],[71.76863,21.48267],[71.76867,21.48257],[71.76872,21.48254],[71.76883,21.48254],[71.76894,21.48251],[71.76895,21.48257],[71.76898,21.48257],[71.76902,21.48264],[71.76902,21.48269],[71.76913,21.48276],[71.76924,21.48275],[71.76929,21.48271],[71.76937,21.48269],[71.76938,21.48274],[71.76944,21.48274]]]},"properties":{"PolygonId":1472,"Area":8756,"Subbasin":null}},
{"type":"Feature","geometry":{"type":"Polygon","coordinates":[[[71.78475,21.48874],[71.78475,21.48878],[71.78472,21.48884],[71.78467,21.48886],[71.78455,21.48904],[71.78448,21.48911],[71.78439,21.48915],[71.78435,21.48918],[71.78426,21.48921],[71.7842,21.48925],[71.78412,21.48929],[71.78409,21.48932],[71.78406,21.48932],[71.78398,21.48939],[71.78394,21.4894],[71.78394,21.48944],[71.7839,21.48948],[71.78385,21.48949],[71.78377,21.48955],[71.78372,21.48954],[71.78362,21.48945],[71.78356,21.48943],[71.78349,21.48939],[71.78341,21.48938],[71.78332,21.48939],[71.78327,21.48943],[71.7832,21.48945],[71.78311,21.48946],[71.78303,21.48952],[71.78296,21.48952],[71.78294,21.48955],[71.78284,21.48954],[71.78281,21.48958],[71.7826,21.4896],[71.78257,21.48966],[71.78254,21.48967],[71.78245,21.48965],[71.78233,21.48965],[71.78232,21.48956],[71.78229,21.48954],[71.78214,21.48955],[71.78212,21.48952],[71.78205,21.48953],[71.78204,21.48945],[71.782,21.48941],[71.78196,21.48941],[71.78187,21.48937],[71.78186,21.48934],[71.78178,21.48935],[71.78173,21.48933],[71.7816,21.48932],[71.78157,21.48928],[71.78153,21.48928],[71.78141,21.48929],[71.78134,21.48928],[71.78135,21.48912],[71.78141,21.48912],[71.78141,21.4891],[71.78137,21.48906],[71.78137,21.48901],[71.7813,21.489],[71.78122,21.48889],[71.78118,21.48885],[71.78114,21.48878],[71.78114,21.48868],[71.78112,21.48866],[71.78113,21.48859],[71.78107,21.48853],[71.78094,21.48849],[71.78087,21.48842],[71.78085,21.48838],[71.78085,21.48829],[71.78081,21.48825],[71.78076,21.48824],[71.78076,21.48819],[71.78073,21.48817],[71.78068,21.48818],[71.78067,21.48813],[71.78061,21.48808],[71.78058,21.48803],[71.78049,21.48793],[71.78042,21.48794],[71.78037,21.48786],[71.78033,21.48786],[71.7803,21.48783],[71.78022,21.48784],[71.78017,21.48782],[71.78013,21.48778],[71.78002,21.48779],[71.77996,21.48774],[71.77988,21.48776],[71.77978,21.4877],[71.77965,21.48768],[71.77963,21.48765],[71.77956,21.48765],[71.77953,21.4876],[71.77944,21.48761],[71.77928,21.48762],[71.77919,21.48752],[71.7791,21.48747],[71.7791,21.48743],[71.77905,21.48739],[71.77905,21.48729],[71.77895,21.48729],[71.77892,21.48731],[71.77879,21.48731],[71.7787,21.48727],[71.77865,21.48727],[71.77859,21.48725],[71.77859,21.48719],[71.77862,21.48715],[71.77867,21.48715],[71.77869,21.48709],[71.77869,21.48703],[71.77871,21.48702],[71.77879,21.48701],[71.77885,21.48698],[71.77889,21.48693],[71.77894,21.48685],[71.77899,21.48681],[71.77905,21.4868],[71.77916,21.48676],[71.77937,21.48672],[71.77943,21.48677],[71.77956,21.48677],[71.77963,21.48681],[71.77966,21.48682],[71.77969,21.48677],[71.77976,21.48677],[71.77982,21.48673],[71.77987,21.48673],[71.7799,21.4867],[71.77994,21.48672],[71.78003,21.48673],[71.78011,21.48681],[71.78019,21.4868],[71.78023,21.48682],[71.78024,21.48686],[71.78034,21.48688],[71.78041,21.48682],[71.78043,21.48689],[71.78048,21.4869],[71.78052,21.48694],[71.78057,21.48701],[71.78064,21.48704],[71.78069,21.48708],[71.78073,21.48708],[71.78078,21.48704],[71.78082,21.48707],[71.78083,21.48715],[71.78088,21.48717],[71.78086,21.48721],[71.7809,21.48727],[71.78091,21.48732],[71.78094,21.48736],[71.78099,21.48737],[71.78101,21.48739],[71.78107,21.4874],[71.78107,21.48744],[71.7811,21.48749],[71.78121,21.48755],[71.78128,21.48757],[71.78133,21.48765],[71.78134,21.48774],[71.7814,21.48784],[71.78145,21.4879],[71.78157,21.48791],[71.78161,21.48797],[71.78177,21.48808],[71.78177,21.48814],[71.78185,21.48822],[71.78189,21.48832],[71.782,21.48833],[71.78203,21.48836],[71.78209,21.48837],[71.78216,21.48837],[71.78224,21.48838],[71.78226,21.48842],[71.7823,21.48842],[71.78235,21.48849],[71.78244,21.48849],[71.78246,21.48852],[71.78253,21.48854],[71.78258,21.48853],[71.78261,21.48849],[71.78269,21.48849],[71.78275,21.48848],[71.78276,21.48852],[71.78281,21.48856],[71.78288,21.48857],[71.78294,21.48861],[71.78302,21.4886],[71.7831,21.48864],[71.78319,21.48864],[71.78335,21.48865],[71.78336,21.48867],[71.78349,21.48867],[71.78357,21.48866],[71.78361,21.48868],[71.78369,21.48868],[71.78371,21.4887],[71.78388,21.48869],[71.78401,21.48872],[71.78407,21.48872],[71.78426,21.4887],[71.78429,21.48869],[71.78443,21.48868],[71.78444,21.48866],[71.78453,21.48866],[71.78456,21.48868],[71.78462,21.4887],[71.78475,21.48874]]]},"properties":{"PolygonId":266,"Area":19683,"Subbasin":null}},
{"type":"Feature","geometry":{"type":"Polygon","coordinates":[[[71.78193,21.49297],[71.78184,21.49297],[71.78175,21.49306],[71.78165,21.49308],[71.78161,21.49305],[71.78153,21.49308],[71.78152,21.49311],[71.78145,21.49314],[71.78135,21.49317],[71.78118,21.49318],[71.78117,21.49319],[71.78104,21.49319],[71.78099,21.49316],[71.78091,21.49315],[71.78085,21.49311],[71.7807,21.49311],[71.78068,21.49309],[71.78068,21.493],[71.7808,21.493],[71.78082,21.49292],[71.78084,21.49288],[71.78088,21.49277],[71.78091,21.49273],[71.78093,21.49266],[71.78098,21.49262],[71.78105,21.49259],[71.78107,21.49255],[71.78113,21.49248],[71.78116,21.49247],[71.78119,21.49241],[71.78125,21.49242],[71.78129,21.49239],[71.78126,21.49234],[71.78127,21.49229],[71.78123,21.49226],[71.78124,21.49222],[71.78122,21.49215],[71.78125,21.49211],[71.78128,21.4921],[71.78128,21.49204],[71.78144,21.49189],[71.78149,21.49181],[71.78149,21.49179],[71.78155,21.49174],[71.78157,21.49167],[71.78163,21.49161],[71.78168,21.49153],[71.78172,21.49151],[71.78187,21.49133],[71.78191,21.49126],[71.78195,21.49124],[71.78201,21.49115],[71.78205,21.49111],[71.78215,21.49104],[71.78223,21.49103],[71.78225,21.491],[71.78229,21.49101],[71.78233,21.49096],[71.78242,21.49098],[71.78243,21.49094],[71.78257,21.49086],[71.78263,21.49081],[71.78265,21.49076],[71.78271,21.49075],[71.78278,21.49071],[71.78282,21.49071],[71.78289,21.49067],[71.78294,21.49063],[71.783,21.49063],[71.78309,21.49065],[71.78315,21.49063],[71.78316,21.4906],[71.78322,21.49056],[71.78326,21.49054],[71.7833,21.4905],[71.78339,21.4905],[71.78341,21.49049],[71.78355,21.49051],[71.78361,21.49055],[71.78363,21.49055],[71.78373,21.49062],[71.78375,21.49065],[71.78386,21.49065],[71.78389,21.49066],[71.78398,21.49066],[71.78399,21.49064],[71.78407,21.49062],[71.78412,21.4906],[71.7842,21.49058],[71.78425,21.49058],[71.7843,21.49057],[71.78439,21.49059],[71.78447,21.49052],[71.78452,21.49052],[71.78462,21.49048],[71.78464,21.49051],[71.78472,21.49048],[71.78478,21.49047],[71.7848,21.49043],[71.78485,21.49039],[71.78498,21.49032],[71.78505,21.49026],[71.78505,21.49013],[71.78509,21.49008],[71.78509,21.49005],[71.78515,21.49],[71.78516,21.48997],[71.78522,21.48992],[71.7852,21.48987],[71.78521,21.48983],[71.78521,21.48978],[71.78518,21.48973],[71.78518,21.48969],[71.78524,21.48967],[71.78525,21.48968],[71.78533,21.48972],[71.78535,21.48975],[71.78535,21.4898],[71.78532,21.48985],[71.78532,21.48992],[71.78534,21.48994],[71.78531,21.49009],[71.78526,21.49017],[71.78525,21.49031],[71.78525,21.49039],[71.78523,21.49041],[71.78523,21.49048],[71.78521,21.49053],[71.78523,21.49057],[71.78523,21.49061],[71.7852,21.49068],[71.78515,21.49073],[71.78517,21.49089],[71.78516,21.49095],[71.78513,21.49099],[71.78517,21.49101],[71.78517,21.49103],[71.78516,21.49103],[71.78515,21.49105],[71.78507,21.49109],[71.78508,21.49112],[71.78512,21.49113],[71.78512,21.49116],[71.78512,21.49118],[71.7851,21.49124],[71.78505,21.49125],[71.78504,21.49129],[71.785,21.49138],[71.78492,21.49146],[71.78493,21.49151],[71.78485,21.49159],[71.78482,21.49167],[71.78478,21.49168],[71.78474,21.49172],[71.7847,21.4917],[71.78465,21.49178],[71.78458,21.49182],[71.78456,21.49185],[71.78442,21.49183],[71.78435,21.49182],[71.78427,21.49187],[71.78422,21.49186],[71.78413,21.49186],[71.78413,21.49191],[71.78402,21.49191],[71.78397,21.49194],[71.78394,21.49193],[71.78389,21.49196],[71.78379,21.49197],[71.7837,21.49201],[71.78364,21.49206],[71.78358,21.49209],[71.78348,21.49217],[71.78333,21.49233],[71.78324,21.4924],[71.78319,21.49241],[71.78316,21.4924],[71.78311,21.49242],[71.78307,21.49246],[71.78302,21.49246],[71.78295,21.4925],[71.78287,21.49257],[71.78281,21.49259],[71.78275,21.4926],[71.78267,21.49266],[71.78257,21.49276],[71.78252,21.49278],[71.78245,21.49284],[71.78246,21.49286],[71.78239,21.4929],[71.7823,21.49298],[71.78227,21.49304],[71.78218,21.49308],[71.78211,21.49308],[71.78209,21.49305],[71.78204,21.49304],[71.78199,21.49296],[71.78193,21.49297]]]},"properties":{"PolygonId":1107,"Area":4308,"Subbasin":null}},
{"type":"Feature","geometry":{"type":"Polygon","coordinates":[[[71.78517,21.49103],[71.7852,21.49106],[71.78526,21.49106],[71.78526,21.49113],[71.78529,21.49122],[71.78532,21.49124],[71.78534,21.4913],[71.7854,21.49136],[71.7854,21.49142],[71.78538,21.49147],[71.78531,21.49153],[71.78531,21.49161],[71.78523,21.49169],[71.78519,21.49177],[71.78519,21.49181],[71.78517,21.49186],[71.78518,21.49193],[71.78516,21.49199],[71.78518,21.49201],[71.78516,21.49202],[71.78515,21.49213],[71.78517,21.49221],[71.78517,21.49226],[71.7852,21.49234],[71.78518,21.49241],[71.78513,21.4925],[71.78511,21.49263],[71.78504,21.4927],[71.78504,21.49279],[71.78501,21.49283],[71.78501,21.49289],[71.78498,21.49291],[71.78498,21.49297],[71.78493,21.49301],[71.78488,21.49308],[71.7848,21.49314],[71.78481,21.49318],[71.78474,21.49325],[71.78474,21.49328],[71.78474,21.49333],[71.78474,21.4934],[71.78471,21.49343],[71.78471,21.49352],[71.78467,21.49357],[71.78467,21.49366],[71.78463,21.49372],[71.78468,21.49384],[71.78472,21.49386],[71.7848,21.49393],[71.7848,21.49395],[71.78481,21.49401],[71.78475,21.49404],[71.78467,21.49404],[71.78466,21.49411],[71.78463,21.49417],[71.78459,21.49421],[71.78459,21.49424],[71.78454,21.49431],[71.78453,21.49436],[71.78448,21.49439],[71.78441,21.49438],[71.7844,21.49446],[71.78447,21.49458],[71.7845,21.49466],[71.7845,21.49482],[71.78454,21.49485],[71.78457,21.49485],[71.78453,21.49494],[71.78453,21.49502],[71.78451,21.49509],[71.78448,21.49512],[71.78448,21.49515],[71.78453,21.49516],[71.78457,21.49521],[71.78457,21.49523],[71.78455,21.49524],[71.78456,21.49534],[71.78453,21.49536],[71.78453,21.49545],[71.78453,21.49556],[71.78448,21.4957],[71.78444,21.49573],[71.78444,21.49578],[71.78441,21.49583],[71.78434,21.49583],[71.78433,21.49585],[71.78434,21.49601],[71.78425,21.49611],[71.78419,21.49611],[71.78412,21.49613],[71.78404,21.49613],[71.784,21.49615],[71.78389,21.49615],[71.7838,21.49616],[71.78373,21.49614],[71.78366,21.49611],[71.78354,21.49605],[71.78352,21.49605],[71.78334,21.49596],[71.78328,21.49592],[71.7832,21.49589],[71.78305,21.4958],[71.78296,21.49571],[71.78288,21.49567],[71.78283,21.49561],[71.7828,21.49561],[71.78278,21.49557],[71.78274,21.49554],[71.78266,21.49546],[71.78267,21.49544],[71.78258,21.49535],[71.78253,21.49525],[71.78247,21.49519],[71.78247,21.49516],[71.78242,21.49514],[71.7824,21.49509],[71.78234,21.49505],[71.78233,21.495],[71.78228,21.49495],[71.78221,21.495],[71.78217,21.49506],[71.78207,21.49506],[71.78205,21.49509],[71.78196,21.49515],[71.78183,21.49513],[71.78181,21.49515],[71.78173,21.49515],[71.78161,21.49512],[71.78158,21.49508],[71.78151,21.49508],[71.7815,21.49505],[71.7814,21.49502],[71.78136,21.49497],[71.78126,21.49499],[71.78122,21.49503],[71.78116,21.49503],[71.78111,21.49506],[71.781,21.49507],[71.78097,21.49499],[71.78103,21.49498],[71.78108,21.49496],[71.78118,21.49496],[71.78122,21.49493],[71.78121,21.49488],[71.78118,21.49481],[71.78109,21.49473],[71.78106,21.49472],[71.78105,21.49454],[71.78108,21.49448],[71.7811,21.49438],[71.78106,21.49433],[71.78106,21.49427],[71.78108,21.49425],[71.78106,21.49416],[71.78102,21.49414],[71.78099,21.49402],[71.78099,21.49396],[71.78096,21.49391],[71.781,21.49389],[71.781,21.49383],[71.78102,21.49381],[71.78101,21.49375],[71.78097,21.49375],[71.78098,21.49369],[71.781,21.49368],[71.78109,21.49373],[71.78115,21.49372],[71.78117,21.49369],[71.78125,21.49364],[71.7813,21.49356],[71.78134,21.49353],[71.78135,21.49343],[71.78139,21.49341],[71.78139,21.49338],[71.78143,21.49338],[71.78149,21.49333],[71.78148,21.49331],[71.78154,21.49328],[71.78158,21.49328],[71.78165,21.49319],[71.7817,21.49318],[71.78169,21.49315],[71.78177,21.49305],[71.78181,21.49303],[71.78187,21.49302],[71.78193,21.49297],[71.78199,21.49296],[71.78204,21.49304],[71.78209,21.49305],[71.78211,21.49308],[71.78218,21.49308],[71.78227,21.49304],[71.7823,21.49298],[71.78239,21.4929],[71.78246,21.49286],[71.78245,21.49284],[71.78252,21.49278],[71.78257,21.49276],[71.78267,21.49266],[71.78275,21.4926],[71.78281,21.49259],[71.78287,21.49257],[71.78295,21.4925],[71.78302,21.49246],[71.78307,21.49246],[71.78311,21.49242],[71.78316,21.4924],[71.78319,21.49241],[71.78324,21.4924],[71.78333,21.49233],[71.78348,21.49217],[71.78358,21.49209],[71.78364,21.49206],[71.7837,21.49201],[71.78379,21.49197],[71.78389,21.49196],[71.78394,21.49193],[71.78397,21.49194],[71.78402,21.49191],[71.78413,21.49191],[71.78413,21.49186],[71.78422,21.49186],[71.78427,21.49187],[71.78435,21.49182],[71.78442,21.49183],[71.78456,21.49185],[71.78458,21.49182],[71.78465,21.49178],[71.7847,21.4917],[71.78474,21.49172],[71.78478,21.49168],[71.78482,21.49167],[71.78485,21.49159],[71.78493,21.49151],[71.78492,21.49146],[71.785,21.49138],[71.78504,21.49129],[71.78505,21.49125],[71.7851,21.49124],[71.78512,21.49118],[71.78512,21.49116],[71.78512,21.49113],[71.78508,21.49112],[71.78507,21.49109],[71.78515,21.49105],[71.78516,21.49103],[71.78517,21.49103]]]},"properties":{"PolygonId":1253,"Area":267,"Subbasin":null}},
{"type":"Feature","geometry":{"type":"Polygon","coordinates":[[[71.78796,21.50665],[71.7879,21.50661],[71.78784,21.50667],[71.7878,21.50669],[71.78776,21.50669],[71.78769,21.50674],[71.7876,21.50675],[71.78758,21.50677],[71.78752,21.50678],[71.7875,21.50682],[71.78744,21.50681],[71.78744,21.50686],[71.78737,21.50687],[71.78728,21.50694],[71.78727,21.50699],[71.78716,21.50699],[71.78713,21.507],[71.78712,21.50705],[71.78713,21.50711],[71.78712,21.50721],[71.78718,21.50725],[71.78721,21.5073],[71.78719,21.50736],[71.78723,21.50737],[71.78725,21.50741],[71.78728,21.50743],[71.78726,21.50746],[71.78727,21.50752],[71.78722,21.50752],[71.78714,21.50756],[71.78712,21.50759],[71.78707,21.5076],[71.78704,21.50758],[71.78692,21.50759],[71.78691,21.50762],[71.78685,21.50763],[71.78685,21.50772],[71.78681,21.50776],[71.78681,21.5078],[71.78677,21.50787],[71.78676,21.50792],[71.78678,21.50797],[71.78672,21.50803],[71.78669,21.508],[71.78658,21.50796],[71.78653,21.50798],[71.78648,21.50791],[71.78649,21.50782],[71.78651,21.50776],[71.78647,21.50775],[71.78649,21.50767],[71.78647,21.50758],[71.78644,21.50759],[71.78642,21.50752],[71.78646,21.50751],[71.78648,21.50741],[71.78653,21.50739],[71.7866,21.50738],[71.78667,21.50738],[71.78673,21.50733],[71.78688,21.5073],[71.78684,21.50722],[71.78665,21.50722],[71.78656,21.50726],[71.78655,21.50729],[71.78647,21.50728],[71.78643,21.50726],[71.78639,21.50727],[71.78636,21.50729],[71.78627,21.50726],[71.78624,21.50726],[71.78623,21.50719],[71.7862,21.50716],[71.78618,21.50712],[71.78619,21.50708],[71.78617,21.50703],[71.7862,21.507],[71.78622,21.50695],[71.7862,21.50691],[71.78613,21.50687],[71.78613,21.50679],[71.78608,21.50676],[71.78608,21.50657],[71.78606,21.50649],[71.78603,21.50644],[71.786,21.50644],[71.78597,21.50637],[71.78598,21.5063],[71.78601,21.50629],[71.78603,21.50624],[71.78602,21.50612],[71.78598,21.50609],[71.78597,21.50595],[71.78599,21.50585],[71.78605,21.50586],[71.78617,21.50592],[71.78624,21.50593],[71.7863,21.50596],[71.78635,21.50597],[71.78648,21.50602],[71.78654,21.50601],[71.78659,21.50592],[71.78654,21.50585],[71.78649,21.50573],[71.78649,21.50565],[71.78646,21.50562],[71.78646,21.50551],[71.78645,21.50546],[71.78642,21.50543],[71.78644,21.50538],[71.78637,21.50527],[71.78632,21.50527],[71.7863,21.50522],[71.78631,21.50519],[71.78627,21.50512],[71.78622,21.50507],[71.7862,21.50502],[71.78614,21.50496],[71.78609,21.50491],[71.78609,21.50481],[71.78603,21.50479],[71.78597,21.50468],[71.78594,21.50467],[71.78592,21.50463],[71.78592,21.50459],[71.78588,21.5045],[71.78587,21.50445],[71.78584,21.50436],[71.78584,21.50431],[71.78582,21.50424],[71.78582,21.50414],[71.78586,21.50413],[71.78589,21.50418],[71.786,21.50423],[71.78609,21.50423],[71.78614,21.50429],[71.78624,21.50428],[71.78626,21.50428],[71.7863,21.5043],[71.78631,21.50434],[71.7864,21.50436],[71.7864,21.5044],[71.78644,21.50446],[71.78644,21.50449],[71.78646,21.50453],[71.78655,21.50456],[71.78669,21.50455],[71.78677,21.5046],[71.78682,21.50464],[71.78687,21.50464],[71.78688,21.5046],[71.78692,21.5046],[71.78697,21.50456],[71.787,21.50456],[71.78705,21.50449],[71.78712,21.50447],[71.78714,21.50444],[71.78719,21.50444],[71.78723,21.50438],[71.78729,21.50433],[71.78733,21.50432],[71.78738,21.50426],[71.78744,21.50426],[71.78747,21.50422],[71.78753,21.50422],[71.7876,21.50421],[71.78764,21.50416],[71.78771,21.50417],[71.78771,21.50415],[71.78776,21.50409],[71.78783,21.50409],[71.78786,21.50413],[71.78792,21.50413],[71.78799,21.50416],[71.78803,21.50421],[71.78809,21.50421],[71.78817,21.50425],[71.78825,21.50424],[71.78828,21.50422],[71.78833,21.50422],[71.78834,21.5042],[71.78842,21.50417],[71.78849,21.50413],[71.78855,21.50414],[71.78859,21.50412],[71.78864,21.50411],[71.78869,21.50408],[71.78873,21.50401],[71.78878,21.504],[71.78881,21.50398],[71.789,21.50399],[71.78905,21.50397],[71.78911,21.50398],[71.78912,21.50403],[71.7892,21.50403],[71.7892,21.50399],[71.78928,21.50395],[71.78934,21.50395],[71.78943,21.5039],[71.78952,21.50391],[71.78958,21.50386],[71.78964,21.50385],[71.78968,21.5038],[71.78975,21.50378],[71.78976,21.50375],[71.78981,21.50373],[71.78982,21.5037],[71.78987,21.50367],[71.78994,21.50366],[71.79004,21.50364],[71.79009,21.50359],[71.79007,21.50353],[71.79011,21.50351],[71.7901,21.50342],[71.79016,21.50347],[71.79022,21.50347],[71.79026,21.50352],[71.79031,21.50351],[71.79034,21.50355],[71.79034,21.50357],[71.7903,21.50356],[71.79022,21.50363],[71.79019,21.50367],[71.79014,21.50364],[71.7901,21.50368],[71.79009,21.50371],[71.78997,21.5038],[71.78988,21.50381],[71.78986,21.50386],[71.78982,21.50388],[71.7898,21.50393],[71.78977,21.50395],[71.78975,21.50401],[71.7897,21.50405],[71.78971,21.50412],[71.78967,21.50416],[71.78968,21.50423],[71.78961,21.50428],[71.78958,21.50428],[71.78956,21.50438],[71.7895,21.5044],[71.78949,21.50444],[71.7894,21.50444],[71.78936,21.50441],[71.7893,21.50446],[71.78928,21.50452],[71.78923,21.50456],[71.78918,21.50463],[71.78916,21.50466],[71.78912,21.50468],[71.78902,21.50478],[71.78899,21.50478],[71.78896,21.50481],[71.78893,21.50481],[71.78888,21.50484],[71.78875,21.50488],[71.7887,21.50493],[71.7887,21.50503],[71.78864,21.50509],[71.78861,21.50515],[71.78854,21.50524],[71.78852,21.50529],[71.78843,21.50537],[71.7884,21.50542],[71.7884,21.50548],[71.78837,21.50549],[71.78834,21.50553],[71.78834,21.50561],[71.7883,21.50564],[71.78827,21.50573],[71.78821,21.50576],[71.78814,21.50577],[71.78813,21.5058],[71.78808,21.5058],[71.78807,21.50585],[71.78801,21.50585],[71.78796,21.50589],[71.78794,21.50594],[71.78795,21.506],[71.78795,21.50603],[71.78795,21.50617],[71.78798,21.50624],[71.78798,21.50639],[71.78799,21.50647],[71.78802,21.50653],[71.78799,21.5066],[71.78796,21.50665]]]},"properties":{"PolygonId":1238,"Area":3942,"Subbasin":null}},
{"type":"Feature","geometry":{"type":"Polygon","coordinates":[[[71.7996,21.5084],[71.79963,21.50845],[71.79964,21.50859],[71.79966,21.50875],[71.7997,21.50884],[71.79972,21.50899],[71.79976,21.50907],[71.79976,21.50915],[71.79979,21.50919],[71.79978,21.50923],[71.7998,21.50925],[71.79982,21.50939],[71.79984,21.50941],[71.79988,21.50952],[71.79989,21.50966],[71.79991,21.50974],[71.79996,21.50973],[71.79999,21.50976],[71.8,21.50982],[71.80003,21.50982],[71.80005,21.50986],[71.80008,21.50986],[71.80011,21.50989],[71.80018,21.5099],[71.8002,21.50994],[71.80018,21.50997],[71.80019,21.51001],[71.80025,21.51001],[71.80027,21.51007],[71.80025,21.51009],[71.80026,21.51015],[71.80019,21.51016],[71.80017,21.51013],[71.80013,21.51013],[71.80009,21.51017],[71.8,21.51018],[71.79997,21.51003],[71.79995,21.51001],[71.79989,21.51],[71.79987,21.50996],[71.79987,21.50987],[71.79975,21.50984],[71.79966,21.50983],[71.79955,21.50984],[71.79954,21.50975],[71.79945,21.50973],[71.79941,21.50971],[71.79936,21.50971],[71.79932,21.50967],[71.79919,21.50965],[71.79915,21.50962],[71.79911,21.50962],[71.79893,21.50958],[71.79883,21.50957],[71.79879,21.50955],[71.79875,21.50955],[71.79866,21.50951],[71.79857,21.5095],[71.79839,21.50949],[71.79834,21.50947],[71.79828,21.50949],[71.79823,21.50945],[71.79819,21.50944],[71.79813,21.5094],[71.79805,21.5094],[71.79799,21.50937],[71.79796,21.50934],[71.79796,21.50927],[71.79792,21.50925],[71.79796,21.50908],[71.79801,21.50905],[71.79804,21.509],[71.79804,21.50895],[71.79801,21.50893],[71.79791,21.5089],[71.79791,21.50887],[71.79789,21.50884],[71.79791,21.5088],[71.79791,21.50877],[71.79783,21.50868],[71.79781,21.50864],[71.79773,21.50864],[71.79773,21.50859],[71.79768,21.50854],[71.79763,21.50853],[71.79758,21.50847],[71.79754,21.50846],[71.79745,21.50834],[71.79737,21.50827],[71.79734,21.50827],[71.7973,21.50822],[71.79724,21.50818],[71.79719,21.50817],[71.79708,21.50817],[71.79705,21.5082],[71.79695,21.50821],[71.79684,21.50817],[71.79684,21.50814],[71.79679,21.50812],[71.79676,21.50796],[71.79674,21.50795],[71.79673,21.50788],[71.79665,21.50782],[71.7966,21.50773],[71.79657,21.50744],[71.79651,21.50741],[71.7965,21.50734],[71.79651,21.50731],[71.79646,21.50721],[71.79645,21.50716],[71.79642,21.50711],[71.79642,21.50706],[71.79637,21.50698],[71.79638,21.50694],[71.79634,21.50688],[71.79635,21.50677],[71.79632,21.50671],[71.79628,21.50662],[71.79621,21.50661],[71.79619,21.50657],[71.79611,21.5065],[71.79604,21.5064],[71.79599,21.50634],[71.79594,21.50634],[71.79591,21.50631],[71.79585,21.50628],[71.79576,21.5063],[71.79568,21.50626],[71.7955,21.50616],[71.79539,21.50615],[71.79533,21.50615],[71.7953,21.50612],[71.79532,21.50611],[71.79535,21.50611],[71.79545,21.50612],[71.79548,21.5061],[71.79554,21.50611],[71.79558,21.50608],[71.79565,21.50608],[71.79565,21.5061],[71.79574,21.50616],[71.79579,21.50616],[71.79583,21.50618],[71.79589,21.50618],[71.79591,21.5062],[71.79601,21.50619],[71.79611,21.50622],[71.79614,21.50626],[71.79621,21.50628],[71.79628,21.50633],[71.79634,21.50633],[71.7964,21.50638],[71.79638,21.50642],[71.79645,21.50647],[71.79649,21.50653],[71.79654,21.50654],[71.79658,21.50657],[71.79663,21.50658],[71.79671,21.5066],[71.79677,21.50666],[71.79682,21.50666],[71.79689,21.50674],[71.79694,21.50675],[71.79705,21.50685],[71.7971,21.50691],[71.79718,21.50696],[71.7972,21.50701],[71.79731,21.50711],[71.79735,21.50711],[71.79744,21.50719],[71.7975,21.5072],[71.79757,21.5072],[71.79763,21.50726],[71.79772,21.50728],[71.79778,21.50728],[71.7978,21.5073],[71.79789,21.5073],[71.79791,21.50734],[71.798,21.50735],[71.79805,21.50734],[71.79812,21.50737],[71.79828,21.50735],[71.7983,21.50741],[71.79833,21.50742],[71.79835,21.50751],[71.79838,21.50758],[71.79841,21.50761],[71.79845,21.50762],[71.79848,21.50765],[71.79848,21.50771],[71.79852,21.50774],[71.79852,21.50778],[71.79849,21.50783],[71.79853,21.50788],[71.79853,21.5079],[71.79857,21.50795],[71.79861,21.50794],[71.79863,21.50801],[71.79868,21.50802],[71.7987,21.50805],[71.79875,21.5081],[71.79878,21.5081],[71.7988,21.50817],[71.79888,21.50816],[71.79891,21.5082],[71.79892,21.50828],[71.79902,21.50828],[71.79902,21.5083],[71.79911,21.50831],[71.79913,21.50828],[71.79918,21.50828],[71.79924,21.50833],[71.79932,21.50838],[71.79934,21.50841],[71.7994,21.50841],[71.79944,21.50837],[71.79946,21.5084],[71.7996,21.5084]]]},"properties":{"PolygonId":955,"Area":28043,"Subbasin":null}},
{"type":"Feature","geometry":{"type":"Polygon","coordinates":[[[71.81573,21.48477],[71.81584,21.48475],[71.81587,21.48471],[71.81592,21.4847],[71.81597,21.48465],[71.81597,21.48461],[71.81604,21.48454],[71.81611,21.48451],[71.81611,21.48449],[71.81619,21.48445],[71.8162,21.48442],[71.81629,21.48441],[71.81633,21.48439],[71.81641,21.4843],[71.81643,21.48423],[71.81646,21.48421],[71.81648,21.48416],[71.81652,21.48412],[71.81659,21.48411],[71.8166,21.48406],[71.81671,21.48402],[71.81673,21.48399],[71.81679,21.48396],[71.8168,21.48394],[71.81686,21.48393],[71.8169,21.4839],[71.81694,21.48389],[71.81698,21.48386],[71.81704,21.48385],[71.81724,21.48375],[71.81727,21.48376],[71.8173,21.48371],[71.81733,21.4837],[71.81743,21.48359],[71.81743,21.48356],[71.81749,21.4835],[71.81747,21.48339],[71.81752,21.48329],[71.81758,21.48324],[71.81758,21.48321],[71.81762,21.48317],[71.81773,21.48301],[71.81774,21.48297],[71.81781,21.48291],[71.81783,21.48285],[71.81785,21.48284],[71.81785,21.48278],[71.81793,21.48273],[71.81798,21.48268],[71.81804,21.48261],[71.81803,21.48253],[71.81802,21.48249],[71.81809,21.48243],[71.81813,21.48235],[71.81821,21.48227],[71.81822,21.48224],[71.81835,21.48212],[71.81839,21.48214],[71.81845,21.48213],[71.81846,21.48216],[71.81852,21.48221],[71.81857,21.48224],[71.81867,21.48221],[71.81877,21.48222],[71.8188,21.48228],[71.81888,21.48227],[71.81891,21.48228],[71.81892,21.48231],[71.81899,21.48233],[71.81905,21.48232],[71.81908,21.48234],[71.81909,21.48238],[71.81913,21.48243],[71.8192,21.48244],[71.81924,21.48241],[71.8193,21.4824],[71.81936,21.48237],[71.81941,21.48245],[71.81946,21.48243],[71.81954,21.48242],[71.81956,21.48241],[71.81965,21.48241],[71.81971,21.48236],[71.81976,21.48236],[71.81984,21.48234],[71.81988,21.48238],[71.81998,21.48235],[71.82002,21.48238],[71.82013,21.48238],[71.8202,21.48237],[71.82024,21.48238],[71.82023,21.48246],[71.82025,21.48248],[71.8203,21.48246],[71.82032,21.48243],[71.82035,21.48243],[71.82039,21.48248],[71.82048,21.48248],[71.82055,21.48246],[71.82062,21.48253],[71.82065,21.48254],[71.82075,21.48255],[71.82074,21.48263],[71.82073,21.48266],[71.82075,21.48269],[71.82068,21.48276],[71.82063,21.48274],[71.82054,21.48274],[71.8205,21.48276],[71.82042,21.48274],[71.8204,21.48271],[71.82029,21.48275],[71.82022,21.48276],[71.82014,21.48277],[71.8201,21.48275],[71.82003,21.48276],[71.81999,21.48279],[71.81992,21.48279],[71.81986,21.48285],[71.81981,21.48287],[71.81977,21.48297],[71.81971,21.483],[71.81966,21.48306],[71.81966,21.48308],[71.81962,21.48312],[71.8195,21.48317],[71.81947,21.48316],[71.81941,21.48322],[71.81942,21.4833],[71.81934,21.48338],[71.81933,21.48343],[71.81927,21.48346],[71.81924,21.4835],[71.81921,21.48351],[71.81918,21.48356],[71.81915,21.48357],[71.81911,21.4836],[71.81901,21.48366],[71.81896,21.48368],[71.81892,21.48372],[71.81884,21.48375],[71.81882,21.48378],[71.81869,21.48379],[71.81865,21.48382],[71.81851,21.48384],[71.81843,21.48387],[71.81842,21.48392],[71.81834,21.48395],[71.81832,21.48396],[71.81821,21.48398],[71.81816,21.48398],[71.81809,21.48402],[71.81804,21.48402],[71.81799,21.48404],[71.81797,21.48408],[71.81791,21.4841],[71.81787,21.48405],[71.81777,21.48409],[71.81772,21.48407],[71.8176,21.4841],[71.81754,21.48413],[71.81742,21.48415],[71.81736,21.4842],[71.8173,21.48421],[71.81727,21.48419],[71.81723,21.4842],[71.81719,21.48426],[71.81714,21.48426],[71.81708,21.4843],[71.81705,21.48435],[71.817,21.48434],[71.81696,21.48437],[71.81695,21.48437],[71.81692,21.4844],[71.81681,21.48445],[71.81676,21.48451],[71.81671,21.48453],[71.81666,21.48453],[71.81664,21.48455],[71.81659,21.48455],[71.81638,21.48459],[71.81637,21.48465],[71.81633,21.48464],[71.81629,21.48469],[71.81626,21.48469],[71.81623,21.48474],[71.81616,21.48475],[71.81607,21.48482],[71.81606,21.48485],[71.81601,21.48489],[71.81601,21.48495],[71.81593,21.48504],[71.81591,21.48511],[71.81588,21.48515],[71.81583,21.48518],[71.81579,21.48523],[71.8158,21.48528],[71.81578,21.48531],[71.81573,21.48534],[71.81572,21.48539],[71.81566,21.48548],[71.81566,21.48552],[71.81564,21.48557],[71.8156,21.4856],[71.81558,21.48564],[71.81551,21.48568],[71.8155,21.4857],[71.81544,21.48572],[71.8153,21.48583],[71.81525,21.48583],[71.81522,21.48585],[71.81509,21.48591],[71.81505,21.48596],[71.81497,21.48595],[71.81494,21.48593],[71.81489,21.48593],[71.81484,21.48591],[71.81478,21.48592],[71.8147,21.48588],[71.81463,21.48586],[71.81455,21.48584],[71.81449,21.48587],[71.81445,21.48583],[71.81429,21.48583],[71.81425,21.48582],[71.81406,21.48582],[71.81404,21.4858],[71.81402,21.4858],[71.81402,21.48581],[71.81401,21.48581],[71.81401,21.48582],[71.81392,21.48584],[71.81388,21.48587],[71.8138,21.48587],[71.81378,21.48591],[71.81371,21.48594],[71.81364,21.48594],[71.81357,21.48591],[71.81344,21.48591],[71.81341,21.48589],[71.81331,21.4859],[71.81325,21.48599],[71.81318,21.48605],[71.81305,21.48611],[71.81296,21.48612],[71.81295,21.4861],[71.81284,21.48602],[71.81279,21.486],[71.81274,21.48603],[71.81267,21.48602],[71.81266,21.48605],[71.81256,21.48603],[71.81256,21.48602],[71.81262,21.48602],[71.81263,21.48598],[71.81271,21.48596],[71.81272,21.48591],[71.81277,21.48589],[71.81276,21.48586],[71.81284,21.48582],[71.81291,21.4858],[71.81293,21.48573],[71.81296,21.48574],[71.81305,21.48566],[71.81306,21.48563],[71.81315,21.48561],[71.81324,21.48562],[71.81333,21.48557],[71.81348,21.48557],[71.8135,21.48554],[71.81355,21.48553],[71.81358,21.48551],[71.81371,21.4855],[71.81373,21.48548],[71.81384,21.48548],[71.81391,21.4855],[71.81394,21.48553],[71.81409,21.48553],[71.81412,21.4855],[71.81424,21.48547],[71.81429,21.48545],[71.81439,21.48545],[71.81443,21.48543],[71.81451,21.48543],[71.81455,21.4854],[71.81464,21.48539],[71.81479,21.48531],[71.81483,21.4853],[71.8149,21.48525],[71.81492,21.48526],[71.81501,21.48523],[71.81509,21.48518],[71.81513,21.48518],[71.8152,21.48513],[71.81527,21.48505],[71.81526,21.48501],[71.81533,21.48495],[71.81537,21.48489],[71.8154,21.48489],[71.81546,21.48489],[71.81553,21.48484],[71.81555,21.48486],[71.81563,21.48482],[71.81564,21.4848],[71.8157,21.48479],[71.81572,21.48477],[71.81573,21.48477]]]},"properties":{"PolygonId":335,"Area":10776,"Subbasin":null}},
{"type":"Feature","geometry":{"type":"Polygon","coordinates":[[[71.81899,21.50249],[71.81901,21.50252],[71.81896,21.50259],[71.81897,21.50268],[71.81908,21.50271],[71.81912,21.5027],[71.81915,21.50275],[71.81921,21.50276],[71.81926,21.50286],[71.81928,21.50287],[71.81929,21.50297],[71.81932,21.50297],[71.81931,21.50304],[71.81935,21.50315],[71.81931,21.50314],[71.81925,21.50324],[71.81918,21.50329],[71.81916,21.50329],[71.81913,21.50333],[71.81904,21.50337],[71.81901,21.5034],[71.81895,21.50341],[71.81892,21.50344],[71.81893,21.50351],[71.81905,21.50356],[71.81908,21.50359],[71.81919,21.50358],[71.81924,21.50361],[71.81925,21.50364],[71.81929,21.5037],[71.8193,21.50383],[71.81929,21.5039],[71.81933,21.50392],[71.81939,21.50393],[71.81939,21.50396],[71.81934,21.50399],[71.81924,21.50399],[71.81922,21.50396],[71.81916,21.50397],[71.81916,21.504],[71.81904,21.504],[71.81901,21.50403],[71.8189,21.50404],[71.81885,21.50408],[71.81877,21.50407],[71.81873,21.50414],[71.81869,21.50411],[71.81863,21.5041],[71.81861,21.50406],[71.81863,21.50403],[71.81861,21.50394],[71.81857,21.50383],[71.81854,21.50382],[71.81847,21.50382],[71.81833,21.50375],[71.8183,21.50372],[71.81828,21.50367],[71.81825,21.50364],[71.81827,21.50361],[71.81823,21.50357],[71.81816,21.50357],[71.81814,21.50355],[71.81807,21.50354],[71.81799,21.50356],[71.81794,21.50356],[71.81791,21.5036],[71.81782,21.50358],[71.8178,21.5036],[71.81771,21.50357],[71.81769,21.5036],[71.81763,21.50361],[71.81761,21.50364],[71.81756,21.50361],[71.8175,21.50361],[71.81748,21.50358],[71.81737,21.50358],[71.81738,21.50349],[71.81734,21.50348],[71.81731,21.50343],[71.81723,21.50345],[71.81703,21.50345],[71.81693,21.50348],[71.81689,21.50353],[71.81677,21.50361],[71.8167,21.50364],[71.81665,21.50369],[71.81658,21.5037],[71.81632,21.50381],[71.81624,21.50383],[71.81619,21.50381],[71.81615,21.50378],[71.81607,21.50376],[71.81595,21.50382],[71.81585,21.50385],[71.81582,21.50385],[71.81577,21.5039],[71.81556,21.50398],[71.81552,21.50398],[71.81543,21.50403],[71.81535,21.50405],[71.81528,21.50405],[71.81526,21.504],[71.81513,21.50391],[71.81501,21.50391],[71.81499,21.50389],[71.81497,21.50381],[71.81492,21.50376],[71.81488,21.50368],[71.81481,21.50363],[71.81475,21.50359],[71.81471,21.50353],[71.81469,21.50339],[71.81466,21.50337],[71.81465,21.50329],[71.81462,21.50322],[71.81462,21.50293],[71.81458,21.50287],[71.81457,21.50279],[71.8145,21.50269],[71.81447,21.50268],[71.81446,21.5026],[71.81445,21.5025],[71.81448,21.50246],[71.81451,21.50242],[71.81463,21.50235],[71.81469,21.50234],[71.81475,21.5023],[71.81479,21.5023],[71.81489,21.50233],[71.81491,21.50232],[71.81493,21.50227],[71.81498,21.50223],[71.81505,21.50221],[71.81517,21.50222],[71.81522,21.5022],[71.81523,21.50217],[71.81531,21.50216],[71.81534,21.50211],[71.81541,21.50209],[71.81544,21.50212],[71.8155,21.50213],[71.81561,21.50219],[71.81569,21.50221],[71.81573,21.50216],[71.81591,21.50216],[71.81601,21.50217],[71.81618,21.5022],[71.81623,21.50218],[71.81639,21.50217],[71.81646,21.50214],[71.81651,21.50215],[71.81651,21.50216],[71.81655,21.5022],[71.81664,21.5022],[71.81667,21.50217],[71.81677,21.50218],[71.81688,21.50221],[71.817,21.50221],[71.81706,21.50218],[71.81719,21.50217],[71.81721,21.50211],[71.81727,21.5021],[71.81729,21.50213],[71.81739,21.50212],[71.8174,21.50209],[71.81745,21.50208],[71.8175,21.50203],[71.81754,21.50203],[71.81757,21.50207],[71.81765,21.50206],[71.81766,21.50204],[71.81775,21.50204],[71.81776,21.50205],[71.81787,21.50205],[71.81795,21.50207],[71.81798,21.50204],[71.818,21.50204],[71.81802,21.50206],[71.8181,21.50205],[71.81816,21.50206],[71.81823,21.50212],[71.81828,21.5021],[71.81833,21.50211],[71.81839,21.50218],[71.81845,21.50219],[71.81847,21.50222],[71.81853,21.50221],[71.81858,21.50224],[71.81864,21.50223],[71.81866,21.50227],[71.81883,21.50238],[71.81886,21.50242],[71.81893,21.50246],[71.81896,21.50251],[71.81899,21.50249]]]},"properties":{"PolygonId":1176,"Area":5608,"Subbasin":null}},
{"type":"Feature","geometry":{"type":"Polygon","coordinates":[[[71.81436,21.50555],[71.81431,21.50553],[71.81427,21.50554],[71.81425,21.5055],[71.81418,21.50551],[71.81416,21.50542],[71.81409,21.5054],[71.81401,21.50541],[71.81399,21.50538],[71.81391,21.50538],[71.81392,21.50529],[71.81382,21.50528],[71.8137,21.50528],[71.81365,21.50527],[71.81362,21.50531],[71.81358,21.50527],[71.81356,21.50514],[71.8136,21.50511],[71.8136,21.50504],[71.81354,21.505],[71.81352,21.50493],[71.81354,21.50487],[71.81359,21.50483],[71.81358,21.50479],[71.81364,21.50477],[71.81372,21.50471],[71.81376,21.50465],[71.81374,21.50456],[71.81366,21.50453],[71.81356,21.50449],[71.81332,21.50454],[71.81324,21.50454],[71.8132,21.50451],[71.81308,21.50455],[71.81303,21.50454],[71.81292,21.50453],[71.81284,21.50455],[71.81288,21.50448],[71.81284,21.50445],[71.81283,21.50439],[71.81281,21.50435],[71.8127,21.50434],[71.81268,21.50429],[71.81262,21.5043],[71.81263,21.50423],[71.81256,21.50418],[71.81244,21.50424],[71.81244,21.5043],[71.81237,21.50429],[71.81235,21.50423],[71.81232,21.5042],[71.81228,21.50419],[71.81226,21.50414],[71.81219,21.50407],[71.81217,21.50402],[71.8121,21.50394],[71.81203,21.5039],[71.812,21.50384],[71.81198,21.50378],[71.81196,21.50375],[71.81196,21.5037],[71.81191,21.50365],[71.81191,21.50359],[71.81184,21.50349],[71.81183,21.50336],[71.81181,21.50334],[71.81177,21.50322],[71.81177,21.50313],[71.81178,21.5031],[71.81179,21.50296],[71.81171,21.50288],[71.81171,21.50285],[71.81174,21.50273],[71.81176,21.50271],[71.81173,21.50262],[71.81169,21.50261],[71.81169,21.50253],[71.81168,21.50245],[71.81166,21.50245],[71.8117,21.50231],[71.81173,21.50229],[71.81175,21.50222],[71.81172,21.5022],[71.81162,21.50218],[71.81162,21.50216],[71.81163,21.50215],[71.81164,21.50215],[71.81166,21.50215],[71.81167,21.50213],[71.81178,21.50214],[71.81185,21.50218],[71.8119,21.50218],[71.81193,21.50213],[71.81199,21.5021],[71.81207,21.5021],[71.81213,21.50206],[71.81214,21.50201],[71.8122,21.502],[71.81222,21.50198],[71.81234,21.50198],[71.81238,21.50196],[71.81248,21.50203],[71.81257,21.50204],[71.8126,21.50203],[71.81262,21.50203],[71.81266,21.50193],[71.8127,21.50195],[71.81275,21.50192],[71.81277,21.50184],[71.81281,21.50184],[71.81287,21.50187],[71.81296,21.50189],[71.81299,21.50192],[71.8131,21.50197],[71.81316,21.50202],[71.81323,21.50201],[71.81327,21.50196],[71.81332,21.50192],[71.81336,21.50194],[71.8134,21.50191],[71.81345,21.50193],[71.81357,21.50203],[71.81363,21.50202],[71.8137,21.50206],[71.81373,21.50211],[71.8138,21.50215],[71.81383,21.50221],[71.81387,21.50223],[71.81388,21.50218],[71.81401,21.50223],[71.81402,21.50226],[71.8141,21.50231],[71.81416,21.50234],[71.81419,21.50237],[71.81429,21.50238],[71.8144,21.50236],[71.81441,21.50241],[71.81439,21.50246],[71.81434,21.50248],[71.81429,21.50248],[71.81419,21.50245],[71.81405,21.50244],[71.81407,21.50248],[71.81407,21.50252],[71.81403,21.50257],[71.81403,21.50261],[71.81406,21.50263],[71.81404,21.50266],[71.81403,21.50276],[71.81401,21.50284],[71.81402,21.50295],[71.81399,21.50302],[71.81399,21.5031],[71.814,21.50312],[71.81401,21.50325],[71.81397,21.50329],[71.81397,21.50339],[71.81394,21.50346],[71.81394,21.50353],[71.81391,21.50366],[71.81388,21.50368],[71.81387,21.50376],[71.81385,21.50384],[71.81378,21.50393],[71.81381,21.50404],[71.81381,21.50412],[71.81397,21.50414],[71.81404,21.50412],[71.81412,21.50415],[71.81409,21.5042],[71.81409,21.50423],[71.81406,21.50428],[71.81409,21.5043],[71.8141,21.50437],[71.81414,21.50447],[71.81416,21.50449],[71.81417,21.50462],[71.81422,21.50467],[71.81431,21.50469],[71.81431,21.50475],[71.81434,21.50478],[71.81434,21.50483],[71.81432,21.50499],[71.81434,21.50507],[71.8143,21.50515],[71.81433,21.50515],[71.81435,21.50523],[71.81435,21.5053],[71.8144,21.50535],[71.81442,21.5054],[71.81444,21.50547],[71.81442,21.50552],[71.81437,21.50554],[71.81436,21.50554],[71.81436,21.50555]]]},"properties":{"PolygonId":956,"Area":11124,"Subbasin":null}},
{"type":"Feature","geometry":{"type":"Polygon","coordinates":[[[71.81166,21.50245],[71.81164,21.50247],[71.81165,21.50259],[71.81161,21.50264],[71.81166,21.50265],[71.81162,21.50271],[71.81163,21.50278],[71.81165,21.50279],[71.81168,21.50288],[71.81167,21.50294],[71.81169,21.50297],[71.81169,21.5031],[71.81172,21.50314],[71.81171,21.5033],[71.81174,21.50338],[71.81174,21.50344],[71.81178,21.50351],[71.81178,21.50357],[71.8118,21.50364],[71.81183,21.50368],[71.81184,21.50381],[71.81187,21.50383],[71.81188,21.50405],[71.81186,21.50408],[71.81186,21.50414],[71.81184,21.50416],[71.81185,21.50425],[71.81183,21.5043],[71.81184,21.50436],[71.81186,21.50438],[71.81185,21.50443],[71.81192,21.50452],[71.81199,21.50457],[71.81192,21.50458],[71.81193,21.50462],[71.81191,21.50467],[71.81191,21.50476],[71.81193,21.50488],[71.81195,21.5049],[71.81198,21.50503],[71.81198,21.50511],[71.81201,21.50517],[71.81204,21.50533],[71.81209,21.50541],[71.81209,21.50544],[71.81212,21.50547],[71.81214,21.50557],[71.8123,21.50556],[71.81236,21.50561],[71.81236,21.50564],[71.81239,21.50567],[71.81246,21.5057],[71.81255,21.50575],[71.81263,21.50579],[71.8126,21.50583],[71.81259,21.50588],[71.8126,21.50592],[71.8125,21.50596],[71.81249,21.50599],[71.81256,21.50603],[71.81256,21.50612],[71.81252,21.50617],[71.81253,21.50622],[71.81235,21.50624],[71.81235,21.50621],[71.81229,21.5062],[71.81228,21.50617],[71.8122,21.50617],[71.81216,21.50613],[71.81209,21.50612],[71.81198,21.50612],[71.81195,21.50614],[71.8119,21.5061],[71.8118,21.50608],[71.81176,21.50603],[71.81173,21.50602],[71.81172,21.50598],[71.81164,21.50595],[71.81162,21.50589],[71.81158,21.50589],[71.81158,21.50583],[71.81154,21.50583],[71.81151,21.50576],[71.81152,21.50574],[71.81148,21.5057],[71.81146,21.50564],[71.81133,21.50563],[71.81135,21.50561],[71.81136,21.5055],[71.81126,21.50546],[71.8112,21.50547],[71.81114,21.50544],[71.81092,21.50543],[71.81082,21.50541],[71.81078,21.50538],[71.81078,21.50536],[71.81072,21.50533],[71.81072,21.5053],[71.81077,21.50528],[71.81077,21.50523],[71.81072,21.50521],[71.81072,21.50514],[71.81069,21.50509],[71.81066,21.50491],[71.81071,21.50487],[71.81071,21.50478],[71.8107,21.50469],[71.81067,21.50467],[71.81069,21.50462],[71.81069,21.50454],[71.81062,21.50445],[71.81057,21.50441],[71.81053,21.50435],[71.81051,21.50424],[71.81053,21.50423],[71.81051,21.50418],[71.81052,21.50413],[71.81056,21.5041],[71.81055,21.50407],[71.81054,21.50397],[71.81058,21.50392],[71.81057,21.50375],[71.8106,21.50363],[71.81059,21.50353],[71.81061,21.5035],[71.81061,21.50328],[71.81059,21.50323],[71.8106,21.50317],[71.81055,21.50311],[71.81055,21.50304],[71.81051,21.50294],[71.81051,21.50272],[71.81049,21.50266],[71.81049,21.50264],[71.81052,21.5026],[71.8105,21.50253],[71.81053,21.50252],[71.81053,21.50253],[71.81062,21.50249],[71.81068,21.50249],[71.81071,21.50244],[71.81075,21.50244],[71.81076,21.50248],[71.81083,21.50253],[71.81096,21.50251],[71.811,21.50249],[71.81103,21.50244],[71.81113,21.50244],[71.81123,21.50237],[71.81136,21.50235],[71.81139,21.50238],[71.81144,21.50237],[71.81148,21.50234],[71.81149,21.50229],[71.81152,21.50227],[71.81154,21.5022],[71.81162,21.50218],[71.81172,21.5022],[71.81175,21.50222],[71.81173,21.50229],[71.8117,21.50231],[71.81166,21.50245]]]},"properties":{"PolygonId":991,"Area":12985,"Subbasin":null}},
{"type":"Feature","geometry":{"type":"Polygon","coordinates":[[[71.81176,21.50603],[71.81175,21.50607],[71.81176,21.50615],[71.81179,21.50617],[71.81178,21.50622],[71.8118,21.50627],[71.81171,21.50626],[71.81162,21.50621],[71.8116,21.50616],[71.81154,21.50613],[71.8115,21.50613],[71.81142,21.5061],[71.81129,21.50608],[71.81114,21.50604],[71.81108,21.50597],[71.81104,21.50596],[71.81103,21.50592],[71.81099,21.50588],[71.81097,21.50584],[71.8109,21.50585],[71.81085,21.50581],[71.81078,21.50582],[71.81073,21.5058],[71.81069,21.50577],[71.81053,21.50571],[71.81048,21.50565],[71.81045,21.50565],[71.81042,21.50562],[71.81036,21.50564],[71.8103,21.50564],[71.81023,21.50562],[71.8101,21.50555],[71.81001,21.50553],[71.80993,21.50553],[71.80989,21.50549],[71.80985,21.5055],[71.80978,21.50546],[71.80969,21.50544],[71.8096,21.50546],[71.80953,21.50546],[71.8095,21.5054],[71.80944,21.50532],[71.80941,21.5053],[71.80931,21.50531],[71.80919,21.50534],[71.80908,21.50536],[71.80905,21.50538],[71.80889,21.50541],[71.80881,21.50541],[71.80881,21.50537],[71.80878,21.50533],[71.80879,21.50529],[71.80873,21.50525],[71.80875,21.50518],[71.80879,21.50517],[71.80879,21.50511],[71.80877,21.50508],[71.80871,21.50506],[71.8087,21.50502],[71.80864,21.50504],[71.80855,21.50495],[71.80848,21.50485],[71.80845,21.50485],[71.80835,21.5048],[71.80834,21.50478],[71.80827,21.50475],[71.8082,21.50469],[71.80818,21.50464],[71.80812,21.50459],[71.80806,21.5045],[71.80802,21.50447],[71.80797,21.50442],[71.80791,21.50432],[71.80791,21.50429],[71.80787,21.50424],[71.80784,21.50414],[71.80784,21.50409],[71.80782,21.50405],[71.80783,21.50399],[71.80787,21.50393],[71.80791,21.50393],[71.80794,21.5039],[71.808,21.50389],[71.80802,21.50387],[71.80814,21.50382],[71.80822,21.5038],[71.80832,21.50367],[71.80841,21.50362],[71.80842,21.50359],[71.80848,21.50354],[71.80857,21.5035],[71.80857,21.50347],[71.80861,21.50344],[71.8086,21.5034],[71.80865,21.50331],[71.80864,21.50327],[71.8087,21.50322],[71.80872,21.50319],[71.8088,21.5031],[71.80884,21.50307],[71.8089,21.50307],[71.80896,21.50299],[71.809,21.50298],[71.80904,21.50295],[71.80908,21.50294],[71.80918,21.50287],[71.80924,21.50287],[71.8093,21.5028],[71.80943,21.5028],[71.80948,21.50277],[71.80953,21.50277],[71.80958,21.50272],[71.80965,21.50271],[71.80968,21.50268],[71.80975,21.50267],[71.80977,21.50265],[71.80991,21.50263],[71.80993,21.50265],[71.81001,21.50265],[71.81009,21.50269],[71.81014,21.50264],[71.81024,21.50259],[71.81032,21.50257],[71.81038,21.50255],[71.81042,21.50251],[71.81053,21.50252],[71.8105,21.50253],[71.81052,21.5026],[71.81049,21.50264],[71.81049,21.50266],[71.81051,21.50272],[71.81051,21.50294],[71.81055,21.50304],[71.81055,21.50311],[71.8106,21.50317],[71.81059,21.50323],[71.81061,21.50328],[71.81061,21.5035],[71.81059,21.50353],[71.8106,21.50363],[71.81057,21.50375],[71.81058,21.50392],[71.81054,21.50397],[71.81055,21.50407],[71.81056,21.5041],[71.81052,21.50413],[71.81051,21.50418],[71.81053,21.50423],[71.81051,21.50424],[71.81053,21.50435],[71.81057,21.50441],[71.81062,21.50445],[71.81069,21.50454],[71.81069,21.50462],[71.81067,21.50467],[71.8107,21.50469],[71.81071,21.50478],[71.81071,21.50487],[71.81066,21.50491],[71.81069,21.50509],[71.81072,21.50514],[71.81072,21.50521],[71.81077,21.50523],[71.81077,21.50528],[71.81072,21.5053],[71.81072,21.50533],[71.81078,21.50536],[71.81078,21.50538],[71.81082,21.50541],[71.81092,21.50543],[71.81114,21.50544],[71.8112,21.50547],[71.81126,21.50546],[71.81136,21.5055],[71.81135,21.50561],[71.81133,21.50563],[71.81146,21.50564],[71.81148,21.5057],[71.81152,21.50574],[71.81151,21.50576],[71.81154,21.50583],[71.81158,21.50583],[71.81158,21.50589],[71.81162,21.50589],[71.81164,21.50595],[71.81172,21.50598],[71.81173,21.50602],[71.81176,21.50603]]]},"properties":{"PolygonId":939,"Area":5141,"Subbasin":null}},
{"type":"Feature","geometry":{"type":"Polygon","coordinates":[[[71.75577,21.50375],[71.75577,21.50374],[71.75571,21.50371],[71.75574,21.50367],[71.75575,21.50363],[71.75571,21.50362],[71.75572,21.50352],[71.75564,21.50352],[71.75563,21.50348],[71.75566,21.50344],[71.75566,21.50339],[71.75569,21.50334],[71.75567,21.50327],[71.75567,21.50318],[71.75566,21.50311],[71.75563,21.50307],[71.7556,21.50307],[71.75556,21.503],[71.75551,21.50295],[71.75545,21.50296],[71.75538,21.50293],[71.75537,21.50289],[71.75533,21.50287],[71.75522,21.50289],[71.7552,21.50277],[71.75514,21.50278],[71.75512,21.5027],[71.75514,21.50267],[71.75511,21.50263],[71.7551,21.5026],[71.75498,21.50249],[71.75504,21.50241],[71.75513,21.50234],[71.75515,21.50228],[71.75522,21.50223],[71.75518,21.50218],[71.75517,21.50214],[71.75522,21.50207],[71.7552,21.50201],[71.7553,21.50189],[71.75532,21.50178],[71.75533,21.50172],[71.75536,21.5017],[71.75536,21.50162],[71.75539,21.50161],[71.75542,21.50152],[71.75548,21.50149],[71.75553,21.50149],[71.75556,21.50139],[71.75555,21.50137],[71.75566,21.50135],[71.75572,21.50132],[71.75574,21.50134],[71.75581,21.50134],[71.75584,21.50131],[71.75593,21.5013],[71.75598,21.50128],[71.75611,21.50128],[71.75613,21.50126],[71.75618,21.50126],[71.75626,21.50124],[71.75633,21.50121],[71.75638,21.50112],[71.75644,21.50112],[71.7565,21.50108],[71.75651,21.50103],[71.75657,21.50102],[71.75659,21.50098],[71.7567,21.50098],[71.75676,21.50089],[71.75683,21.50089],[71.75688,21.50084],[71.75698,21.50078],[71.75699,21.50075],[71.75707,21.50072],[71.7571,21.50065],[71.75721,21.50065],[71.75722,21.50065],[71.75729,21.50065],[71.75733,21.50069],[71.75742,21.50068],[71.75749,21.50068],[71.75756,21.50075],[71.75767,21.5007],[71.7577,21.5007],[71.75777,21.50074],[71.75784,21.50083],[71.75787,21.50081],[71.75798,21.50082],[71.75801,21.50086],[71.75808,21.50088],[71.75808,21.5009],[71.75821,21.50089],[71.75822,21.50092],[71.75827,21.50097],[71.75827,21.50103],[71.75837,21.50104],[71.75841,21.50108],[71.75847,21.50108],[71.7585,21.50112],[71.75857,21.50113],[71.75866,21.50119],[71.7588,21.50118],[71.75883,21.50118],[71.75884,21.50112],[71.75893,21.50107],[71.75896,21.50104],[71.75895,21.50089],[71.759,21.50089],[71.75903,21.50086],[71.75904,21.50081],[71.75907,21.50081],[71.75911,21.50078],[71.7592,21.50075],[71.75922,21.50073],[71.75926,21.50073],[71.75928,21.50067],[71.75945,21.50067],[71.75952,21.50065],[71.75958,21.50061],[71.75961,21.50061],[71.75965,21.50058],[71.75971,21.50057],[71.75973,21.50053],[71.75983,21.50053],[71.75986,21.50055],[71.75996,21.50057],[71.76005,21.50064],[71.76007,21.50066],[71.76016,21.50067],[71.7602,21.50071],[71.76021,21.50076],[71.76026,21.5008],[71.76034,21.50076],[71.76036,21.50071],[71.76036,21.50063],[71.76038,21.50062],[71.76041,21.50052],[71.76037,21.50047],[71.76034,21.50046],[71.76034,21.50042],[71.76039,21.50034],[71.76042,21.50034],[71.76044,21.50028],[71.76049,21.50025],[71.76048,21.50023],[71.76041,21.5002],[71.76041,21.50017],[71.76034,21.50016],[71.7603,21.50013],[71.76028,21.50008],[71.76021,21.50003],[71.76022,21.49994],[71.76023,21.49991],[71.76032,21.49987],[71.7603,21.49982],[71.7603,21.49977],[71.76034,21.49972],[71.76033,21.49964],[71.76031,21.49963],[71.76033,21.49954],[71.76029,21.49949],[71.76031,21.49943],[71.76029,21.49942],[71.76028,21.49936],[71.76024,21.49929],[71.76023,21.49922],[71.76025,21.49919],[71.76019,21.49912],[71.76018,21.49905],[71.76011,21.49895],[71.76009,21.4989],[71.7601,21.49879],[71.76,21.49865],[71.76001,21.49865],[71.76001,21.49862],[71.75998,21.49857],[71.75992,21.49853],[71.7599,21.49845],[71.75991,21.49835],[71.75991,21.49825],[71.75993,21.49819],[71.75993,21.49811],[71.75996,21.49807],[71.75995,21.498],[71.75985,21.49787],[71.75976,21.4978],[71.75975,21.4977],[71.75973,21.49769],[71.75972,21.49761],[71.75975,21.49757],[71.75971,21.4975],[71.75966,21.49743],[71.75966,21.49736],[71.75963,21.49734],[71.75965,21.49728],[71.75964,21.49719],[71.75968,21.49718],[71.7597,21.49714],[71.75971,21.49709],[71.75978,21.49703],[71.75983,21.49695],[71.75996,21.49687],[71.75997,21.49676],[71.75999,21.49672],[71.75999,21.49671],[71.76001,21.49671],[71.76002,21.49673],[71.76004,21.4968],[71.76002,21.49685],[71.76002,21.49694],[71.76006,21.49697],[71.76011,21.49699],[71.76016,21.49699],[71.76023,21.497],[71.76024,21.49704],[71.76031,21.49711],[71.76036,21.49714],[71.76038,21.49724],[71.76042,21.49728],[71.76039,21.49732],[71.76039,21.49736],[71.76042,21.49738],[71.76039,21.49743],[71.76042,21.49747],[71.76042,21.49748],[71.76041,21.49754],[71.76052,21.4976],[71.76053,21.49764],[71.76058,21.49767],[71.76063,21.49768],[71.76067,21.49773],[71.76075,21.49774],[71.76079,21.49779],[71.76083,21.49779],[71.76086,21.49783],[71.76092,21.49786],[71.76093,21.49789],[71.761,21.49794],[71.76103,21.49794],[71.76108,21.49802],[71.76115,21.49806],[71.76118,21.49812],[71.76122,21.49812],[71.76127,21.49815],[71.76134,21.49814],[71.76139,21.4982],[71.76144,21.49821],[71.76144,21.49824],[71.76148,21.49826],[71.76154,21.49825],[71.76158,21.49826],[71.76161,21.49833],[71.76159,21.49839],[71.76165,21.49843],[71.76165,21.49854],[71.76167,21.49857],[71.7617,21.49857],[71.76172,21.49867],[71.76172,21.49869],[71.76183,21.49871],[71.76189,21.4987],[71.76196,21.4987],[71.76209,21.4987],[71.76209,21.49878],[71.76211,21.49882],[71.76216,21.49886],[71.76216,21.49887],[71.76214,21.4989],[71.76215,21.49899],[71.76218,21.49903],[71.7622,21.4991],[71.76227,21.49919],[71.76233,21.49922],[71.76233,21.49937],[71.7624,21.49951],[71.7624,21.49954],[71.76235,21.4996],[71.76232,21.4997],[71.76229,21.49973],[71.7623,21.4998],[71.76225,21.49986],[71.76225,21.49989],[71.76225,21.50006],[71.76228,21.5001],[71.76232,21.50013],[71.76234,21.50017],[71.76234,21.50027],[71.76234,21.50028],[71.76228,21.50036],[71.76237,21.5005],[71.76237,21.5006],[71.76239,21.5006],[71.76242,21.50073],[71.76247,21.50075],[71.76248,21.50092],[71.76255,21.50104],[71.7626,21.50108],[71.7626,21.50114],[71.76263,21.50119],[71.76265,21.50119],[71.76266,21.50126],[71.76264,21.50134],[71.76268,21.50138],[71.76275,21.50149],[71.76275,21.50158],[71.76279,21.5016],[71.76277,21.50169],[71.76286,21.50179],[71.76289,21.50189],[71.76287,21.50191],[71.76288,21.50198],[71.76295,21.502],[71.76295,21.50208],[71.76292,21.50215],[71.76295,21.50219],[71.76295,21.50222],[71.76297,21.50226],[71.76297,21.50234],[71.76301,21.50238],[71.76301,21.50251],[71.76304,21.50254],[71.76304,21.5026],[71.76307,21.50263],[71.76306,21.50268],[71.76308,21.50269],[71.76308,21.50277],[71.76314,21.50291],[71.76318,21.50294],[71.7632,21.50302],[71.76318,21.50305],[71.76318,21.50315],[71.76317,21.50324],[71.76322,21.5033],[71.76323,21.50335],[71.76326,21.5034],[71.76326,21.50346],[71.76328,21.50349],[71.76331,21.50358],[71.76331,21.50365],[71.76335,21.5037],[71.7634,21.50372],[71.76341,21.50382],[71.76344,21.50383],[71.76345,21.5039],[71.76347,21.5039],[71.7635,21.50397],[71.76349,21.50408],[71.76352,21.50411],[71.76352,21.50415],[71.76355,21.50419],[71.76356,21.50428],[71.7636,21.50436],[71.7636,21.50449],[71.76354,21.50459],[71.76353,21.50465],[71.76349,21.50468],[71.76345,21.50477],[71.7634,21.50482],[71.76327,21.50493],[71.76318,21.50499],[71.76309,21.50501],[71.76308,21.50503],[71.76295,21.50506],[71.76279,21.50513],[71.76273,21.50514],[71.76269,21.50517],[71.76261,21.50519],[71.76253,21.50522],[71.76224,21.50529],[71.76224,21.50534],[71.76228,21.50542],[71.76227,21.50547],[71.76229,21.50551],[71.76233,21.50552],[71.76234,21.50556],[71.76246,21.50557],[71.76251,21.50552],[71.76263,21.50551],[71.76269,21.50548],[71.76278,21.50547],[71.76281,21.50549],[71.76283,21.50555],[71.76288,21.50557],[71.76287,21.50564],[71.7629,21.50568],[71.7629,21.5058],[71.76298,21.5058],[71.763,21.50585],[71.76299,21.50598],[71.76291,21.50607],[71.76281,21.50611],[71.76278,21.50616],[71.76281,21.50618],[71.76279,21.50622],[71.76278,21.50631],[71.76274,21.50639],[71.76273,21.5065],[71.7627,21.50659],[71.76269,21.50674],[71.76272,21.50679],[71.76273,21.50688],[71.76277,21.50691],[71.76277,21.50698],[71.76284,21.50703],[71.76284,21.50708],[71.76279,21.5071],[71.76278,21.50721],[71.76276,21.50729],[71.76279,21.50733],[71.76277,21.50736],[71.76277,21.50742],[71.76268,21.50749],[71.76258,21.5075],[71.76249,21.50746],[71.76248,21.50736],[71.76241,21.50736],[71.76238,21.50732],[71.76232,21.50727],[71.76235,21.50723],[71.76233,21.50718],[71.76239,21.50714],[71.76238,21.5071],[71.76232,21.50708],[71.76228,21.50704],[71.76229,21.50698],[71.76227,21.50691],[71.76228,21.50686],[71.76224,21.50685],[71.76222,21.50678],[71.76218,21.50675],[71.76215,21.5067],[71.76215,21.50665],[71.76219,21.5066],[71.7622,21.50652],[71.76213,21.50644],[71.7621,21.50643],[71.76209,21.50631],[71.7621,21.50627],[71.76204,21.50621],[71.76199,21.50615],[71.76192,21.50613],[71.76192,21.50606],[71.7619,21.50605],[71.76189,21.50599],[71.76192,21.50597],[71.76192,21.50592],[71.76188,21.50591],[71.76185,21.50587],[71.76188,21.50582],[71.76186,21.50577],[71.76188,21.50574],[71.76187,21.50567],[71.76181,21.50567],[71.76171,21.50565],[71.76159,21.50565],[71.76156,21.50564],[71.76143,21.50564],[71.7614,21.5056],[71.76134,21.50562],[71.76128,21.50561],[71.7612,21.50561],[71.76112,21.50561],[71.76108,21.50557],[71.76104,21.50555],[71.76103,21.50549],[71.76109,21.50547],[71.76112,21.50543],[71.76112,21.50537],[71.76102,21.50532],[71.76092,21.50532],[71.76089,21.5053],[71.76077,21.50531],[71.76069,21.50529],[71.76059,21.50529],[71.76058,21.50531],[71.76042,21.5053],[71.76035,21.50529],[71.76035,21.50526],[71.76027,21.50527],[71.76019,21.50526],[71.7602,21.50523],[71.76013,21.50522],[71.76008,21.50523],[71.76007,21.5052],[71.76001,21.5052],[71.75994,21.50517],[71.75975,21.50507],[71.75959,21.50501],[71.75948,21.50493],[71.75943,21.50493],[71.75938,21.50489],[71.7593,21.50486],[71.75924,21.50486],[71.75923,21.50484],[71.75917,21.50484],[71.75896,21.50478],[71.7589,21.50473],[71.75879,21.50471],[71.75877,21.50469],[71.75869,21.50468],[71.75861,21.50465],[71.75855,21.50465],[71.75853,21.50463],[71.75836,21.5046],[71.75832,21.50459],[71.75828,21.50459],[71.75822,21.50457],[71.75816,21.50457],[71.75791,21.5045],[71.75779,21.5045],[71.75775,21.50448],[71.75758,21.50447],[71.7575,21.50446],[71.75745,21.50444],[71.75733,21.50443],[71.75728,21.50441],[71.7572,21.50439],[71.75716,21.50435],[71.75712,21.50437],[71.7571,21.50432],[71.75702,21.50429],[71.75691,21.50429],[71.75679,21.50424],[71.75676,21.50424],[71.75663,21.50419],[71.75657,21.50418],[71.75652,21.50414],[71.75641,21.50412],[71.75635,21.50407],[71.7563,21.50407],[71.75628,21.50403],[71.75619,21.50398],[71.75612,21.50395],[71.75607,21.5039],[71.75599,21.50386],[71.75598,21.50382],[71.75593,21.50379],[71.75587,21.50378],[71.75579,21.50375],[71.75579,21.50374],[71.75577,21.50375]]]},"properties":{"PolygonId":1493,"Area":18642,"Subbasin":null}},
{"type":"Feature","geometry":{"type":"Polygon","coordinates":[[[71.76448,21.49885],[71.76457,21.49892],[71.76464,21.49894],[71.7647,21.499],[71.76476,21.49905],[71.76482,21.49905],[71.76485,21.49902],[71.7649,21.49902],[71.76494,21.49895],[71.76502,21.49887],[71.76509,21.49885],[71.76516,21.49885],[71.76521,21.49884],[71.76527,21.4988],[71.76531,21.4988],[71.76538,21.49886],[71.76546,21.49889],[71.76547,21.49891],[71.7656,21.49893],[71.76568,21.49898],[71.76578,21.49899],[71.76588,21.49906],[71.76601,21.49913],[71.76605,21.49918],[71.76608,21.49919],[71.7661,21.49919],[71.76613,21.49924],[71.76619,21.49926],[71.76623,21.49929],[71.76623,21.49933],[71.7663,21.49936],[71.76629,21.49941],[71.76636,21.49942],[71.76637,21.49953],[71.76639,21.49953],[71.76643,21.49959],[71.7664,21.49966],[71.76647,21.49972],[71.76654,21.49973],[71.76657,21.49979],[71.76656,21.49982],[71.76656,21.49992],[71.76652,21.49995],[71.76652,21.49999],[71.76657,21.50001],[71.7666,21.50009],[71.76668,21.50014],[71.76671,21.50025],[71.76674,21.50026],[71.76674,21.50032],[71.76677,21.50037],[71.76683,21.50038],[71.76691,21.50036],[71.76698,21.50036],[71.76701,21.50039],[71.76707,21.50042],[71.7671,21.50047],[71.76708,21.5006],[71.76716,21.5006],[71.76724,21.50057],[71.76732,21.50059],[71.76736,21.50056],[71.76737,21.50052],[71.76741,21.5005],[71.7675,21.50056],[71.76752,21.50056],[71.76754,21.50063],[71.76756,21.50068],[71.76764,21.5007],[71.76768,21.50072],[71.76765,21.5008],[71.76764,21.50085],[71.76758,21.50092],[71.76756,21.50098],[71.76752,21.50103],[71.76752,21.50106],[71.76747,21.50113],[71.76741,21.50135],[71.7673,21.50146],[71.76727,21.50148],[71.76721,21.50147],[71.76714,21.50156],[71.7671,21.50156],[71.76708,21.50161],[71.76702,21.50162],[71.76702,21.50165],[71.76697,21.50168],[71.76692,21.50174],[71.76693,21.50179],[71.76697,21.50184],[71.767,21.50188],[71.76705,21.50187],[71.76718,21.502],[71.7672,21.50208],[71.76723,21.5021],[71.76722,21.50214],[71.76728,21.50217],[71.76728,21.50225],[71.76724,21.50226],[71.76725,21.50229],[71.76721,21.50234],[71.7671,21.50233],[71.76702,21.50228],[71.76698,21.50228],[71.76698,21.50224],[71.76689,21.50223],[71.76687,21.50216],[71.76683,21.50214],[71.76679,21.5021],[71.76678,21.50206],[71.76672,21.502],[71.76667,21.50199],[71.76663,21.50206],[71.76658,21.50206],[71.76655,21.50201],[71.7666,21.50194],[71.76657,21.50189],[71.76648,21.50185],[71.76646,21.50183],[71.76635,21.50183],[71.76633,21.50178],[71.76628,21.50179],[71.76625,21.50176],[71.7662,21.50175],[71.76614,21.50169],[71.76613,21.50166],[71.76607,21.50165],[71.76594,21.50164],[71.76592,21.50163],[71.76588,21.50166],[71.76584,21.50166],[71.7658,21.50163],[71.76575,21.50163],[71.76577,21.50158],[71.76575,21.50155],[71.76571,21.50155],[71.76564,21.50151],[71.76558,21.50152],[71.76555,21.50148],[71.76546,21.50149],[71.76544,21.50151],[71.76535,21.50149],[71.76533,21.50146],[71.76535,21.50137],[71.76538,21.5013],[71.76531,21.50124],[71.76533,21.50122],[71.76539,21.5011],[71.76543,21.50108],[71.76543,21.50104],[71.7655,21.50096],[71.76556,21.50081],[71.7656,21.50076],[71.76561,21.50068],[71.76567,21.5006],[71.76567,21.50057],[71.76574,21.50047],[71.76571,21.50045],[71.76571,21.50039],[71.76568,21.50034],[71.76568,21.50014],[71.76566,21.50012],[71.76565,21.49998],[71.76563,21.49993],[71.76563,21.49989],[71.76556,21.49981],[71.76557,21.49972],[71.76554,21.49972],[71.7655,21.49968],[71.76548,21.49962],[71.76542,21.49956],[71.7654,21.49956],[71.76535,21.4995],[71.76534,21.49945],[71.76526,21.49939],[71.76525,21.49936],[71.7652,21.49932],[71.76515,21.49931],[71.76514,21.49928],[71.76507,21.49927],[71.76501,21.49924],[71.76493,21.49924],[71.76488,21.49921],[71.76487,21.49917],[71.76465,21.49907],[71.76464,21.49904],[71.7646,21.499],[71.76455,21.49893],[71.7645,21.49888],[71.76448,21.49885]]]},"properties":{"PolygonId":1150,"Area":168,"Subbasin":null}},
{"type":"Feature","geometry":{"type":"Polygon","coordinates":[[[71.76464,21.49894],[71.76469,21.49891],[71.76473,21.49895],[71.76477,21.49897],[71.76486,21.49896],[71.76491,21.49894],[71.76493,21.4989],[71.76499,21.49885],[71.76502,21.49886],[71.76509,21.49883],[71.76517,21.49882],[71.76522,21.49878],[71.76527,21.49872],[71.76527,21.49869],[71.76531,21.49864],[71.76538,21.49863],[71.76552,21.49863],[71.76556,21.49861],[71.76571,21.49861],[71.76577,21.49863],[71.76583,21.49863],[71.76593,21.49866],[71.76595,21.4987],[71.76601,21.49871],[71.76604,21.49875],[71.76621,21.49874],[71.76626,21.49875],[71.76634,21.49875],[71.76637,21.49875],[71.7664,21.49872],[71.76643,21.49874],[71.7665,21.49873],[71.76656,21.49876],[71.76659,21.4988],[71.76666,21.49883],[71.7667,21.49883],[71.76673,21.49888],[71.76682,21.49894],[71.76686,21.49894],[71.76692,21.4989],[71.76699,21.49893],[71.76713,21.4989],[71.76722,21.49886],[71.76729,21.49886],[71.76735,21.49883],[71.76741,21.49883],[71.76745,21.49887],[71.76759,21.49887],[71.76768,21.49889],[71.76769,21.4989],[71.76776,21.49891],[71.76782,21.49893],[71.76786,21.4989],[71.76788,21.49885],[71.76792,21.49885],[71.76798,21.49892],[71.76799,21.49909],[71.76805,21.4991],[71.76805,21.49913],[71.76801,21.4992],[71.76801,21.49925],[71.76796,21.49937],[71.76796,21.4994],[71.76793,21.49949],[71.76792,21.49957],[71.76789,21.4996],[71.76788,21.49966],[71.76787,21.49969],[71.76782,21.4997],[71.7678,21.49981],[71.76786,21.49982],[71.76791,21.49989],[71.7679,21.5],[71.76792,21.50004],[71.76788,21.50009],[71.76794,21.50018],[71.76792,21.50022],[71.76792,21.50028],[71.76795,21.50028],[71.76802,21.50031],[71.76802,21.50037],[71.76805,21.5004],[71.76815,21.50043],[71.76817,21.50045],[71.76816,21.5005],[71.76824,21.50052],[71.76824,21.50056],[71.76829,21.50058],[71.76827,21.50063],[71.76824,21.50066],[71.76824,21.50074],[71.76822,21.50075],[71.76826,21.5008],[71.76827,21.50086],[71.7682,21.50084],[71.76818,21.50082],[71.76808,21.50081],[71.76799,21.50081],[71.76799,21.50078],[71.76793,21.50078],[71.7679,21.50083],[71.76775,21.50082],[71.7677,21.5008],[71.76765,21.5008],[71.76768,21.50072],[71.76764,21.5007],[71.76756,21.50068],[71.76754,21.50063],[71.76752,21.50056],[71.7675,21.50056],[71.76741,21.5005],[71.76737,21.50052],[71.76736,21.50056],[71.76732,21.50059],[71.76724,21.50057],[71.76716,21.5006],[71.76708,21.5006],[71.7671,21.50047],[71.76707,21.50042],[71.76701,21.50039],[71.76698,21.50036],[71.76691,21.50036],[71.76683,21.50038],[71.76677,21.50037],[71.76674,21.50032],[71.76674,21.50026],[71.76671,21.50025],[71.76668,21.50014],[71.7666,21.50009],[71.76657,21.50001],[71.76652,21.49999],[71.76652,21.49995],[71.76656,21.49992],[71.76656,21.49982],[71.76657,21.49979],[71.76654,21.49973],[71.76647,21.49972],[71.7664,21.49966],[71.76643,21.49959],[71.76639,21.49953],[71.76637,21.49953],[71.76636,21.49942],[71.76629,21.49941],[71.7663,21.49936],[71.76623,21.49933],[71.76623,21.49929],[71.76619,21.49926],[71.76613,21.49924],[71.7661,21.49919],[71.76608,21.49919],[71.76605,21.49918],[71.76601,21.49913],[71.76588,21.49906],[71.76578,21.49899],[71.76568,21.49898],[71.7656,21.49893],[71.76547,21.49891],[71.76546,21.49889],[71.76538,21.49886],[71.76531,21.4988],[71.76527,21.4988],[71.76521,21.49884],[71.76516,21.49885],[71.76509,21.49885],[71.76502,21.49887],[71.76494,21.49895],[71.7649,21.49902],[71.76485,21.49902],[71.76482,21.49905],[71.76476,21.49905],[71.7647,21.499],[71.76464,21.49894]]]},"properties":{"PolygonId":948,"Area":3494,"Subbasin":null}},
{"type":"Feature","geometry":{"type":"Polygon","coordinates":[[[71.75564,21.49842],[71.75562,21.49838],[71.75555,21.49832],[71.75553,21.49826],[71.7555,21.49825],[71.75546,21.49819],[71.75543,21.49819],[71.75541,21.49814],[71.75528,21.49803],[71.75525,21.49803],[71.7552,21.498],[71.7551,21.49798],[71.75498,21.498],[71.75492,21.49799],[71.75485,21.4979],[71.75484,21.49787],[71.75486,21.49778],[71.75482,21.49777],[71.75484,21.49765],[71.75482,21.49763],[71.75484,21.49755],[71.75484,21.49753],[71.75483,21.49734],[71.7548,21.49728],[71.75479,21.49719],[71.75476,21.49715],[71.75472,21.49705],[71.75464,21.49698],[71.75464,21.4969],[71.75461,21.49688],[71.75453,21.49694],[71.75449,21.49691],[71.75447,21.49682],[71.75443,21.49682],[71.7544,21.49677],[71.75435,21.49675],[71.75426,21.49673],[71.75413,21.49677],[71.75394,21.49671],[71.7537,21.49671],[71.75365,21.49667],[71.75362,21.49667],[71.75357,21.49664],[71.75358,21.49658],[71.75354,21.49653],[71.75354,21.49649],[71.75368,21.49645],[71.75371,21.49639],[71.7537,21.49633],[71.75369,21.49628],[71.75375,21.49626],[71.75379,21.49626],[71.75388,21.49622],[71.75387,21.49617],[71.75398,21.49616],[71.75404,21.4961],[71.7541,21.49612],[71.75414,21.49609],[71.75418,21.4961],[71.75432,21.49603],[71.75441,21.49604],[71.75441,21.496],[71.75454,21.49598],[71.75457,21.49595],[71.75465,21.49595],[71.75468,21.4959],[71.75481,21.49589],[71.75487,21.49592],[71.75493,21.49591],[71.75501,21.49587],[71.75506,21.49588],[71.75509,21.49584],[71.75519,21.49582],[71.75528,21.49582],[71.75528,21.49577],[71.75534,21.49575],[71.75532,21.49563],[71.75533,21.49561],[71.75532,21.49553],[71.75531,21.4955],[71.7553,21.49537],[71.75529,21.49519],[71.75528,21.49513],[71.75522,21.49499],[71.7552,21.49496],[71.75515,21.49482],[71.75519,21.49482],[71.75524,21.49478],[71.7553,21.49477],[71.75535,21.49472],[71.75539,21.49472],[71.75545,21.49476],[71.75546,21.49478],[71.75564,21.49478],[71.75568,21.49474],[71.75571,21.49473],[71.75573,21.4948],[71.75576,21.49481],[71.75582,21.49477],[71.75585,21.49477],[71.75591,21.4947],[71.75595,21.49468],[71.75603,21.49467],[71.75606,21.49465],[71.75612,21.49463],[71.75618,21.49456],[71.75623,21.49457],[71.75627,21.49455],[71.7563,21.49455],[71.75633,21.49451],[71.75653,21.49446],[71.7566,21.49443],[71.75674,21.49455],[71.75674,21.49458],[71.75681,21.49463],[71.75684,21.49468],[71.75691,21.49469],[71.75693,21.49468],[71.75702,21.49468],[71.75707,21.4947],[71.75712,21.49465],[71.7572,21.49462],[71.75724,21.49457],[71.75734,21.49453],[71.75734,21.49451],[71.75739,21.49447],[71.75744,21.49445],[71.7575,21.49439],[71.75757,21.49439],[71.75761,21.49437],[71.75763,21.49437],[71.75766,21.49434],[71.75769,21.49427],[71.75777,21.49424],[71.75794,21.49423],[71.75806,21.49426],[71.75807,21.49426],[71.75808,21.49426],[71.75814,21.49428],[71.75822,21.49433],[71.75826,21.49433],[71.75832,21.49444],[71.75836,21.49444],[71.7584,21.49447],[71.75848,21.49449],[71.75852,21.49451],[71.75853,21.49451],[71.75854,21.49451],[71.75867,21.49459],[71.75875,21.49468],[71.75875,21.49482],[71.75874,21.4949],[71.75868,21.4949],[71.75871,21.49495],[71.75871,21.49503],[71.75872,21.49506],[71.75875,21.49509],[71.75879,21.49517],[71.75884,21.49519],[71.75889,21.49517],[71.75893,21.49519],[71.75896,21.49524],[71.75903,21.49531],[71.75909,21.49536],[71.75909,21.49542],[71.75912,21.49545],[71.75919,21.4955],[71.75919,21.49554],[71.75923,21.4956],[71.75927,21.49562],[71.75929,21.4957],[71.75932,21.49574],[71.75937,21.49577],[71.75937,21.49585],[71.75937,21.49586],[71.7594,21.49586],[71.75942,21.49592],[71.75942,21.49602],[71.7594,21.49606],[71.75935,21.49612],[71.75936,21.49626],[71.75936,21.49627],[71.75948,21.49631],[71.75951,21.49635],[71.75956,21.49635],[71.75959,21.49638],[71.75963,21.49639],[71.75968,21.49646],[71.75976,21.49648],[71.75981,21.49653],[71.75986,21.49661],[71.7599,21.49661],[71.75999,21.4967],[71.75999,21.49671],[71.75999,21.49672],[71.75997,21.49676],[71.75996,21.49687],[71.75983,21.49695],[71.75978,21.49703],[71.75971,21.49709],[71.7597,21.49714],[71.75968,21.49718],[71.75964,21.49719],[71.75965,21.49728],[71.75963,21.49734],[71.75966,21.49736],[71.75966,21.49743],[71.75971,21.4975],[71.75975,21.49757],[71.75972,21.49761],[71.75973,21.49769],[71.75975,21.4977],[71.75976,21.4978],[71.75985,21.49787],[71.75995,21.498],[71.75996,21.49807],[71.75993,21.49811],[71.75993,21.49819],[71.75991,21.49825],[71.75991,21.49835],[71.7599,21.49845],[71.75992,21.49853],[71.75998,21.49857],[71.76001,21.49862],[71.76001,21.49865],[71.76,21.49865],[71.75999,21.49865],[71.75994,21.49865],[71.75985,21.49874],[71.7598,21.49874],[71.75979,21.49877],[71.75974,21.49877],[71.75967,21.4988],[71.75962,21.49886],[71.75959,21.49885],[71.75951,21.49894],[71.75945,21.49903],[71.75943,21.49911],[71.75934,21.49922],[71.75929,21.49925],[71.75925,21.49926],[71.75922,21.49931],[71.75917,21.4993],[71.75905,21.49924],[71.75903,21.49925],[71.75898,21.4992],[71.75891,21.49919],[71.75888,21.49916],[71.75884,21.49916],[71.75879,21.49911],[71.75871,21.49911],[71.75864,21.49904],[71.75857,21.49902],[71.75844,21.4989],[71.75838,21.4989],[71.7583,21.4988],[71.75823,21.49878],[71.75822,21.49875],[71.75818,21.49874],[71.7581,21.49873],[71.75807,21.49865],[71.75802,21.4986],[71.75793,21.49854],[71.75793,21.49849],[71.75787,21.49843],[71.75782,21.49843],[71.75777,21.49837],[71.75771,21.49833],[71.75766,21.49833],[71.75767,21.49829],[71.7576,21.49826],[71.75758,21.49824],[71.7575,21.49823],[71.75747,21.49817],[71.7574,21.49814],[71.75737,21.49809],[71.75726,21.49802],[71.75723,21.49802],[71.75714,21.49795],[71.75711,21.49795],[71.75705,21.49793],[71.75704,21.4979],[71.75695,21.49786],[71.75687,21.49785],[71.75681,21.49786],[71.75674,21.49783],[71.75668,21.49789],[71.75663,21.49789],[71.75662,21.49794],[71.75659,21.49796],[71.75659,21.49807],[71.75652,21.49806],[71.75653,21.4981],[71.75646,21.49816],[71.75644,21.49821],[71.75638,21.49825],[71.75638,21.49831],[71.75636,21.49832],[71.75629,21.49831],[71.75625,21.49827],[71.75618,21.49829],[71.75603,21.49828],[71.75599,21.49832],[71.75595,21.49834],[71.75592,21.49838],[71.75585,21.49842],[71.75582,21.49845],[71.75575,21.49844],[71.75571,21.4984],[71.75564,21.49842]]]},"properties":{"PolygonId":140,"Area":13752,"Subbasin":null}},
{"type":"Feature","geometry":{"type":"Polygon","coordinates":[[[71.76879,21.49766],[71.76869,21.49762],[71.76865,21.49763],[71.7686,21.49761],[71.76857,21.49763],[71.76853,21.49762],[71.76852,21.49765],[71.76845,21.49766],[71.76835,21.49766],[71.76835,21.49761],[71.76831,21.4976],[71.7683,21.49754],[71.76819,21.49762],[71.76815,21.49763],[71.76809,21.4976],[71.76806,21.49757],[71.76793,21.4976],[71.76791,21.49762],[71.7678,21.49764],[71.76763,21.49769],[71.76762,21.49771],[71.76752,21.49772],[71.76748,21.49775],[71.76744,21.49774],[71.76734,21.49777],[71.76724,21.49777],[71.76719,21.4978],[71.7671,21.49777],[71.76701,21.49776],[71.76695,21.49782],[71.76695,21.49785],[71.76689,21.49791],[71.76686,21.49791],[71.76681,21.49794],[71.76679,21.49793],[71.76667,21.49797],[71.76663,21.498],[71.76658,21.49801],[71.76654,21.49799],[71.7665,21.498],[71.76635,21.498],[71.7663,21.49799],[71.76622,21.49799],[71.76614,21.49798],[71.76606,21.49794],[71.76603,21.49797],[71.76593,21.49797],[71.76588,21.49795],[71.76584,21.49796],[71.76577,21.49793],[71.76575,21.49789],[71.76567,21.49786],[71.7656,21.49785],[71.76554,21.49781],[71.76554,21.49778],[71.76544,21.49772],[71.76543,21.49769],[71.76539,21.49768],[71.76531,21.49762],[71.76524,21.49763],[71.76521,21.49765],[71.76517,21.49765],[71.76514,21.49772],[71.76509,21.49773],[71.76506,21.49782],[71.76501,21.49783],[71.765,21.49786],[71.76492,21.49788],[71.76491,21.49791],[71.76485,21.4979],[71.76482,21.49794],[71.76477,21.49795],[71.76467,21.49804],[71.76464,21.49808],[71.76461,21.49809],[71.76459,21.49813],[71.76453,21.49814],[71.76448,21.49817],[71.76439,21.49818],[71.76429,21.49823],[71.76426,21.49828],[71.7642,21.4983],[71.76417,21.49833],[71.76412,21.49834],[71.76407,21.49841],[71.76403,21.49844],[71.76399,21.4985],[71.76395,21.4986],[71.76393,21.49854],[71.76385,21.49854],[71.76378,21.49847],[71.76378,21.49839],[71.76374,21.49835],[71.76373,21.49831],[71.76366,21.49822],[71.76361,21.4982],[71.76353,21.49816],[71.76345,21.49815],[71.76339,21.49812],[71.76335,21.49813],[71.76332,21.49811],[71.76321,21.49811],[71.76314,21.49806],[71.76314,21.49804],[71.76307,21.498],[71.76306,21.49796],[71.76297,21.4979],[71.76292,21.4979],[71.76288,21.49787],[71.76282,21.49786],[71.76276,21.49781],[71.76276,21.49778],[71.76261,21.49765],[71.7626,21.49761],[71.76255,21.4976],[71.76253,21.49752],[71.76247,21.49746],[71.7624,21.49745],[71.76233,21.49743],[71.76232,21.49741],[71.7622,21.49736],[71.76214,21.4973],[71.7621,21.4973],[71.76208,21.49723],[71.76209,21.49718],[71.76207,21.49715],[71.76201,21.49717],[71.76195,21.49715],[71.76195,21.49713],[71.76186,21.49712],[71.76175,21.49715],[71.76173,21.49717],[71.76159,21.49722],[71.76158,21.49725],[71.76153,21.4973],[71.76147,21.49733],[71.76139,21.49734],[71.76129,21.49744],[71.76124,21.49745],[71.76117,21.49748],[71.7611,21.49748],[71.76104,21.4975],[71.76099,21.4975],[71.7609,21.49753],[71.76087,21.49751],[71.76083,21.49752],[71.76072,21.49752],[71.76071,21.49743],[71.76066,21.49742],[71.76064,21.49745],[71.76056,21.49746],[71.76055,21.49744],[71.7605,21.49744],[71.7605,21.49749],[71.76044,21.49751],[71.76042,21.49748],[71.76042,21.49747],[71.76039,21.49743],[71.76042,21.49738],[71.76039,21.49736],[71.76039,21.49732],[71.76042,21.49728],[71.76038,21.49724],[71.76036,21.49714],[71.76031,21.49711],[71.76024,21.49704],[71.76023,21.497],[71.76016,21.49699],[71.76011,21.49699],[71.76006,21.49697],[71.76002,21.49694],[71.76002,21.49685],[71.76004,21.4968],[71.76002,21.49673],[71.76001,21.49671],[71.75999,21.49671],[71.75999,21.4967],[71.7599,21.49661],[71.75986,21.49661],[71.75981,21.49653],[71.75976,21.49648],[71.75968,21.49646],[71.75963,21.49639],[71.75959,21.49638],[71.75956,21.49635],[71.75951,21.49635],[71.75948,21.49631],[71.75936,21.49627],[71.75936,21.49626],[71.75935,21.49612],[71.7594,21.49606],[71.75942,21.49602],[71.75942,21.49592],[71.7594,21.49586],[71.75937,21.49586],[71.75937,21.49585],[71.75937,21.49577],[71.75932,21.49574],[71.75929,21.4957],[71.75927,21.49562],[71.75923,21.4956],[71.75919,21.49554],[71.75919,21.4955],[71.75912,21.49545],[71.75909,21.49542],[71.75909,21.49536],[71.75903,21.49531],[71.75896,21.49524],[71.75893,21.49519],[71.75889,21.49517],[71.75884,21.49519],[71.75879,21.49517],[71.75875,21.49509],[71.75872,21.49506],[71.75871,21.49503],[71.75871,21.49495],[71.75868,21.4949],[71.75874,21.4949],[71.75875,21.49482],[71.75875,21.49468],[71.75867,21.49459],[71.75854,21.49451],[71.75853,21.49451],[71.75854,21.49451],[71.75854,21.4945],[71.75858,21.49448],[71.75858,21.49445],[71.75865,21.49441],[71.75864,21.49436],[71.75868,21.4943],[71.75872,21.49429],[71.75878,21.49425],[71.75878,21.49421],[71.75876,21.49416],[71.75875,21.4941],[71.75872,21.4941],[71.75869,21.494],[71.75863,21.49397],[71.75863,21.49391],[71.7586,21.49389],[71.7586,21.49381],[71.75851,21.49383],[71.7585,21.4938],[71.75853,21.49374],[71.75848,21.4937],[71.75848,21.49362],[71.75845,21.49361],[71.75845,21.49356],[71.75848,21.49353],[71.75838,21.49346],[71.75839,21.49342],[71.75824,21.49336],[71.75823,21.49332],[71.75823,21.4933],[71.75819,21.49318],[71.75819,21.49312],[71.75815,21.49295],[71.75815,21.49289],[71.75811,21.49276],[71.75811,21.49271],[71.75809,21.49265],[71.75809,21.49261],[71.75812,21.4926],[71.75827,21.49261],[71.75829,21.49264],[71.75834,21.49263],[71.75841,21.49262],[71.75848,21.49259],[71.75848,21.49256],[71.75842,21.49253],[71.75841,21.49248],[71.75843,21.49242],[71.7585,21.49234],[71.75853,21.49233],[71.75857,21.49227],[71.7586,21.49217],[71.75863,21.49214],[71.75865,21.492],[71.75871,21.49192],[71.75872,21.49188],[71.75876,21.49183],[71.75875,21.49177],[71.7588,21.49171],[71.75878,21.49146],[71.75872,21.49141],[71.75872,21.49138],[71.75867,21.49136],[71.75864,21.49124],[71.75859,21.49118],[71.75858,21.4911],[71.75858,21.49099],[71.75854,21.49093],[71.75857,21.49089],[71.75853,21.49085],[71.75844,21.49085],[71.75844,21.49082],[71.75837,21.49079],[71.75834,21.49073],[71.75832,21.49073],[71.75826,21.49067],[71.75825,21.49067],[71.75825,21.49065],[71.75825,21.49066],[71.75825,21.49064],[71.75825,21.49062],[71.75825,21.49061],[71.75825,21.4906],[71.75826,21.49058],[71.75825,21.49055],[71.75825,21.4905],[71.75825,21.49042],[71.75828,21.4904],[71.75826,21.49033],[71.75823,21.49029],[71.75823,21.4902],[71.75821,21.49015],[71.75823,21.49006],[71.75817,21.49006],[71.75812,21.48999],[71.75814,21.48989],[71.75814,21.48982],[71.75817,21.48973],[71.75823,21.48971],[71.75828,21.48972],[71.75836,21.48971],[71.75841,21.48968],[71.75846,21.48969],[71.7585,21.48961],[71.7585,21.48955],[71.75854,21.48951],[71.75859,21.48953],[71.75861,21.48953],[71.75863,21.48964],[71.75867,21.48966],[71.75871,21.48981],[71.75875,21.48983],[71.75878,21.48992],[71.75882,21.48997],[71.75885,21.48999],[71.75885,21.49003],[71.75893,21.49011],[71.75896,21.49016],[71.75903,21.49018],[71.75905,21.49019],[71.75916,21.4902],[71.75924,21.49021],[71.75929,21.49025],[71.7593,21.49029],[71.75936,21.49037],[71.75938,21.49046],[71.75937,21.49051],[71.75939,21.49061],[71.75939,21.49065],[71.75942,21.49071],[71.75942,21.49074],[71.75952,21.4909],[71.75964,21.49106],[71.75972,21.49111],[71.75982,21.49111],[71.75985,21.49109],[71.75995,21.4911],[71.76003,21.49109],[71.76014,21.49108],[71.76017,21.49107],[71.76025,21.49105],[71.76035,21.49106],[71.76042,21.49112],[71.7605,21.49111],[71.76053,21.49114],[71.76061,21.49114],[71.76063,21.49118],[71.76069,21.49119],[71.76073,21.49124],[71.76077,21.49123],[71.76086,21.49136],[71.76087,21.49139],[71.76092,21.49141],[71.76092,21.49146],[71.76091,21.49149],[71.7609,21.49155],[71.76095,21.49159],[71.76099,21.49171],[71.76112,21.49182],[71.76114,21.49187],[71.76119,21.49187],[71.76123,21.49194],[71.76126,21.49195],[71.76128,21.492],[71.76139,21.49209],[71.76146,21.49206],[71.76149,21.49207],[71.76152,21.49212],[71.76161,21.49213],[71.76165,21.49218],[71.76163,21.49222],[71.76164,21.49225],[71.76175,21.49235],[71.76179,21.49237],[71.76185,21.49242],[71.76184,21.49247],[71.76189,21.49249],[71.76189,21.49252],[71.76195,21.49256],[71.76199,21.49257],[71.76199,21.49263],[71.76201,21.49265],[71.76207,21.49263],[71.76209,21.49265],[71.7621,21.49275],[71.76216,21.49283],[71.76217,21.49283],[71.76215,21.49285],[71.76217,21.49293],[71.76222,21.49293],[71.76224,21.49295],[71.76231,21.49295],[71.76232,21.49301],[71.76239,21.49308],[71.7624,21.49311],[71.76246,21.49316],[71.76246,21.49319],[71.7625,21.49323],[71.76249,21.49328],[71.76252,21.49332],[71.76253,21.4934],[71.76256,21.49345],[71.76259,21.49347],[71.7626,21.49356],[71.76263,21.49362],[71.76266,21.49363],[71.76267,21.49368],[71.76274,21.49367],[71.76274,21.49371],[71.7628,21.49371],[71.76287,21.49379],[71.76291,21.49381],[71.76292,21.49385],[71.76298,21.49388],[71.763,21.49392],[71.76307,21.49396],[71.76307,21.49401],[71.76307,21.49411],[71.76304,21.49412],[71.76305,21.49418],[71.76304,21.49422],[71.763,21.49428],[71.763,21.49434],[71.763,21.49447],[71.76305,21.49455],[71.7631,21.49457],[71.76312,21.49461],[71.76312,21.49467],[71.76326,21.49465],[71.76327,21.49459],[71.76339,21.49458],[71.7635,21.49454],[71.76353,21.4945],[71.76357,21.49449],[71.7636,21.49444],[71.76364,21.49444],[71.76368,21.49437],[71.7637,21.49436],[71.76373,21.4943],[71.76379,21.49427],[71.76379,21.49424],[71.76384,21.49421],[71.76397,21.4942],[71.764,21.49418],[71.76408,21.49417],[71.76412,21.49415],[71.76418,21.49415],[71.76423,21.4941],[71.76436,21.49411],[71.76451,21.49408],[71.76454,21.49404],[71.76461,21.49403],[71.76463,21.49398],[71.76464,21.49387],[71.76471,21.49378],[71.76474,21.49376],[71.76479,21.49368],[71.76489,21.49368],[71.76495,21.49366],[71.765,21.49367],[71.76515,21.49357],[71.76525,21.49356],[71.76528,21.49357],[71.7653,21.49357],[71.76532,21.49353],[71.76538,21.49352],[71.76543,21.49348],[71.76556,21.49337],[71.76563,21.49326],[71.76563,21.49321],[71.76565,21.49318],[71.76571,21.49315],[71.76577,21.49308],[71.76584,21.49307],[71.76591,21.49304],[71.76592,21.49302],[71.76601,21.49306],[71.76605,21.4931],[71.76612,21.4931],[71.76614,21.49312],[71.76622,21.49316],[71.76624,21.49319],[71.7663,21.49318],[71.76633,21.49322],[71.76641,21.49325],[71.76646,21.49325],[71.76653,21.4933],[71.7666,21.49331],[71.76665,21.49333],[71.76665,21.49337],[71.76668,21.49344],[71.76678,21.49355],[71.76679,21.49357],[71.76689,21.49365],[71.76702,21.49372],[71.76705,21.49375],[71.76713,21.49378],[71.76718,21.49385],[71.7672,21.49385],[71.76723,21.49394],[71.76727,21.49398],[71.76728,21.49403],[71.7673,21.49404],[71.76731,21.4941],[71.76734,21.49412],[71.76734,21.49421],[71.76732,21.49428],[71.76741,21.49432],[71.76744,21.49429],[71.76749,21.49429],[71.76749,21.49433],[71.76756,21.4944],[71.76756,21.49452],[71.7676,21.49459],[71.76758,21.49465],[71.76759,21.49471],[71.7677,21.4947],[71.76774,21.49472],[71.76773,21.49478],[71.76774,21.4948],[71.76783,21.49487],[71.76784,21.49501],[71.76788,21.4951],[71.76796,21.49515],[71.768,21.49521],[71.76805,21.49518],[71.76818,21.49518],[71.7682,21.4952],[71.76826,21.49519],[71.76829,21.49521],[71.76833,21.49521],[71.7684,21.49522],[71.76843,21.49525],[71.76851,21.49526],[71.7686,21.49537],[71.76862,21.49543],[71.76866,21.49546],[71.76872,21.49556],[71.76884,21.49571],[71.76888,21.49578],[71.76899,21.49587],[71.76901,21.4959],[71.76898,21.49597],[71.76892,21.49599],[71.76893,21.49607],[71.76891,21.49622],[71.76889,21.49624],[71.76889,21.49629],[71.76887,21.49632],[71.76876,21.49633],[71.76873,21.49637],[71.76875,21.49648],[71.76879,21.49649],[71.76879,21.49658],[71.76886,21.49666],[71.76898,21.49674],[71.76903,21.49676],[71.76906,21.49679],[71.76909,21.49679],[71.76912,21.49692],[71.76914,21.49693],[71.76914,21.49701],[71.76916,21.49705],[71.7691,21.4971],[71.76911,21.49715],[71.7691,21.49721],[71.76915,21.49725],[71.76915,21.49731],[71.76911,21.49735],[71.7691,21.49739],[71.76912,21.49744],[71.76909,21.49748],[71.76903,21.49752],[71.76902,21.49757],[71.76905,21.49763],[71.76898,21.49769],[71.76892,21.49772],[71.76887,21.49767],[71.76885,21.49767],[71.76879,21.49766]]]},"properties":{"PolygonId":1622,"Area":2405,"Subbasin":null}},
{"type":"Feature","geometry":{"type":"Polygon","coordinates":[[[71.75825,21.49067],[71.75819,21.49074],[71.75815,21.49076],[71.75806,21.49076],[71.75804,21.49074],[71.75804,21.49072],[71.758,21.49068],[71.75799,21.49065],[71.75787,21.49058],[71.75765,21.49059],[71.75762,21.49061],[71.75755,21.49063],[71.75745,21.49063],[71.75742,21.49065],[71.75734,21.49064],[71.75732,21.49066],[71.75724,21.49066],[71.75715,21.49069],[71.75707,21.49073],[71.75697,21.49075],[71.75693,21.49074],[71.75685,21.49075],[71.7568,21.49073],[71.75677,21.49075],[71.75672,21.49072],[71.75665,21.49071],[71.75662,21.49072],[71.75648,21.49072],[71.75643,21.49076],[71.75632,21.49075],[71.75627,21.49072],[71.75622,21.49069],[71.75617,21.49069],[71.75613,21.49064],[71.75611,21.4906],[71.75601,21.49053],[71.75597,21.49048],[71.75592,21.49045],[71.75592,21.49039],[71.75587,21.49038],[71.75582,21.49028],[71.75577,21.49022],[71.75573,21.4902],[71.75576,21.49015],[71.75573,21.49007],[71.75574,21.49004],[71.75567,21.49],[71.75565,21.48996],[71.75561,21.48996],[71.75552,21.48987],[71.75552,21.48982],[71.75549,21.48979],[71.75542,21.48979],[71.75539,21.48978],[71.75538,21.48974],[71.75531,21.48972],[71.75529,21.48968],[71.75525,21.48965],[71.75519,21.48965],[71.75513,21.48962],[71.75507,21.48956],[71.75505,21.48951],[71.75504,21.48945],[71.75506,21.48939],[71.75511,21.48937],[71.75512,21.48932],[71.7551,21.48928],[71.75505,21.48925],[71.75505,21.48917],[71.75502,21.48917],[71.75499,21.48913],[71.75495,21.489],[71.75495,21.48897],[71.7549,21.48891],[71.7549,21.48885],[71.75484,21.48879],[71.75477,21.48868],[71.75471,21.48864],[71.75469,21.48866],[71.75462,21.48863],[71.75456,21.48865],[71.75454,21.48865],[71.75454,21.48864],[71.75455,21.48863],[71.75455,21.4886],[71.75457,21.48859],[71.75456,21.48855],[71.75453,21.48849],[71.75449,21.48848],[71.75449,21.48843],[71.75446,21.48838],[71.75439,21.48838],[71.75437,21.48834],[71.75437,21.48827],[71.7544,21.48823],[71.75441,21.48815],[71.75447,21.48806],[71.75447,21.48796],[71.75448,21.48791],[71.75444,21.48786],[71.75442,21.48773],[71.7544,21.48764],[71.75437,21.4876],[71.75435,21.48761],[71.7543,21.48758],[71.75424,21.48761],[71.75421,21.48765],[71.75411,21.48767],[71.75406,21.48765],[71.75395,21.48765],[71.75388,21.48763],[71.75385,21.48764],[71.75373,21.48766],[71.75368,21.48761],[71.75365,21.48761],[71.75359,21.48757],[71.75358,21.4875],[71.75351,21.48743],[71.75344,21.4874],[71.75339,21.48741],[71.75332,21.48733],[71.7532,21.48734],[71.75318,21.48731],[71.75312,21.48725],[71.75312,21.48721],[71.75306,21.48719],[71.75302,21.48713],[71.75303,21.48702],[71.75307,21.48699],[71.75307,21.48696],[71.75306,21.48687],[71.75306,21.48684],[71.75313,21.48671],[71.75315,21.48669],[71.75321,21.48668],[71.75326,21.48658],[71.75325,21.48649],[71.75323,21.4864],[71.75323,21.48634],[71.75325,21.48633],[71.75325,21.48627],[71.7533,21.4862],[71.75329,21.48615],[71.75341,21.48607],[71.75346,21.48599],[71.75349,21.48598],[71.75348,21.48591],[71.7535,21.48589],[71.7535,21.48579],[71.75353,21.4857],[71.75353,21.48563],[71.75352,21.48561],[71.75351,21.4855],[71.75349,21.48546],[71.75348,21.48538],[71.75344,21.48522],[71.7534,21.4852],[71.7534,21.48518],[71.7534,21.48515],[71.75337,21.48505],[71.75334,21.48494],[71.75332,21.48491],[71.75331,21.48486],[71.75329,21.48483],[71.75327,21.48468],[71.75323,21.48456],[71.75321,21.48428],[71.75322,21.48425],[71.75322,21.48407],[71.75322,21.48386],[71.75322,21.48384],[71.75321,21.4838],[71.75318,21.48375],[71.75312,21.48371],[71.75301,21.48376],[71.75298,21.48375],[71.75293,21.48376],[71.75291,21.48368],[71.75284,21.48368],[71.75279,21.48368],[71.75276,21.48368],[71.75269,21.48373],[71.75264,21.48374],[71.75265,21.48394],[71.75266,21.48399],[71.75256,21.48401],[71.75255,21.484],[71.75241,21.48399],[71.75233,21.48391],[71.75229,21.48387],[71.75227,21.48377],[71.75223,21.48373],[71.75217,21.4837],[71.75211,21.4837],[71.75209,21.48365],[71.75199,21.48364],[71.75197,21.48361],[71.75188,21.48357],[71.75185,21.48352],[71.75178,21.48354],[71.75176,21.4835],[71.75169,21.48351],[71.75167,21.4835],[71.75156,21.48349],[71.7515,21.4835],[71.75147,21.48349],[71.75139,21.48349],[71.75136,21.48351],[71.75131,21.48349],[71.75126,21.48352],[71.75121,21.48347],[71.75111,21.48347],[71.75107,21.48351],[71.75095,21.4835],[71.75089,21.48347],[71.7508,21.48348],[71.75076,21.48343],[71.75076,21.48338],[71.7508,21.48335],[71.75082,21.48326],[71.75089,21.48325],[71.75094,21.48321],[71.751,21.4832],[71.75107,21.48313],[71.75114,21.48315],[71.75114,21.48311],[71.75117,21.48309],[71.75117,21.48299],[71.75125,21.48298],[71.75125,21.48295],[71.75131,21.48295],[71.75131,21.48297],[71.75143,21.48296],[71.75147,21.48297],[71.75149,21.48303],[71.75158,21.48303],[71.75165,21.48297],[71.75175,21.48301],[71.75177,21.48304],[71.75187,21.48305],[71.75196,21.48307],[71.75197,21.48304],[71.75201,21.483],[71.75208,21.483],[71.75209,21.48286],[71.75207,21.48278],[71.75207,21.48257],[71.75209,21.48238],[71.75208,21.48229],[71.75208,21.48208],[71.75205,21.48203],[71.75207,21.48201],[71.75206,21.48196],[71.75207,21.48186],[71.75207,21.48173],[71.75204,21.48168],[71.75207,21.48156],[71.75207,21.48126],[71.75208,21.48122],[71.75212,21.4812],[71.75216,21.48111],[71.75221,21.4811],[71.75222,21.48105],[71.75229,21.48101],[71.75231,21.48099],[71.75238,21.48093],[71.75242,21.48089],[71.75246,21.48087],[71.75248,21.48084],[71.75252,21.48082],[71.75257,21.48077],[71.75263,21.48075],[71.75273,21.48066],[71.75278,21.48064],[71.75281,21.4806],[71.75284,21.48061],[71.75291,21.48053],[71.75297,21.48049],[71.75305,21.48044],[71.75308,21.48041],[71.75313,21.48039],[71.75319,21.4804],[71.75319,21.48035],[71.75326,21.48028],[71.75334,21.48023],[71.75338,21.48018],[71.75348,21.4801],[71.75357,21.48002],[71.75361,21.48002],[71.75367,21.47997],[71.75373,21.47992],[71.75378,21.47992],[71.75384,21.47987],[71.75391,21.47986],[71.75394,21.47982],[71.754,21.4798],[71.75402,21.47977],[71.75401,21.47968],[71.75394,21.47948],[71.75388,21.47931],[71.75387,21.47924],[71.75384,21.47916],[71.75383,21.4791],[71.7538,21.47902],[71.75378,21.47891],[71.75375,21.47886],[71.75372,21.47871],[71.75368,21.47864],[71.75367,21.47854],[71.75361,21.47849],[71.75362,21.47846],[71.75361,21.47839],[71.75362,21.47831],[71.75363,21.47826],[71.7537,21.47825],[71.75377,21.47828],[71.75379,21.47823],[71.75384,21.47826],[71.75385,21.4783],[71.75389,21.47831],[71.75392,21.47828],[71.75398,21.47828],[71.75407,21.47831],[71.75409,21.47834],[71.75415,21.47832],[71.75418,21.47826],[71.75423,21.47826],[71.75424,21.4782],[71.75428,21.47818],[71.75432,21.47819],[71.75433,21.47813],[71.75439,21.47809],[71.75446,21.47809],[71.75447,21.47806],[71.75452,21.47806],[71.7546,21.47806],[71.75461,21.47809],[71.75467,21.47811],[71.75471,21.47808],[71.75478,21.47807],[71.75483,21.47809],[71.75483,21.47803],[71.75488,21.47805],[71.75494,21.47801],[71.75496,21.47803],[71.75505,21.47803],[71.75505,21.47801],[71.75513,21.47801],[71.75521,21.47798],[71.75521,21.47791],[71.75521,21.4779],[71.75522,21.47788],[71.75522,21.47776],[71.75527,21.47777],[71.75532,21.47779],[71.75533,21.47782],[71.75548,21.47784],[71.75551,21.4778],[71.75556,21.47781],[71.75563,21.47774],[71.75566,21.47774],[71.75572,21.47771],[71.75573,21.47767],[71.75579,21.47767],[71.75587,21.47763],[71.75588,21.47753],[71.75591,21.47748],[71.75596,21.47744],[71.75596,21.47736],[71.75597,21.47731],[71.75596,21.47725],[71.75597,21.47719],[71.75596,21.4771],[71.75599,21.47706],[71.75598,21.47702],[71.75602,21.477],[71.75603,21.477],[71.75608,21.47701],[71.7561,21.47696],[71.75608,21.47689],[71.75614,21.47687],[71.75619,21.4769],[71.75622,21.47689],[71.75623,21.47682],[71.75632,21.47674],[71.75632,21.47666],[71.75629,21.47662],[71.75634,21.4766],[71.75635,21.47655],[71.75641,21.47654],[71.75646,21.47649],[71.75651,21.47647],[71.75659,21.4764],[71.75667,21.47638],[71.7568,21.47631],[71.75685,21.4763],[71.75688,21.47627],[71.75703,21.47618],[71.75713,21.47613],[71.75717,21.4761],[71.75723,21.4761],[71.75726,21.47605],[71.7573,21.47602],[71.75741,21.47601],[71.75745,21.47598],[71.75754,21.47595],[71.75758,21.47592],[71.75763,21.47591],[71.75771,21.47592],[71.75785,21.47595],[71.75789,21.47591],[71.75807,21.47589],[71.75812,21.47587],[71.75814,21.47581],[71.75828,21.47566],[71.75832,21.47564],[71.75845,21.4755],[71.7585,21.47548],[71.75861,21.47537],[71.75868,21.47535],[71.75874,21.47525],[71.75882,21.47522],[71.75889,21.47518],[71.75895,21.4751],[71.75897,21.47509],[71.75897,21.47508],[71.75902,21.47506],[71.75903,21.47503],[71.75908,21.47503],[71.75919,21.47502],[71.75921,21.475],[71.75926,21.475],[71.75936,21.47496],[71.75943,21.47499],[71.75947,21.47504],[71.75954,21.47508],[71.7596,21.4751],[71.75962,21.47512],[71.75977,21.47511],[71.75984,21.4751],[71.75992,21.47511],[71.7601,21.47509],[71.76016,21.47507],[71.76026,21.47507],[71.76033,21.47511],[71.76037,21.47511],[71.76045,21.47515],[71.76047,21.47515],[71.76059,21.47521],[71.76067,21.47527],[71.76071,21.47527],[71.76074,21.47529],[71.76077,21.47536],[71.76095,21.47542],[71.76102,21.47543],[71.76108,21.47541],[71.76122,21.47527],[71.76127,21.47524],[71.76135,21.47516],[71.76146,21.47507],[71.76151,21.47506],[71.76161,21.47496],[71.76163,21.47495],[71.76174,21.47494],[71.76179,21.4749],[71.76182,21.47485],[71.76194,21.47478],[71.76199,21.47477],[71.76204,21.47472],[71.76209,21.4747],[71.76211,21.47467],[71.76219,21.47461],[71.76228,21.47456],[71.7623,21.47454],[71.76236,21.47453],[71.76238,21.47451],[71.76243,21.47449],[71.76245,21.47447],[71.76251,21.47444],[71.76256,21.47441],[71.76272,21.4744],[71.76278,21.47438],[71.76279,21.47435],[71.76284,21.47434],[71.76288,21.4743],[71.76291,21.47431],[71.76296,21.47425],[71.76302,21.47422],[71.76313,21.47411],[71.76321,21.47406],[71.76322,21.47403],[71.76323,21.47403],[71.76324,21.47416],[71.7632,21.47419],[71.76319,21.47426],[71.76316,21.47427],[71.76316,21.47432],[71.76312,21.47435],[71.76303,21.47436],[71.76303,21.4744],[71.76298,21.47446],[71.76296,21.47457],[71.76292,21.47463],[71.76292,21.47467],[71.76285,21.47478],[71.76279,21.47487],[71.76278,21.47492],[71.76276,21.47498],[71.76266,21.47507],[71.76263,21.47513],[71.7626,21.4752],[71.76254,21.47528],[71.76254,21.47532],[71.7625,21.47539],[71.76243,21.47543],[71.76239,21.47548],[71.76233,21.47554],[71.76227,21.47558],[71.76221,21.47569],[71.76217,21.47572],[71.76209,21.47581],[71.762,21.4759],[71.76198,21.47596],[71.76194,21.47599],[71.76192,21.47603],[71.76187,21.47607],[71.76186,21.47612],[71.7618,21.47618],[71.76179,21.47622],[71.76174,21.47627],[71.76174,21.47631],[71.76169,21.47635],[71.76171,21.47639],[71.7617,21.47647],[71.76168,21.4765],[71.76169,21.47661],[71.76169,21.47667],[71.76161,21.47675],[71.76154,21.47677],[71.76146,21.47685],[71.76142,21.47688],[71.76138,21.47693],[71.76135,21.47695],[71.76128,21.47702],[71.76124,21.47705],[71.76119,21.47709],[71.76112,21.47713],[71.76109,21.47717],[71.76102,21.47721],[71.761,21.47724],[71.76093,21.47724],[71.76083,21.47728],[71.76076,21.47729],[71.76073,21.47732],[71.76065,21.47734],[71.76062,21.47737],[71.76052,21.47741],[71.76045,21.47743],[71.76043,21.47746],[71.76037,21.47745],[71.76022,21.47747],[71.76008,21.47745],[71.76001,21.47743],[71.75998,21.47738],[71.75991,21.47741],[71.7598,21.47732],[71.75974,21.47733],[71.75974,21.47745],[71.75977,21.47749],[71.75978,21.47755],[71.75974,21.47757],[71.75969,21.47761],[71.75969,21.4777],[71.75967,21.47776],[71.75963,21.47781],[71.75963,21.47785],[71.75959,21.47792],[71.7595,21.47797],[71.75946,21.47807],[71.75945,21.47811],[71.75941,21.47816],[71.75939,21.47829],[71.75934,21.47839],[71.75934,21.4784],[71.75933,21.47847],[71.75936,21.47852],[71.75929,21.47861],[71.75931,21.47865],[71.7593,21.47869],[71.75933,21.47871],[71.75931,21.47875],[71.75933,21.47885],[71.75936,21.47887],[71.75933,21.47891],[71.75936,21.47896],[71.75933,21.47902],[71.75933,21.47907],[71.75929,21.47908],[71.75929,21.4792],[71.75926,21.47922],[71.75925,21.47929],[71.75921,21.47931],[71.75918,21.4794],[71.75921,21.47942],[71.75921,21.47945],[71.7591,21.47962],[71.75912,21.47969],[71.75913,21.47983],[71.7591,21.47983],[71.7591,21.47993],[71.75909,21.47999],[71.75912,21.48001],[71.75912,21.48014],[71.75907,21.48018],[71.75904,21.48023],[71.75903,21.48029],[71.75899,21.48034],[71.75895,21.48037],[71.7589,21.48043],[71.75887,21.4805],[71.75887,21.48056],[71.75883,21.48064],[71.75884,21.48069],[71.75881,21.4807],[71.75878,21.48075],[71.75878,21.4808],[71.75875,21.48088],[71.75878,21.48092],[71.75878,21.48096],[71.75875,21.48101],[71.75875,21.48104],[71.75878,21.48113],[71.7588,21.48116],[71.7588,21.48125],[71.75878,21.48128],[71.75878,21.48136],[71.75878,21.48138],[71.75876,21.48147],[71.75872,21.48157],[71.75874,21.48158],[71.75874,21.48165],[71.75878,21.4817],[71.75881,21.48171],[71.75886,21.48178],[71.75891,21.48182],[71.75893,21.48221],[71.75891,21.48224],[71.75891,21.48227],[71.75891,21.48231],[71.75886,21.48238],[71.75881,21.48237],[71.75874,21.48241],[71.7587,21.48241],[71.75855,21.48251],[71.75855,21.48267],[71.75855,21.4827],[71.75858,21.48279],[71.75859,21.48295],[71.75866,21.483],[71.75869,21.48309],[71.75872,21.48314],[71.7587,21.48325],[71.75871,21.48332],[71.75876,21.48336],[71.75879,21.48343],[71.75879,21.48344],[71.75874,21.48351],[71.75873,21.48359],[71.75869,21.4836],[71.75867,21.48365],[71.75867,21.48378],[71.75875,21.48386],[71.75876,21.48395],[71.7588,21.48403],[71.75882,21.4841],[71.75881,21.48423],[71.75883,21.4843],[71.75885,21.48433],[71.75885,21.48439],[71.75888,21.4844],[71.75889,21.48447],[71.75886,21.4845],[71.75887,21.48454],[71.75895,21.48462],[71.75894,21.48467],[71.75897,21.48476],[71.759,21.48481],[71.759,21.48486],[71.75902,21.485],[71.75896,21.48502],[71.75895,21.48507],[71.75897,21.4851],[71.75896,21.48515],[71.75899,21.48522],[71.75897,21.48529],[71.75897,21.4853],[71.75897,21.48531],[71.75896,21.48531],[71.75893,21.48535],[71.75887,21.48538],[71.75878,21.48539],[71.75869,21.48543],[71.75866,21.48547],[71.75861,21.48549],[71.75861,21.48559],[71.7586,21.48568],[71.75856,21.48569],[71.75852,21.48574],[71.75848,21.48582],[71.75843,21.48583],[71.75841,21.48586],[71.7584,21.48591],[71.75837,21.48597],[71.75835,21.48597],[71.75829,21.48606],[71.75826,21.48608],[71.75824,21.48621],[71.75824,21.48629],[71.75814,21.48637],[71.75811,21.48641],[71.75812,21.48645],[71.7581,21.4865],[71.75802,21.48657],[71.758,21.48661],[71.75796,21.48665],[71.75796,21.48668],[71.75791,21.48672],[71.75786,21.48678],[71.75784,21.48683],[71.75787,21.48685],[71.75789,21.48692],[71.75795,21.48699],[71.75802,21.48699],[71.75808,21.48704],[71.75809,21.48712],[71.75811,21.48731],[71.7581,21.48746],[71.75809,21.48749],[71.75812,21.48756],[71.75812,21.48759],[71.75813,21.48772],[71.75812,21.48778],[71.75815,21.48785],[71.75813,21.48791],[71.75813,21.488],[71.75813,21.48801],[71.75814,21.48804],[71.75815,21.48813],[71.75812,21.48821],[71.75816,21.48826],[71.75819,21.48833],[71.75825,21.48837],[71.75822,21.48846],[71.75828,21.48847],[71.75834,21.48852],[71.75831,21.4886],[71.75831,21.48865],[71.75838,21.48866],[71.75843,21.48877],[71.75842,21.48882],[71.75844,21.4889],[71.75844,21.489],[71.75849,21.48903],[71.7585,21.48906],[71.75855,21.48906],[71.75857,21.48912],[71.75862,21.48915],[71.75861,21.48919],[71.75854,21.48923],[71.75856,21.4893],[71.75858,21.48932],[71.75859,21.48939],[71.75862,21.48939],[71.75863,21.48946],[71.75861,21.4895],[71.75861,21.48953],[71.75859,21.48953],[71.75854,21.48951],[71.7585,21.48955],[71.7585,21.48961],[71.75846,21.48969],[71.75841,21.48968],[71.75836,21.48971],[71.75828,21.48972],[71.75823,21.48971],[71.75817,21.48973],[71.75814,21.48982],[71.75814,21.48989],[71.75812,21.48999],[71.75817,21.49006],[71.75823,21.49006],[71.75821,21.49015],[71.75823,21.4902],[71.75823,21.49029],[71.75826,21.49033],[71.75828,21.4904],[71.75825,21.49042],[71.75825,21.4905],[71.75825,21.49055],[71.75826,21.49058],[71.75825,21.4906],[71.75825,21.49061],[71.75825,21.49062],[71.75825,21.49064],[71.75825,21.49066],[71.75825,21.49065],[71.75825,21.49067]]]},"properties":{"PolygonId":1496,"Area":1130,"Subbasin":null}},
{"type":"Feature","geometry":{"type":"Polygon","coordinates":[[[71.75354,21.46987],[71.75359,21.46986],[71.75365,21.4698],[71.75377,21.46982],[71.75386,21.46982],[71.75387,21.46977],[71.7539,21.46977],[71.75396,21.46971],[71.75404,21.46968],[71.75414,21.46967],[71.75417,21.46969],[71.75424,21.46967],[71.75433,21.46961],[71.75441,21.46963],[71.75445,21.46961],[71.75465,21.46961],[71.75472,21.46962],[71.75478,21.46958],[71.75484,21.46958],[71.75484,21.46955],[71.75492,21.46948],[71.75497,21.46949],[71.75501,21.46948],[71.75504,21.46942],[71.75519,21.46937],[71.75525,21.46933],[71.75531,21.46934],[71.75535,21.46935],[71.75538,21.46932],[71.75541,21.46921],[71.75545,21.46918],[71.75547,21.46912],[71.75552,21.46908],[71.75553,21.46901],[71.75554,21.46893],[71.75556,21.46891],[71.75575,21.46893],[71.75583,21.46895],[71.75601,21.46892],[71.75608,21.46895],[71.75619,21.46893],[71.75627,21.46895],[71.75631,21.46898],[71.75639,21.46898],[71.75641,21.46903],[71.7565,21.46915],[71.7565,21.46917],[71.7565,21.46919],[71.75653,21.46925],[71.75668,21.46939],[71.75673,21.46939],[71.75674,21.46942],[71.7568,21.46943],[71.75684,21.46946],[71.75686,21.46951],[71.7569,21.46952],[71.75695,21.46959],[71.75702,21.46963],[71.75706,21.46965],[71.7571,21.46972],[71.75711,21.46976],[71.75717,21.46981],[71.75719,21.46981],[71.75722,21.46986],[71.7573,21.46989],[71.75737,21.46995],[71.75737,21.46996],[71.75744,21.47005],[71.75749,21.47006],[71.75752,21.4701],[71.75756,21.4701],[71.75765,21.47015],[71.75771,21.4702],[71.75787,21.47027],[71.75802,21.47029],[71.75805,21.47035],[71.75808,21.47035],[71.75813,21.4704],[71.75819,21.47042],[71.75826,21.47046],[71.75826,21.47051],[71.75821,21.47063],[71.75816,21.47068],[71.75817,21.47072],[71.75816,21.47077],[71.75832,21.47087],[71.75834,21.47088],[71.75841,21.47095],[71.75843,21.47095],[71.75842,21.47103],[71.75841,21.47104],[71.75844,21.47111],[71.75847,21.47113],[71.75859,21.47126],[71.75863,21.47129],[71.75869,21.47131],[71.75876,21.47139],[71.75877,21.47148],[71.7588,21.47149],[71.75882,21.47154],[71.75882,21.47158],[71.75878,21.4716],[71.7588,21.47168],[71.7588,21.47171],[71.75885,21.47176],[71.7589,21.47177],[71.75905,21.47186],[71.75919,21.47195],[71.75928,21.472],[71.75928,21.47202],[71.75934,21.47205],[71.75936,21.47209],[71.75943,21.47209],[71.75957,21.47211],[71.75961,21.47214],[71.75975,21.47214],[71.75985,21.47215],[71.75988,21.47217],[71.75989,21.47218],[71.75994,21.47221],[71.75999,21.4722],[71.76002,21.47222],[71.76007,21.47223],[71.76027,21.47222],[71.76044,21.47223],[71.76047,21.47227],[71.7606,21.47232],[71.76065,21.47233],[71.76067,21.47236],[71.76074,21.47236],[71.76083,21.47242],[71.76085,21.47246],[71.76091,21.47246],[71.76096,21.47248],[71.76096,21.47251],[71.76106,21.47255],[71.76115,21.47262],[71.76122,21.47266],[71.76127,21.47266],[71.76138,21.47273],[71.76141,21.47274],[71.76147,21.47279],[71.76154,21.47281],[71.76164,21.47279],[71.76167,21.47281],[71.76173,21.47281],[71.76179,21.47285],[71.76182,21.47288],[71.76193,21.4729],[71.76203,21.47298],[71.76206,21.47298],[71.76211,21.47303],[71.76214,21.47303],[71.76221,21.47309],[71.76228,21.47312],[71.76233,21.47317],[71.76242,21.47323],[71.76248,21.47324],[71.76252,21.47328],[71.76258,21.47327],[71.76263,21.47331],[71.76271,21.47335],[71.76278,21.47335],[71.76284,21.47337],[71.76288,21.47341],[71.76296,21.47344],[71.76297,21.47344],[71.76299,21.47348],[71.7631,21.47347],[71.76314,21.47349],[71.76321,21.47352],[71.76323,21.47356],[71.76327,21.4736],[71.76326,21.47366],[71.76327,21.47371],[71.76325,21.47376],[71.76326,21.47381],[71.76326,21.47382],[71.76325,21.47383],[71.76325,21.47384],[71.76322,21.47388],[71.76323,21.47392],[71.76325,21.47392],[71.76326,21.47398],[71.76324,21.47399],[71.76324,21.47402],[71.76323,21.47402],[71.76323,21.47403],[71.76322,21.47403],[71.76321,21.47406],[71.76313,21.47411],[71.76302,21.47422],[71.76296,21.47425],[71.76291,21.47431],[71.76288,21.4743],[71.76284,21.47434],[71.76279,21.47435],[71.76278,21.47438],[71.76272,21.4744],[71.76256,21.47441],[71.76251,21.47444],[71.76245,21.47447],[71.76243,21.47449],[71.76238,21.47451],[71.76236,21.47453],[71.7623,21.47454],[71.76228,21.47456],[71.76219,21.47461],[71.76211,21.47467],[71.76209,21.4747],[71.76204,21.47472],[71.76199,21.47477],[71.76194,21.47478],[71.76182,21.47485],[71.76179,21.4749],[71.76174,21.47494],[71.76163,21.47495],[71.76161,21.47496],[71.76151,21.47506],[71.76146,21.47507],[71.76135,21.47516],[71.76127,21.47524],[71.76122,21.47527],[71.76108,21.47541],[71.76102,21.47543],[71.76095,21.47542],[71.76077,21.47536],[71.76074,21.47529],[71.76071,21.47527],[71.76067,21.47527],[71.76059,21.47521],[71.76047,21.47515],[71.76045,21.47515],[71.76037,21.47511],[71.76033,21.47511],[71.76026,21.47507],[71.76016,21.47507],[71.7601,21.47509],[71.75992,21.47511],[71.75984,21.4751],[71.75977,21.47511],[71.75962,21.47512],[71.7596,21.4751],[71.75954,21.47508],[71.75947,21.47504],[71.75943,21.47499],[71.75936,21.47496],[71.75926,21.475],[71.75921,21.475],[71.75919,21.47502],[71.75908,21.47503],[71.75903,21.47503],[71.75902,21.47506],[71.75897,21.47508],[71.75897,21.47509],[71.75895,21.4751],[71.75889,21.47518],[71.75882,21.47522],[71.75874,21.47525],[71.75868,21.47535],[71.75861,21.47537],[71.7585,21.47548],[71.75845,21.4755],[71.75832,21.47564],[71.75828,21.47566],[71.75814,21.47581],[71.75812,21.47587],[71.75807,21.47589],[71.75789,21.47591],[71.75785,21.47595],[71.75771,21.47592],[71.75763,21.47591],[71.75758,21.47592],[71.75754,21.47595],[71.75745,21.47598],[71.75741,21.47601],[71.7573,21.47602],[71.75726,21.47605],[71.75723,21.4761],[71.75717,21.4761],[71.75713,21.47613],[71.75703,21.47618],[71.75688,21.47627],[71.75685,21.4763],[71.7568,21.47631],[71.75667,21.47638],[71.75659,21.4764],[71.75651,21.47647],[71.75646,21.47649],[71.75641,21.47654],[71.75635,21.47655],[71.75634,21.4766],[71.75629,21.47662],[71.75632,21.47666],[71.75632,21.47674],[71.75623,21.47682],[71.75622,21.47689],[71.75619,21.4769],[71.75614,21.47687],[71.75608,21.47689],[71.7561,21.47696],[71.75608,21.47701],[71.75603,21.477],[71.75602,21.477],[71.75598,21.47702],[71.75599,21.47706],[71.75596,21.4771],[71.75597,21.47719],[71.75596,21.47725],[71.75597,21.47731],[71.75596,21.47736],[71.75596,21.47744],[71.75591,21.47748],[71.75588,21.47753],[71.75587,21.47763],[71.75579,21.47767],[71.75573,21.47767],[71.75572,21.47771],[71.75566,21.47774],[71.75563,21.47774],[71.75556,21.47781],[71.75551,21.4778],[71.75548,21.47784],[71.75533,21.47782],[71.75532,21.47779],[71.75527,21.47777],[71.75522,21.47776],[71.75522,21.47788],[71.75521,21.4779],[71.75521,21.47791],[71.75521,21.47798],[71.75513,21.47801],[71.75505,21.47801],[71.75505,21.47803],[71.75496,21.47803],[71.75494,21.47801],[71.75488,21.47805],[71.75483,21.47803],[71.75483,21.47809],[71.75478,21.47807],[71.75471,21.47808],[71.75467,21.47811],[71.75461,21.47809],[71.7546,21.47806],[71.75452,21.47806],[71.75447,21.47806],[71.75446,21.47809],[71.75439,21.47809],[71.75433,21.47813],[71.75432,21.47819],[71.75428,21.47818],[71.75424,21.4782],[71.75423,21.47826],[71.75418,21.47826],[71.75415,21.47832],[71.75409,21.47834],[71.75407,21.47831],[71.75398,21.47828],[71.75392,21.47828],[71.75389,21.47831],[71.75385,21.4783],[71.75384,21.47826],[71.75379,21.47823],[71.75377,21.47828],[71.7537,21.47825],[71.75363,21.47826],[71.75362,21.47831],[71.75361,21.47839],[71.75362,21.47846],[71.75361,21.47849],[71.75367,21.47854],[71.75368,21.47864],[71.75372,21.47871],[71.75375,21.47886],[71.75378,21.47891],[71.7538,21.47902],[71.75383,21.4791],[71.75384,21.47916],[71.75387,21.47924],[71.75388,21.47931],[71.75382,21.47932],[71.75379,21.47923],[71.75376,21.47924],[71.75364,21.47922],[71.75357,21.47923],[71.75355,21.47926],[71.75333,21.47927],[71.75328,21.47929],[71.75324,21.47933],[71.75317,21.47936],[71.75311,21.47936],[71.75306,21.47938],[71.75301,21.47937],[71.75299,21.47939],[71.75292,21.47941],[71.75279,21.47942],[71.75271,21.47942],[71.75269,21.47934],[71.75268,21.47923],[71.75267,21.47923],[71.75267,21.47913],[71.75263,21.47902],[71.75261,21.47887],[71.75257,21.47882],[71.75258,21.47878],[71.75256,21.47875],[71.75253,21.47866],[71.75257,21.47862],[71.75254,21.47859],[71.7525,21.47841],[71.7525,21.47833],[71.75248,21.47832],[71.75246,21.47821],[71.75245,21.4781],[71.75241,21.478],[71.75238,21.47782],[71.75238,21.47777],[71.75243,21.47774],[71.75249,21.47777],[71.75254,21.47776],[71.75265,21.47777],[71.75273,21.47773],[71.75274,21.47767],[71.75277,21.47767],[71.75281,21.47764],[71.75288,21.4776],[71.75293,21.47761],[71.75297,21.47758],[71.75308,21.47761],[71.75309,21.4777],[71.75316,21.4777],[71.75318,21.47772],[71.7532,21.47784],[71.75324,21.47782],[71.75333,21.47785],[71.75339,21.47783],[71.75344,21.47787],[71.75348,21.47785],[71.75352,21.47788],[71.75351,21.47792],[71.75356,21.47793],[71.75359,21.47791],[71.75371,21.47791],[71.75374,21.47788],[71.75374,21.47785],[71.75377,21.47779],[71.75379,21.4777],[71.7538,21.47769],[71.75382,21.47758],[71.75384,21.47752],[71.75385,21.47742],[71.75387,21.47735],[71.75392,21.47724],[71.75392,21.47719],[71.75396,21.47716],[71.75398,21.47708],[71.75404,21.477],[71.75409,21.47697],[71.75412,21.47691],[71.75418,21.47687],[71.75421,21.47683],[71.7543,21.47677],[71.75435,21.47671],[71.75446,21.47665],[71.75448,21.47658],[71.75451,21.47657],[71.75451,21.47654],[71.75455,21.4765],[71.75459,21.47641],[71.75462,21.47638],[71.75462,21.47634],[71.75467,21.47626],[71.75467,21.47624],[71.75469,21.47621],[71.75471,21.47613],[71.75474,21.4761],[71.75475,21.47603],[71.75474,21.47594],[71.7548,21.47583],[71.75483,21.47579],[71.75483,21.47567],[71.75481,21.47564],[71.7548,21.47558],[71.75481,21.47546],[71.75489,21.47534],[71.75492,21.4753],[71.75496,21.47524],[71.75496,21.47516],[71.755,21.4751],[71.75503,21.475],[71.75505,21.475],[71.75506,21.47491],[71.75506,21.47479],[71.7551,21.47467],[71.75518,21.47459],[71.75524,21.47445],[71.75524,21.47442],[71.75521,21.47433],[71.75518,21.4743],[71.75518,21.47429],[71.75518,21.47427],[71.75511,21.47418],[71.75511,21.47414],[71.75507,21.47409],[71.755,21.47398],[71.75499,21.47393],[71.75496,21.4739],[71.75493,21.47383],[71.75489,21.47377],[71.75489,21.47371],[71.75485,21.47363],[71.75484,21.47355],[71.75487,21.47348],[71.75489,21.47344],[71.7549,21.47339],[71.75493,21.47335],[71.75493,21.4733],[71.75496,21.47326],[71.75502,21.4731],[71.75506,21.47305],[71.75508,21.47297],[71.75508,21.47291],[71.75506,21.47285],[71.75506,21.47279],[71.75504,21.47277],[71.755,21.47269],[71.75496,21.47267],[71.75494,21.47258],[71.7549,21.47254],[71.75488,21.47248],[71.75482,21.47241],[71.75482,21.47237],[71.75478,21.47233],[71.75468,21.47222],[71.75463,21.47218],[71.75459,21.47211],[71.75454,21.47206],[71.75446,21.4719],[71.75442,21.47186],[71.75442,21.47183],[71.75438,21.47177],[71.75434,21.47173],[71.75429,21.4716],[71.75427,21.47157],[71.75425,21.47151],[71.7542,21.47145],[71.75419,21.47137],[71.75416,21.47131],[71.75417,21.47116],[71.75419,21.47112],[71.75416,21.47109],[71.75417,21.47099],[71.75416,21.47091],[71.75413,21.47084],[71.75413,21.47078],[71.75411,21.47073],[71.75407,21.47068],[71.75406,21.47064],[71.75403,21.47059],[71.75401,21.47052],[71.754,21.47041],[71.75398,21.47038],[71.75398,21.47032],[71.75397,21.47029],[71.75386,21.4702],[71.75383,21.47019],[71.75381,21.47015],[71.75378,21.47016],[71.75376,21.47011],[71.75371,21.47012],[71.75371,21.47004],[71.75364,21.47002],[71.75363,21.46999],[71.75357,21.46998],[71.75354,21.46996],[71.75354,21.46987]]]},"properties":{"PolygonId":476,"Area":11703,"Subbasin":null}},
{"type":"Feature","geometry":{"type":"Polygon","coordinates":[[[71.74039,21.47493],[71.74042,21.47497],[71.74041,21.47513],[71.74047,21.47517],[71.74059,21.47517],[71.74061,21.4752],[71.74072,21.47524],[71.74077,21.47523],[71.74085,21.47525],[71.74092,21.47533],[71.74095,21.47533],[71.74102,21.47539],[71.74107,21.47546],[71.74112,21.47546],[71.74117,21.47553],[71.74125,21.47557],[71.7413,21.47562],[71.74136,21.47571],[71.74134,21.47577],[71.74136,21.47587],[71.74141,21.47592],[71.74141,21.47597],[71.74144,21.476],[71.74141,21.47604],[71.74138,21.47611],[71.74133,21.47616],[71.74132,21.47627],[71.74133,21.4763],[71.74132,21.47636],[71.74131,21.47643],[71.74135,21.47649],[71.74142,21.47654],[71.74148,21.47657],[71.7415,21.47662],[71.74156,21.47667],[71.74159,21.47674],[71.74164,21.47676],[71.74177,21.47674],[71.7418,21.47679],[71.74185,21.47678],[71.74191,21.47683],[71.7419,21.47687],[71.74186,21.47692],[71.74187,21.47695],[71.74183,21.47699],[71.74177,21.47711],[71.74167,21.47728],[71.74167,21.47743],[71.74166,21.47749],[71.7417,21.47754],[71.74174,21.47762],[71.74181,21.47767],[71.74184,21.47772],[71.7419,21.47776],[71.74194,21.47782],[71.74199,21.47786],[71.74198,21.47788],[71.74203,21.47791],[71.7421,21.478],[71.74211,21.47812],[71.74214,21.47816],[71.74221,21.4783],[71.74224,21.47837],[71.74224,21.47847],[71.74226,21.47853],[71.74235,21.47853],[71.74236,21.47858],[71.74241,21.47857],[71.74241,21.47865],[71.74253,21.47875],[71.74255,21.47879],[71.74261,21.47883],[71.74262,21.47891],[71.74264,21.47896],[71.74261,21.47907],[71.74263,21.47912],[71.74247,21.4791],[71.74241,21.47908],[71.74238,21.47904],[71.74232,21.47902],[71.74226,21.47902],[71.74221,21.47905],[71.74219,21.479],[71.74215,21.47896],[71.74203,21.47893],[71.74202,21.4789],[71.74196,21.47887],[71.74195,21.47884],[71.7419,21.47885],[71.7418,21.47888],[71.74172,21.4789],[71.74165,21.47894],[71.74151,21.47894],[71.74141,21.47896],[71.74133,21.4789],[71.74123,21.47892],[71.74117,21.47898],[71.74113,21.47898],[71.74102,21.47889],[71.74095,21.47888],[71.74088,21.47889],[71.74085,21.47886],[71.74081,21.4789],[71.74076,21.47891],[71.7407,21.47896],[71.74065,21.47894],[71.74056,21.47898],[71.74053,21.47897],[71.74047,21.47898],[71.74044,21.47896],[71.74039,21.47896],[71.74036,21.47893],[71.74028,21.47893],[71.74022,21.47894],[71.74013,21.47892],[71.74005,21.47888],[71.73997,21.4788],[71.73995,21.4788],[71.73991,21.47873],[71.73984,21.47869],[71.73982,21.47859],[71.73978,21.47856],[71.73976,21.4785],[71.73977,21.47846],[71.73972,21.47845],[71.7397,21.47842],[71.73969,21.47839],[71.73969,21.47828],[71.73971,21.47826],[71.7397,21.47813],[71.73972,21.47793],[71.73966,21.47783],[71.7396,21.47778],[71.73954,21.47775],[71.73948,21.47769],[71.73942,21.47766],[71.73941,21.47761],[71.73935,21.47759],[71.73932,21.47755],[71.73926,21.47752],[71.73922,21.47747],[71.73923,21.47744],[71.73914,21.47739],[71.73909,21.47732],[71.73907,21.47732],[71.73902,21.47726],[71.73895,21.47722],[71.73894,21.47716],[71.73888,21.47711],[71.73884,21.47711],[71.73874,21.47706],[71.7387,21.47705],[71.7387,21.47702],[71.73863,21.47696],[71.73852,21.47694],[71.7385,21.47692],[71.73843,21.4769],[71.73835,21.4769],[71.73832,21.47687],[71.73823,21.4769],[71.73818,21.47686],[71.73813,21.47678],[71.73809,21.47676],[71.73802,21.47677],[71.73804,21.47673],[71.73811,21.47666],[71.73813,21.47657],[71.73817,21.47656],[71.73816,21.47652],[71.73821,21.47647],[71.73829,21.47646],[71.7383,21.47638],[71.73827,21.47635],[71.73826,21.47623],[71.73826,21.47618],[71.73825,21.4761],[71.73839,21.4761],[71.73842,21.47608],[71.73845,21.47599],[71.73846,21.47592],[71.73851,21.47593],[71.73855,21.47589],[71.73859,21.47589],[71.73861,21.47583],[71.7386,21.47576],[71.73857,21.47571],[71.73858,21.4756],[71.7386,21.47556],[71.73857,21.47552],[71.73858,21.47545],[71.73855,21.47541],[71.73854,21.47536],[71.73855,21.47528],[71.73854,21.47522],[71.73855,21.47518],[71.73856,21.47511],[71.73853,21.47506],[71.73853,21.47498],[71.73849,21.47493],[71.73849,21.47486],[71.73847,21.47485],[71.73846,21.47476],[71.73842,21.4747],[71.73842,21.47455],[71.73845,21.47453],[71.73846,21.47446],[71.73853,21.47436],[71.73855,21.47431],[71.73853,21.47427],[71.73856,21.47416],[71.73861,21.47408],[71.73866,21.47405],[71.73872,21.47396],[71.73878,21.47391],[71.73878,21.47387],[71.73885,21.4738],[71.73885,21.47375],[71.7389,21.47369],[71.73892,21.47364],[71.73898,21.47359],[71.73906,21.47354],[71.73907,21.47351],[71.73914,21.47349],[71.73913,21.47341],[71.73917,21.47338],[71.73917,21.47323],[71.73919,21.47332],[71.73927,21.4734],[71.7393,21.47341],[71.73935,21.47349],[71.73938,21.47351],[71.73941,21.47356],[71.73945,21.47358],[71.73953,21.47366],[71.73962,21.47371],[71.73963,21.47375],[71.73977,21.47388],[71.73981,21.47398],[71.73982,21.47414],[71.73984,21.47417],[71.73985,21.47428],[71.73989,21.47432],[71.7399,21.47436],[71.73998,21.47445],[71.74005,21.47454],[71.7401,21.47457],[71.74014,21.47458],[71.74018,21.47463],[71.74022,21.47463],[71.74031,21.47469],[71.74032,21.47474],[71.74035,21.47477],[71.74034,21.47484],[71.74032,21.47486],[71.74036,21.47492],[71.74039,21.47493]]]},"properties":{"PolygonId":1338,"Area":8435,"Subbasin":null}},
{"type":"Feature","geometry":{"type":"Polygon","coordinates":[[[71.7362,21.47821],[71.73621,21.47818],[71.73629,21.47817],[71.73638,21.47806],[71.73647,21.47798],[71.73651,21.47799],[71.73658,21.47793],[71.73661,21.47792],[71.73663,21.47784],[71.73671,21.47779],[71.73676,21.47773],[71.7368,21.47767],[71.73688,21.47761],[71.73693,21.47756],[71.73696,21.47755],[71.73695,21.47741],[71.737,21.47738],[71.73708,21.47731],[71.73711,21.47724],[71.73711,21.47721],[71.73722,21.47718],[71.73725,21.47714],[71.73725,21.47711],[71.7373,21.47707],[71.73731,21.47704],[71.73736,21.47696],[71.73736,21.47688],[71.73738,21.47685],[71.73738,21.47668],[71.7375,21.47669],[71.73755,21.47671],[71.73758,21.47667],[71.73766,21.47664],[71.73769,21.47667],[71.73774,21.47668],[71.73783,21.47667],[71.73788,21.47669],[71.73796,21.47668],[71.73802,21.47677],[71.73809,21.47676],[71.73813,21.47678],[71.73818,21.47686],[71.73823,21.4769],[71.73832,21.47687],[71.73835,21.4769],[71.73843,21.4769],[71.7385,21.47692],[71.73852,21.47694],[71.73863,21.47696],[71.7387,21.47702],[71.7387,21.47705],[71.73874,21.47706],[71.73884,21.47711],[71.73888,21.47711],[71.73894,21.47716],[71.73895,21.47722],[71.73902,21.47726],[71.73907,21.47732],[71.73909,21.47732],[71.73914,21.47739],[71.73923,21.47744],[71.73922,21.47747],[71.73926,21.47752],[71.73932,21.47755],[71.73935,21.47759],[71.73941,21.47761],[71.73942,21.47766],[71.73948,21.47769],[71.73954,21.47775],[71.7396,21.47778],[71.73966,21.47783],[71.73972,21.47793],[71.7397,21.47813],[71.73971,21.47826],[71.73969,21.47828],[71.73969,21.47839],[71.7397,21.47842],[71.73971,21.47849],[71.73975,21.47853],[71.73975,21.47863],[71.73976,21.47866],[71.73975,21.47873],[71.73975,21.47879],[71.73973,21.47885],[71.73979,21.47894],[71.73983,21.47895],[71.73987,21.47902],[71.7399,21.47902],[71.73996,21.47909],[71.74002,21.47909],[71.74008,21.47917],[71.74011,21.47918],[71.74014,21.47927],[71.74022,21.47928],[71.74034,21.47919],[71.7404,21.47912],[71.74053,21.47913],[71.7406,21.47911],[71.74067,21.4791],[71.74072,21.47917],[71.74075,21.47917],[71.74078,21.47923],[71.74087,21.47934],[71.74092,21.47935],[71.74092,21.47938],[71.74096,21.47941],[71.741,21.47941],[71.74104,21.47945],[71.74109,21.47944],[71.74112,21.47947],[71.74112,21.47952],[71.74118,21.47956],[71.74131,21.47954],[71.74131,21.47951],[71.7414,21.47952],[71.74141,21.47956],[71.74145,21.47957],[71.74151,21.47949],[71.74156,21.47948],[71.74158,21.47946],[71.74164,21.47942],[71.74165,21.47939],[71.74175,21.47933],[71.74184,21.47936],[71.74189,21.47935],[71.74192,21.47936],[71.74202,21.47936],[71.74204,21.47939],[71.74211,21.47938],[71.74216,21.4794],[71.74218,21.47938],[71.74229,21.47941],[71.74229,21.47947],[71.74227,21.47951],[71.74228,21.47961],[71.74224,21.4797],[71.74217,21.47991],[71.74211,21.48],[71.74207,21.48007],[71.74207,21.48012],[71.74199,21.48022],[71.74197,21.48036],[71.74194,21.48039],[71.74193,21.48043],[71.7419,21.48047],[71.74189,21.48055],[71.74185,21.48066],[71.74184,21.48071],[71.74181,21.48074],[71.74181,21.48086],[71.74178,21.48091],[71.74175,21.48103],[71.74175,21.4811],[71.74173,21.48113],[71.74167,21.48116],[71.74166,21.48118],[71.74158,21.48123],[71.74154,21.48129],[71.74149,21.48131],[71.74144,21.48137],[71.74138,21.48142],[71.74137,21.48145],[71.74132,21.48147],[71.74128,21.48155],[71.74122,21.48157],[71.7412,21.4816],[71.74114,21.48164],[71.74114,21.48166],[71.74106,21.48173],[71.74103,21.48174],[71.74092,21.48181],[71.74085,21.48187],[71.74079,21.48187],[71.74077,21.48189],[71.74069,21.4819],[71.74066,21.48194],[71.74069,21.48202],[71.74073,21.48206],[71.74074,21.48217],[71.74076,21.48218],[71.74078,21.48226],[71.7408,21.48238],[71.74081,21.48241],[71.7408,21.48246],[71.74083,21.48256],[71.74083,21.48264],[71.74072,21.48276],[71.74065,21.48279],[71.74062,21.48282],[71.74048,21.4829],[71.74051,21.48293],[71.74051,21.48304],[71.7405,21.48309],[71.74045,21.48313],[71.74036,21.48317],[71.74036,21.48321],[71.74032,21.48326],[71.74032,21.48331],[71.74028,21.48333],[71.74028,21.48338],[71.74023,21.48339],[71.74015,21.48339],[71.74011,21.48343],[71.74005,21.48344],[71.73998,21.4836],[71.73998,21.48368],[71.73993,21.48367],[71.7399,21.48364],[71.73989,21.48357],[71.73984,21.48357],[71.73979,21.48361],[71.73971,21.48354],[71.73968,21.48352],[71.73965,21.48347],[71.7397,21.48344],[71.73973,21.48329],[71.73974,21.48311],[71.73973,21.48299],[71.73967,21.48301],[71.73953,21.48301],[71.73933,21.48301],[71.73927,21.48302],[71.73913,21.48301],[71.73912,21.48303],[71.73903,21.48302],[71.73895,21.48304],[71.73886,21.48304],[71.73879,21.48303],[71.73875,21.48305],[71.73874,21.48303],[71.7387,21.48298],[71.73866,21.48288],[71.73863,21.48283],[71.73858,21.48279],[71.73852,21.48269],[71.73845,21.48261],[71.73845,21.48259],[71.73836,21.48252],[71.73833,21.48246],[71.73829,21.48241],[71.7382,21.48235],[71.73807,21.48235],[71.73797,21.48234],[71.73789,21.48234],[71.73787,21.48232],[71.7378,21.48232],[71.7378,21.48229],[71.73773,21.48224],[71.73766,21.48221],[71.73759,21.48215],[71.73755,21.48214],[71.73752,21.48211],[71.73747,21.48209],[71.73744,21.48204],[71.73739,21.48199],[71.73733,21.48197],[71.73731,21.48194],[71.73726,21.48193],[71.73719,21.48186],[71.73717,21.48178],[71.7371,21.48175],[71.73703,21.48169],[71.73692,21.48167],[71.73687,21.48169],[71.73685,21.48164],[71.7368,21.4816],[71.73663,21.4816],[71.73663,21.48162],[71.73659,21.48155],[71.73659,21.48148],[71.73662,21.48141],[71.73666,21.48136],[71.73666,21.48123],[71.73661,21.48116],[71.7366,21.48109],[71.7366,21.48104],[71.73658,21.48102],[71.73658,21.48089],[71.73656,21.48087],[71.73657,21.48071],[71.73655,21.48068],[71.73658,21.48058],[71.73661,21.48054],[71.73658,21.48052],[71.73663,21.48042],[71.73669,21.48038],[71.73671,21.48033],[71.7367,21.4803],[71.73664,21.48029],[71.73661,21.48022],[71.73661,21.48018],[71.73655,21.48008],[71.73655,21.48004],[71.73651,21.48001],[71.73648,21.47995],[71.73648,21.4799],[71.73653,21.4799],[71.73652,21.47981],[71.7365,21.47976],[71.73651,21.47968],[71.73649,21.47968],[71.73649,21.47958],[71.73651,21.47952],[71.73651,21.47947],[71.73653,21.47942],[71.73655,21.47933],[71.7366,21.47928],[71.73659,21.4792],[71.73656,21.47916],[71.73645,21.47905],[71.73641,21.47905],[71.73641,21.47894],[71.73637,21.47888],[71.73629,21.47883],[71.73622,21.47874],[71.73625,21.47872],[71.73625,21.47866],[71.73628,21.4786],[71.73628,21.47858],[71.73631,21.47849],[71.73628,21.47844],[71.73628,21.47839],[71.73626,21.47837],[71.73625,21.47828],[71.73621,21.47825],[71.7362,21.47822],[71.7362,21.47821]]]},"properties":{"PolygonId":1393,"Area":2684,"Subbasin":null}},
{"type":"Feature","geometry":{"type":"Polygon","coordinates":[[[71.73324,21.47291],[71.73329,21.47299],[71.7333,21.47307],[71.73333,21.47313],[71.73329,21.47317],[71.7333,21.47323],[71.7333,21.47339],[71.73333,21.47342],[71.73332,21.47354],[71.7333,21.4736],[71.73333,21.47363],[71.73336,21.47372],[71.73335,21.47379],[71.73338,21.47386],[71.73338,21.47398],[71.73341,21.47401],[71.7334,21.47407],[71.73341,21.47413],[71.73341,21.4742],[71.73339,21.47427],[71.73343,21.47436],[71.7334,21.47445],[71.73345,21.47448],[71.7334,21.47459],[71.73341,21.47466],[71.73337,21.47471],[71.73334,21.47476],[71.73334,21.47484],[71.73338,21.47495],[71.73333,21.47497],[71.73338,21.475],[71.73338,21.47505],[71.73341,21.47517],[71.7334,21.47525],[71.73339,21.47537],[71.7334,21.47539],[71.73345,21.47557],[71.73353,21.47578],[71.73353,21.47581],[71.73358,21.47592],[71.73363,21.47601],[71.73364,21.47611],[71.73367,21.47619],[71.73374,21.47632],[71.73375,21.47638],[71.73378,21.47645],[71.7338,21.47646],[71.73388,21.47666],[71.73391,21.4767],[71.73392,21.47675],[71.73394,21.47677],[71.73401,21.47694],[71.73409,21.47703],[71.73414,21.4771],[71.73417,21.47712],[71.73423,21.47717],[71.73439,21.47729],[71.73444,21.47732],[71.73448,21.47732],[71.73454,21.47738],[71.73454,21.47742],[71.73464,21.47752],[71.73465,21.47757],[71.73469,21.4776],[71.7347,21.47765],[71.73476,21.47771],[71.73474,21.47776],[71.73475,21.47785],[71.73478,21.47787],[71.73478,21.4779],[71.73481,21.47792],[71.73485,21.47791],[71.73487,21.47798],[71.7349,21.47799],[71.7349,21.47803],[71.73501,21.4781],[71.73501,21.47812],[71.7351,21.47817],[71.73521,21.47815],[71.73526,21.47816],[71.73531,21.47813],[71.73538,21.47812],[71.73546,21.47815],[71.7355,21.47815],[71.73561,21.47812],[71.73569,21.47808],[71.73571,21.47806],[71.73577,21.47807],[71.73582,21.47806],[71.73584,21.47808],[71.73592,21.47809],[71.73599,21.47813],[71.7361,21.47816],[71.73615,21.47815],[71.73621,21.47818],[71.7362,21.47821],[71.7362,21.4782],[71.73618,21.47818],[71.73612,21.4782],[71.73599,21.47828],[71.73594,21.47827],[71.73587,21.47831],[71.73579,21.4783],[71.73577,21.47827],[71.73568,21.47827],[71.73562,21.47822],[71.7356,21.47818],[71.7355,21.47819],[71.73548,21.47823],[71.73539,21.47824],[71.73538,21.47828],[71.73529,21.47829],[71.73525,21.47834],[71.7352,21.47835],[71.73513,21.47843],[71.73513,21.47848],[71.73516,21.4785],[71.73516,21.47856],[71.73514,21.47858],[71.73512,21.47863],[71.73513,21.47866],[71.73513,21.47876],[71.7351,21.4788],[71.73507,21.47887],[71.73509,21.47892],[71.73512,21.47893],[71.73512,21.47897],[71.73504,21.47899],[71.73502,21.47906],[71.73499,21.4791],[71.73494,21.47913],[71.73494,21.47918],[71.73489,21.47929],[71.73488,21.47936],[71.73492,21.47943],[71.73494,21.47956],[71.73493,21.47963],[71.73493,21.47965],[71.73495,21.47972],[71.73494,21.47973],[71.73497,21.47983],[71.73503,21.47987],[71.73501,21.47989],[71.73501,21.47995],[71.73498,21.48002],[71.73499,21.48004],[71.73505,21.48005],[71.73504,21.48013],[71.73507,21.48017],[71.73508,21.48022],[71.73505,21.48025],[71.73506,21.48038],[71.7351,21.48041],[71.73511,21.48049],[71.73505,21.48054],[71.73505,21.48064],[71.73503,21.48066],[71.73503,21.4808],[71.73502,21.48084],[71.73504,21.48087],[71.73503,21.48097],[71.73497,21.48103],[71.73497,21.48108],[71.735,21.48112],[71.73498,21.48116],[71.73495,21.48124],[71.73496,21.48128],[71.73493,21.48133],[71.73494,21.48137],[71.73491,21.48142],[71.7349,21.48147],[71.73492,21.4815],[71.73493,21.48163],[71.7349,21.48167],[71.73491,21.48179],[71.73488,21.48184],[71.73489,21.48189],[71.73489,21.48191],[71.73491,21.48197],[71.73488,21.48198],[71.7349,21.48205],[71.73487,21.48208],[71.73488,21.48214],[71.73488,21.4822],[71.73489,21.48227],[71.73488,21.48233],[71.7349,21.48247],[71.73494,21.48255],[71.73495,21.48264],[71.7349,21.48269],[71.73491,21.48272],[71.73488,21.48276],[71.73488,21.48281],[71.73483,21.48285],[71.73479,21.4829],[71.73465,21.48288],[71.73454,21.48295],[71.73454,21.48301],[71.7345,21.48305],[71.7344,21.48305],[71.73439,21.48309],[71.73428,21.48318],[71.73414,21.48332],[71.73403,21.48338],[71.734,21.48345],[71.73397,21.48347],[71.73397,21.48353],[71.7339,21.48352],[71.7338,21.48338],[71.73379,21.48334],[71.73374,21.48329],[71.73373,21.48323],[71.73369,21.48316],[71.73364,21.48308],[71.73361,21.48308],[71.73359,21.48301],[71.73355,21.48301],[71.73356,21.48293],[71.7335,21.48287],[71.73346,21.48273],[71.73344,21.48272],[71.73343,21.48268],[71.7334,21.48263],[71.73335,21.48259],[71.73335,21.48255],[71.73329,21.48252],[71.73329,21.48246],[71.73322,21.48235],[71.7332,21.48234],[71.7332,21.48226],[71.73315,21.48217],[71.7331,21.48214],[71.73308,21.48209],[71.73308,21.48204],[71.73302,21.48197],[71.73298,21.48195],[71.73295,21.48191],[71.73292,21.48181],[71.73291,21.48174],[71.73288,21.48171],[71.73287,21.48167],[71.73285,21.48166],[71.73283,21.4816],[71.73278,21.48155],[71.73277,21.48152],[71.73273,21.48146],[71.73269,21.48135],[71.73262,21.48125],[71.73261,21.4812],[71.73256,21.48115],[71.73256,21.48109],[71.73253,21.48105],[71.73252,21.48096],[71.7325,21.48094],[71.73247,21.48085],[71.73246,21.48078],[71.73243,21.48075],[71.73241,21.48063],[71.73238,21.4806],[71.73235,21.48046],[71.73235,21.48043],[71.73229,21.48033],[71.73229,21.48026],[71.73225,21.48016],[71.73221,21.48012],[71.73214,21.47993],[71.73213,21.47987],[71.73211,21.47984],[71.73211,21.47976],[71.73209,21.47971],[71.73206,21.47967],[71.73206,21.47963],[71.73203,21.4796],[71.73203,21.47955],[71.73201,21.47955],[71.73198,21.47947],[71.73198,21.47941],[71.73195,21.47941],[71.73192,21.47928],[71.73186,21.47918],[71.73185,21.4791],[71.73182,21.47906],[71.73182,21.47902],[71.7318,21.47897],[71.73181,21.47894],[71.73177,21.4789],[71.73177,21.47886],[71.73173,21.47879],[71.73171,21.47872],[71.7317,21.4787],[71.73167,21.47861],[71.73165,21.47859],[71.73162,21.47845],[71.73158,21.47837],[71.73158,21.47835],[71.73154,21.47829],[71.73152,21.47814],[71.73146,21.47809],[71.73146,21.47802],[71.73141,21.47792],[71.73142,21.47786],[71.73138,21.47783],[71.73137,21.47779],[71.73132,21.47773],[71.73132,21.47763],[71.73127,21.47754],[71.73127,21.47749],[71.73124,21.47741],[71.7312,21.47737],[71.73121,21.47734],[71.73118,21.47731],[71.73112,21.47732],[71.73113,21.47721],[71.73116,21.4772],[71.73115,21.47713],[71.73113,21.47706],[71.73108,21.47699],[71.73107,21.47691],[71.73104,21.47687],[71.73099,21.47685],[71.73097,21.47679],[71.731,21.47675],[71.731,21.4767],[71.73098,21.47669],[71.73096,21.47661],[71.73097,21.47657],[71.73095,21.47651],[71.73092,21.47649],[71.7309,21.47641],[71.73089,21.47636],[71.73084,21.47622],[71.73081,21.47617],[71.73081,21.47611],[71.7308,21.47606],[71.73077,21.47603],[71.73076,21.47594],[71.73073,21.47592],[71.73073,21.47586],[71.73068,21.47573],[71.73067,21.47563],[71.73064,21.47561],[71.73065,21.47554],[71.7306,21.47548],[71.73061,21.47542],[71.73059,21.47539],[71.73056,21.4753],[71.73051,21.47516],[71.73051,21.47512],[71.73047,21.47507],[71.73047,21.47503],[71.73042,21.47489],[71.73039,21.47487],[71.7304,21.4748],[71.73037,21.47475],[71.73037,21.47468],[71.73035,21.47467],[71.73033,21.47454],[71.7303,21.47454],[71.73029,21.47449],[71.73026,21.47442],[71.73022,21.47432],[71.73017,21.47427],[71.73018,21.47422],[71.73015,21.47408],[71.73014,21.47406],[71.73012,21.47397],[71.73008,21.47393],[71.73008,21.47383],[71.73006,21.47381],[71.7301,21.47371],[71.73016,21.47371],[71.73016,21.47368],[71.7302,21.47367],[71.73024,21.47361],[71.73024,21.47357],[71.73029,21.47352],[71.73034,21.4735],[71.73034,21.47347],[71.73041,21.47344],[71.73042,21.47338],[71.73039,21.47333],[71.73047,21.47324],[71.73049,21.4732],[71.73049,21.47313],[71.73056,21.47313],[71.73063,21.47314],[71.73071,21.47314],[71.73072,21.47316],[71.73085,21.47317],[71.73085,21.47321],[71.73089,21.47324],[71.73089,21.47335],[71.73093,21.47339],[71.73099,21.47339],[71.73108,21.47343],[71.7311,21.4734],[71.7312,21.47345],[71.73123,21.47341],[71.7313,21.47341],[71.73132,21.47338],[71.73135,21.47339],[71.7314,21.47337],[71.73145,21.4734],[71.73148,21.47338],[71.73161,21.47333],[71.73163,21.47335],[71.73169,21.47335],[71.7317,21.4734],[71.73177,21.47341],[71.7318,21.47345],[71.73188,21.47339],[71.73188,21.47335],[71.73194,21.47334],[71.73199,21.47336],[71.732,21.4734],[71.73213,21.4734],[71.73222,21.47334],[71.73222,21.47332],[71.73226,21.47329],[71.73233,21.47329],[71.73232,21.47322],[71.73238,21.47319],[71.73242,21.47315],[71.73249,21.47314],[71.73255,21.47316],[71.73258,21.47321],[71.73269,21.47319],[71.73279,21.47309],[71.73281,21.47303],[71.7329,21.47301],[71.73298,21.47295],[71.73302,21.47297],[71.73318,21.47295],[71.73324,21.47291]]]},"properties":{"PolygonId":1090,"Area":62,"Subbasin":null}},
{"type":"Feature","geometry":{"type":"Polygon","coordinates":[[[71.73938,21.47202],[71.73936,21.47199],[71.73938,21.47192],[71.73934,21.47188],[71.73929,21.47177],[71.7393,21.47172],[71.73932,21.47169],[71.73928,21.47163],[71.73931,21.47158],[71.7393,21.47148],[71.73921,21.47138],[71.73918,21.47137],[71.73913,21.47131],[71.73904,21.47129],[71.73894,21.4712],[71.73893,21.47115],[71.73882,21.47103],[71.73878,21.47094],[71.73872,21.47092],[71.73865,21.47091],[71.7386,21.47089],[71.73852,21.47082],[71.73846,21.47071],[71.7384,21.4707],[71.73833,21.47066],[71.73831,21.47057],[71.73825,21.4705],[71.73816,21.47043],[71.73816,21.47039],[71.73807,21.47035],[71.73807,21.47032],[71.73799,21.47026],[71.73792,21.47026],[71.7379,21.47022],[71.73777,21.47018],[71.73769,21.47018],[71.73758,21.47016],[71.73756,21.47013],[71.73751,21.47012],[71.73739,21.47007],[71.73732,21.47005],[71.73726,21.47008],[71.73724,21.47006],[71.73719,21.47006],[71.73717,21.47001],[71.73716,21.4699],[71.73714,21.4699],[71.73715,21.46981],[71.73713,21.46976],[71.73712,21.46965],[71.7371,21.46955],[71.73708,21.46952],[71.73702,21.46951],[71.737,21.46949],[71.73701,21.46942],[71.73701,21.46932],[71.73702,21.4693],[71.73702,21.46922],[71.737,21.46912],[71.73698,21.46908],[71.73699,21.469],[71.73695,21.46895],[71.73697,21.46885],[71.737,21.46879],[71.73696,21.46873],[71.73696,21.4687],[71.73682,21.4687],[71.73678,21.46863],[71.73676,21.46861],[71.73674,21.46855],[71.73672,21.46855],[71.73663,21.46843],[71.73657,21.46838],[71.73658,21.46835],[71.73653,21.46832],[71.73653,21.46829],[71.73647,21.46825],[71.73645,21.46819],[71.73641,21.46817],[71.73636,21.46809],[71.7363,21.46808],[71.73626,21.46801],[71.73621,21.468],[71.7362,21.46793],[71.73618,21.4679],[71.73613,21.46791],[71.73613,21.46787],[71.73607,21.46783],[71.73602,21.46778],[71.73595,21.46774],[71.73592,21.46767],[71.73588,21.46762],[71.73581,21.46757],[71.73581,21.46754],[71.73577,21.46746],[71.73575,21.46745],[71.73574,21.46739],[71.73578,21.46732],[71.73581,21.46731],[71.73585,21.46724],[71.73574,21.46724],[71.73569,21.46719],[71.73565,21.46719],[71.7356,21.46715],[71.73545,21.46712],[71.73535,21.46704],[71.73531,21.46703],[71.73523,21.46697],[71.73523,21.46689],[71.73518,21.46673],[71.73515,21.46671],[71.73513,21.46667],[71.73508,21.46661],[71.73498,21.46657],[71.73498,21.46654],[71.73494,21.46647],[71.73491,21.46645],[71.73486,21.46629],[71.73487,21.46621],[71.73485,21.46615],[71.73481,21.46607],[71.73479,21.46607],[71.73477,21.46595],[71.73474,21.46592],[71.73474,21.46586],[71.73471,21.46575],[71.73468,21.46572],[71.73462,21.46566],[71.7346,21.46565],[71.7346,21.46558],[71.7347,21.46549],[71.7347,21.46544],[71.73474,21.46536],[71.73474,21.4653],[71.73479,21.46522],[71.73478,21.46517],[71.73487,21.46513],[71.73489,21.46508],[71.73493,21.46505],[71.73494,21.465],[71.73492,21.46493],[71.73491,21.46491],[71.73493,21.46482],[71.73497,21.46475],[71.73497,21.46467],[71.73502,21.46461],[71.73503,21.46459],[71.73511,21.46449],[71.73517,21.46445],[71.7352,21.46442],[71.73529,21.46437],[71.7354,21.46436],[71.73546,21.46431],[71.7357,21.46433],[71.73577,21.46436],[71.73584,21.46436],[71.7359,21.4644],[71.73594,21.4644],[71.73598,21.46442],[71.7361,21.46439],[71.73632,21.4644],[71.73642,21.46433],[71.73648,21.46434],[71.73649,21.46431],[71.73658,21.4643],[71.7367,21.46421],[71.73679,21.4642],[71.73685,21.46417],[71.73692,21.46419],[71.73699,21.46417],[71.73702,21.4642],[71.73703,21.46427],[71.73708,21.46432],[71.73708,21.46437],[71.73714,21.46445],[71.73714,21.46454],[71.7372,21.46458],[71.73721,21.46462],[71.73729,21.46465],[71.7373,21.46468],[71.7374,21.46476],[71.73744,21.46478],[71.73752,21.46478],[71.73755,21.4648],[71.73765,21.46479],[71.73767,21.46476],[71.73775,21.46475],[71.73779,21.4647],[71.73779,21.46459],[71.73783,21.46452],[71.73788,21.46449],[71.73789,21.46444],[71.73799,21.46445],[71.73803,21.46443],[71.73807,21.46445],[71.73809,21.46439],[71.73812,21.46439],[71.73814,21.46432],[71.73819,21.46424],[71.73824,21.46424],[71.73831,21.4642],[71.73836,21.46421],[71.73843,21.46417],[71.73844,21.4641],[71.73849,21.46406],[71.73854,21.46405],[71.73855,21.46401],[71.73862,21.46399],[71.73862,21.46393],[71.73876,21.46394],[71.73879,21.46386],[71.73879,21.46379],[71.73881,21.46376],[71.73885,21.46376],[71.73887,21.46373],[71.73894,21.46375],[71.73899,21.4638],[71.73896,21.46387],[71.73898,21.4639],[71.73899,21.46396],[71.73897,21.46404],[71.73898,21.4641],[71.739,21.46413],[71.73898,21.46423],[71.73899,21.46429],[71.73895,21.46429],[71.73894,21.46438],[71.73896,21.46443],[71.73895,21.46449],[71.73897,21.46452],[71.73896,21.46458],[71.73891,21.4646],[71.73889,21.46463],[71.7389,21.46468],[71.73894,21.46468],[71.73895,21.46474],[71.73901,21.46473],[71.73911,21.4647],[71.73916,21.46471],[71.73917,21.46472],[71.7392,21.46489],[71.73919,21.46495],[71.73924,21.46499],[71.73925,21.46504],[71.73929,21.46508],[71.73933,21.4651],[71.73932,21.46513],[71.73936,21.46518],[71.73938,21.46527],[71.73943,21.46539],[71.73939,21.46544],[71.73939,21.46549],[71.73936,21.4655],[71.73932,21.46556],[71.73926,21.46562],[71.73928,21.46571],[71.73936,21.46571],[71.73936,21.46576],[71.73939,21.46577],[71.73943,21.46584],[71.73943,21.46587],[71.73948,21.46592],[71.7395,21.46603],[71.73953,21.4661],[71.73957,21.46615],[71.7396,21.46642],[71.73957,21.46646],[71.73957,21.46657],[71.73957,21.4667],[71.73955,21.46671],[71.73955,21.46678],[71.73956,21.46687],[71.73959,21.46689],[71.73959,21.467],[71.73961,21.46701],[71.73967,21.46712],[71.73969,21.46714],[71.73969,21.46718],[71.73973,21.46724],[71.73973,21.46727],[71.73977,21.46733],[71.73982,21.4674],[71.73982,21.46744],[71.73985,21.46745],[71.73988,21.46755],[71.7399,21.46756],[71.73999,21.46771],[71.73999,21.46775],[71.74004,21.46781],[71.74009,21.46783],[71.74013,21.46798],[71.74017,21.46802],[71.74023,21.4681],[71.74023,21.46818],[71.74026,21.46818],[71.74034,21.46834],[71.74037,21.46836],[71.74041,21.46843],[71.74041,21.46845],[71.74043,21.46852],[71.74052,21.46863],[71.74057,21.46868],[71.74059,21.46873],[71.74067,21.46881],[71.74068,21.46891],[71.74071,21.46893],[71.74068,21.46898],[71.74069,21.46903],[71.74073,21.46907],[71.7408,21.46917],[71.74081,21.46922],[71.74087,21.46926],[71.74088,21.4693],[71.74097,21.46936],[71.74097,21.46938],[71.74103,21.46945],[71.74103,21.46948],[71.74111,21.46954],[71.74116,21.4696],[71.74116,21.46962],[71.7412,21.46966],[71.74125,21.46977],[71.74126,21.46986],[71.74128,21.46986],[71.74128,21.46988],[71.74128,21.46989],[71.74129,21.46993],[71.74135,21.46999],[71.74132,21.47001],[71.74132,21.47005],[71.7413,21.4701],[71.74125,21.47019],[71.74125,21.47021],[71.74124,21.47023],[71.74113,21.47034],[71.74113,21.47035],[71.74107,21.47046],[71.74103,21.4705],[71.74097,21.47055],[71.74093,21.4706],[71.74093,21.47064],[71.7409,21.47069],[71.74083,21.47074],[71.74076,21.47079],[71.74068,21.47082],[71.74061,21.4709],[71.74056,21.47094],[71.74054,21.471],[71.74048,21.47103],[71.74046,21.47108],[71.7404,21.47113],[71.74036,21.47119],[71.74027,21.47122],[71.74021,21.47125],[71.7402,21.47129],[71.74017,21.47132],[71.7401,21.47134],[71.74005,21.47138],[71.73995,21.4714],[71.73991,21.47143],[71.73989,21.47147],[71.73982,21.47154],[71.73976,21.47156],[71.7397,21.47161],[71.7397,21.47165],[71.7396,21.47176],[71.73963,21.47179],[71.73959,21.47182],[71.73958,21.47189],[71.7395,21.47194],[71.73946,21.472],[71.73938,21.47202]]]},"properties":{"PolygonId":1164,"Area":5306,"Subbasin":null}},
{"type":"Feature","geometry":{"type":"Polygon","coordinates":[[[71.74135,21.46999],[71.74129,21.46993],[71.74128,21.46989],[71.74128,21.46988],[71.74128,21.46986],[71.74125,21.46977],[71.74124,21.46969],[71.74122,21.46967],[71.74122,21.46958],[71.74118,21.46952],[71.74112,21.46939],[71.74104,21.46931],[71.74102,21.46922],[71.74098,21.46915],[71.741,21.46911],[71.74098,21.46897],[71.74094,21.4689],[71.74095,21.46882],[71.74098,21.46876],[71.74105,21.46872],[71.74106,21.46866],[71.74112,21.46859],[71.74113,21.46854],[71.74116,21.46851],[71.74117,21.46847],[71.74124,21.46838],[71.74129,21.46838],[71.74131,21.46835],[71.74135,21.46832],[71.74136,21.46829],[71.74143,21.46825],[71.74143,21.46821],[71.7415,21.46814],[71.74152,21.46809],[71.7416,21.46801],[71.7416,21.46791],[71.74159,21.46787],[71.74162,21.46782],[71.74171,21.46776],[71.74172,21.46773],[71.74177,21.46769],[71.74178,21.46757],[71.7418,21.46753],[71.74185,21.46748],[71.74185,21.46729],[71.74188,21.46725],[71.74188,21.46716],[71.74191,21.46711],[71.74192,21.46706],[71.74191,21.46703],[71.74195,21.46698],[71.74194,21.46695],[71.74197,21.46686],[71.74201,21.4668],[71.74201,21.46672],[71.74204,21.46671],[71.7421,21.46656],[71.7421,21.46652],[71.74214,21.46648],[71.74214,21.46646],[71.74219,21.46642],[71.74223,21.46641],[71.74226,21.46637],[71.74229,21.46636],[71.7424,21.46629],[71.74251,21.46618],[71.74255,21.46615],[71.74259,21.4661],[71.74259,21.46607],[71.74263,21.46605],[71.74266,21.46601],[71.74266,21.46595],[71.74266,21.46585],[71.74263,21.46582],[71.74263,21.46575],[71.74265,21.46572],[71.74263,21.46569],[71.74263,21.46562],[71.74266,21.46554],[71.74262,21.46549],[71.74263,21.46544],[71.74259,21.46538],[71.74254,21.46537],[71.7425,21.4653],[71.74254,21.46525],[71.74254,21.46518],[71.74255,21.46516],[71.74256,21.46508],[71.74254,21.465],[71.74252,21.46499],[71.74253,21.46493],[71.74253,21.46486],[71.74254,21.46475],[71.74254,21.46466],[71.74255,21.46463],[71.74254,21.46456],[71.74256,21.46453],[71.74263,21.4645],[71.74281,21.46449],[71.74284,21.46445],[71.74284,21.46435],[71.74286,21.46411],[71.74288,21.46389],[71.74288,21.46376],[71.74289,21.46364],[71.74291,21.4636],[71.7429,21.46352],[71.74292,21.46346],[71.74291,21.46336],[71.7429,21.46332],[71.74299,21.46333],[71.7431,21.46333],[71.74316,21.46334],[71.7432,21.46333],[71.74321,21.46327],[71.74327,21.46323],[71.74327,21.46319],[71.74331,21.46314],[71.74331,21.46306],[71.7434,21.46305],[71.74354,21.46309],[71.74359,21.46308],[71.74361,21.46305],[71.74362,21.46296],[71.74365,21.46294],[71.74366,21.46288],[71.74374,21.4629],[71.74373,21.46295],[71.74373,21.463],[71.7437,21.46307],[71.74372,21.46313],[71.74375,21.46314],[71.74378,21.46325],[71.74382,21.46327],[71.74381,21.46339],[71.7438,21.46343],[71.74382,21.46345],[71.74383,21.4636],[71.74381,21.46365],[71.74387,21.46366],[71.74395,21.4637],[71.74407,21.46382],[71.7441,21.46384],[71.74415,21.46394],[71.74418,21.46395],[71.74426,21.46401],[71.74432,21.46401],[71.74431,21.46408],[71.74436,21.46408],[71.74443,21.46412],[71.7445,21.46413],[71.74452,21.4642],[71.74449,21.46421],[71.74447,21.46431],[71.7445,21.46435],[71.74453,21.46443],[71.74447,21.46452],[71.74448,21.46457],[71.74452,21.46462],[71.74457,21.46465],[71.7446,21.4647],[71.7446,21.46474],[71.74464,21.46476],[71.74469,21.46485],[71.74478,21.46494],[71.74482,21.46499],[71.74482,21.4651],[71.74485,21.46523],[71.74488,21.46525],[71.74486,21.46531],[71.74484,21.46531],[71.74481,21.46536],[71.74484,21.4654],[71.74485,21.46549],[71.74487,21.46554],[71.74493,21.46558],[71.74496,21.46565],[71.74496,21.46566],[71.74497,21.46569],[71.74504,21.46572],[71.74507,21.46572],[71.74514,21.46577],[71.74521,21.46581],[71.74524,21.46584],[71.74534,21.46589],[71.74543,21.46597],[71.74543,21.46602],[71.74551,21.46607],[71.7456,21.46618],[71.74567,21.46624],[71.74573,21.46623],[71.74578,21.46627],[71.74581,21.46627],[71.74586,21.46631],[71.74592,21.46631],[71.74595,21.46637],[71.74601,21.46644],[71.746,21.46652],[71.74602,21.46654],[71.74604,21.46675],[71.74602,21.46682],[71.74601,21.46683],[71.74601,21.46684],[71.74598,21.46688],[71.74594,21.4669],[71.74588,21.46704],[71.74582,21.46712],[71.74581,21.46716],[71.74577,21.4672],[71.74577,21.46729],[71.74571,21.46733],[71.7457,21.46737],[71.74562,21.46745],[71.74562,21.46748],[71.74558,21.46754],[71.74559,21.4676],[71.74566,21.46767],[71.74566,21.46771],[71.74572,21.46777],[71.74572,21.4678],[71.74582,21.46792],[71.74584,21.46793],[71.74583,21.46804],[71.74582,21.46809],[71.74584,21.46815],[71.74584,21.4682],[71.74586,21.46821],[71.74589,21.46835],[71.74595,21.46842],[71.74597,21.46854],[71.74599,21.46858],[71.74599,21.46864],[71.74605,21.46871],[71.74608,21.46877],[71.74608,21.46879],[71.74612,21.46879],[71.74613,21.46882],[71.74613,21.46885],[71.74608,21.46888],[71.74604,21.46888],[71.74595,21.46895],[71.7459,21.46895],[71.74587,21.46898],[71.74582,21.46898],[71.74576,21.46896],[71.74572,21.46901],[71.74566,21.46905],[71.74563,21.46905],[71.74559,21.46908],[71.74559,21.46912],[71.74548,21.46915],[71.7454,21.4692],[71.74535,21.46922],[71.74537,21.46925],[71.74523,21.46938],[71.74517,21.46938],[71.74515,21.46942],[71.74512,21.46943],[71.74505,21.46942],[71.745,21.4694],[71.74499,21.46937],[71.74495,21.46937],[71.7449,21.46934],[71.7448,21.46933],[71.74479,21.46931],[71.74476,21.46932],[71.74474,21.46935],[71.74465,21.46934],[71.74462,21.4693],[71.74456,21.4693],[71.74451,21.46932],[71.74449,21.46937],[71.74432,21.46939],[71.74427,21.46938],[71.74416,21.46941],[71.74415,21.46943],[71.74409,21.46944],[71.74407,21.46946],[71.74397,21.46948],[71.74395,21.46951],[71.74384,21.46953],[71.74375,21.46958],[71.74369,21.46967],[71.7436,21.4697],[71.74359,21.46972],[71.74352,21.46977],[71.74344,21.46977],[71.74333,21.46974],[71.74313,21.46974],[71.74305,21.46975],[71.74293,21.46981],[71.74287,21.46978],[71.7428,21.4698],[71.74269,21.46979],[71.74263,21.46981],[71.74253,21.4698],[71.74244,21.46986],[71.74239,21.46986],[71.74235,21.46988],[71.74233,21.46986],[71.7422,21.46979],[71.74215,21.46978],[71.74208,21.46978],[71.74206,21.46978],[71.74199,21.4698],[71.74183,21.46978],[71.74172,21.4698],[71.74163,21.46987],[71.74154,21.46991],[71.74148,21.46998],[71.74142,21.46999],[71.74135,21.46999]]]},"properties":{"PolygonId":1357,"Area":9418,"Subbasin":null}},
{"type":"Feature","geometry":{"type":"Polygon","coordinates":[[[71.75701,21.46359],[71.75701,21.46358],[71.75704,21.46352],[71.75707,21.46351],[71.75709,21.46345],[71.75712,21.46343],[71.75717,21.46343],[71.75719,21.46338],[71.75723,21.46336],[71.75731,21.46335],[71.75734,21.46335],[71.75736,21.46339],[71.75747,21.46344],[71.75751,21.46348],[71.75756,21.46348],[71.75758,21.46345],[71.75767,21.46344],[71.75771,21.46346],[71.7578,21.46344],[71.75793,21.4634],[71.75799,21.46334],[71.75804,21.46335],[71.75806,21.46332],[71.75812,21.46329],[71.75816,21.46322],[71.75829,21.46314],[71.75833,21.46314],[71.75836,21.46311],[71.75836,21.46308],[71.7584,21.46305],[71.75842,21.46301],[71.75849,21.46302],[71.75855,21.463],[71.7586,21.46296],[71.75859,21.4629],[71.75856,21.4629],[71.75856,21.46285],[71.75865,21.46286],[71.75874,21.46289],[71.75878,21.46286],[71.75884,21.46278],[71.75884,21.46276],[71.75889,21.46274],[71.75892,21.46267],[71.75896,21.46253],[71.75899,21.46248],[71.75905,21.46246],[71.7591,21.4624],[71.75911,21.46234],[71.75913,21.46233],[71.75914,21.46228],[71.75913,21.4622],[71.75907,21.46218],[71.75907,21.46211],[71.75904,21.46206],[71.75907,21.46203],[71.75907,21.46196],[71.75904,21.46195],[71.75903,21.46185],[71.75896,21.46181],[71.75896,21.46179],[71.75886,21.46174],[71.75886,21.46171],[71.75882,21.46165],[71.75878,21.46154],[71.75874,21.46153],[71.75873,21.4614],[71.75866,21.46134],[71.75864,21.46126],[71.75864,21.46115],[71.75862,21.46108],[71.75857,21.46104],[71.75854,21.46104],[71.75853,21.461],[71.7585,21.46099],[71.75849,21.46095],[71.75846,21.46088],[71.75839,21.46081],[71.75839,21.46078],[71.75835,21.46074],[71.75835,21.46068],[71.75831,21.46068],[71.75827,21.46054],[71.75825,21.46053],[71.75827,21.46032],[71.75823,21.46022],[71.75825,21.46021],[71.75825,21.46013],[71.75827,21.46007],[71.7583,21.46006],[71.75832,21.45996],[71.75832,21.45993],[71.75835,21.4599],[71.75836,21.45982],[71.75841,21.45978],[71.75839,21.45973],[71.7584,21.45967],[71.75844,21.45961],[71.75842,21.45956],[71.75839,21.4595],[71.75833,21.45945],[71.75828,21.45944],[71.75827,21.45939],[71.75821,21.45936],[71.75819,21.45922],[71.75821,21.45921],[71.75822,21.45915],[71.75821,21.4591],[71.7582,21.45901],[71.75817,21.45888],[71.75813,21.45889],[71.75809,21.45885],[71.7581,21.4588],[71.75814,21.45874],[71.75815,21.4587],[71.75817,21.45865],[71.75823,21.45861],[71.75829,21.45853],[71.75829,21.45847],[71.75831,21.45845],[71.75836,21.45846],[71.75839,21.45844],[71.75845,21.45845],[71.75847,21.45856],[71.75845,21.45859],[71.75847,21.45869],[71.75848,21.45878],[71.7585,21.45879],[71.75853,21.45885],[71.75861,21.45886],[71.75859,21.45892],[71.7586,21.45898],[71.75858,21.45901],[71.75858,21.45909],[71.75858,21.45921],[71.7586,21.45924],[71.75866,21.45924],[71.75869,21.4593],[71.75872,21.45931],[71.75869,21.45936],[71.7587,21.45942],[71.7587,21.45947],[71.75867,21.45949],[71.75867,21.45976],[71.75869,21.45978],[71.75868,21.45988],[71.75874,21.45993],[71.75883,21.45993],[71.75885,21.45999],[71.75888,21.46002],[71.75886,21.46006],[71.75886,21.46012],[71.75889,21.46015],[71.75887,21.46025],[71.75892,21.46035],[71.75895,21.46036],[71.75909,21.46035],[71.7592,21.46032],[71.75929,21.46033],[71.75931,21.4604],[71.75932,21.46046],[71.75926,21.46053],[71.75926,21.46057],[71.75929,21.46064],[71.75934,21.46065],[71.75933,21.46075],[71.75941,21.46082],[71.7594,21.46086],[71.75945,21.46091],[71.75947,21.46095],[71.75945,21.46102],[71.75942,21.46103],[71.75944,21.46111],[71.75939,21.46116],[71.75937,21.46123],[71.75937,21.4613],[71.75935,21.46135],[71.75929,21.46146],[71.75929,21.4615],[71.75939,21.4615],[71.75943,21.46155],[71.75946,21.46156],[71.75948,21.4616],[71.75955,21.46162],[71.75957,21.46168],[71.75957,21.46172],[71.75963,21.46174],[71.75964,21.46185],[71.75969,21.46186],[71.7597,21.46194],[71.75974,21.46193],[71.75976,21.462],[71.75974,21.46205],[71.75979,21.46212],[71.75991,21.46212],[71.75993,21.46214],[71.7599,21.46223],[71.75993,21.46224],[71.75994,21.46238],[71.75989,21.46245],[71.7599,21.46253],[71.75986,21.46257],[71.75978,21.46256],[71.75974,21.4626],[71.75973,21.46266],[71.75968,21.46269],[71.75969,21.46276],[71.75971,21.46279],[71.75973,21.4629],[71.75982,21.46298],[71.75996,21.46298],[71.75998,21.463],[71.75998,21.4631],[71.75996,21.46316],[71.75992,21.46319],[71.7599,21.46325],[71.76003,21.46337],[71.76003,21.4634],[71.76007,21.46342],[71.76007,21.46354],[71.7601,21.46356],[71.76009,21.46363],[71.76006,21.46364],[71.76006,21.4637],[71.76003,21.46373],[71.76003,21.46387],[71.76001,21.46389],[71.76,21.464],[71.76004,21.46404],[71.76006,21.46411],[71.76011,21.46424],[71.76006,21.46431],[71.76008,21.46432],[71.76008,21.46446],[71.76012,21.46448],[71.76011,21.46455],[71.76015,21.46458],[71.76009,21.46464],[71.76006,21.46471],[71.76009,21.46472],[71.76009,21.46478],[71.76006,21.46487],[71.75998,21.46489],[71.75999,21.46496],[71.76001,21.465],[71.76005,21.4651],[71.76005,21.46516],[71.7601,21.46519],[71.76022,21.46519],[71.76025,21.46517],[71.76031,21.46517],[71.76036,21.46515],[71.76041,21.46516],[71.76039,21.4653],[71.76041,21.46532],[71.76043,21.46543],[71.7605,21.46554],[71.76052,21.46563],[71.76058,21.46567],[71.76058,21.46571],[71.76064,21.46574],[71.76067,21.46579],[71.76063,21.46579],[71.76063,21.46585],[71.76068,21.46589],[71.76071,21.46589],[71.76074,21.46595],[71.76084,21.46602],[71.76087,21.46608],[71.76087,21.46613],[71.7609,21.46617],[71.76097,21.46621],[71.76098,21.4663],[71.76097,21.46639],[71.76102,21.46643],[71.76103,21.46652],[71.76108,21.46655],[71.76117,21.46671],[71.76118,21.46677],[71.76124,21.46688],[71.76128,21.46689],[71.76129,21.46692],[71.76134,21.46697],[71.76135,21.46702],[71.76149,21.46719],[71.76158,21.46738],[71.76158,21.46739],[71.76158,21.46742],[71.76162,21.46745],[71.76164,21.46752],[71.76171,21.46759],[71.76176,21.46771],[71.76182,21.4678],[71.76192,21.46789],[71.76198,21.46795],[71.76203,21.46805],[71.7621,21.46811],[71.76214,21.46816],[71.76223,21.46824],[71.76226,21.46828],[71.76227,21.46836],[71.76232,21.46848],[71.76231,21.46852],[71.76235,21.46856],[71.76237,21.46868],[71.76241,21.46872],[71.7624,21.46878],[71.76241,21.46883],[71.76241,21.46888],[71.76243,21.46893],[71.76241,21.46911],[71.76244,21.46914],[71.76245,21.4692],[71.76242,21.46924],[71.76242,21.46936],[71.76244,21.46944],[71.76246,21.4696],[71.76248,21.46965],[71.76249,21.46975],[71.7625,21.46984],[71.76252,21.46985],[71.76251,21.46991],[71.76255,21.47002],[71.76256,21.47023],[71.76261,21.47031],[71.76261,21.47039],[71.76261,21.47041],[71.7626,21.47052],[71.76263,21.47056],[71.76263,21.47062],[71.76266,21.47069],[71.76264,21.47074],[71.76267,21.47079],[71.76275,21.47079],[71.76277,21.47081],[71.76282,21.47081],[71.7628,21.47091],[71.76287,21.47092],[71.76297,21.47109],[71.76298,21.47118],[71.76304,21.47128],[71.76304,21.47135],[71.76308,21.47138],[71.76308,21.47148],[71.7631,21.4715],[71.76311,21.47156],[71.76318,21.47165],[71.76319,21.47172],[71.7632,21.47185],[71.76321,21.472],[71.76317,21.47205],[71.76319,21.47212],[71.76324,21.47216],[71.76329,21.47226],[71.76334,21.47231],[71.76342,21.47242],[71.76345,21.47244],[71.76348,21.4725],[71.76347,21.47254],[71.76351,21.47255],[71.76353,21.47255],[71.76354,21.47258],[71.76352,21.47259],[71.76353,21.47274],[71.76352,21.4728],[71.76349,21.47285],[71.7635,21.4729],[71.76346,21.47297],[71.76347,21.4731],[71.76335,21.47315],[71.76329,21.47315],[71.76327,21.47325],[71.76327,21.47337],[71.76328,21.47337],[71.76329,21.47345],[71.76332,21.47351],[71.76333,21.47362],[71.76331,21.47365],[71.76329,21.47374],[71.76326,21.47378],[71.76326,21.47381],[71.76325,21.47376],[71.76327,21.47371],[71.76326,21.47366],[71.76327,21.4736],[71.76323,21.47356],[71.76321,21.47352],[71.76314,21.47349],[71.7631,21.47347],[71.76299,21.47348],[71.76297,21.47344],[71.76296,21.47344],[71.76288,21.47341],[71.76284,21.47337],[71.76278,21.47335],[71.76271,21.47335],[71.76263,21.47331],[71.76258,21.47327],[71.76252,21.47328],[71.76248,21.47324],[71.76242,21.47323],[71.76233,21.47317],[71.76228,21.47312],[71.76221,21.47309],[71.76214,21.47303],[71.76211,21.47303],[71.76206,21.47298],[71.76203,21.47298],[71.76193,21.4729],[71.76182,21.47288],[71.76179,21.47285],[71.76173,21.47281],[71.76167,21.47281],[71.76164,21.47279],[71.76154,21.47281],[71.76147,21.47279],[71.76141,21.47274],[71.76138,21.47273],[71.76127,21.47266],[71.76122,21.47266],[71.76115,21.47262],[71.76106,21.47255],[71.76096,21.47251],[71.76096,21.47248],[71.76091,21.47246],[71.76085,21.47246],[71.76083,21.47242],[71.76074,21.47236],[71.76067,21.47236],[71.76065,21.47233],[71.7606,21.47232],[71.76047,21.47227],[71.76044,21.47223],[71.76027,21.47222],[71.76007,21.47223],[71.76002,21.47222],[71.75999,21.4722],[71.75994,21.47221],[71.75989,21.47218],[71.75988,21.47217],[71.75985,21.47215],[71.75975,21.47214],[71.75961,21.47214],[71.75957,21.47211],[71.75943,21.47209],[71.75936,21.47209],[71.75934,21.47205],[71.75928,21.47202],[71.75928,21.472],[71.75919,21.47195],[71.75905,21.47186],[71.7589,21.47177],[71.75885,21.47176],[71.7588,21.47171],[71.7588,21.47168],[71.75878,21.4716],[71.75882,21.47158],[71.75882,21.47154],[71.7588,21.47149],[71.75877,21.47148],[71.75876,21.47139],[71.75869,21.47131],[71.75863,21.47129],[71.75859,21.47126],[71.75847,21.47113],[71.75844,21.47111],[71.75841,21.47104],[71.75842,21.47103],[71.75843,21.47095],[71.75841,21.47095],[71.75834,21.47088],[71.75832,21.47087],[71.75816,21.47077],[71.75817,21.47072],[71.75816,21.47068],[71.75821,21.47063],[71.75826,21.47051],[71.75826,21.47046],[71.75819,21.47042],[71.75813,21.4704],[71.75808,21.47035],[71.75805,21.47035],[71.75802,21.47029],[71.75787,21.47027],[71.75771,21.4702],[71.75765,21.47015],[71.75756,21.4701],[71.75752,21.4701],[71.75749,21.47006],[71.75744,21.47005],[71.75737,21.46996],[71.75737,21.46995],[71.7573,21.46989],[71.75722,21.46986],[71.75719,21.46981],[71.75717,21.46981],[71.75711,21.46976],[71.7571,21.46972],[71.75706,21.46965],[71.75702,21.46963],[71.75695,21.46959],[71.7569,21.46952],[71.75686,21.46951],[71.75684,21.46946],[71.7568,21.46943],[71.75674,21.46942],[71.75673,21.46939],[71.75668,21.46939],[71.75653,21.46925],[71.7565,21.46919],[71.7565,21.46917],[71.75651,21.46916],[71.75651,21.46913],[71.75647,21.46908],[71.75644,21.46896],[71.75646,21.46891],[71.75644,21.46888],[71.75645,21.4688],[71.75644,21.46865],[71.75641,21.4686],[71.75641,21.4685],[71.75639,21.46846],[71.75638,21.46839],[71.75635,21.46835],[71.75634,21.46827],[71.75637,21.46821],[71.7564,21.4682],[71.75643,21.46806],[71.75646,21.46804],[71.75646,21.46796],[71.7565,21.46793],[71.75651,21.46785],[71.75657,21.46785],[71.75653,21.46777],[71.75653,21.46771],[71.75656,21.46764],[71.75647,21.46753],[71.75645,21.46744],[71.75642,21.46743],[71.75642,21.46733],[71.75628,21.46718],[71.75626,21.46712],[71.75623,21.46711],[71.7562,21.46707],[71.75616,21.46707],[71.75613,21.46702],[71.75606,21.46694],[71.75597,21.46684],[71.75597,21.46682],[71.75598,21.46677],[71.75598,21.46676],[71.75601,21.46673],[71.75602,21.46666],[71.75606,21.4666],[71.75615,21.46655],[71.7562,21.46649],[71.75622,21.46644],[71.75629,21.46637],[71.75632,21.46631],[71.75634,21.46624],[71.75637,21.46622],[71.75638,21.46612],[71.75641,21.46609],[71.75645,21.46601],[71.75646,21.46594],[71.75643,21.46586],[71.75641,21.46586],[71.75641,21.46568],[71.75648,21.46552],[71.75648,21.46534],[71.7565,21.4653],[71.75647,21.46528],[71.75647,21.46519],[71.75652,21.46513],[71.75652,21.46503],[71.75655,21.465],[71.75655,21.46493],[71.7566,21.46487],[71.75664,21.46477],[71.75668,21.46474],[71.75669,21.46469],[71.75675,21.4646],[71.75675,21.46455],[71.75673,21.46449],[71.75677,21.46444],[71.75677,21.46435],[71.75682,21.4643],[71.75685,21.46423],[71.75689,21.46419],[71.75691,21.46401],[71.75693,21.46401],[71.75693,21.46393],[71.75692,21.46389],[71.75692,21.46379],[71.75695,21.4637],[71.75695,21.46364],[71.75701,21.4636],[71.75701,21.46359]]]},"properties":{"PolygonId":1474,"Area":6310,"Subbasin":null}},
{"type":"Feature","geometry":{"type":"Polygon","coordinates":[[[71.766,21.46433],[71.76599,21.46433],[71.76597,21.46437],[71.76593,21.46437],[71.76591,21.46442],[71.76587,21.46445],[71.76582,21.46453],[71.7658,21.46453],[71.76579,21.46461],[71.76578,21.46464],[71.76572,21.46466],[71.76565,21.46474],[71.76564,21.46477],[71.76558,21.46483],[71.76558,21.46493],[71.76557,21.46501],[71.76555,21.46501],[71.76549,21.46519],[71.76542,21.46522],[71.76542,21.46527],[71.76536,21.46532],[71.76536,21.46543],[71.76537,21.46548],[71.76534,21.46548],[71.76528,21.46554],[71.76528,21.46561],[71.76526,21.46568],[71.76522,21.46573],[71.76522,21.4658],[71.7652,21.46589],[71.76511,21.46594],[71.76509,21.46594],[71.76504,21.46599],[71.76495,21.46615],[71.76494,21.46621],[71.7649,21.46626],[71.76491,21.46633],[71.76487,21.46636],[71.76484,21.46644],[71.76485,21.46647],[71.76489,21.46649],[71.76495,21.46655],[71.76504,21.46658],[71.76508,21.46665],[71.76507,21.46673],[71.76502,21.46678],[71.76499,21.46695],[71.76496,21.46698],[71.76496,21.46703],[71.76492,21.46714],[71.76497,21.46722],[71.76504,21.46732],[71.76504,21.46741],[71.76499,21.46745],[71.76497,21.46752],[71.76493,21.46756],[71.76493,21.46759],[71.76489,21.46762],[71.76487,21.4677],[71.76481,21.46776],[71.76475,21.4678],[71.76466,21.46788],[71.76462,21.46788],[71.76456,21.46796],[71.76449,21.468],[71.76448,21.46806],[71.76441,21.46819],[71.76431,21.46828],[71.76429,21.46836],[71.7642,21.46849],[71.76411,21.46852],[71.76406,21.46856],[71.76409,21.46861],[71.7641,21.46867],[71.76414,21.46873],[71.76414,21.46889],[71.76416,21.46891],[71.76416,21.46901],[71.76415,21.46904],[71.76415,21.46912],[71.76418,21.46916],[71.76418,21.46924],[71.7642,21.46928],[71.7642,21.46935],[71.76417,21.4694],[71.76418,21.46949],[71.7642,21.46957],[71.7642,21.46979],[71.76421,21.46982],[71.76424,21.46994],[71.76424,21.47002],[71.76425,21.47007],[71.76422,21.47014],[71.7642,21.47024],[71.76417,21.47027],[71.76417,21.47034],[71.76417,21.47045],[71.76415,21.47054],[71.76412,21.47058],[71.76412,21.47064],[71.76409,21.47068],[71.76408,21.47079],[71.76406,21.47081],[71.76407,21.47089],[71.76405,21.47101],[71.76405,21.47102],[71.76402,21.47107],[71.76401,21.47113],[71.76402,21.47124],[71.764,21.47125],[71.764,21.47132],[71.76395,21.4714],[71.76392,21.47143],[71.76388,21.47155],[71.76381,21.47161],[71.76381,21.47165],[71.76373,21.47172],[71.76372,21.47181],[71.76372,21.47189],[71.76367,21.47194],[71.76367,21.47205],[71.76365,21.47209],[71.76368,21.47217],[71.76364,21.47222],[71.76362,21.47231],[71.76363,21.47236],[71.76361,21.47242],[71.76355,21.47251],[71.76354,21.47255],[71.76353,21.47255],[71.76351,21.47255],[71.76347,21.47254],[71.76348,21.4725],[71.76345,21.47244],[71.76342,21.47242],[71.76334,21.47231],[71.76329,21.47226],[71.76324,21.47216],[71.76319,21.47212],[71.76317,21.47205],[71.76321,21.472],[71.7632,21.47185],[71.76319,21.47172],[71.76318,21.47165],[71.76311,21.47156],[71.7631,21.4715],[71.76308,21.47148],[71.76308,21.47138],[71.76304,21.47135],[71.76304,21.47128],[71.76298,21.47118],[71.76297,21.47109],[71.76287,21.47092],[71.7628,21.47091],[71.76282,21.47081],[71.76277,21.47081],[71.76275,21.47079],[71.76267,21.47079],[71.76264,21.47074],[71.76266,21.47069],[71.76263,21.47062],[71.76263,21.47056],[71.7626,21.47052],[71.76261,21.47041],[71.76261,21.47039],[71.76261,21.47031],[71.76256,21.47023],[71.76255,21.47002],[71.76251,21.46991],[71.76252,21.46985],[71.7625,21.46984],[71.76249,21.46975],[71.76248,21.46965],[71.76246,21.4696],[71.76244,21.46944],[71.76242,21.46936],[71.76242,21.46924],[71.76245,21.4692],[71.76244,21.46914],[71.76241,21.46911],[71.76243,21.46893],[71.76241,21.46888],[71.76241,21.46883],[71.7624,21.46878],[71.76241,21.46872],[71.76237,21.46868],[71.76235,21.46856],[71.76231,21.46852],[71.76232,21.46848],[71.76227,21.46836],[71.76226,21.46828],[71.76223,21.46824],[71.76214,21.46816],[71.7621,21.46811],[71.76203,21.46805],[71.76198,21.46795],[71.76192,21.46789],[71.76182,21.4678],[71.76176,21.46771],[71.76171,21.46759],[71.76164,21.46752],[71.76162,21.46745],[71.76158,21.46742],[71.76158,21.46739],[71.76158,21.46738],[71.76149,21.46719],[71.76135,21.46702],[71.76134,21.46697],[71.76129,21.46692],[71.76128,21.46689],[71.76124,21.46688],[71.76125,21.46683],[71.7612,21.46677],[71.76121,21.46675],[71.76118,21.4667],[71.76116,21.4666],[71.76111,21.46654],[71.76112,21.46645],[71.76109,21.46643],[71.7611,21.46636],[71.76109,21.46629],[71.7611,21.46619],[71.7611,21.46607],[71.76107,21.46594],[71.76105,21.46592],[71.76106,21.46577],[71.76108,21.46572],[71.76108,21.46562],[71.76113,21.46557],[71.76113,21.46554],[71.76107,21.46547],[71.76106,21.46544],[71.76103,21.4654],[71.76103,21.46534],[71.761,21.46527],[71.76094,21.4652],[71.76091,21.46512],[71.7609,21.46505],[71.76086,21.46501],[71.76087,21.46497],[71.76099,21.46496],[71.76102,21.46489],[71.76101,21.46486],[71.76102,21.46481],[71.76108,21.4648],[71.76108,21.46475],[71.76113,21.46474],[71.76113,21.4647],[71.76119,21.46467],[71.76121,21.46462],[71.76121,21.46458],[71.76125,21.4645],[71.76132,21.46451],[71.76134,21.46445],[71.76141,21.46441],[71.76143,21.46436],[71.76148,21.4643],[71.76148,21.46426],[71.76151,21.46422],[71.76152,21.46407],[71.76149,21.46404],[71.76152,21.46391],[71.76155,21.46391],[71.76156,21.46386],[71.7616,21.46378],[71.76165,21.46376],[71.76175,21.46375],[71.76184,21.46371],[71.76191,21.46371],[71.76201,21.46366],[71.76215,21.46358],[71.76221,21.46358],[71.76224,21.46354],[71.76233,21.46351],[71.76238,21.46347],[71.76239,21.4634],[71.76244,21.46336],[71.76245,21.4633],[71.76247,21.46327],[71.7625,21.46327],[71.76255,21.46322],[71.76255,21.46319],[71.76258,21.46315],[71.76258,21.46313],[71.76265,21.46308],[71.76264,21.46303],[71.76271,21.46296],[71.76274,21.46294],[71.76289,21.46281],[71.7629,21.46278],[71.763,21.46277],[71.76306,21.46267],[71.76309,21.46267],[71.76309,21.46259],[71.76312,21.46258],[71.76316,21.46251],[71.7632,21.46251],[71.76325,21.46244],[71.76325,21.46237],[71.76336,21.46236],[71.76337,21.46234],[71.76345,21.46234],[71.76346,21.46227],[71.76351,21.46226],[71.76354,21.46224],[71.7636,21.46223],[71.76361,21.46222],[71.7636,21.46216],[71.76363,21.46214],[71.76364,21.46209],[71.76372,21.46209],[71.76385,21.4621],[71.76387,21.46206],[71.76393,21.46207],[71.76402,21.46211],[71.76421,21.46211],[71.76425,21.46213],[71.76433,21.46215],[71.76441,21.46213],[71.76451,21.46213],[71.76456,21.4621],[71.76456,21.46206],[71.76464,21.46202],[71.76466,21.46191],[71.76465,21.46184],[71.76461,21.46176],[71.76465,21.46171],[71.76472,21.46171],[71.76476,21.46173],[71.76476,21.46182],[71.76484,21.46185],[71.76487,21.4619],[71.76492,21.46185],[71.76493,21.46181],[71.76498,21.4618],[71.76501,21.46176],[71.76506,21.46184],[71.76503,21.46186],[71.76501,21.46194],[71.76498,21.46195],[71.76496,21.46201],[71.76496,21.46207],[71.765,21.46209],[71.765,21.46217],[71.76503,21.46218],[71.76505,21.46224],[71.76511,21.46229],[71.76513,21.46238],[71.76518,21.46242],[71.76518,21.46247],[71.76523,21.46256],[71.76524,21.46262],[71.76529,21.46268],[71.7653,21.46272],[71.76534,21.46274],[71.76536,21.46282],[71.76542,21.46283],[71.76543,21.46289],[71.76547,21.46294],[71.76549,21.463],[71.76555,21.46305],[71.7656,21.46314],[71.76569,21.46325],[71.76569,21.46326],[71.76576,21.46333],[71.76576,21.46336],[71.7658,21.46342],[71.7658,21.4635],[71.76583,21.4636],[71.76586,21.46361],[71.7659,21.46369],[71.76589,21.46379],[71.76595,21.4639],[71.76599,21.46391],[71.76597,21.46396],[71.76598,21.46406],[71.76599,21.46428],[71.766,21.46429],[71.76601,21.46431],[71.766,21.46432],[71.766,21.46433]]]},"properties":{"PolygonId":1559,"Area":5572,"Subbasin":null}},
{"type":"Feature","geometry":{"type":"Polygon","coordinates":[[[71.76771,21.46269],[71.76771,21.46264],[71.76776,21.46257],[71.76782,21.46254],[71.76783,21.46251],[71.76788,21.46249],[71.76791,21.46246],[71.76798,21.46243],[71.76798,21.46238],[71.76795,21.46232],[71.76792,21.46231],[71.76791,21.46223],[71.76794,21.46216],[71.76797,21.46212],[71.76814,21.4621],[71.76824,21.46207],[71.76835,21.46199],[71.76843,21.46199],[71.76849,21.46197],[71.76856,21.46197],[71.76865,21.46198],[71.76869,21.46197],[71.7687,21.46192],[71.76873,21.46188],[71.76878,21.46188],[71.76879,21.46195],[71.76887,21.46194],[71.76892,21.46199],[71.769,21.46202],[71.76901,21.46193],[71.76898,21.46188],[71.76902,21.4618],[71.76903,21.46171],[71.76902,21.46164],[71.76909,21.46157],[71.76917,21.46157],[71.76919,21.46151],[71.76919,21.46141],[71.76916,21.46137],[71.76917,21.46134],[71.76922,21.46131],[71.76926,21.46123],[71.76932,21.46124],[71.76938,21.46128],[71.76944,21.46126],[71.76951,21.46126],[71.76954,21.4613],[71.76959,21.4613],[71.76965,21.46128],[71.7697,21.46134],[71.76971,21.46137],[71.76978,21.46137],[71.7698,21.46135],[71.76986,21.46136],[71.76986,21.46144],[71.76992,21.46144],[71.76994,21.46147],[71.77,21.46146],[71.77,21.46141],[71.77008,21.46139],[71.7701,21.46135],[71.77016,21.46137],[71.7702,21.46132],[71.7702,21.46125],[71.77024,21.46122],[71.77035,21.46122],[71.77045,21.46128],[71.77049,21.46125],[71.77059,21.46123],[71.77062,21.46129],[71.77064,21.46129],[71.77071,21.46136],[71.77082,21.46134],[71.77082,21.46137],[71.77088,21.46139],[71.77089,21.46145],[71.77097,21.46149],[71.77106,21.4615],[71.77112,21.46153],[71.77117,21.4615],[71.77121,21.46151],[71.77125,21.46155],[71.77133,21.46155],[71.7714,21.46157],[71.77141,21.46161],[71.77145,21.46162],[71.77146,21.46168],[71.77153,21.46172],[71.77153,21.46176],[71.77157,21.46177],[71.77164,21.46183],[71.77161,21.46186],[71.77162,21.4619],[71.77166,21.46191],[71.77172,21.46198],[71.77183,21.46205],[71.77187,21.46207],[71.77194,21.46214],[71.77199,21.46214],[71.77204,21.46216],[71.77206,21.46219],[71.77204,21.46224],[71.77199,21.46231],[71.77199,21.46233],[71.7719,21.4624],[71.7719,21.46247],[71.77182,21.46255],[71.77183,21.46258],[71.7718,21.46263],[71.7718,21.46267],[71.77184,21.46271],[71.77184,21.46279],[71.77186,21.46287],[71.77202,21.46307],[71.77203,21.46317],[71.77203,21.46325],[71.77207,21.46328],[71.77207,21.46331],[71.77215,21.46338],[71.77217,21.46341],[71.7722,21.46342],[71.77223,21.46346],[71.7723,21.46352],[71.77235,21.46352],[71.77244,21.4636],[71.77249,21.46365],[71.77249,21.46368],[71.77253,21.46372],[71.77253,21.46375],[71.77257,21.46377],[71.7726,21.46382],[71.77269,21.46388],[71.77282,21.46401],[71.77287,21.46408],[71.77287,21.46409],[71.77292,21.46411],[71.77292,21.46413],[71.77297,21.46416],[71.77311,21.46428],[71.77316,21.46431],[71.77321,21.46431],[71.77327,21.46433],[71.77328,21.46437],[71.77333,21.46441],[71.77334,21.46446],[71.7734,21.46453],[71.77343,21.46454],[71.77348,21.46462],[71.77354,21.46462],[71.77359,21.46465],[71.77366,21.46471],[71.77367,21.46479],[71.77369,21.46482],[71.77382,21.46481],[71.77383,21.46484],[71.77389,21.46484],[71.77395,21.46489],[71.77398,21.46492],[71.77411,21.46498],[71.77414,21.46502],[71.77418,21.46504],[71.77427,21.46505],[71.77433,21.46509],[71.77436,21.46509],[71.77437,21.4651],[71.77442,21.46512],[71.77443,21.46511],[71.77448,21.46517],[71.77452,21.46518],[71.77457,21.46522],[71.77462,21.46524],[71.77472,21.46525],[71.77474,21.46529],[71.77483,21.46537],[71.77485,21.46543],[71.77488,21.46546],[71.7749,21.46563],[71.77494,21.46574],[71.77493,21.4658],[71.77494,21.46583],[71.77495,21.46595],[71.77497,21.46599],[71.77493,21.46602],[71.77494,21.46614],[71.77495,21.46619],[71.77494,21.46623],[71.77494,21.4664],[71.77497,21.46646],[71.77498,21.46658],[71.77499,21.4666],[71.77509,21.46668],[71.77508,21.46677],[71.77506,21.46682],[71.77502,21.46684],[71.775,21.46687],[71.77502,21.4669],[71.77501,21.46698],[71.77499,21.46702],[71.77491,21.46703],[71.77491,21.46707],[71.77491,21.46715],[71.7749,21.46716],[71.7749,21.46729],[71.77492,21.46731],[71.77489,21.46737],[71.77491,21.46743],[71.77491,21.46751],[71.77493,21.46753],[71.77494,21.46772],[71.77497,21.46776],[71.77502,21.46776],[71.77509,21.46779],[71.77518,21.46785],[71.7752,21.46785],[71.77525,21.4679],[71.77523,21.46802],[71.77523,21.46821],[71.77526,21.46824],[71.77527,21.4684],[71.7753,21.46848],[71.7753,21.46854],[71.77533,21.46861],[71.7754,21.46864],[71.77542,21.46868],[71.7755,21.46872],[71.77556,21.4688],[71.77556,21.46885],[71.77568,21.46893],[71.77571,21.46893],[71.7758,21.46903],[71.77589,21.46907],[71.7759,21.4691],[71.77594,21.46913],[71.776,21.46918],[71.77601,21.46918],[71.77604,21.46922],[71.77612,21.46925],[71.77609,21.46939],[71.77612,21.46942],[71.77611,21.4695],[71.77613,21.46962],[71.77613,21.46978],[71.77615,21.46984],[71.77614,21.46987],[71.77616,21.46992],[71.77611,21.46994],[71.77609,21.46999],[71.77605,21.47],[71.77599,21.47008],[71.776,21.47016],[71.77595,21.47018],[71.77594,21.47025],[71.77589,21.47031],[71.77586,21.4703],[71.77585,21.47037],[71.77583,21.4704],[71.77579,21.4704],[71.77578,21.47043],[71.77565,21.4705],[71.77561,21.47051],[71.77552,21.47057],[71.77544,21.47059],[71.77542,21.47063],[71.77536,21.47066],[71.77531,21.47077],[71.7752,21.47081],[71.77514,21.47082],[71.7751,21.47088],[71.77508,21.47089],[71.77509,21.47095],[71.77503,21.47096],[71.77498,21.47105],[71.77491,21.47107],[71.7749,21.4711],[71.7748,21.47113],[71.77478,21.47116],[71.77472,21.47117],[71.77467,21.47121],[71.77463,21.4712],[71.7746,21.47124],[71.7745,21.47127],[71.77447,21.47128],[71.77439,21.47132],[71.77439,21.47135],[71.77436,21.4714],[71.77436,21.47141],[71.77425,21.4714],[71.77419,21.47143],[71.77416,21.47143],[71.77415,21.4715],[71.77395,21.47151],[71.77395,21.47152],[71.77386,21.47154],[71.77371,21.47157],[71.77366,21.47156],[71.77348,21.47159],[71.77339,21.47157],[71.77338,21.47152],[71.77334,21.47153],[71.77318,21.47154],[71.77314,21.47155],[71.77312,21.47151],[71.77305,21.47147],[71.77299,21.47147],[71.77292,21.47145],[71.77288,21.47151],[71.77283,21.47148],[71.77276,21.4715],[71.77268,21.47149],[71.77253,21.47153],[71.77247,21.47157],[71.77236,21.47158],[71.77233,21.47161],[71.77229,21.4716],[71.77219,21.4716],[71.77212,21.47159],[71.77209,21.47163],[71.77203,21.47163],[71.77199,21.4716],[71.77188,21.47159],[71.77184,21.47156],[71.77177,21.4716],[71.77172,21.47161],[71.77168,21.47166],[71.7716,21.4717],[71.77158,21.47168],[71.77152,21.47169],[71.77139,21.47177],[71.77136,21.47176],[71.77134,21.47176],[71.77133,21.4718],[71.77126,21.47184],[71.77118,21.47196],[71.77112,21.47197],[71.77107,21.47203],[71.77102,21.47204],[71.77088,21.47203],[71.77086,21.47206],[71.77081,21.47207],[71.77068,21.47206],[71.77068,21.47203],[71.77058,21.47203],[71.77053,21.47204],[71.77053,21.47209],[71.77045,21.47212],[71.77036,21.47211],[71.77031,21.47212],[71.77031,21.47208],[71.77025,21.47212],[71.77017,21.47212],[71.77009,21.47207],[71.77003,21.47199],[71.76997,21.47198],[71.76995,21.47196],[71.76989,21.47197],[71.76989,21.47192],[71.7698,21.47186],[71.76979,21.47183],[71.76972,21.47182],[71.76965,21.47184],[71.76962,21.47187],[71.76955,21.47189],[71.76951,21.47193],[71.76937,21.47192],[71.76933,21.47197],[71.76926,21.47197],[71.76925,21.47202],[71.76922,21.47202],[71.7692,21.47206],[71.76912,21.47212],[71.7691,21.4722],[71.76907,21.47222],[71.76901,21.47222],[71.76901,21.47225],[71.76891,21.47237],[71.76884,21.4724],[71.76871,21.4724],[71.76869,21.47238],[71.76862,21.47237],[71.7685,21.47248],[71.7685,21.47251],[71.76846,21.47256],[71.76833,21.47257],[71.76825,21.47264],[71.76819,21.47268],[71.76814,21.47267],[71.76809,21.47262],[71.76798,21.47261],[71.76797,21.47259],[71.7679,21.47256],[71.76789,21.47249],[71.76781,21.47247],[71.76777,21.47242],[71.76769,21.47239],[71.76767,21.47235],[71.76762,21.47235],[71.76752,21.47231],[71.76745,21.47232],[71.76743,21.47229],[71.76737,21.4723],[71.76738,21.47223],[71.76732,21.47222],[71.7673,21.47219],[71.76717,21.47219],[71.76708,21.47218],[71.76703,21.47216],[71.76699,21.47212],[71.76697,21.47207],[71.76691,21.47205],[71.76681,21.47199],[71.76677,21.47199],[71.76671,21.47196],[71.76669,21.47192],[71.76661,21.4719],[71.76648,21.47189],[71.76648,21.47187],[71.76646,21.47187],[71.76637,21.47192],[71.76627,21.47193],[71.76618,21.47195],[71.76616,21.47199],[71.76613,21.47202],[71.76598,21.47203],[71.76581,21.47206],[71.76573,21.47206],[71.76568,21.47211],[71.7656,21.47211],[71.76554,21.47208],[71.7655,21.47208],[71.76546,21.47215],[71.76533,21.47218],[71.76529,21.47216],[71.76519,21.47216],[71.76511,21.47223],[71.76504,21.47226],[71.765,21.47234],[71.76494,21.47233],[71.76484,21.47235],[71.76478,21.47241],[71.76473,21.4724],[71.7647,21.47242],[71.76466,21.47241],[71.76455,21.4724],[71.76452,21.47238],[71.76444,21.47239],[71.76426,21.47246],[71.76422,21.4725],[71.76418,21.4725],[71.76416,21.47253],[71.76406,21.47254],[71.7639,21.47258],[71.76387,21.47262],[71.7638,21.47263],[71.76375,21.47264],[71.76373,21.47262],[71.76373,21.47261],[71.76367,21.4726],[71.76362,21.47261],[71.7636,21.47258],[71.76356,21.47258],[71.76354,21.47258],[71.76353,21.47255],[71.76354,21.47255],[71.76355,21.47251],[71.76361,21.47242],[71.76363,21.47236],[71.76362,21.47231],[71.76364,21.47222],[71.76368,21.47217],[71.76365,21.47209],[71.76367,21.47205],[71.76367,21.47194],[71.76372,21.47189],[71.76372,21.47181],[71.76373,21.47172],[71.76381,21.47165],[71.76381,21.47161],[71.76388,21.47155],[71.76392,21.47143],[71.76395,21.4714],[71.764,21.47132],[71.764,21.47125],[71.76402,21.47124],[71.76401,21.47113],[71.76402,21.47107],[71.76405,21.47102],[71.76405,21.47101],[71.76407,21.47089],[71.76406,21.47081],[71.76408,21.47079],[71.76409,21.47068],[71.76412,21.47064],[71.76412,21.47058],[71.76415,21.47054],[71.76417,21.47045],[71.76417,21.47034],[71.76417,21.47027],[71.7642,21.47024],[71.76422,21.47014],[71.76425,21.47007],[71.76424,21.47002],[71.76424,21.46994],[71.76421,21.46982],[71.7642,21.46979],[71.7642,21.46957],[71.76418,21.46949],[71.76417,21.4694],[71.7642,21.46935],[71.7642,21.46928],[71.76418,21.46924],[71.76418,21.46916],[71.76415,21.46912],[71.76415,21.46904],[71.76416,21.46901],[71.76416,21.46891],[71.76414,21.46889],[71.76414,21.46873],[71.7641,21.46867],[71.76409,21.46861],[71.76406,21.46856],[71.76411,21.46852],[71.7642,21.46849],[71.76429,21.46836],[71.76431,21.46828],[71.76441,21.46819],[71.76448,21.46806],[71.76449,21.468],[71.76456,21.46796],[71.76462,21.46788],[71.76466,21.46788],[71.76475,21.4678],[71.76481,21.46776],[71.76487,21.4677],[71.76489,21.46762],[71.76493,21.46759],[71.76493,21.46756],[71.76497,21.46752],[71.76499,21.46745],[71.76504,21.46741],[71.76504,21.46732],[71.76497,21.46722],[71.76492,21.46714],[71.76496,21.46703],[71.76496,21.46698],[71.76499,21.46695],[71.76502,21.46678],[71.76507,21.46673],[71.76508,21.46665],[71.76504,21.46658],[71.76495,21.46655],[71.76489,21.46649],[71.76485,21.46647],[71.76484,21.46644],[71.76487,21.46636],[71.76491,21.46633],[71.7649,21.46626],[71.76494,21.46621],[71.76495,21.46615],[71.76504,21.46599],[71.76509,21.46594],[71.76511,21.46594],[71.7652,21.46589],[71.76522,21.4658],[71.76522,21.46573],[71.76526,21.46568],[71.76528,21.46561],[71.76528,21.46554],[71.76534,21.46548],[71.76537,21.46548],[71.76536,21.46543],[71.76536,21.46532],[71.76542,21.46527],[71.76542,21.46522],[71.76549,21.46519],[71.76555,21.46501],[71.76557,21.46501],[71.76558,21.46493],[71.76558,21.46483],[71.76564,21.46477],[71.76565,21.46474],[71.76572,21.46466],[71.76578,21.46464],[71.76579,21.46461],[71.7658,21.46453],[71.76582,21.46453],[71.76587,21.46445],[71.76591,21.46442],[71.76593,21.46437],[71.76597,21.46437],[71.76599,21.46433],[71.766,21.46433],[71.76601,21.46433],[71.76605,21.4643],[71.76605,21.46429],[71.76609,21.46422],[71.76614,21.4642],[71.76619,21.46415],[71.76633,21.46406],[71.76635,21.46404],[71.76641,21.46401],[71.76648,21.46394],[71.76652,21.46392],[71.76656,21.46382],[71.76659,21.46377],[71.76668,21.46371],[71.76669,21.46369],[71.76675,21.46364],[71.7668,21.46364],[71.76691,21.46352],[71.76695,21.4635],[71.767,21.46343],[71.76718,21.46331],[71.76721,21.46326],[71.76725,21.46325],[71.7673,21.46321],[71.76733,21.46321],[71.76737,21.46317],[71.76741,21.46317],[71.76746,21.46315],[71.76754,21.46307],[71.76761,21.46306],[71.76759,21.46303],[71.76759,21.46296],[71.76768,21.46295],[71.7677,21.46288],[71.7677,21.46278],[71.76774,21.46272],[71.76771,21.46269]]]},"properties":{"PolygonId":1182,"Area":30975,"Subbasin":null}},
{"type":"Feature","geometry":{"type":"Polygon","coordinates":[[[71.77334,21.45807],[71.77334,21.45808],[71.7734,21.45813],[71.77349,21.45816],[71.7735,21.45818],[71.77355,21.45818],[71.77359,21.4582],[71.77366,21.4582],[71.77369,21.45825],[71.77376,21.45827],[71.77377,21.4583],[71.77386,21.45834],[71.77388,21.45834],[71.77394,21.4584],[71.77399,21.45841],[71.77403,21.45846],[71.77408,21.45849],[71.77415,21.45849],[71.77421,21.45854],[71.77428,21.45856],[71.77432,21.45856],[71.77437,21.45865],[71.77444,21.45868],[71.77446,21.45875],[71.7745,21.45879],[71.77452,21.45885],[71.77459,21.45892],[71.77457,21.45895],[71.77458,21.459],[71.77467,21.45904],[71.77471,21.45903],[71.77475,21.45906],[71.77475,21.45907],[71.77483,21.45907],[71.77484,21.45905],[71.77495,21.45905],[71.77495,21.45912],[71.77503,21.45918],[71.77506,21.45918],[71.77509,21.45911],[71.77514,21.45911],[71.77512,21.45917],[71.77512,21.45922],[71.77517,21.45924],[71.77516,21.45929],[71.77522,21.45929],[71.77526,21.45944],[71.7753,21.45949],[71.77528,21.45955],[71.7753,21.45958],[71.7753,21.45969],[71.77533,21.45974],[71.77533,21.4598],[71.77531,21.45986],[71.77531,21.45992],[71.77533,21.45999],[71.77537,21.46005],[71.77537,21.46008],[71.77535,21.46019],[71.77535,21.46029],[71.77536,21.46034],[71.77542,21.46038],[71.77535,21.46048],[71.7753,21.46048],[71.77525,21.46051],[71.77523,21.46061],[71.77522,21.46068],[71.77519,21.46075],[71.77516,21.46075],[71.77516,21.46081],[71.77519,21.46085],[71.77516,21.46104],[71.77512,21.46108],[71.77512,21.46113],[71.77506,21.46118],[71.77506,21.46123],[71.775,21.46126],[71.77499,21.4613],[71.77494,21.46131],[71.77492,21.46138],[71.77488,21.4614],[71.77486,21.46145],[71.77483,21.46147],[71.77483,21.4615],[71.7748,21.46153],[71.77481,21.4616],[71.77487,21.46161],[71.77492,21.46172],[71.77492,21.46177],[71.77496,21.46179],[71.77497,21.46185],[71.77495,21.46188],[71.77499,21.46194],[71.77503,21.46194],[71.77503,21.46195],[71.77501,21.462],[71.77502,21.46205],[71.77506,21.4621],[71.7751,21.46211],[71.77508,21.46215],[71.77512,21.46226],[71.77517,21.46227],[71.77515,21.46239],[71.77516,21.46244],[71.77517,21.46249],[71.7752,21.4625],[71.77524,21.46254],[71.77525,21.46264],[71.77524,21.46267],[71.77524,21.46276],[71.77523,21.4628],[71.77527,21.46286],[71.77532,21.4629],[71.77534,21.46294],[71.77537,21.46294],[71.7754,21.46302],[71.77546,21.46304],[71.77546,21.46311],[71.7754,21.46319],[71.77537,21.46324],[71.77536,21.4633],[71.7753,21.46336],[71.77523,21.46338],[71.7751,21.4635],[71.7751,21.46356],[71.77508,21.46361],[71.77506,21.46361],[71.77504,21.46367],[71.775,21.46371],[71.77499,21.46378],[71.77494,21.4638],[71.77494,21.46383],[71.7749,21.46384],[71.77491,21.46388],[71.77489,21.46396],[71.77486,21.46395],[71.77483,21.46399],[71.77477,21.46402],[71.77476,21.46405],[71.77478,21.46409],[71.77476,21.46412],[71.77471,21.46412],[71.77468,21.46416],[71.77468,21.46422],[71.77471,21.46423],[71.77472,21.46433],[71.77469,21.46439],[71.7747,21.46444],[71.77466,21.46447],[71.77465,21.46452],[71.77467,21.46466],[71.77463,21.46471],[71.77463,21.46474],[71.77456,21.46484],[71.77452,21.46484],[71.77449,21.46489],[71.77445,21.46491],[71.77441,21.46497],[71.7744,21.46504],[71.77437,21.46509],[71.77437,21.4651],[71.77436,21.46509],[71.77433,21.46509],[71.77427,21.46505],[71.77418,21.46504],[71.77414,21.46502],[71.77411,21.46498],[71.77398,21.46492],[71.77395,21.46489],[71.77389,21.46484],[71.77383,21.46484],[71.77382,21.46481],[71.77369,21.46482],[71.77367,21.46479],[71.77366,21.46471],[71.77359,21.46465],[71.77354,21.46462],[71.77348,21.46462],[71.77343,21.46454],[71.7734,21.46453],[71.77334,21.46446],[71.77333,21.46441],[71.77328,21.46437],[71.77327,21.46433],[71.77321,21.46431],[71.77316,21.46431],[71.77311,21.46428],[71.77297,21.46416],[71.77292,21.46413],[71.77292,21.46411],[71.77287,21.46409],[71.77287,21.46408],[71.77282,21.46401],[71.77269,21.46388],[71.7726,21.46382],[71.77257,21.46377],[71.77253,21.46375],[71.77253,21.46372],[71.77249,21.46368],[71.77249,21.46365],[71.77244,21.4636],[71.77235,21.46352],[71.7723,21.46352],[71.77223,21.46346],[71.7722,21.46342],[71.77217,21.46341],[71.77215,21.46338],[71.77207,21.46331],[71.77207,21.46328],[71.77203,21.46325],[71.77203,21.46317],[71.77202,21.46307],[71.77186,21.46287],[71.77184,21.46279],[71.77184,21.46271],[71.7718,21.46267],[71.7718,21.46263],[71.77183,21.46258],[71.77182,21.46255],[71.7719,21.46247],[71.7719,21.4624],[71.77199,21.46233],[71.77199,21.46231],[71.77204,21.46224],[71.77206,21.46219],[71.77204,21.46216],[71.77199,21.46214],[71.77196,21.46213],[71.77192,21.46206],[71.77189,21.46204],[71.77188,21.46198],[71.77178,21.46189],[71.77172,21.46177],[71.77172,21.46175],[71.77176,21.4617],[71.77177,21.46166],[71.77173,21.46161],[71.77173,21.46158],[71.77168,21.46151],[71.77166,21.4615],[71.77162,21.46143],[71.77163,21.46137],[71.77156,21.4613],[71.77156,21.46126],[71.7715,21.46125],[71.77148,21.46122],[71.7714,21.4612],[71.77134,21.4612],[71.77122,21.46115],[71.77121,21.46108],[71.77116,21.46103],[71.77117,21.46089],[71.7712,21.46085],[71.7712,21.46079],[71.77115,21.46077],[71.77116,21.4607],[71.77125,21.46068],[71.77127,21.4607],[71.77146,21.4607],[71.7715,21.4607],[71.77159,21.46069],[71.77164,21.46067],[71.77167,21.46068],[71.77175,21.46066],[71.77187,21.46066],[71.77192,21.46065],[71.77194,21.46065],[71.77203,21.46063],[71.77211,21.46064],[71.77216,21.46063],[71.77222,21.46058],[71.77226,21.46055],[71.77228,21.46046],[71.77232,21.46037],[71.77231,21.46032],[71.77235,21.46024],[71.77237,21.46013],[71.7724,21.46008],[71.77241,21.46001],[71.77242,21.45999],[71.77245,21.45991],[71.77248,21.45987],[71.77249,21.45982],[71.77258,21.45972],[71.7726,21.45961],[71.77256,21.45955],[71.7725,21.45952],[71.7725,21.45946],[71.77252,21.45935],[71.7725,21.4593],[71.77251,21.4592],[71.7725,21.45915],[71.77261,21.45904],[71.77261,21.45897],[71.77271,21.45887],[71.77271,21.45884],[71.77274,21.4588],[71.77282,21.45875],[71.77283,21.45867],[71.77289,21.45862],[71.77291,21.45862],[71.77298,21.45856],[71.77305,21.45852],[71.77312,21.45845],[71.77311,21.4584],[71.77313,21.45837],[71.77318,21.45834],[71.77326,21.45835],[71.77332,21.45832],[71.7733,21.45825],[71.7733,21.45818],[71.77333,21.45815],[71.77334,21.45807]]]},"properties":{"PolygonId":1290,"Area":5666,"Subbasin":null}},
{"type":"Feature","geometry":{"type":"Polygon","coordinates":[[[71.77671,21.45534],[71.77679,21.45534],[71.77694,21.45531],[71.77698,21.45526],[71.77698,21.45521],[71.77702,21.45521],[71.77702,21.45526],[71.77705,21.45529],[71.77719,21.45528],[71.77721,21.45527],[71.77731,21.45526],[71.77732,21.45524],[71.7774,21.45523],[71.77741,21.45521],[71.77747,21.45521],[71.7775,21.4552],[71.77756,21.4552],[71.77759,21.45518],[71.77773,21.45516],[71.77779,21.45518],[71.77783,21.45518],[71.77787,21.45514],[71.77793,21.45514],[71.77797,21.45516],[71.77799,21.45513],[71.77805,21.45512],[71.77806,21.45511],[71.77815,21.4551],[71.77817,21.45515],[71.77824,21.45515],[71.7783,21.45513],[71.77834,21.45507],[71.77841,21.45506],[71.77843,21.4551],[71.77845,21.45516],[71.77851,21.45522],[71.77849,21.45527],[71.77848,21.45534],[71.77853,21.45538],[71.77857,21.45539],[71.77861,21.45548],[71.77863,21.45555],[71.77866,21.45561],[71.77864,21.45567],[71.77871,21.45573],[71.77871,21.45577],[71.77874,21.45583],[71.77875,21.4559],[71.77878,21.45593],[71.77879,21.45601],[71.77882,21.45605],[71.77883,21.4561],[71.77886,21.45613],[71.77887,21.4562],[71.77886,21.45623],[71.77886,21.45637],[71.77881,21.45641],[71.7788,21.45648],[71.77882,21.4565],[71.77881,21.45658],[71.77857,21.45659],[71.77855,21.45661],[71.77844,21.45659],[71.77835,21.4566],[71.77836,21.45665],[71.77839,21.4567],[71.7784,21.45675],[71.77836,21.45678],[71.77837,21.45702],[71.77835,21.45703],[71.77831,21.45709],[71.77831,21.45713],[71.77829,21.45719],[71.77824,21.45719],[71.77821,21.45725],[71.77821,21.45733],[71.7784,21.45733],[71.77856,21.45731],[71.77866,21.45733],[71.77888,21.45732],[71.77896,21.45734],[71.77904,21.45734],[71.77909,21.45736],[71.77911,21.45738],[71.77917,21.45736],[71.77918,21.45729],[71.77923,21.4573],[71.77924,21.45737],[71.77926,21.45739],[71.77928,21.45747],[71.77931,21.45754],[71.77936,21.45758],[71.77937,21.45796],[71.77936,21.45815],[71.77936,21.45826],[71.77934,21.45833],[71.77932,21.45842],[71.77932,21.45855],[71.77932,21.45858],[71.77927,21.4586],[71.77926,21.45864],[71.77927,21.45867],[71.77943,21.45872],[71.77948,21.45875],[71.77954,21.45876],[71.77958,21.45879],[71.77965,21.45881],[71.77966,21.45883],[71.77975,21.45885],[71.77987,21.45891],[71.77998,21.45896],[71.78003,21.45899],[71.78011,21.45901],[71.78022,21.45906],[71.78032,21.4591],[71.78045,21.45918],[71.78053,21.45927],[71.7806,21.45933],[71.78062,21.4594],[71.78065,21.45944],[71.78064,21.4595],[71.78065,21.4596],[71.78066,21.4596],[71.78066,21.45987],[71.78067,21.45999],[71.78056,21.46],[71.78051,21.46003],[71.78045,21.46004],[71.78046,21.46009],[71.78039,21.46007],[71.78027,21.46009],[71.78022,21.46012],[71.78001,21.46011],[71.77995,21.46013],[71.77989,21.46012],[71.77983,21.46013],[71.77979,21.46017],[71.77968,21.46017],[71.7796,21.46021],[71.77955,21.46025],[71.77951,21.46026],[71.77947,21.46029],[71.77932,21.46029],[71.77928,21.46033],[71.77924,21.46032],[71.77913,21.46039],[71.77907,21.46039],[71.77903,21.46037],[71.77891,21.4605],[71.77884,21.4605],[71.77881,21.46047],[71.77863,21.46042],[71.77859,21.46038],[71.77859,21.46034],[71.77853,21.46032],[71.77845,21.46032],[71.77837,21.46034],[71.77837,21.46039],[71.77832,21.46043],[71.77829,21.46044],[71.77827,21.46048],[71.77819,21.4605],[71.77814,21.46054],[71.77804,21.46053],[71.77797,21.46053],[71.77791,21.46056],[71.77784,21.46053],[71.77782,21.46056],[71.77775,21.4606],[71.77773,21.46064],[71.77767,21.46066],[71.77759,21.4607],[71.77757,21.46073],[71.77746,21.46079],[71.77739,21.46078],[71.77738,21.46078],[71.77731,21.46074],[71.77723,21.46077],[71.77714,21.46076],[71.77708,21.46079],[71.77703,21.46077],[71.77691,21.46078],[71.77675,21.46081],[71.7767,21.46081],[71.77667,21.46083],[71.77662,21.46083],[71.77654,21.46086],[71.77646,21.46088],[71.77642,21.46087],[71.77642,21.46081],[71.77634,21.46081],[71.77633,21.46084],[71.7762,21.46084],[71.77617,21.46083],[71.77614,21.46087],[71.77609,21.46088],[71.776,21.46088],[71.77597,21.46091],[71.77587,21.46097],[71.77588,21.461],[71.77577,21.46099],[71.77574,21.461],[71.77571,21.46096],[71.77563,21.46096],[71.77562,21.46104],[71.77559,21.46106],[71.7756,21.46112],[71.77556,21.46115],[71.77549,21.46117],[71.77546,21.46123],[71.77548,21.46129],[71.77546,21.46134],[71.77545,21.46142],[71.77542,21.46143],[71.77543,21.46148],[71.7754,21.46151],[71.7753,21.46158],[71.77526,21.46162],[71.77526,21.46165],[71.77514,21.46176],[71.77515,21.46184],[71.77509,21.46185],[71.77509,21.46188],[71.77503,21.46195],[71.77503,21.46194],[71.77499,21.46194],[71.77495,21.46188],[71.77497,21.46185],[71.77496,21.46179],[71.77492,21.46177],[71.77492,21.46172],[71.77487,21.46161],[71.77481,21.4616],[71.7748,21.46153],[71.77483,21.4615],[71.77483,21.46147],[71.77486,21.46145],[71.77488,21.4614],[71.77492,21.46138],[71.77494,21.46131],[71.77499,21.4613],[71.775,21.46126],[71.77506,21.46123],[71.77506,21.46118],[71.77512,21.46113],[71.77512,21.46108],[71.77516,21.46104],[71.77519,21.46085],[71.77516,21.46081],[71.77516,21.46075],[71.77519,21.46075],[71.77522,21.46068],[71.77523,21.46061],[71.77525,21.46051],[71.7753,21.46048],[71.77535,21.46048],[71.77542,21.46038],[71.77536,21.46034],[71.77535,21.46029],[71.77535,21.46019],[71.77537,21.46008],[71.77537,21.46005],[71.77533,21.45999],[71.77531,21.45992],[71.77531,21.45986],[71.77533,21.4598],[71.77533,21.45974],[71.7753,21.45969],[71.7753,21.45958],[71.77528,21.45955],[71.7753,21.45949],[71.77526,21.45944],[71.77522,21.45929],[71.77516,21.45929],[71.77517,21.45924],[71.77512,21.45922],[71.77512,21.45917],[71.77514,21.45911],[71.77509,21.45911],[71.77506,21.45918],[71.77503,21.45918],[71.77495,21.45912],[71.77495,21.45905],[71.77484,21.45905],[71.77483,21.45905],[71.77479,21.45905],[71.77479,21.459],[71.77476,21.45896],[71.77474,21.45884],[71.77474,21.45877],[71.77474,21.45874],[71.77477,21.45871],[71.77477,21.4586],[71.77485,21.4585],[71.77487,21.45846],[71.77486,21.45838],[71.77487,21.45831],[71.7749,21.45828],[71.7749,21.45822],[71.77493,21.4582],[71.77493,21.45815],[71.77495,21.45812],[71.77495,21.45807],[71.77497,21.45799],[71.775,21.45798],[71.77501,21.45792],[71.77504,21.45787],[71.77504,21.4578],[71.77508,21.45772],[71.77514,21.45763],[71.77515,21.45757],[71.77531,21.45756],[71.77533,21.45751],[71.77536,21.45749],[71.77541,21.45742],[71.77547,21.45738],[71.77551,21.45738],[71.77563,21.4573],[71.77564,21.45728],[71.77573,21.4572],[71.77578,21.45713],[71.77579,21.45703],[71.77581,21.457],[71.77581,21.45699],[71.77572,21.45696],[71.77567,21.45692],[71.77563,21.45683],[71.77561,21.45675],[71.77559,21.45662],[71.77561,21.45652],[71.77561,21.45638],[71.77563,21.45637],[71.77566,21.45627],[71.77565,21.45624],[71.77564,21.45614],[71.77563,21.45612],[71.77562,21.45604],[71.77558,21.45602],[71.77554,21.45598],[71.77556,21.45586],[71.77554,21.45584],[71.77554,21.45575],[71.77561,21.45574],[71.77563,21.45572],[71.77558,21.45566],[71.77558,21.45565],[71.77563,21.45566],[71.77571,21.45565],[71.77571,21.45557],[71.77581,21.45552],[71.77589,21.4555],[71.77593,21.4555],[71.77594,21.45546],[71.77612,21.45547],[71.77618,21.45545],[71.77623,21.45546],[71.77627,21.45544],[71.77634,21.45542],[71.77642,21.45542],[71.77643,21.4554],[71.77653,21.4554],[71.77661,21.45536],[71.77668,21.45536],[71.77671,21.45534]]]},"properties":{"PolygonId":856,"Area":21652,"Subbasin":null}},
{"type":"Feature","geometry":{"type":"Polygon","coordinates":[[[71.75897,21.4853],[71.75897,21.48529],[71.75899,21.48522],[71.75896,21.48515],[71.75897,21.4851],[71.75895,21.48507],[71.75896,21.48502],[71.75902,21.485],[71.759,21.48486],[71.759,21.48481],[71.75897,21.48476],[71.75894,21.48467],[71.75895,21.48462],[71.75887,21.48454],[71.75886,21.4845],[71.75889,21.48447],[71.75888,21.4844],[71.75885,21.48439],[71.75885,21.48433],[71.75883,21.4843],[71.75881,21.48423],[71.75882,21.4841],[71.7588,21.48403],[71.75876,21.48395],[71.75875,21.48386],[71.75867,21.48378],[71.75867,21.48365],[71.75869,21.4836],[71.75873,21.48359],[71.75874,21.48351],[71.75879,21.48344],[71.75879,21.48343],[71.75876,21.48336],[71.75871,21.48332],[71.7587,21.48325],[71.75872,21.48314],[71.75869,21.48309],[71.75866,21.483],[71.75859,21.48295],[71.75858,21.48279],[71.75855,21.4827],[71.75855,21.48267],[71.75855,21.48251],[71.7587,21.48241],[71.75874,21.48241],[71.75881,21.48237],[71.75886,21.48238],[71.75891,21.48231],[71.75891,21.48227],[71.75891,21.48224],[71.75893,21.48221],[71.75891,21.48182],[71.75886,21.48178],[71.75881,21.48171],[71.75878,21.4817],[71.75874,21.48165],[71.75874,21.48158],[71.75872,21.48157],[71.75876,21.48147],[71.75878,21.48138],[71.75878,21.48136],[71.75878,21.48128],[71.7588,21.48125],[71.7588,21.48116],[71.75878,21.48113],[71.75875,21.48104],[71.75875,21.48101],[71.75878,21.48096],[71.75878,21.48092],[71.75875,21.48088],[71.75878,21.4808],[71.75878,21.48075],[71.75881,21.4807],[71.75884,21.48069],[71.75883,21.48064],[71.75887,21.48056],[71.75887,21.4805],[71.7589,21.48043],[71.75895,21.48037],[71.75899,21.48034],[71.75903,21.48029],[71.75904,21.48023],[71.75907,21.48018],[71.75912,21.48014],[71.75912,21.48001],[71.75909,21.47999],[71.7591,21.47993],[71.7591,21.47983],[71.75913,21.47983],[71.75912,21.47969],[71.7591,21.47962],[71.75921,21.47945],[71.75921,21.47942],[71.75918,21.4794],[71.75921,21.47931],[71.75925,21.47929],[71.75926,21.47922],[71.75929,21.4792],[71.75929,21.47908],[71.75933,21.47907],[71.75933,21.47902],[71.75936,21.47896],[71.75933,21.47891],[71.75936,21.47887],[71.75933,21.47885],[71.75931,21.47875],[71.75933,21.47871],[71.7593,21.47869],[71.75931,21.47865],[71.75929,21.47861],[71.75936,21.47852],[71.75933,21.47847],[71.75934,21.4784],[71.75934,21.47839],[71.75939,21.47829],[71.75941,21.47816],[71.75945,21.47811],[71.75946,21.47807],[71.7595,21.47797],[71.75959,21.47792],[71.75963,21.47785],[71.75963,21.47781],[71.75967,21.47776],[71.75969,21.4777],[71.75969,21.47761],[71.75974,21.47757],[71.75978,21.47755],[71.75977,21.47749],[71.75974,21.47745],[71.75974,21.47733],[71.7598,21.47732],[71.75991,21.47741],[71.75998,21.47738],[71.76001,21.47743],[71.76008,21.47745],[71.76022,21.47747],[71.76037,21.47745],[71.76043,21.47746],[71.76045,21.47743],[71.76052,21.47741],[71.76062,21.47737],[71.76065,21.47734],[71.76073,21.47732],[71.76076,21.47729],[71.76083,21.47728],[71.76093,21.47724],[71.761,21.47724],[71.76102,21.47721],[71.76109,21.47717],[71.76112,21.47713],[71.76119,21.47709],[71.76124,21.47705],[71.76128,21.47702],[71.76135,21.47695],[71.76138,21.47693],[71.76142,21.47688],[71.76146,21.47685],[71.76154,21.47677],[71.76161,21.47675],[71.76169,21.47667],[71.76169,21.47661],[71.76168,21.4765],[71.7617,21.47647],[71.76171,21.47639],[71.76169,21.47635],[71.76174,21.47631],[71.76174,21.47627],[71.76179,21.47622],[71.7618,21.47618],[71.76186,21.47612],[71.76187,21.47607],[71.76192,21.47603],[71.76194,21.47599],[71.76198,21.47596],[71.762,21.4759],[71.76209,21.47581],[71.76217,21.47572],[71.76221,21.47569],[71.76227,21.47558],[71.76233,21.47554],[71.76239,21.47548],[71.76243,21.47543],[71.7625,21.47539],[71.76254,21.47532],[71.76254,21.47528],[71.7626,21.4752],[71.76263,21.47513],[71.76266,21.47507],[71.76276,21.47498],[71.76278,21.47492],[71.76279,21.47487],[71.76285,21.47478],[71.76292,21.47467],[71.76292,21.47463],[71.76296,21.47457],[71.76298,21.47446],[71.76303,21.4744],[71.76303,21.47436],[71.76312,21.47435],[71.76316,21.47432],[71.76316,21.47427],[71.76319,21.47426],[71.7632,21.47419],[71.76324,21.47416],[71.76323,21.47403],[71.76323,21.47402],[71.76324,21.47402],[71.76324,21.47399],[71.76326,21.47398],[71.76325,21.47392],[71.76323,21.47392],[71.76322,21.47388],[71.76325,21.47384],[71.76334,21.47384],[71.76335,21.47387],[71.76336,21.4739],[71.76345,21.47399],[71.7635,21.47399],[71.76351,21.47405],[71.76359,21.47409],[71.76363,21.47416],[71.76367,21.47419],[71.76374,21.47424],[71.76379,21.47424],[71.76384,21.47428],[71.76385,21.47433],[71.76395,21.47438],[71.76399,21.47442],[71.76402,21.47447],[71.76409,21.47454],[71.76412,21.47461],[71.76418,21.47468],[71.76426,21.47474],[71.76429,21.47484],[71.76433,21.47489],[71.76448,21.47499],[71.76449,21.47503],[71.76454,21.47509],[71.76454,21.47515],[71.7646,21.47524],[71.76463,21.47528],[71.76467,21.47532],[71.7647,21.4754],[71.76477,21.47549],[71.76476,21.47554],[71.76474,21.47563],[71.76475,21.47574],[71.76474,21.4758],[71.76468,21.47583],[71.76469,21.47592],[71.7647,21.47595],[71.76469,21.476],[71.76466,21.476],[71.76459,21.47612],[71.76465,21.4762],[71.76467,21.4763],[71.76463,21.47636],[71.76456,21.47637],[71.76454,21.4764],[71.76448,21.47644],[71.76445,21.47648],[71.76443,21.47654],[71.76445,21.47655],[71.76445,21.47663],[71.76447,21.47663],[71.76447,21.47674],[71.76445,21.47676],[71.76442,21.47683],[71.76438,21.47685],[71.76436,21.4769],[71.76436,21.47694],[71.76434,21.47698],[71.76431,21.47709],[71.76428,21.47715],[71.76429,21.47721],[71.76427,21.47722],[71.76426,21.4773],[71.76424,21.4773],[71.76422,21.47741],[71.76414,21.47752],[71.76404,21.4777],[71.76401,21.47772],[71.76398,21.47785],[71.7639,21.47795],[71.76383,21.478],[71.76383,21.47804],[71.7638,21.47807],[71.76378,21.47812],[71.76374,21.47814],[71.76372,21.4782],[71.76363,21.47824],[71.7636,21.47825],[71.76359,21.47829],[71.76356,21.47829],[71.76354,21.47835],[71.7635,21.47839],[71.76351,21.47845],[71.76348,21.47851],[71.76345,21.47858],[71.76336,21.47871],[71.76333,21.4787],[71.76328,21.47873],[71.76328,21.47883],[71.76323,21.4789],[71.76322,21.47898],[71.76328,21.4791],[71.76329,21.47922],[71.7633,21.47935],[71.76332,21.47937],[71.76332,21.47944],[71.76337,21.47949],[71.76341,21.47955],[71.7634,21.47961],[71.76343,21.47963],[71.76342,21.47969],[71.76342,21.4798],[71.76339,21.47984],[71.76338,21.47991],[71.76336,21.47995],[71.76336,21.48002],[71.76338,21.48008],[71.76338,21.48013],[71.76343,21.48015],[71.76352,21.48033],[71.76351,21.48038],[71.76352,21.48045],[71.76348,21.48049],[71.76342,21.48056],[71.76344,21.48061],[71.76343,21.48068],[71.76344,21.4807],[71.76343,21.48072],[71.76345,21.48072],[71.76345,21.48074],[71.76344,21.48074],[71.76342,21.48088],[71.76342,21.48096],[71.7634,21.48101],[71.76341,21.48105],[71.76341,21.48119],[71.7634,21.48123],[71.7635,21.48137],[71.76354,21.4814],[71.7636,21.48141],[71.76374,21.48159],[71.76375,21.48164],[71.76385,21.48177],[71.76389,21.48179],[71.76391,21.48187],[71.76396,21.48191],[71.76399,21.48203],[71.76405,21.48207],[71.76407,21.48211],[71.76412,21.48212],[71.76413,21.48217],[71.76419,21.48225],[71.76419,21.48231],[71.76422,21.48234],[71.76422,21.48245],[71.76428,21.48267],[71.7643,21.48266],[71.76436,21.48266],[71.76437,21.48268],[71.76444,21.48268],[71.76447,21.48271],[71.76447,21.48272],[71.76454,21.48277],[71.76454,21.48281],[71.76458,21.48286],[71.76461,21.48299],[71.76465,21.48302],[71.76475,21.48317],[71.76479,21.48322],[71.76483,21.48328],[71.76487,21.48333],[71.7649,21.48334],[71.7649,21.48339],[71.76496,21.48344],[71.76496,21.48353],[71.7651,21.48366],[71.76512,21.48373],[71.76509,21.48378],[71.76512,21.48379],[71.76516,21.48382],[71.76516,21.48387],[71.76518,21.48387],[71.76521,21.4839],[71.76527,21.4839],[71.7653,21.48386],[71.76543,21.48386],[71.76549,21.48391],[71.76552,21.48391],[71.76555,21.48396],[71.7656,21.48397],[71.7656,21.48401],[71.76566,21.48401],[71.7657,21.48404],[71.76573,21.48409],[71.7658,21.48406],[71.76589,21.48407],[71.76589,21.48411],[71.76594,21.48412],[71.76598,21.48415],[71.76601,21.4842],[71.76601,21.48421],[71.76602,21.48431],[71.76604,21.48434],[71.76603,21.48438],[71.76603,21.48447],[71.76605,21.48458],[71.76602,21.48461],[71.76602,21.48465],[71.76599,21.4847],[71.76603,21.4848],[71.76601,21.48484],[71.76607,21.48494],[71.76609,21.48501],[71.76615,21.48506],[71.76615,21.48515],[71.76619,21.48526],[71.76619,21.48535],[71.76624,21.48543],[71.76625,21.48552],[71.76625,21.4856],[71.76629,21.48571],[71.76629,21.48586],[71.7663,21.48594],[71.76632,21.48596],[71.76632,21.48607],[71.76629,21.48612],[71.76628,21.4862],[71.76625,21.48623],[71.76625,21.48628],[71.76623,21.48633],[71.7662,21.48636],[71.76619,21.48641],[71.7662,21.48646],[71.76617,21.48655],[71.76618,21.48664],[71.76612,21.48675],[71.76611,21.48684],[71.76607,21.48687],[71.76607,21.48696],[71.76605,21.48698],[71.76605,21.48704],[71.76601,21.48708],[71.76599,21.48718],[71.76592,21.48732],[71.76589,21.48735],[71.76587,21.48746],[71.76583,21.4875],[71.76577,21.48749],[71.76568,21.48755],[71.76566,21.48764],[71.76563,21.48768],[71.76564,21.48776],[71.76562,21.48778],[71.76563,21.48788],[71.7656,21.48792],[71.76561,21.48806],[71.76557,21.4881],[71.76557,21.48813],[71.76551,21.48813],[71.76549,21.48815],[71.76544,21.48809],[71.7653,21.48804],[71.76526,21.48804],[71.76521,21.48802],[71.76511,21.48801],[71.76506,21.48797],[71.76502,21.48797],[71.76496,21.488],[71.76492,21.48795],[71.76486,21.48795],[71.76474,21.48781],[71.7647,21.48779],[71.76466,21.48773],[71.76463,21.4876],[71.76461,21.48757],[71.76457,21.48744],[71.7645,21.48735],[71.7645,21.48729],[71.76447,21.48728],[71.76446,21.48719],[71.76438,21.48711],[71.76435,21.4871],[71.76434,21.48706],[71.76426,21.48703],[71.76423,21.48704],[71.76419,21.48698],[71.76419,21.48692],[71.76415,21.4869],[71.76414,21.48682],[71.76412,21.48679],[71.76411,21.48671],[71.76407,21.48669],[71.76412,21.48666],[71.76413,21.4866],[71.76411,21.48658],[71.76406,21.4866],[71.764,21.48661],[71.76395,21.48655],[71.76394,21.48652],[71.76384,21.48644],[71.76379,21.48638],[71.76375,21.48636],[71.76366,21.48626],[71.76366,21.48622],[71.7638,21.48618],[71.76378,21.48615],[71.76379,21.48612],[71.76377,21.48609],[71.76373,21.48606],[71.76369,21.48604],[71.76361,21.48598],[71.76345,21.4858],[71.76342,21.48573],[71.76339,21.48569],[71.76333,21.48564],[71.76328,21.48563],[71.76321,21.48559],[71.76317,21.4856],[71.7631,21.48554],[71.763,21.48556],[71.76297,21.48559],[71.76291,21.48559],[71.76285,21.48564],[71.76283,21.48573],[71.76282,21.48579],[71.7628,21.4858],[71.76279,21.48588],[71.76274,21.48597],[71.7627,21.48597],[71.76268,21.48592],[71.76264,21.4859],[71.76258,21.48592],[71.76254,21.48588],[71.76246,21.48585],[71.7624,21.48584],[71.7623,21.48585],[71.76223,21.48588],[71.76209,21.48587],[71.76204,21.4859],[71.76201,21.48587],[71.76197,21.48585],[71.76196,21.48581],[71.76182,21.48577],[71.76179,21.48574],[71.76174,21.48574],[71.76168,21.4857],[71.76168,21.48567],[71.76162,21.48566],[71.7615,21.48566],[71.76143,21.48558],[71.76139,21.48557],[71.76132,21.48557],[71.76128,21.48555],[71.76121,21.48555],[71.76116,21.48556],[71.76099,21.48556],[71.76097,21.48553],[71.76088,21.48556],[71.76083,21.48553],[71.76081,21.48557],[71.76073,21.48559],[71.76069,21.48565],[71.76065,21.48565],[71.76058,21.48568],[71.76047,21.48568],[71.76041,21.48571],[71.76036,21.48568],[71.76022,21.48568],[71.76017,21.48571],[71.76001,21.48568],[71.75996,21.48562],[71.75983,21.48564],[71.75981,21.48561],[71.75975,21.4856],[71.75971,21.48557],[71.75956,21.48557],[71.75949,21.48558],[71.75944,21.48554],[71.7594,21.48554],[71.75921,21.48549],[71.75915,21.48546],[71.75909,21.48546],[71.75903,21.48542],[71.759,21.48541],[71.75897,21.4853]]]},"properties":{"PolygonId":1649,"Area":797,"Subbasin":null}},
{"type":"Feature","geometry":{"type":"Polygon","coordinates":[[[71.77584,21.48151],[71.77579,21.48148],[71.77574,21.4815],[71.77567,21.48156],[71.77567,21.48163],[71.77565,21.48167],[71.77561,21.48169],[71.7756,21.48173],[71.77552,21.48177],[71.77542,21.48175],[71.77533,21.48175],[71.77532,21.4817],[71.77539,21.48169],[71.77542,21.48164],[71.77545,21.48164],[71.77547,21.48159],[71.77549,21.4815],[71.77549,21.48143],[71.77544,21.48141],[71.77543,21.48137],[71.77539,21.48133],[71.77538,21.48127],[71.77546,21.4812],[71.77553,21.4812],[71.77555,21.48115],[71.77557,21.48114],[71.77559,21.48109],[71.77556,21.48106],[71.77554,21.48099],[71.77556,21.48092],[71.77562,21.48092],[71.77564,21.48091],[71.77566,21.48082],[71.77563,21.48078],[71.77557,21.48077],[71.7756,21.48072],[71.7757,21.48072],[71.77576,21.48069],[71.77576,21.48065],[71.77574,21.48059],[71.77578,21.48056],[71.77578,21.4805],[71.77576,21.48045],[71.77581,21.48043],[71.7758,21.48039],[71.77584,21.48038],[71.77582,21.48034],[71.77584,21.4803],[71.7759,21.48027],[71.77592,21.48021],[71.77585,21.48013],[71.77585,21.48007],[71.77587,21.48003],[71.77586,21.47995],[71.77583,21.47993],[71.77588,21.47988],[71.77592,21.47987],[71.77598,21.47989],[71.77602,21.47992],[71.77607,21.4799],[71.7761,21.47982],[71.77614,21.47978],[71.77619,21.47975],[71.77619,21.47971],[71.77622,21.47968],[71.77623,21.47961],[71.7763,21.4795],[71.77631,21.47944],[71.77629,21.4793],[71.77627,21.47927],[71.77629,21.47924],[71.77637,21.47919],[71.77637,21.47916],[71.77641,21.47912],[71.77644,21.47906],[71.77645,21.479],[71.77647,21.47897],[71.77645,21.4789],[71.77649,21.47886],[71.7765,21.47881],[71.77661,21.4787],[71.77664,21.47863],[71.7767,21.4786],[71.77682,21.47848],[71.77683,21.47845],[71.77688,21.47842],[71.77693,21.47837],[71.77701,21.47832],[71.77704,21.47827],[71.77706,21.47818],[71.77711,21.47813],[71.7771,21.47808],[71.77717,21.47801],[71.77718,21.47796],[71.77718,21.47792],[71.77718,21.47791],[71.77718,21.47781],[71.7772,21.47776],[71.77717,21.47773],[71.77717,21.4777],[71.77722,21.47766],[71.77723,21.47766],[71.77731,21.47758],[71.77734,21.47757],[71.77735,21.47752],[71.77742,21.47746],[71.77746,21.47744],[71.77745,21.47739],[71.77751,21.47735],[71.7776,21.47737],[71.77771,21.47724],[71.77771,21.47714],[71.77773,21.47704],[71.77778,21.47697],[71.77785,21.47686],[71.77786,21.47682],[71.77792,21.47673],[71.77797,21.4767],[71.77797,21.47666],[71.77803,21.47658],[71.77804,21.47653],[71.77807,21.47647],[71.77811,21.47644],[71.77806,21.47639],[71.77806,21.47635],[71.77811,21.47627],[71.77818,21.47621],[71.77819,21.47618],[71.77827,21.47611],[71.77832,21.47609],[71.77834,21.476],[71.77838,21.47599],[71.77845,21.47591],[71.77853,21.47588],[71.7786,21.47587],[71.77869,21.47579],[71.77876,21.47575],[71.77879,21.47572],[71.77885,21.4757],[71.77886,21.47567],[71.77895,21.47558],[71.77901,21.47555],[71.77912,21.47546],[71.77919,21.47539],[71.77921,21.47539],[71.77932,21.4753],[71.77935,21.47525],[71.7794,21.47523],[71.77943,21.47519],[71.7795,21.47518],[71.77957,21.47509],[71.77964,21.4751],[71.77967,21.47506],[71.77973,21.47506],[71.77977,21.47499],[71.77982,21.47499],[71.77989,21.47497],[71.77988,21.47495],[71.77988,21.47493],[71.78002,21.47486],[71.78006,21.47482],[71.78009,21.47476],[71.78015,21.47473],[71.78018,21.4747],[71.78026,21.47466],[71.78028,21.47463],[71.78038,21.47463],[71.78043,21.47463],[71.78047,21.47467],[71.78053,21.47465],[71.78056,21.47468],[71.78064,21.47467],[71.78066,21.47469],[71.78076,21.47471],[71.78079,21.47468],[71.78085,21.47467],[71.78088,21.47464],[71.78093,21.47464],[71.78096,21.47469],[71.78107,21.4747],[71.78119,21.47474],[71.78123,21.47474],[71.78131,21.47472],[71.78136,21.47476],[71.78142,21.47476],[71.78145,21.47478],[71.78154,21.47479],[71.78155,21.47482],[71.78164,21.47486],[71.78169,21.47486],[71.78169,21.47489],[71.78184,21.47489],[71.7819,21.47491],[71.78199,21.47492],[71.7821,21.47494],[71.78216,21.47497],[71.78219,21.475],[71.78225,21.47503],[71.78234,21.475],[71.78234,21.47498],[71.78236,21.475],[71.78242,21.475],[71.78244,21.47509],[71.7825,21.4751],[71.78255,21.47514],[71.78255,21.47516],[71.78261,21.47519],[71.78261,21.47525],[71.78274,21.47527],[71.78282,21.47527],[71.78285,21.47529],[71.78294,21.4753],[71.78296,21.47533],[71.78304,21.4754],[71.78303,21.47548],[71.78301,21.47549],[71.783,21.47558],[71.78297,21.47562],[71.78296,21.47566],[71.78291,21.47571],[71.78291,21.47578],[71.78287,21.47583],[71.78288,21.4759],[71.78286,21.47592],[71.78285,21.47603],[71.78283,21.47606],[71.78282,21.47612],[71.78278,21.47616],[71.78278,21.47621],[71.78274,21.47632],[71.78271,21.47635],[71.78265,21.47646],[71.78265,21.4765],[71.78261,21.47654],[71.78257,21.47665],[71.78252,21.47669],[71.78252,21.47672],[71.78248,21.47678],[71.78248,21.47681],[71.78243,21.47687],[71.78238,21.47701],[71.78235,21.47705],[71.78233,21.47713],[71.78224,21.47727],[71.7821,21.4774],[71.78206,21.47747],[71.78198,21.47755],[71.78197,21.47758],[71.78185,21.47772],[71.7818,21.4778],[71.7818,21.47783],[71.78177,21.47785],[71.78177,21.47789],[71.78173,21.47793],[71.78171,21.478],[71.78172,21.47806],[71.78169,21.4781],[71.78169,21.47815],[71.78164,21.47822],[71.78163,21.47827],[71.78163,21.47835],[71.78158,21.47845],[71.78158,21.47855],[71.78152,21.47862],[71.78148,21.47862],[71.78147,21.4787],[71.7815,21.47871],[71.78148,21.47878],[71.78146,21.47881],[71.78146,21.47888],[71.78149,21.47892],[71.78147,21.47896],[71.78147,21.47899],[71.78142,21.47902],[71.78134,21.47909],[71.78123,21.4791],[71.78119,21.47915],[71.78109,21.47926],[71.78105,21.47932],[71.78095,21.47937],[71.78096,21.47955],[71.78097,21.47959],[71.78093,21.47961],[71.78089,21.47967],[71.78089,21.4797],[71.78085,21.47973],[71.78083,21.47979],[71.78083,21.47983],[71.7808,21.4799],[71.78056,21.47994],[71.78054,21.47994],[71.78049,21.47996],[71.78048,21.48002],[71.78042,21.48005],[71.78039,21.48004],[71.78031,21.48005],[71.78024,21.48009],[71.78016,21.48009],[71.78015,21.48011],[71.78008,21.48011],[71.78,21.48014],[71.78,21.48021],[71.77996,21.48023],[71.77993,21.48019],[71.77984,21.48014],[71.77984,21.48011],[71.7797,21.47999],[71.77965,21.47995],[71.7796,21.4799],[71.77955,21.47988],[71.77947,21.47981],[71.77945,21.47981],[71.77938,21.47975],[71.77928,21.47968],[71.77926,21.47965],[71.77919,21.47964],[71.7791,21.47968],[71.77906,21.47968],[71.77897,21.47974],[71.7789,21.47974],[71.77877,21.47984],[71.77867,21.47984],[71.77862,21.47985],[71.77858,21.4799],[71.77852,21.47988],[71.77838,21.47988],[71.77831,21.47987],[71.77823,21.47989],[71.77809,21.4799],[71.77802,21.47986],[71.77783,21.47987],[71.77772,21.47987],[71.77766,21.47989],[71.77764,21.47992],[71.77757,21.47991],[71.77752,21.47992],[71.77733,21.47993],[71.77732,21.47986],[71.77728,21.4799],[71.77726,21.47998],[71.77727,21.48003],[71.77727,21.48006],[71.77727,21.48016],[71.77721,21.4802],[71.77721,21.48024],[71.77717,21.48024],[71.77716,21.48028],[71.7771,21.48032],[71.77705,21.48037],[71.77705,21.4804],[71.77711,21.48043],[71.77709,21.48047],[71.77709,21.48065],[71.77705,21.48066],[71.77706,21.48072],[71.77702,21.48072],[71.777,21.48083],[71.77688,21.48091],[71.77686,21.48094],[71.77681,21.48094],[71.77672,21.48094],[71.77671,21.48101],[71.77673,21.48102],[71.77673,21.48111],[71.77674,21.48115],[71.77675,21.48124],[71.77669,21.48128],[71.77662,21.48128],[71.77655,21.48133],[71.77647,21.48135],[71.77641,21.48139],[71.77632,21.48138],[71.77628,21.48143],[71.77621,21.48143],[71.77619,21.48139],[71.77613,21.48138],[71.77612,21.48144],[71.77611,21.4815],[71.77608,21.4815],[71.77603,21.48154],[71.77596,21.48152],[71.77594,21.48147],[71.77588,21.48148],[71.77584,21.48151]]]},"properties":{"PolygonId":1400,"Area":1857,"Subbasin":null}},
{"type":"Feature","geometry":{"type":"Polygon","coordinates":[[[71.78518,21.49201],[71.78519,21.49201],[71.78517,21.49207],[71.78519,21.4921],[71.78519,21.49216],[71.78525,21.49219],[71.78529,21.4922],[71.78533,21.49223],[71.78542,21.49223],[71.78543,21.49226],[71.78548,21.49226],[71.78559,21.49233],[71.7856,21.49238],[71.78564,21.49243],[71.78573,21.49249],[71.7858,21.49258],[71.78584,21.49262],[71.78587,21.49262],[71.78589,21.49265],[71.78597,21.49269],[71.78599,21.49273],[71.78603,21.49273],[71.78608,21.49277],[71.78612,21.49277],[71.78618,21.49283],[71.7862,21.49288],[71.78629,21.49294],[71.78635,21.493],[71.78642,21.49302],[71.78648,21.49306],[71.78656,21.49317],[71.78663,21.49322],[71.78665,21.49322],[71.78672,21.49328],[71.78675,21.4933],[71.78675,21.49334],[71.78681,21.49339],[71.78683,21.49343],[71.78695,21.4935],[71.78698,21.49355],[71.78702,21.49359],[71.78703,21.49358],[71.78709,21.49359],[71.78718,21.49365],[71.78725,21.49368],[71.78731,21.49372],[71.78741,21.49387],[71.78742,21.49391],[71.78747,21.49396],[71.78751,21.49404],[71.78756,21.4941],[71.78763,21.49417],[71.78764,21.49421],[71.78775,21.49432],[71.7878,21.49439],[71.78781,21.49442],[71.78791,21.49449],[71.78793,21.49456],[71.78797,21.49458],[71.78804,21.49469],[71.78808,21.49469],[71.78811,21.49474],[71.78819,21.49479],[71.78822,21.49484],[71.7882,21.49486],[71.78825,21.49491],[71.78827,21.49501],[71.78824,21.49505],[71.78827,21.49509],[71.78827,21.49514],[71.78827,21.49516],[71.78837,21.49531],[71.78834,21.49535],[71.78835,21.49538],[71.78843,21.49539],[71.78847,21.49542],[71.7885,21.49547],[71.78848,21.49549],[71.78848,21.49563],[71.78838,21.49572],[71.78839,21.49579],[71.78835,21.49581],[71.78834,21.49586],[71.78835,21.49598],[71.78833,21.49611],[71.78829,21.4962],[71.7883,21.49623],[71.78827,21.49625],[71.78821,21.49625],[71.78818,21.49631],[71.78816,21.49637],[71.78816,21.49641],[71.7881,21.49649],[71.78807,21.49651],[71.78806,21.49655],[71.78801,21.49658],[71.78801,21.49662],[71.78795,21.49662],[71.78794,21.4966],[71.78783,21.49658],[71.78775,21.49654],[71.78765,21.49653],[71.78761,21.49658],[71.78761,21.49662],[71.78754,21.49663],[71.78753,21.49667],[71.78747,21.49669],[71.78741,21.49675],[71.78742,21.49678],[71.78736,21.49682],[71.78731,21.49681],[71.78722,21.49685],[71.78714,21.49684],[71.78712,21.49687],[71.78699,21.49686],[71.78697,21.4969],[71.78694,21.49691],[71.78685,21.49695],[71.78681,21.49696],[71.78679,21.49698],[71.7867,21.497],[71.78665,21.49703],[71.7866,21.49703],[71.78652,21.49706],[71.78648,21.49716],[71.78638,21.49727],[71.78634,21.4973],[71.78629,21.49729],[71.78627,21.49735],[71.78623,21.49738],[71.78615,21.49732],[71.7861,21.49735],[71.78603,21.49735],[71.786,21.49739],[71.78593,21.49741],[71.78595,21.49747],[71.78593,21.49752],[71.78595,21.49757],[71.78589,21.4976],[71.78577,21.49762],[71.78571,21.49765],[71.78563,21.49766],[71.7856,21.49769],[71.78554,21.49771],[71.78547,21.49771],[71.78541,21.49775],[71.78537,21.49774],[71.78532,21.49768],[71.78529,21.49767],[71.78518,21.49767],[71.78513,21.49765],[71.78505,21.49759],[71.78497,21.49759],[71.78492,21.49762],[71.7848,21.49763],[71.7848,21.49765],[71.78472,21.49767],[71.78457,21.49767],[71.78454,21.49772],[71.78446,21.49773],[71.78445,21.4977],[71.78438,21.49768],[71.78436,21.49769],[71.78434,21.49774],[71.78426,21.49774],[71.78425,21.49776],[71.78417,21.49774],[71.78413,21.49771],[71.78403,21.49771],[71.78398,21.49768],[71.7839,21.49765],[71.78385,21.49767],[71.78373,21.49768],[71.78369,21.49764],[71.78366,21.49764],[71.78361,21.49759],[71.78361,21.49754],[71.78367,21.49755],[71.78372,21.49753],[71.78381,21.49753],[71.78394,21.49751],[71.784,21.49751],[71.78407,21.49749],[71.78413,21.49747],[71.78419,21.49747],[71.78429,21.49746],[71.78432,21.49744],[71.78427,21.49739],[71.7842,21.49734],[71.78406,21.49728],[71.78401,21.49726],[71.78401,21.49722],[71.78396,21.49721],[71.78389,21.49718],[71.78388,21.49714],[71.78379,21.49711],[71.78378,21.49709],[71.7837,21.49706],[71.78368,21.49701],[71.78363,21.49698],[71.7837,21.4969],[71.78369,21.49681],[71.78376,21.49676],[71.78377,21.4967],[71.78381,21.49669],[71.78384,21.4966],[71.78394,21.49653],[71.78397,21.49646],[71.78401,21.49641],[71.78407,21.49637],[71.78406,21.49633],[71.78409,21.4963],[71.78411,21.49625],[71.78415,21.49619],[71.78428,21.49621],[71.78444,21.49621],[71.7845,21.49619],[71.78455,21.4961],[71.78446,21.49607],[71.78443,21.49599],[71.78447,21.49593],[71.78448,21.49588],[71.78452,21.49584],[71.78451,21.49579],[71.78456,21.49572],[71.78456,21.49561],[71.78455,21.49553],[71.78453,21.49545],[71.78453,21.49536],[71.78456,21.49534],[71.78455,21.49524],[71.78457,21.49523],[71.78457,21.49521],[71.78453,21.49516],[71.78448,21.49515],[71.78448,21.49512],[71.78451,21.49509],[71.78453,21.49502],[71.78453,21.49494],[71.78457,21.49485],[71.78454,21.49485],[71.7845,21.49482],[71.7845,21.49466],[71.78447,21.49458],[71.7844,21.49446],[71.78441,21.49438],[71.78448,21.49439],[71.78453,21.49436],[71.78454,21.49431],[71.78459,21.49424],[71.78459,21.49421],[71.78463,21.49417],[71.78466,21.49411],[71.78467,21.49404],[71.78475,21.49404],[71.78481,21.49401],[71.7848,21.49395],[71.7848,21.49393],[71.78472,21.49386],[71.78468,21.49384],[71.78463,21.49372],[71.78467,21.49366],[71.78467,21.49357],[71.78471,21.49352],[71.78471,21.49343],[71.78474,21.4934],[71.78474,21.49333],[71.78474,21.49328],[71.78474,21.49325],[71.78481,21.49318],[71.7848,21.49314],[71.78488,21.49308],[71.78493,21.49301],[71.78498,21.49297],[71.78498,21.49291],[71.78501,21.49289],[71.78501,21.49283],[71.78504,21.49279],[71.78504,21.4927],[71.78511,21.49263],[71.78513,21.4925],[71.78518,21.49241],[71.7852,21.49234],[71.78517,21.49226],[71.78517,21.49221],[71.78515,21.49213],[71.78516,21.49202],[71.78518,21.49201]]]},"properties":{"PolygonId":1268,"Area":4586,"Subbasin":null}},
{"type":"Feature","geometry":{"type":"Polygon","coordinates":[[[71.78524,21.48967],[71.78529,21.48959],[71.78529,21.48954],[71.7853,21.48946],[71.78533,21.48944],[71.78534,21.48937],[71.78535,21.48933],[71.78533,21.48928],[71.78534,21.48922],[71.78537,21.48918],[71.78538,21.48911],[71.78543,21.48906],[71.78546,21.48907],[71.78547,21.48895],[71.78552,21.48884],[71.78561,21.48877],[71.7857,21.48866],[71.78575,21.48866],[71.78577,21.48859],[71.78581,21.48854],[71.78585,21.48854],[71.78591,21.48849],[71.78592,21.48846],[71.78596,21.48846],[71.78602,21.4884],[71.78603,21.48837],[71.78604,21.48832],[71.78616,21.48819],[71.78619,21.48819],[71.78623,21.48812],[71.78624,21.48807],[71.78624,21.48806],[71.78631,21.488],[71.78636,21.48798],[71.78636,21.48795],[71.7864,21.48789],[71.78647,21.48783],[71.78646,21.48775],[71.78645,21.48745],[71.78647,21.48742],[71.78663,21.48731],[71.78673,21.48718],[71.78673,21.48717],[71.78673,21.48712],[71.78672,21.487],[71.78678,21.487],[71.78677,21.48696],[71.78679,21.48689],[71.78682,21.48687],[71.78682,21.48682],[71.78689,21.48678],[71.78694,21.48673],[71.78718,21.48672],[71.78722,21.48667],[71.7873,21.48665],[71.78734,21.48662],[71.7875,21.4866],[71.78753,21.48658],[71.7876,21.48656],[71.78768,21.48656],[71.78776,21.48657],[71.78783,21.48661],[71.78798,21.4866],[71.78803,21.48655],[71.78803,21.4865],[71.7881,21.48644],[71.78811,21.48639],[71.78815,21.48633],[71.78824,21.48629],[71.78828,21.48623],[71.78834,21.48619],[71.78843,21.48611],[71.78843,21.48607],[71.78852,21.48604],[71.78857,21.48595],[71.7886,21.48595],[71.78865,21.4859],[71.78871,21.48582],[71.78883,21.48572],[71.78888,21.48569],[71.78894,21.48561],[71.78893,21.48556],[71.78894,21.48551],[71.78897,21.48547],[71.78903,21.48546],[71.78904,21.4854],[71.78909,21.48539],[71.78915,21.48536],[71.78922,21.48527],[71.78923,21.48527],[71.78926,21.48535],[71.7892,21.48542],[71.78915,21.48546],[71.78915,21.48549],[71.78911,21.48554],[71.78908,21.48561],[71.78901,21.48566],[71.78896,21.48574],[71.78896,21.48577],[71.78893,21.48581],[71.78895,21.48587],[71.78895,21.48593],[71.78898,21.48598],[71.78901,21.48605],[71.78902,21.48612],[71.78901,21.48624],[71.78899,21.48626],[71.789,21.48633],[71.78897,21.4864],[71.78893,21.48644],[71.78894,21.48649],[71.78892,21.48652],[71.78892,21.48657],[71.78886,21.48664],[71.78887,21.4867],[71.78884,21.48676],[71.78879,21.48681],[71.78875,21.48697],[71.78875,21.48706],[71.78873,21.48711],[71.78869,21.48713],[71.7887,21.48717],[71.78866,21.48723],[71.7886,21.48735],[71.7886,21.48744],[71.78856,21.4875],[71.78856,21.48759],[71.7886,21.48764],[71.78859,21.4877],[71.78859,21.48771],[71.78861,21.48781],[71.78863,21.48791],[71.78867,21.48797],[71.78866,21.48799],[71.78869,21.48805],[71.7887,21.48812],[71.78872,21.48816],[71.78872,21.48823],[71.78876,21.48828],[71.78876,21.48832],[71.7888,21.48836],[71.78882,21.4884],[71.78883,21.48863],[71.78884,21.4887],[71.78885,21.48872],[71.78884,21.48881],[71.78886,21.48909],[71.78884,21.48913],[71.78885,21.48917],[71.78882,21.48922],[71.78885,21.48926],[71.78886,21.48931],[71.78889,21.48934],[71.7889,21.48946],[71.78891,21.48946],[71.78893,21.4896],[71.78896,21.48964],[71.78896,21.48972],[71.78898,21.48982],[71.78905,21.48984],[71.78911,21.4899],[71.78914,21.48999],[71.78919,21.49001],[71.7892,21.49009],[71.78926,21.49018],[71.78928,21.49023],[71.78934,21.49031],[71.78934,21.49035],[71.7894,21.49041],[71.78941,21.49049],[71.78947,21.49055],[71.78949,21.49059],[71.78957,21.49063],[71.78958,21.49066],[71.78966,21.49072],[71.78966,21.49076],[71.7897,21.49078],[71.7897,21.49081],[71.78975,21.49084],[71.78976,21.49089],[71.78982,21.49092],[71.78981,21.49096],[71.78986,21.49097],[71.78987,21.49105],[71.78996,21.4911],[71.78999,21.49115],[71.79004,21.49118],[71.79004,21.49121],[71.79008,21.49125],[71.79017,21.49128],[71.79015,21.49132],[71.79015,21.49137],[71.79022,21.49143],[71.79025,21.4915],[71.79025,21.49158],[71.79028,21.4916],[71.79026,21.49166],[71.79022,21.49171],[71.79025,21.49176],[71.79028,21.49177],[71.79029,21.49185],[71.7904,21.49194],[71.79041,21.49204],[71.79048,21.49205],[71.79052,21.4921],[71.79061,21.4922],[71.79058,21.49224],[71.7906,21.49239],[71.79058,21.49248],[71.79054,21.49253],[71.79054,21.49264],[71.79053,21.4927],[71.79055,21.49271],[71.79054,21.49277],[71.79056,21.4928],[71.79057,21.49292],[71.7906,21.49296],[71.7906,21.49301],[71.79063,21.49304],[71.79065,21.49308],[71.7907,21.49314],[71.79072,21.49318],[71.79078,21.49322],[71.7908,21.49327],[71.79086,21.49332],[71.79087,21.49334],[71.79096,21.49342],[71.79099,21.49346],[71.79101,21.49355],[71.79099,21.49356],[71.79099,21.49364],[71.7909,21.49374],[71.79086,21.49374],[71.79085,21.49377],[71.79071,21.49387],[71.7906,21.49391],[71.79055,21.49398],[71.79049,21.494],[71.79048,21.49403],[71.79041,21.49407],[71.79037,21.49411],[71.79028,21.49416],[71.79028,21.49423],[71.79021,21.49425],[71.79013,21.49425],[71.79009,21.49428],[71.79011,21.49433],[71.79005,21.49438],[71.79004,21.49451],[71.79003,21.49462],[71.79002,21.49475],[71.78997,21.49484],[71.78993,21.49482],[71.78985,21.49483],[71.78981,21.49488],[71.78977,21.49499],[71.78973,21.49502],[71.78974,21.4951],[71.78969,21.49514],[71.78967,21.49519],[71.7896,21.49518],[71.78956,21.49524],[71.78952,21.49523],[71.7895,21.49531],[71.78943,21.49543],[71.78941,21.49544],[71.7894,21.4955],[71.78936,21.49548],[71.78918,21.49547],[71.78917,21.49552],[71.78913,21.49557],[71.78909,21.49559],[71.78903,21.4956],[71.78897,21.49564],[71.78887,21.49565],[71.78885,21.49571],[71.78878,21.49579],[71.78878,21.4958],[71.78867,21.49593],[71.78867,21.49595],[71.7886,21.49604],[71.78854,21.49614],[71.78852,21.49614],[71.78847,21.49621],[71.78845,21.49627],[71.78837,21.49633],[71.78838,21.49642],[71.78835,21.49643],[71.78834,21.49647],[71.78829,21.49651],[71.78829,21.49654],[71.78819,21.49662],[71.78817,21.49662],[71.78809,21.49668],[71.78802,21.49666],[71.78802,21.49662],[71.78806,21.49657],[71.78818,21.49646],[71.78816,21.49637],[71.78818,21.49631],[71.78821,21.49625],[71.78827,21.49625],[71.7883,21.49623],[71.78829,21.4962],[71.78833,21.49611],[71.78835,21.49598],[71.78834,21.49586],[71.78835,21.49581],[71.78839,21.49579],[71.78838,21.49572],[71.78848,21.49563],[71.78848,21.49549],[71.7885,21.49547],[71.78847,21.49542],[71.78843,21.49539],[71.78835,21.49538],[71.78834,21.49535],[71.78837,21.49531],[71.78827,21.49516],[71.78827,21.49514],[71.78827,21.49509],[71.78824,21.49505],[71.78827,21.49501],[71.78825,21.49491],[71.7882,21.49486],[71.78822,21.49484],[71.78819,21.49479],[71.78811,21.49474],[71.78808,21.49469],[71.78804,21.49469],[71.78797,21.49458],[71.78793,21.49456],[71.78791,21.49449],[71.78781,21.49442],[71.7878,21.49439],[71.78775,21.49432],[71.78764,21.49421],[71.78763,21.49417],[71.78756,21.4941],[71.78751,21.49404],[71.78747,21.49396],[71.78742,21.49391],[71.78741,21.49387],[71.78731,21.49372],[71.78725,21.49368],[71.78718,21.49365],[71.78709,21.49359],[71.78703,21.49358],[71.78702,21.49359],[71.78698,21.49355],[71.78695,21.4935],[71.78683,21.49343],[71.78681,21.49339],[71.78675,21.49334],[71.78675,21.4933],[71.78672,21.49328],[71.78665,21.49322],[71.78663,21.49322],[71.78656,21.49317],[71.78648,21.49306],[71.78642,21.49302],[71.78635,21.493],[71.78629,21.49294],[71.7862,21.49288],[71.78618,21.49283],[71.78612,21.49277],[71.78608,21.49277],[71.78603,21.49273],[71.78599,21.49273],[71.78597,21.49269],[71.78589,21.49265],[71.78587,21.49262],[71.78584,21.49262],[71.7858,21.49258],[71.78573,21.49249],[71.78564,21.49243],[71.7856,21.49238],[71.78559,21.49233],[71.78548,21.49226],[71.78543,21.49226],[71.78542,21.49223],[71.78533,21.49223],[71.78529,21.4922],[71.78525,21.49219],[71.78519,21.49216],[71.78519,21.4921],[71.78517,21.49207],[71.78519,21.49201],[71.78518,21.49201],[71.78516,21.49199],[71.78518,21.49193],[71.78517,21.49186],[71.78519,21.49181],[71.78519,21.49177],[71.78523,21.49169],[71.78531,21.49161],[71.78531,21.49153],[71.78538,21.49147],[71.7854,21.49142],[71.7854,21.49136],[71.78534,21.4913],[71.78532,21.49124],[71.78529,21.49122],[71.78526,21.49113],[71.78526,21.49106],[71.7852,21.49106],[71.78517,21.49103],[71.78517,21.49101],[71.78513,21.49099],[71.78516,21.49095],[71.78517,21.49089],[71.78515,21.49073],[71.7852,21.49068],[71.78523,21.49061],[71.78523,21.49057],[71.78521,21.49053],[71.78523,21.49048],[71.78523,21.49041],[71.78525,21.49039],[71.78525,21.49031],[71.78526,21.49017],[71.78531,21.49009],[71.78534,21.48994],[71.78532,21.48992],[71.78532,21.48985],[71.78535,21.4898],[71.78535,21.48975],[71.78533,21.48972],[71.78525,21.48968],[71.78524,21.48967]]]},"properties":{"PolygonId":1283,"Area":4356,"Subbasin":null}},
{"type":"Feature","geometry":{"type":"Polygon","coordinates":[[[71.78923,21.48527],[71.78924,21.48527],[71.78925,21.48522],[71.7892,21.48515],[71.78919,21.48509],[71.78921,21.48507],[71.78923,21.48498],[71.78927,21.48496],[71.78932,21.48481],[71.78932,21.48477],[71.78938,21.4847],[71.7894,21.48458],[71.7894,21.48457],[71.78943,21.48456],[71.78943,21.48451],[71.78946,21.4845],[71.78946,21.48449],[71.78948,21.48446],[71.78948,21.48444],[71.78952,21.48445],[71.78958,21.48443],[71.78963,21.48446],[71.78974,21.48448],[71.78984,21.48447],[71.78991,21.48445],[71.78999,21.48447],[71.79013,21.48444],[71.7902,21.48441],[71.79028,21.4844],[71.79035,21.48446],[71.7904,21.48446],[71.79053,21.48454],[71.79067,21.48454],[71.79071,21.48452],[71.79085,21.48451],[71.79088,21.48454],[71.79098,21.4846],[71.79102,21.48459],[71.79113,21.48462],[71.79113,21.48463],[71.79122,21.48461],[71.79128,21.48459],[71.79133,21.48455],[71.79138,21.48456],[71.79143,21.48454],[71.79146,21.48447],[71.7915,21.48445],[71.7915,21.4844],[71.79149,21.48436],[71.79156,21.48429],[71.79157,21.48422],[71.79163,21.48412],[71.79165,21.48402],[71.79171,21.48399],[71.79179,21.48392],[71.79189,21.48387],[71.79193,21.48386],[71.79201,21.4838],[71.79207,21.48376],[71.79216,21.48373],[71.79221,21.48368],[71.79229,21.48364],[71.79232,21.48362],[71.79238,21.4836],[71.79241,21.48357],[71.79247,21.48355],[71.7925,21.48352],[71.79258,21.48351],[71.79264,21.48347],[71.79269,21.48346],[71.79279,21.48342],[71.79282,21.4834],[71.79292,21.48339],[71.79299,21.48337],[71.79303,21.48341],[71.7931,21.4834],[71.79315,21.48344],[71.79323,21.48343],[71.79326,21.48348],[71.79331,21.48348],[71.79334,21.48346],[71.79337,21.48351],[71.79343,21.48351],[71.79347,21.48349],[71.79346,21.48366],[71.79348,21.48366],[71.79353,21.48366],[71.79376,21.48366],[71.79388,21.48367],[71.79395,21.48369],[71.79395,21.48373],[71.7939,21.48378],[71.79392,21.48383],[71.79392,21.48389],[71.79399,21.48391],[71.7942,21.48394],[71.79428,21.48402],[71.7943,21.48398],[71.7944,21.48397],[71.79444,21.48401],[71.79448,21.4841],[71.79462,21.48409],[71.79467,21.48413],[71.79471,21.48423],[71.79483,21.48424],[71.7949,21.48429],[71.79499,21.48429],[71.79519,21.48429],[71.79525,21.4843],[71.79555,21.4843],[71.79558,21.48431],[71.79559,21.48436],[71.79563,21.48437],[71.79565,21.48432],[71.79569,21.4843],[71.79581,21.48431],[71.79585,21.48434],[71.79592,21.48435],[71.79606,21.48434],[71.79605,21.48443],[71.7961,21.48446],[71.79616,21.48446],[71.79625,21.48449],[71.79627,21.48452],[71.79634,21.48452],[71.79641,21.48449],[71.79645,21.48449],[71.79648,21.48453],[71.79648,21.48456],[71.79665,21.48461],[71.79667,21.48464],[71.79678,21.48468],[71.79683,21.48468],[71.79686,21.48471],[71.79694,21.48474],[71.79699,21.48474],[71.79702,21.48477],[71.79709,21.4848],[71.79714,21.48485],[71.79714,21.48488],[71.79718,21.48493],[71.79719,21.485],[71.79725,21.48506],[71.79736,21.48513],[71.79736,21.48515],[71.79741,21.48516],[71.79744,21.48521],[71.7975,21.48523],[71.79752,21.48527],[71.7976,21.48534],[71.79766,21.48535],[71.79779,21.48535],[71.79785,21.48538],[71.79788,21.48546],[71.79791,21.48545],[71.79793,21.48552],[71.79796,21.48555],[71.79797,21.48569],[71.79795,21.48573],[71.79795,21.48578],[71.79793,21.48581],[71.79794,21.48587],[71.79789,21.48592],[71.79786,21.48598],[71.79788,21.48603],[71.79789,21.4861],[71.79791,21.48613],[71.79794,21.48623],[71.798,21.48634],[71.79801,21.48637],[71.79804,21.48643],[71.79806,21.4865],[71.79806,21.4866],[71.79803,21.48666],[71.79807,21.48672],[71.79811,21.48672],[71.79813,21.48676],[71.7982,21.48674],[71.79826,21.48683],[71.79826,21.48684],[71.7983,21.48691],[71.7984,21.48691],[71.79851,21.48687],[71.79856,21.4869],[71.7986,21.4869],[71.79862,21.48694],[71.79868,21.48699],[71.79874,21.48702],[71.79879,21.48702],[71.79888,21.48709],[71.79892,21.48713],[71.79895,21.48714],[71.79896,21.48721],[71.79901,21.4873],[71.79908,21.48734],[71.79908,21.48747],[71.79913,21.48751],[71.79919,21.48752],[71.79921,21.48757],[71.79928,21.48762],[71.79927,21.48766],[71.79918,21.48768],[71.79921,21.48773],[71.79921,21.48782],[71.79923,21.48787],[71.79926,21.48787],[71.79928,21.48793],[71.7993,21.48793],[71.7994,21.48806],[71.79942,21.48807],[71.7995,21.48815],[71.79952,21.48816],[71.79958,21.48821],[71.79962,21.48822],[71.79961,21.48826],[71.79966,21.48831],[71.79971,21.48832],[71.79975,21.48843],[71.79979,21.48848],[71.79985,21.48851],[71.79986,21.48855],[71.7999,21.48859],[71.79991,21.48862],[71.79996,21.48865],[71.79999,21.48869],[71.80003,21.48869],[71.80005,21.48875],[71.80005,21.48877],[71.80008,21.48877],[71.80015,21.48885],[71.80019,21.48891],[71.80029,21.489],[71.80032,21.48901],[71.80037,21.48909],[71.80045,21.48914],[71.80048,21.48918],[71.80054,21.48923],[71.80059,21.48928],[71.80063,21.48929],[71.80064,21.48934],[71.80072,21.48937],[71.80078,21.48943],[71.80082,21.48947],[71.80082,21.4895],[71.80087,21.48955],[71.80089,21.48953],[71.80095,21.48962],[71.80102,21.48965],[71.8011,21.48967],[71.80119,21.48972],[71.80127,21.48975],[71.80129,21.48978],[71.80129,21.4898],[71.80131,21.48985],[71.80131,21.48996],[71.80133,21.48999],[71.80133,21.49007],[71.80135,21.49019],[71.80138,21.49021],[71.80137,21.49028],[71.80139,21.49041],[71.8014,21.49042],[71.80141,21.49054],[71.80146,21.49074],[71.80147,21.49083],[71.80151,21.49095],[71.80151,21.49107],[71.80152,21.49109],[71.80152,21.49113],[71.80151,21.49118],[71.80152,21.49135],[71.80154,21.49137],[71.80157,21.49146],[71.8016,21.49151],[71.80162,21.49158],[71.80169,21.49161],[71.80179,21.49171],[71.80186,21.49182],[71.80186,21.49186],[71.80195,21.49197],[71.80195,21.49202],[71.80191,21.49204],[71.80189,21.49209],[71.80194,21.49213],[71.80198,21.49221],[71.802,21.49237],[71.80194,21.49238],[71.80196,21.49247],[71.80198,21.49249],[71.80195,21.49261],[71.80195,21.49265],[71.80192,21.49268],[71.80191,21.49282],[71.80188,21.49288],[71.80183,21.49296],[71.8018,21.49299],[71.8018,21.493],[71.80186,21.493],[71.80191,21.49306],[71.802,21.49308],[71.80205,21.49311],[71.80207,21.49311],[71.80213,21.49319],[71.80209,21.49327],[71.80211,21.49343],[71.80212,21.4935],[71.80207,21.49358],[71.80202,21.49359],[71.80192,21.49371],[71.8019,21.49381],[71.80187,21.49383],[71.80185,21.49391],[71.8018,21.49397],[71.80176,21.49398],[71.80173,21.49398],[71.80171,21.49397],[71.80165,21.494],[71.80155,21.49402],[71.80149,21.49407],[71.80145,21.49408],[71.80144,21.49411],[71.80135,21.49418],[71.80115,21.49417],[71.80109,21.49415],[71.80104,21.49417],[71.80097,21.49424],[71.80097,21.49431],[71.80093,21.49437],[71.80093,21.49441],[71.80086,21.49445],[71.80084,21.49455],[71.80079,21.4946],[71.8008,21.49468],[71.80076,21.49471],[71.80077,21.49478],[71.80073,21.49481],[71.80072,21.49481],[71.80074,21.49487],[71.80071,21.4949],[71.80072,21.49498],[71.80069,21.49501],[71.80064,21.49508],[71.80064,21.49515],[71.80062,21.49516],[71.80061,21.49522],[71.80057,21.49527],[71.80047,21.49533],[71.80044,21.49537],[71.80041,21.49537],[71.80035,21.49538],[71.80032,21.49543],[71.80031,21.49548],[71.80023,21.49549],[71.80023,21.49553],[71.80019,21.49559],[71.80021,21.49563],[71.80019,21.49567],[71.80018,21.49577],[71.80012,21.49584],[71.80006,21.49588],[71.80003,21.49591],[71.80002,21.49598],[71.80003,21.49603],[71.79998,21.49609],[71.79991,21.49613],[71.79983,21.49613],[71.79977,21.49619],[71.79971,21.49623],[71.79963,21.49624],[71.79963,21.49627],[71.79956,21.4963],[71.79954,21.49634],[71.79952,21.49643],[71.79945,21.4965],[71.7994,21.49655],[71.79931,21.49659],[71.79923,21.4966],[71.79921,21.49665],[71.79919,21.49665],[71.79919,21.49667],[71.7992,21.49674],[71.79923,21.49679],[71.79923,21.49682],[71.79916,21.49684],[71.79902,21.49698],[71.79901,21.49702],[71.79895,21.49707],[71.79894,21.49716],[71.79888,21.49721],[71.79888,21.49725],[71.79885,21.49728],[71.79881,21.49736],[71.79873,21.49743],[71.79872,21.49746],[71.79862,21.49755],[71.79854,21.49763],[71.79845,21.49769],[71.7984,21.49775],[71.79837,21.49775],[71.79824,21.49784],[71.79819,21.49784],[71.79812,21.49782],[71.79809,21.49778],[71.79804,21.4978],[71.79802,21.49777],[71.79793,21.49778],[71.79789,21.49774],[71.79785,21.49775],[71.79782,21.49782],[71.79776,21.49788],[71.79778,21.4979],[71.79777,21.49795],[71.79774,21.49797],[71.79764,21.49798],[71.7976,21.49806],[71.79754,21.4981],[71.79754,21.49815],[71.79748,21.4982],[71.79747,21.49825],[71.7974,21.49835],[71.79735,21.49835],[71.79729,21.49841],[71.79728,21.49846],[71.79724,21.49849],[71.79724,21.49852],[71.7972,21.49853],[71.79719,21.49859],[71.79709,21.49861],[71.79705,21.49863],[71.797,21.4987],[71.79701,21.49878],[71.79706,21.4988],[71.79706,21.49882],[71.79698,21.49882],[71.79699,21.49887],[71.79692,21.49893],[71.79684,21.49898],[71.79678,21.49905],[71.79672,21.49915],[71.79666,21.49922],[71.79658,21.49927],[71.79658,21.49929],[71.79653,21.49933],[71.79653,21.49937],[71.79649,21.49939],[71.79646,21.49953],[71.79639,21.49956],[71.79637,21.49959],[71.79631,21.49958],[71.79634,21.49951],[71.79631,21.49947],[71.79623,21.49943],[71.79614,21.49944],[71.79611,21.49941],[71.79602,21.49935],[71.79591,21.49937],[71.79585,21.49933],[71.7958,21.49935],[71.79579,21.49932],[71.79571,21.49928],[71.79566,21.49923],[71.79561,21.49923],[71.79559,21.49926],[71.79549,21.49923],[71.79547,21.49921],[71.7954,21.49921],[71.79535,21.4992],[71.79534,21.49915],[71.79526,21.49914],[71.79523,21.4991],[71.79514,21.49909],[71.79502,21.49903],[71.79497,21.49903],[71.79475,21.49914],[71.79475,21.49916],[71.79465,21.49915],[71.79459,21.49908],[71.7945,21.49908],[71.79444,21.49906],[71.7944,21.49906],[71.79436,21.49906],[71.79432,21.49906],[71.79428,21.49902],[71.79416,21.49901],[71.79407,21.49902],[71.79397,21.49909],[71.79387,21.49911],[71.79379,21.4991],[71.79377,21.49909],[71.79371,21.49909],[71.79361,21.49912],[71.79355,21.49915],[71.79348,21.49916],[71.79338,21.49918],[71.79336,21.49916],[71.79327,21.49916],[71.79319,21.49921],[71.79312,21.49922],[71.793,21.49922],[71.79291,21.49925],[71.79282,21.4992],[71.79277,21.4992],[71.79272,21.49922],[71.79264,21.49917],[71.79259,21.49918],[71.79252,21.49917],[71.79242,21.4992],[71.79236,21.49917],[71.79226,21.49918],[71.79224,21.4992],[71.79212,21.49921],[71.79209,21.49924],[71.79202,21.49926],[71.79191,21.49926],[71.7918,21.49922],[71.79168,21.49921],[71.79159,21.49919],[71.79151,21.49921],[71.79138,21.4992],[71.79128,21.49926],[71.79118,21.49926],[71.79116,21.49928],[71.79108,21.4993],[71.791,21.4993],[71.79095,21.49932],[71.7909,21.49932],[71.79085,21.49928],[71.79079,21.49919],[71.79076,21.49918],[71.79068,21.49914],[71.79059,21.49914],[71.79048,21.49912],[71.79036,21.49915],[71.79034,21.49917],[71.79016,21.49917],[71.7901,21.49913],[71.79,21.49915],[71.7899,21.49915],[71.78982,21.49919],[71.78978,21.49919],[71.78972,21.49922],[71.78967,21.4992],[71.78962,21.49924],[71.78957,21.49924],[71.78951,21.49922],[71.7895,21.49925],[71.78936,21.49926],[71.78932,21.49924],[71.78924,21.49924],[71.78922,21.49923],[71.78914,21.49923],[71.78909,21.49921],[71.78895,21.49919],[71.78886,21.49919],[71.78882,21.49912],[71.78871,21.49909],[71.78867,21.4991],[71.78865,21.49906],[71.78854,21.4991],[71.78847,21.49921],[71.78844,21.49923],[71.78843,21.49927],[71.78836,21.49931],[71.78835,21.49927],[71.78834,21.49916],[71.78835,21.49909],[71.78839,21.49907],[71.78838,21.49891],[71.78842,21.49888],[71.78844,21.49882],[71.78851,21.49878],[71.78852,21.49875],[71.78855,21.49874],[71.7886,21.49865],[71.78858,21.49859],[71.78865,21.49857],[71.78865,21.49851],[71.78871,21.49843],[71.78869,21.49837],[71.78871,21.49832],[71.78875,21.49831],[71.78874,21.49826],[71.78871,21.49825],[71.78871,21.49817],[71.78877,21.49809],[71.78878,21.49803],[71.78881,21.49803],[71.78884,21.49796],[71.7889,21.49794],[71.78892,21.4979],[71.78897,21.49787],[71.78899,21.49781],[71.78906,21.49778],[71.78906,21.49774],[71.7891,21.49767],[71.7891,21.49763],[71.78913,21.49758],[71.78918,21.49754],[71.78917,21.49749],[71.78933,21.49739],[71.78931,21.49732],[71.78934,21.49731],[71.78935,21.49723],[71.7894,21.49718],[71.78945,21.49714],[71.78945,21.49711],[71.78958,21.49701],[71.78959,21.4969],[71.78962,21.49686],[71.78969,21.49684],[71.78972,21.49681],[71.78985,21.49681],[71.78992,21.49678],[71.79005,21.49669],[71.79007,21.4966],[71.7901,21.49658],[71.79016,21.49658],[71.7902,21.49651],[71.79022,21.49642],[71.79024,21.49641],[71.79033,21.49641],[71.79034,21.49639],[71.79044,21.49635],[71.79044,21.49631],[71.79049,21.49628],[71.79056,21.49627],[71.79059,21.49622],[71.79059,21.49609],[71.7906,21.49604],[71.79062,21.49602],[71.79065,21.49596],[71.79065,21.49587],[71.79068,21.49583],[71.79067,21.49564],[71.79064,21.49561],[71.79071,21.49554],[71.79073,21.49548],[71.79073,21.49542],[71.79077,21.49537],[71.79077,21.49527],[71.79079,21.49525],[71.79078,21.49519],[71.79084,21.49504],[71.79087,21.495],[71.79084,21.49496],[71.79082,21.49488],[71.7908,21.49485],[71.79085,21.49478],[71.79085,21.49473],[71.79087,21.49469],[71.79093,21.4947],[71.79094,21.49467],[71.79103,21.49464],[71.79106,21.49457],[71.79115,21.49452],[71.79121,21.49453],[71.79129,21.49452],[71.79132,21.49448],[71.79136,21.49447],[71.79137,21.49451],[71.79142,21.49451],[71.79144,21.49447],[71.79152,21.49445],[71.79158,21.49435],[71.79155,21.49429],[71.79156,21.49423],[71.79159,21.49421],[71.79161,21.49407],[71.79165,21.49404],[71.79173,21.494],[71.7917,21.49392],[71.79173,21.49387],[71.79172,21.49375],[71.79168,21.4937],[71.79167,21.49362],[71.79163,21.49351],[71.79165,21.49344],[71.79163,21.4934],[71.79163,21.49331],[71.79165,21.49329],[71.79164,21.4932],[71.79162,21.49316],[71.79162,21.49307],[71.79159,21.49305],[71.79154,21.49304],[71.79152,21.49298],[71.79148,21.49297],[71.79146,21.49292],[71.79145,21.49288],[71.7914,21.49284],[71.79135,21.49282],[71.79131,21.49279],[71.79127,21.49277],[71.79122,21.49272],[71.79111,21.49264],[71.79106,21.49261],[71.79104,21.49255],[71.79095,21.49249],[71.79087,21.49241],[71.79083,21.49237],[71.79068,21.4922],[71.79065,21.49222],[71.79061,21.4922],[71.79052,21.4921],[71.79048,21.49205],[71.79041,21.49204],[71.7904,21.49194],[71.79029,21.49185],[71.79028,21.49177],[71.79025,21.49176],[71.79022,21.49171],[71.79026,21.49166],[71.79028,21.4916],[71.79025,21.49158],[71.79025,21.4915],[71.79022,21.49143],[71.79015,21.49137],[71.79015,21.49132],[71.79017,21.49128],[71.79008,21.49125],[71.79004,21.49121],[71.79004,21.49118],[71.78999,21.49115],[71.78996,21.4911],[71.78987,21.49105],[71.78986,21.49097],[71.78981,21.49096],[71.78982,21.49092],[71.78976,21.49089],[71.78975,21.49084],[71.7897,21.49081],[71.7897,21.49078],[71.78966,21.49076],[71.78966,21.49072],[71.78958,21.49066],[71.78957,21.49063],[71.78949,21.49059],[71.78947,21.49055],[71.78941,21.49049],[71.7894,21.49041],[71.78934,21.49035],[71.78934,21.49031],[71.78928,21.49023],[71.78926,21.49018],[71.7892,21.49009],[71.78919,21.49001],[71.78914,21.48999],[71.78911,21.4899],[71.78905,21.48984],[71.78898,21.48982],[71.78896,21.48972],[71.78896,21.48964],[71.78893,21.4896],[71.78891,21.48946],[71.7889,21.48946],[71.78889,21.48934],[71.78886,21.48931],[71.78885,21.48926],[71.78882,21.48922],[71.78885,21.48917],[71.78884,21.48913],[71.78886,21.48909],[71.78884,21.48881],[71.78885,21.48872],[71.78884,21.4887],[71.78883,21.48863],[71.78882,21.4884],[71.7888,21.48836],[71.78876,21.48832],[71.78876,21.48828],[71.78872,21.48823],[71.78872,21.48816],[71.7887,21.48812],[71.78869,21.48805],[71.78866,21.48799],[71.78867,21.48797],[71.78863,21.48791],[71.78861,21.48781],[71.78859,21.48771],[71.78859,21.4877],[71.7886,21.48764],[71.78856,21.48759],[71.78856,21.4875],[71.7886,21.48744],[71.7886,21.48735],[71.78866,21.48723],[71.7887,21.48717],[71.78869,21.48713],[71.78873,21.48711],[71.78875,21.48706],[71.78875,21.48697],[71.78879,21.48681],[71.78884,21.48676],[71.78887,21.4867],[71.78886,21.48664],[71.78892,21.48657],[71.78892,21.48652],[71.78894,21.48649],[71.78893,21.48644],[71.78897,21.4864],[71.789,21.48633],[71.78899,21.48626],[71.78901,21.48624],[71.78902,21.48612],[71.78901,21.48605],[71.78898,21.48598],[71.78895,21.48593],[71.78895,21.48587],[71.78893,21.48581],[71.78896,21.48577],[71.78896,21.48574],[71.78901,21.48566],[71.78908,21.48561],[71.78911,21.48554],[71.78915,21.48549],[71.78915,21.48546],[71.7892,21.48542],[71.78926,21.48535],[71.78923,21.48527]]]},"properties":{"PolygonId":1671,"Area":7214,"Subbasin":null}},
{"type":"Feature","geometry":{"type":"Polygon","coordinates":[[[71.78808,21.4639],[71.78808,21.46385],[71.78799,21.46373],[71.78797,21.46363],[71.78797,21.46355],[71.78793,21.46348],[71.78793,21.46343],[71.7879,21.46337],[71.7879,21.46331],[71.78788,21.46327],[71.78784,21.46323],[71.78783,21.46313],[71.78778,21.46307],[71.78777,21.46301],[71.78774,21.46297],[71.78773,21.46288],[71.78768,21.46278],[71.78767,21.46274],[71.78763,21.46272],[71.78763,21.46265],[71.78759,21.46261],[71.78759,21.46258],[71.78752,21.46251],[71.78751,21.46247],[71.78751,21.46237],[71.78744,21.46225],[71.78741,21.46217],[71.78741,21.46208],[71.78739,21.46204],[71.78739,21.46195],[71.78743,21.46191],[71.78742,21.46186],[71.78742,21.46179],[71.78746,21.46174],[71.78751,21.46165],[71.78752,21.46149],[71.78752,21.46143],[71.78758,21.4614],[71.7876,21.46136],[71.7876,21.46126],[71.78762,21.46117],[71.78762,21.46107],[71.78764,21.46106],[71.78763,21.46096],[71.78764,21.46092],[71.78761,21.4609],[71.78764,21.46075],[71.78766,21.46071],[71.78766,21.46063],[71.78771,21.46057],[71.78777,21.46051],[71.78778,21.46046],[71.78783,21.46044],[71.78785,21.46041],[71.78782,21.46029],[71.7878,21.46025],[71.7878,21.46017],[71.78768,21.46007],[71.78761,21.45999],[71.78761,21.45995],[71.78755,21.4599],[71.78746,21.45989],[71.78743,21.45985],[71.7874,21.45985],[71.78735,21.45982],[71.78735,21.4598],[71.78728,21.45972],[71.78727,21.45965],[71.78733,21.45963],[71.78733,21.45959],[71.78743,21.4595],[71.78741,21.45944],[71.78744,21.45939],[71.78748,21.45936],[71.78751,21.45932],[71.78757,21.45914],[71.78757,21.4591],[71.7876,21.45908],[71.7876,21.45902],[71.78766,21.45892],[71.78767,21.45886],[71.7877,21.45884],[71.7877,21.45879],[71.78775,21.45872],[71.78775,21.45865],[71.78777,21.45863],[71.78777,21.45858],[71.78779,21.45854],[71.78778,21.45851],[71.78778,21.45844],[71.78784,21.45842],[71.78787,21.45838],[71.78789,21.4583],[71.7879,21.45825],[71.78792,21.45821],[71.78792,21.45813],[71.78795,21.4581],[71.78798,21.45801],[71.78805,21.45791],[71.78808,21.45781],[71.78814,21.45771],[71.78814,21.45768],[71.7882,21.45763],[71.7882,21.45761],[71.78826,21.45751],[71.78826,21.45744],[71.78828,21.45741],[71.7883,21.45731],[71.78836,21.45726],[71.78836,21.45719],[71.78841,21.45716],[71.78842,21.45708],[71.78847,21.45702],[71.78846,21.45692],[71.78848,21.45691],[71.78847,21.45679],[71.7885,21.45677],[71.78851,21.45669],[71.78851,21.4566],[71.78851,21.4565],[71.78853,21.45649],[71.78852,21.45638],[71.78854,21.45635],[71.78853,21.45625],[71.78847,21.45623],[71.78841,21.45617],[71.78838,21.4562],[71.78831,21.45617],[71.78809,21.45616],[71.78806,21.45615],[71.78799,21.45614],[71.788,21.45606],[71.78805,21.45599],[71.78805,21.45584],[71.78802,21.45582],[71.78794,21.45581],[71.78794,21.45576],[71.78791,21.45576],[71.78791,21.4557],[71.78794,21.45568],[71.78794,21.45559],[71.78788,21.45553],[71.78792,21.45548],[71.78785,21.45535],[71.78784,21.45516],[71.78783,21.45516],[71.78783,21.45503],[71.78784,21.45502],[71.78783,21.45495],[71.78787,21.45493],[71.78785,21.45488],[71.78781,21.45488],[71.78781,21.45478],[71.78782,21.4547],[71.78785,21.45465],[71.78783,21.45459],[71.78779,21.45457],[71.78778,21.45448],[71.78786,21.45449],[71.78787,21.45443],[71.78791,21.45442],[71.78789,21.45435],[71.78783,21.45429],[71.7879,21.45422],[71.78794,21.45422],[71.78802,21.45419],[71.78804,21.45413],[71.78808,21.45411],[71.78815,21.4541],[71.78815,21.45408],[71.78822,21.45406],[71.78828,21.45408],[71.78836,21.45406],[71.7884,21.45409],[71.78843,21.45405],[71.78851,21.45404],[71.78854,21.45402],[71.78855,21.45398],[71.78858,21.45394],[71.78864,21.45393],[71.78871,21.45392],[71.78875,21.45395],[71.7888,21.45393],[71.78883,21.45397],[71.7889,21.45397],[71.78892,21.454],[71.78903,21.45399],[71.78903,21.45402],[71.78908,21.45407],[71.78926,21.45407],[71.78929,21.45409],[71.78934,21.45409],[71.78938,21.45411],[71.78937,21.45417],[71.78939,21.4542],[71.78944,21.4542],[71.78949,21.45425],[71.78955,21.45421],[71.78958,21.45417],[71.78966,21.4542],[71.78966,21.45424],[71.7897,21.45427],[71.78983,21.45435],[71.78988,21.45435],[71.78994,21.45433],[71.78994,21.45447],[71.78999,21.45447],[71.79002,21.45453],[71.79007,21.45452],[71.79012,21.45447],[71.79018,21.45448],[71.79019,21.45452],[71.79024,21.45453],[71.79024,21.45456],[71.79027,21.45457],[71.79035,21.45464],[71.79037,21.45464],[71.79043,21.45469],[71.79054,21.45475],[71.7906,21.45483],[71.79064,21.45484],[71.79072,21.45489],[71.79072,21.45492],[71.79083,21.45499],[71.79088,21.45505],[71.79099,21.4551],[71.79105,21.45508],[71.79108,21.4551],[71.79114,21.4551],[71.79116,21.4551],[71.79119,21.4551],[71.79126,21.45515],[71.79125,21.45521],[71.79131,21.45524],[71.79133,21.45527],[71.79139,21.45527],[71.79145,21.45531],[71.79151,21.45532],[71.79159,21.45537],[71.7916,21.45541],[71.79163,21.45547],[71.79169,21.45548],[71.79169,21.45552],[71.79167,21.45555],[71.79169,21.45562],[71.79172,21.45562],[71.79177,21.45568],[71.79181,21.45569],[71.79182,21.45575],[71.79184,21.45578],[71.79184,21.45586],[71.79188,21.45592],[71.79192,21.45596],[71.79201,21.45598],[71.79203,21.45601],[71.79209,21.456],[71.7921,21.45601],[71.79223,21.456],[71.79225,21.45601],[71.79225,21.4561],[71.79221,21.45622],[71.79218,21.45624],[71.79218,21.45631],[71.79217,21.45645],[71.79214,21.45651],[71.79214,21.45659],[71.79209,21.45664],[71.79197,21.45665],[71.79193,21.45669],[71.79192,21.45675],[71.79186,21.45678],[71.79183,21.45689],[71.79187,21.45692],[71.79189,21.45698],[71.79191,21.45698],[71.79193,21.45706],[71.79196,21.4571],[71.79197,21.45721],[71.792,21.45723],[71.792,21.45733],[71.79203,21.45734],[71.79208,21.45747],[71.79209,21.45758],[71.79212,21.4576],[71.79212,21.45764],[71.79209,21.45767],[71.79208,21.45772],[71.7921,21.45776],[71.79206,21.45778],[71.79204,21.45787],[71.79204,21.45795],[71.79202,21.45799],[71.79199,21.458],[71.79196,21.45805],[71.79199,21.45808],[71.79202,21.4582],[71.79201,21.45826],[71.79203,21.45828],[71.79203,21.45836],[71.79198,21.45844],[71.79194,21.4585],[71.79192,21.45856],[71.79191,21.45866],[71.79188,21.45868],[71.79188,21.45872],[71.79184,21.45879],[71.79179,21.45885],[71.79176,21.4589],[71.79177,21.45899],[71.79175,21.45904],[71.7917,21.45908],[71.79168,21.45924],[71.79158,21.45941],[71.79151,21.45945],[71.79151,21.4595],[71.79148,21.45955],[71.79146,21.45962],[71.79149,21.45966],[71.7915,21.45974],[71.79148,21.45975],[71.79146,21.45989],[71.79137,21.45995],[71.79136,21.46003],[71.79133,21.46004],[71.79133,21.46012],[71.7913,21.46021],[71.79123,21.46028],[71.79117,21.46031],[71.79117,21.46033],[71.79115,21.46039],[71.79116,21.46048],[71.79121,21.46056],[71.79125,21.46058],[71.79129,21.46074],[71.79129,21.46081],[71.79126,21.46084],[71.79126,21.46091],[71.79124,21.46091],[71.79119,21.46102],[71.79119,21.46109],[71.79117,21.46113],[71.79118,21.46118],[71.79115,21.4612],[71.79115,21.46125],[71.79113,21.46128],[71.79109,21.46125],[71.79109,21.46131],[71.79105,21.46134],[71.79105,21.46137],[71.79109,21.46138],[71.79107,21.46145],[71.7911,21.46153],[71.79108,21.46155],[71.79108,21.4616],[71.79106,21.4617],[71.79102,21.46172],[71.79105,21.46175],[71.79105,21.46181],[71.79111,21.46189],[71.7911,21.46194],[71.79117,21.46199],[71.79115,21.46202],[71.79112,21.46218],[71.79108,21.46226],[71.79104,21.46227],[71.79102,21.46238],[71.79102,21.46246],[71.79099,21.46247],[71.79095,21.46256],[71.79092,21.46257],[71.79088,21.46262],[71.79081,21.46266],[71.79075,21.46266],[71.79068,21.46269],[71.79066,21.46276],[71.79061,21.46275],[71.79049,21.46278],[71.79048,21.46282],[71.79048,21.46284],[71.79048,21.46288],[71.79045,21.46293],[71.79042,21.46294],[71.79041,21.46299],[71.79042,21.46307],[71.79038,21.46312],[71.79038,21.46321],[71.79035,21.46322],[71.79031,21.46331],[71.79031,21.46336],[71.79027,21.46343],[71.79029,21.46346],[71.79028,21.46351],[71.79023,21.46354],[71.79024,21.46358],[71.79018,21.46364],[71.79012,21.46369],[71.79009,21.46369],[71.79003,21.46374],[71.78997,21.46388],[71.78997,21.46393],[71.7899,21.46401],[71.7899,21.46407],[71.78985,21.46412],[71.78985,21.46421],[71.78981,21.46424],[71.78981,21.46428],[71.78973,21.46437],[71.7897,21.46449],[71.78973,21.46452],[71.78972,21.46462],[71.78973,21.46469],[71.78971,21.46474],[71.78966,21.46482],[71.78967,21.46487],[71.78959,21.46495],[71.78958,21.46502],[71.7895,21.46509],[71.78946,21.46509],[71.78942,21.46513],[71.78939,21.46514],[71.78935,21.46518],[71.78934,21.46523],[71.78931,21.46526],[71.78924,21.4654],[71.78921,21.46546],[71.78922,21.46549],[71.78914,21.46557],[71.78914,21.46559],[71.78905,21.46572],[71.78903,21.46579],[71.78901,21.46579],[71.78901,21.46587],[71.78898,21.46591],[71.78899,21.46597],[71.78896,21.46601],[71.78899,21.46606],[71.789,21.46615],[71.78898,21.46616],[71.789,21.46622],[71.789,21.46636],[71.78903,21.46641],[71.78902,21.46649],[71.789,21.4665],[71.78898,21.46658],[71.78893,21.46665],[71.78893,21.46667],[71.78887,21.46675],[71.78884,21.46677],[71.78883,21.46684],[71.7888,21.46689],[71.78875,21.46694],[71.78873,21.46702],[71.78868,21.46705],[71.78868,21.46703],[71.78869,21.46695],[71.78872,21.46685],[71.78878,21.46674],[71.78878,21.4667],[71.78876,21.46666],[71.78876,21.46661],[71.78877,21.46658],[71.78877,21.46653],[71.78879,21.46646],[71.78873,21.46637],[71.78874,21.46624],[71.7887,21.46615],[71.78865,21.46611],[71.78864,21.46606],[71.78866,21.46601],[71.78864,21.46598],[71.78865,21.46584],[71.78863,21.46583],[71.78862,21.46558],[71.7886,21.46556],[71.78859,21.46549],[71.78858,21.46545],[71.78852,21.46542],[71.7885,21.46536],[71.78847,21.46531],[71.78851,21.46526],[71.78851,21.46521],[71.78848,21.46511],[71.78843,21.46509],[71.78843,21.465],[71.78839,21.46493],[71.78838,21.46488],[71.78833,21.46478],[71.7883,21.46475],[71.78831,21.46461],[71.78822,21.46449],[71.7882,21.46441],[71.78814,21.46437],[71.78813,21.46426],[71.78811,21.4642],[71.78814,21.46416],[71.78813,21.46412],[71.78808,21.46407],[71.78808,21.464],[71.78806,21.46397],[71.7881,21.46394],[71.78808,21.4639]]]},"properties":{"PolygonId":1427,"Area":38775,"Subbasin":null}},
{"type":"Feature","geometry":{"type":"Polygon","coordinates":[[[71.7986,21.45807],[71.79868,21.45808],[71.79872,21.45803],[71.79879,21.45804],[71.79894,21.45803],[71.79896,21.45801],[71.79905,21.45798],[71.79905,21.45793],[71.79909,21.4579],[71.79907,21.45784],[71.79916,21.45777],[71.79923,21.45779],[71.79925,21.4578],[71.79932,21.45781],[71.79937,21.45785],[71.79945,21.45786],[71.79947,21.45787],[71.79953,21.45787],[71.79956,21.4579],[71.79964,21.45793],[71.79978,21.45794],[71.79988,21.45798],[71.79993,21.45801],[71.80004,21.458],[71.80007,21.45803],[71.80011,21.45802],[71.80015,21.45791],[71.80025,21.4578],[71.80025,21.45777],[71.80029,21.45774],[71.80034,21.45767],[71.80036,21.45756],[71.80042,21.45754],[71.80049,21.45745],[71.80051,21.45739],[71.80057,21.4573],[71.80064,21.45725],[71.80064,21.45722],[71.80067,21.45716],[71.80072,21.45712],[71.80071,21.45707],[71.80076,21.45704],[71.80077,21.45702],[71.80084,21.45697],[71.80085,21.45691],[71.80091,21.4569],[71.80099,21.45692],[71.80101,21.45696],[71.80102,21.45702],[71.80105,21.45707],[71.8011,21.45711],[71.80111,21.45715],[71.80117,21.45713],[71.80122,21.45713],[71.80128,21.45715],[71.80132,21.45711],[71.80136,21.45709],[71.80141,21.45704],[71.80147,21.45704],[71.80149,21.457],[71.80153,21.45699],[71.80153,21.45704],[71.80157,21.45712],[71.80161,21.45716],[71.80168,21.45715],[71.80169,21.45719],[71.80175,21.4572],[71.80181,21.45723],[71.80181,21.45728],[71.80184,21.4573],[71.80193,21.45726],[71.80199,21.45723],[71.80206,21.4572],[71.80209,21.45715],[71.80212,21.45703],[71.8022,21.457],[71.8023,21.45699],[71.80231,21.45697],[71.80244,21.45697],[71.80249,21.45695],[71.80251,21.45697],[71.80255,21.45693],[71.8026,21.45694],[71.80262,21.45687],[71.80272,21.45691],[71.80265,21.45696],[71.80262,21.45703],[71.80258,21.45705],[71.80256,21.45709],[71.8025,21.45713],[71.8025,21.45717],[71.80246,21.45719],[71.80244,21.45729],[71.80236,21.45739],[71.80229,21.45742],[71.80227,21.45747],[71.80224,21.45747],[71.8022,21.4575],[71.80217,21.45755],[71.80211,21.45758],[71.80202,21.4576],[71.80199,21.45763],[71.80195,21.45764],[71.80194,21.45769],[71.80197,21.45775],[71.80196,21.45782],[71.802,21.45787],[71.80206,21.45801],[71.80209,21.45802],[71.80211,21.45809],[71.80219,21.45813],[71.80219,21.4582],[71.80222,21.45822],[71.80231,21.45822],[71.80235,21.45825],[71.80239,21.4583],[71.80253,21.45838],[71.8026,21.45837],[71.80264,21.45842],[71.80269,21.45844],[71.80274,21.4585],[71.80281,21.4585],[71.8029,21.45855],[71.80292,21.45857],[71.80302,21.4586],[71.80312,21.45866],[71.8032,21.45869],[71.80326,21.45869],[71.80333,21.45871],[71.80337,21.45874],[71.80343,21.45874],[71.80345,21.45877],[71.80351,21.4588],[71.8036,21.45882],[71.80361,21.45885],[71.80372,21.45888],[71.8038,21.45893],[71.80364,21.45891],[71.80363,21.45893],[71.80369,21.45901],[71.80364,21.45903],[71.80364,21.45915],[71.80366,21.45916],[71.80365,21.45925],[71.80362,21.45929],[71.80361,21.45936],[71.80357,21.45946],[71.80357,21.45951],[71.8036,21.45953],[71.80361,21.45961],[71.80362,21.45963],[71.80362,21.4597],[71.8037,21.4598],[71.80371,21.45993],[71.80372,21.46001],[71.80377,21.46009],[71.80378,21.46029],[71.80378,21.46035],[71.8038,21.46041],[71.80374,21.46052],[71.80374,21.46053],[71.80372,21.46066],[71.8037,21.46069],[71.8037,21.46075],[71.80369,21.46077],[71.80371,21.46084],[71.80374,21.46098],[71.80373,21.46103],[71.80368,21.46112],[71.80366,21.46115],[71.80365,21.46119],[71.8036,21.46123],[71.80356,21.46123],[71.8035,21.46129],[71.80349,21.46132],[71.80349,21.46138],[71.80343,21.46143],[71.80341,21.4615],[71.80334,21.46155],[71.80329,21.46159],[71.80326,21.46161],[71.80321,21.46171],[71.80316,21.46176],[71.80311,21.46187],[71.80313,21.46208],[71.8031,21.46215],[71.80308,21.46223],[71.80308,21.46228],[71.80306,21.46238],[71.80306,21.46252],[71.80311,21.46256],[71.80311,21.46263],[71.80302,21.46273],[71.80299,21.46279],[71.803,21.46284],[71.80297,21.46287],[71.80296,21.463],[71.80293,21.46305],[71.80288,21.46307],[71.80283,21.46314],[71.80283,21.46317],[71.80278,21.46322],[71.80275,21.46325],[71.80267,21.46332],[71.80264,21.46332],[71.80258,21.46342],[71.80258,21.46345],[71.80254,21.46347],[71.80251,21.4635],[71.80248,21.46356],[71.80245,21.46358],[71.80243,21.46365],[71.80237,21.4637],[71.80236,21.46373],[71.80231,21.46377],[71.80224,21.46382],[71.80222,21.46387],[71.80215,21.46394],[71.80212,21.46395],[71.80206,21.46405],[71.80206,21.4641],[71.80199,21.46417],[71.80192,21.46422],[71.8019,21.46425],[71.80183,21.46431],[71.80178,21.46437],[71.80177,21.46442],[71.80162,21.46452],[71.8016,21.46455],[71.8016,21.46456],[71.8016,21.46459],[71.80145,21.46472],[71.80145,21.46476],[71.80141,21.46483],[71.80141,21.46487],[71.80136,21.46494],[71.80135,21.46496],[71.80129,21.46501],[71.80122,21.46514],[71.80122,21.46518],[71.80118,21.46521],[71.80115,21.46527],[71.80111,21.46528],[71.80107,21.46532],[71.80103,21.46541],[71.801,21.46542],[71.80097,21.46548],[71.80098,21.46551],[71.80094,21.4656],[71.8009,21.46564],[71.80088,21.46569],[71.80085,21.46572],[71.80085,21.46576],[71.80083,21.46581],[71.8008,21.46584],[71.80082,21.46589],[71.80087,21.46595],[71.80086,21.46605],[71.80088,21.4661],[71.80087,21.4662],[71.80089,21.46623],[71.80095,21.46626],[71.80095,21.46629],[71.8009,21.46628],[71.80083,21.46622],[71.80082,21.46616],[71.80083,21.4661],[71.80081,21.46605],[71.80075,21.46599],[71.80071,21.46598],[71.80071,21.4659],[71.8007,21.46587],[71.80075,21.46582],[71.80074,21.46573],[71.80075,21.46551],[71.80074,21.46547],[71.80074,21.46538],[71.80072,21.46534],[71.80066,21.46526],[71.8006,21.46522],[71.80063,21.46518],[71.80062,21.46509],[71.8006,21.46508],[71.80057,21.46502],[71.80059,21.46494],[71.80057,21.46481],[71.80057,21.46476],[71.80053,21.46474],[71.80048,21.46464],[71.80048,21.46459],[71.80042,21.46449],[71.80042,21.46428],[71.80041,21.46409],[71.80044,21.46406],[71.80042,21.46392],[71.8004,21.46387],[71.80039,21.46381],[71.80037,21.46378],[71.80034,21.46368],[71.80034,21.46367],[71.80032,21.46364],[71.80032,21.46354],[71.8003,21.46344],[71.80026,21.46338],[71.80026,21.46331],[71.80023,21.46326],[71.80019,21.46318],[71.80018,21.46306],[71.80011,21.46298],[71.80009,21.46275],[71.80007,21.46271],[71.80007,21.46262],[71.80005,21.46258],[71.80007,21.46249],[71.80004,21.46244],[71.80003,21.46234],[71.80007,21.46222],[71.80005,21.46203],[71.80006,21.46195],[71.80003,21.46188],[71.80003,21.46181],[71.79999,21.46174],[71.80002,21.46173],[71.80002,21.46168],[71.79998,21.46165],[71.79998,21.46161],[71.79989,21.46154],[71.79988,21.46144],[71.79986,21.4614],[71.79974,21.46127],[71.79974,21.46122],[71.79968,21.46115],[71.79961,21.461],[71.79957,21.46098],[71.79954,21.4609],[71.79952,21.46082],[71.79949,21.4608],[71.7995,21.46073],[71.79947,21.4607],[71.79948,21.46064],[71.79946,21.46057],[71.79938,21.46047],[71.79937,21.46042],[71.79923,21.46038],[71.79923,21.4603],[71.79921,21.46025],[71.79921,21.46018],[71.79918,21.46015],[71.79917,21.46009],[71.79914,21.46009],[71.79906,21.46002],[71.79906,21.45999],[71.79901,21.45995],[71.79897,21.45982],[71.79899,21.45974],[71.79902,21.45971],[71.79902,21.45967],[71.79909,21.45959],[71.79908,21.45951],[71.79909,21.45947],[71.799,21.45937],[71.799,21.45934],[71.79896,21.45926],[71.79891,21.45923],[71.79891,21.45917],[71.79895,21.45912],[71.79896,21.45902],[71.79893,21.45895],[71.7989,21.45891],[71.79881,21.45871],[71.79884,21.45868],[71.7988,21.45858],[71.79875,21.45853],[71.79871,21.45853],[71.79866,21.45845],[71.79862,21.45844],[71.79856,21.45839],[71.79856,21.45833],[71.79855,21.45824],[71.79858,21.4582],[71.7986,21.45807]]]},"properties":{"PolygonId":1441,"Area":20630,"Subbasin":null}},
{"type":"Feature","geometry":{"type":"Polygon","coordinates":[[[71.80095,21.46629],[71.80095,21.46626],[71.80089,21.46623],[71.80087,21.4662],[71.80088,21.4661],[71.80086,21.46605],[71.80087,21.46595],[71.80082,21.46589],[71.8008,21.46584],[71.80083,21.46581],[71.80085,21.46576],[71.80085,21.46572],[71.80088,21.46569],[71.8009,21.46564],[71.80094,21.4656],[71.80098,21.46551],[71.80097,21.46548],[71.801,21.46542],[71.80103,21.46541],[71.80107,21.46532],[71.80111,21.46528],[71.80115,21.46527],[71.80118,21.46521],[71.80122,21.46518],[71.80122,21.46514],[71.80129,21.46501],[71.80135,21.46496],[71.80136,21.46494],[71.80141,21.46487],[71.80141,21.46483],[71.80145,21.46476],[71.80145,21.46472],[71.8016,21.46459],[71.8016,21.46456],[71.8016,21.46455],[71.8017,21.46451],[71.8017,21.46449],[71.80177,21.46443],[71.80179,21.46441],[71.80187,21.46436],[71.80189,21.46432],[71.80201,21.46423],[71.80207,21.46423],[71.80213,21.46417],[71.80235,21.46395],[71.80236,21.46393],[71.80241,21.46389],[71.80247,21.46382],[71.8026,21.46377],[71.80263,21.46371],[71.80264,21.4637],[71.8027,21.46362],[71.80272,21.46362],[71.80271,21.46358],[71.80279,21.46348],[71.80287,21.46346],[71.80288,21.46344],[71.80295,21.4634],[71.80304,21.46333],[71.80304,21.46331],[71.80312,21.46323],[71.80318,21.4632],[71.8032,21.46317],[71.80327,21.46312],[71.80336,21.46309],[71.80338,21.46303],[71.80346,21.463],[71.80359,21.463],[71.80363,21.46295],[71.80371,21.46295],[71.80383,21.46286],[71.80388,21.46281],[71.80399,21.46275],[71.80403,21.46268],[71.80408,21.46267],[71.80422,21.4625],[71.80428,21.4625],[71.80431,21.46246],[71.80438,21.46244],[71.80448,21.46237],[71.80455,21.46233],[71.80458,21.46227],[71.80463,21.46224],[71.80466,21.46219],[71.80469,21.46217],[71.80477,21.46208],[71.80477,21.46204],[71.80481,21.462],[71.80483,21.46195],[71.80483,21.4619],[71.80488,21.46186],[71.80488,21.46182],[71.80491,21.46178],[71.80496,21.46169],[71.80502,21.46162],[71.80507,21.46158],[71.80507,21.46156],[71.80516,21.46151],[71.80524,21.46141],[71.80524,21.46138],[71.8053,21.46132],[71.80535,21.4613],[71.80541,21.46124],[71.80547,21.46124],[71.80551,21.46122],[71.80556,21.46121],[71.80566,21.46118],[71.80571,21.46112],[71.80579,21.46108],[71.80586,21.46108],[71.80591,21.46106],[71.80598,21.461],[71.806,21.46095],[71.80602,21.46093],[71.80602,21.46087],[71.8061,21.46083],[71.80615,21.46078],[71.80616,21.46072],[71.8062,21.4607],[71.80631,21.46076],[71.80637,21.46084],[71.80644,21.4609],[71.8065,21.46099],[71.8065,21.46102],[71.80655,21.46109],[71.80659,21.46111],[71.80662,21.46114],[71.80663,21.46119],[71.80662,21.46138],[71.80669,21.46143],[71.80672,21.46144],[71.80679,21.46148],[71.80682,21.46153],[71.80686,21.46155],[71.80693,21.46162],[71.80698,21.46161],[71.80708,21.46162],[71.80714,21.46164],[71.80719,21.46164],[71.80721,21.46167],[71.80728,21.46167],[71.80737,21.46174],[71.8074,21.46173],[71.80744,21.4618],[71.80743,21.46192],[71.80748,21.46195],[71.80752,21.46194],[71.80756,21.46198],[71.80762,21.46198],[71.80768,21.46206],[71.8077,21.46206],[71.80775,21.46213],[71.80786,21.46219],[71.8079,21.46225],[71.808,21.46233],[71.80804,21.4624],[71.80811,21.46245],[71.80825,21.46248],[71.80825,21.46254],[71.80831,21.46254],[71.80833,21.46258],[71.80831,21.46261],[71.80831,21.46269],[71.80825,21.4627],[71.80824,21.46277],[71.80826,21.46286],[71.80825,21.46288],[71.80823,21.46302],[71.80825,21.46305],[71.80825,21.46318],[71.80828,21.46321],[71.80839,21.46319],[71.80841,21.46317],[71.80845,21.46319],[71.80849,21.46316],[71.80855,21.46318],[71.8086,21.46316],[71.80862,21.46311],[71.80861,21.46304],[71.80862,21.46299],[71.80871,21.46298],[71.80873,21.46294],[71.80878,21.46297],[71.80881,21.46294],[71.80881,21.46289],[71.80888,21.46287],[71.80899,21.46277],[71.80906,21.46277],[71.80903,21.46284],[71.80903,21.46288],[71.80899,21.4629],[71.80894,21.46298],[71.80888,21.46298],[71.80888,21.46301],[71.80891,21.46303],[71.80888,21.46308],[71.80888,21.46312],[71.80885,21.46316],[71.80879,21.46315],[71.80875,21.46316],[71.80875,21.4632],[71.8087,21.46322],[71.80869,21.46327],[71.80863,21.46328],[71.80863,21.46331],[71.80853,21.46333],[71.80851,21.46332],[71.8083,21.46333],[71.8083,21.46342],[71.80827,21.4635],[71.80829,21.46351],[71.80824,21.46358],[71.80823,21.46366],[71.80825,21.4637],[71.80822,21.46372],[71.80821,21.46381],[71.80814,21.46379],[71.80813,21.46385],[71.8081,21.46391],[71.80812,21.46402],[71.80808,21.46409],[71.80806,21.46415],[71.80806,21.46428],[71.80804,21.4643],[71.80803,21.46437],[71.80795,21.46446],[71.80789,21.46447],[71.80787,21.46444],[71.80777,21.46445],[71.80769,21.46442],[71.80758,21.46444],[71.80751,21.46447],[71.80746,21.46447],[71.80737,21.46452],[71.8072,21.46453],[71.80716,21.4645],[71.80709,21.4645],[71.80704,21.46447],[71.80697,21.46448],[71.80681,21.46446],[71.8067,21.46452],[71.80665,21.46453],[71.80657,21.46462],[71.80651,21.46467],[71.80648,21.46467],[71.80645,21.46472],[71.80638,21.46474],[71.80633,21.46477],[71.80627,21.46478],[71.80625,21.46481],[71.80613,21.46482],[71.8061,21.46484],[71.80603,21.46484],[71.80594,21.46486],[71.80583,21.46486],[71.80582,21.46487],[71.80571,21.46486],[71.80565,21.4649],[71.80556,21.46492],[71.80553,21.46494],[71.8055,21.46494],[71.80541,21.46494],[71.80533,21.46496],[71.8053,21.46491],[71.80523,21.4649],[71.80522,21.46496],[71.80517,21.46503],[71.80511,21.46504],[71.80508,21.46508],[71.80502,21.46511],[71.80499,21.46517],[71.80493,21.46517],[71.80484,21.46524],[71.80481,21.46524],[71.80476,21.46528],[71.8047,21.46528],[71.80461,21.46534],[71.80451,21.46535],[71.80443,21.4654],[71.80435,21.46542],[71.80427,21.46548],[71.8042,21.46549],[71.80414,21.46554],[71.80404,21.46558],[71.80391,21.46559],[71.8039,21.46561],[71.80383,21.46561],[71.80373,21.46566],[71.80369,21.46566],[71.80356,21.46572],[71.80345,21.46573],[71.80335,21.46581],[71.80328,21.46582],[71.80318,21.4659],[71.80318,21.46593],[71.80306,21.46602],[71.80299,21.46605],[71.80288,21.46612],[71.80278,21.46612],[71.80267,21.46617],[71.80262,21.46617],[71.8026,21.4662],[71.80257,21.4662],[71.80249,21.46621],[71.80244,21.46625],[71.80236,21.46627],[71.80229,21.46631],[71.80221,21.46637],[71.80212,21.4664],[71.80205,21.46645],[71.80198,21.46645],[71.80196,21.46647],[71.80176,21.46652],[71.80172,21.46655],[71.80167,21.46654],[71.80161,21.46656],[71.80154,21.4666],[71.80151,21.46664],[71.80147,21.46664],[71.80144,21.46667],[71.80138,21.46668],[71.80126,21.46677],[71.80125,21.4668],[71.80124,21.46691],[71.80122,21.46694],[71.80121,21.46694],[71.8012,21.46689],[71.80116,21.46685],[71.80113,21.46685],[71.80105,21.46681],[71.80095,21.46681],[71.80097,21.46677],[71.80101,21.46673],[71.80104,21.46667],[71.80104,21.4666],[71.80098,21.46654],[71.80097,21.4665],[71.80097,21.4664],[71.80097,21.46637],[71.80095,21.46632],[71.80095,21.46629]]]},"properties":{"PolygonId":1048,"Area":57880,"Subbasin":null}},
{"type":"Feature","geometry":{"type":"Polygon","coordinates":[[[71.80058,21.46959],[71.80059,21.4696],[71.80075,21.46952],[71.80077,21.46947],[71.80083,21.4694],[71.80086,21.46935],[71.80086,21.46932],[71.80093,21.46927],[71.80092,21.46924],[71.80093,21.46913],[71.80096,21.46912],[71.80097,21.46908],[71.80101,21.46905],[71.8011,21.46905],[71.80111,21.469],[71.80114,21.46899],[71.80115,21.46899],[71.80119,21.46898],[71.80123,21.46893],[71.80126,21.46887],[71.80131,21.46885],[71.80133,21.46881],[71.80141,21.46884],[71.8015,21.46882],[71.80155,21.4688],[71.80159,21.46876],[71.80161,21.4687],[71.80165,21.46868],[71.80171,21.46868],[71.80174,21.46866],[71.8018,21.46865],[71.80185,21.46863],[71.80194,21.46862],[71.802,21.46858],[71.80211,21.46856],[71.80216,21.46852],[71.80225,21.46848],[71.80227,21.46846],[71.80234,21.46845],[71.80249,21.46832],[71.80257,21.46828],[71.80261,21.46821],[71.80266,21.46819],[71.80271,21.46813],[71.80278,21.46811],[71.80282,21.46808],[71.80294,21.46805],[71.80299,21.46801],[71.80307,21.468],[71.80313,21.46798],[71.80318,21.46798],[71.80324,21.46794],[71.8033,21.46794],[71.80334,21.46791],[71.80338,21.46791],[71.80345,21.46785],[71.80351,21.46784],[71.80354,21.46782],[71.80362,21.46783],[71.80364,21.46781],[71.80379,21.46778],[71.80382,21.46776],[71.80388,21.46775],[71.80394,21.46773],[71.80396,21.4677],[71.80406,21.46762],[71.80413,21.46758],[71.80417,21.46758],[71.80422,21.46753],[71.8043,21.46751],[71.80438,21.46752],[71.80441,21.46751],[71.80452,21.46751],[71.80455,21.46755],[71.80463,21.46758],[71.80476,21.46757],[71.8048,21.46756],[71.80484,21.4676],[71.8049,21.4676],[71.80494,21.4676],[71.80499,21.46759],[71.80504,21.46756],[71.80516,21.46762],[71.80524,21.46763],[71.8053,21.46762],[71.80536,21.46757],[71.80549,21.46754],[71.80552,21.46752],[71.80557,21.46751],[71.80559,21.46749],[71.80569,21.46745],[71.80581,21.46745],[71.80587,21.46743],[71.80588,21.46743],[71.80595,21.46746],[71.80601,21.46742],[71.80601,21.4674],[71.80607,21.46734],[71.80613,21.46729],[71.80616,21.46732],[71.80625,21.46732],[71.80628,21.46734],[71.80632,21.4673],[71.80637,21.4673],[71.80644,21.46733],[71.80651,21.46733],[71.80652,21.46731],[71.80661,21.46729],[71.80667,21.46732],[71.80671,21.46736],[71.80685,21.46735],[71.80687,21.46728],[71.8069,21.46727],[71.80691,21.46721],[71.80694,21.4672],[71.80702,21.46712],[71.80703,21.46709],[71.80708,21.46707],[71.80712,21.46702],[71.80718,21.46702],[71.8072,21.46699],[71.80725,21.46698],[71.80728,21.46692],[71.80743,21.4668],[71.80749,21.46679],[71.80755,21.46679],[71.80762,21.46676],[71.80772,21.46676],[71.80781,21.46674],[71.80783,21.46671],[71.80789,21.46667],[71.80793,21.4666],[71.808,21.46659],[71.80802,21.46662],[71.80815,21.46656],[71.80818,21.46653],[71.80824,21.46656],[71.80835,21.46655],[71.8084,21.46652],[71.80843,21.46656],[71.80847,21.46658],[71.80847,21.46661],[71.80856,21.46664],[71.80862,21.46662],[71.80871,21.46654],[71.80874,21.46659],[71.80878,21.46659],[71.80883,21.46655],[71.80888,21.46656],[71.80894,21.46655],[71.80897,21.46657],[71.80903,21.46655],[71.80903,21.46662],[71.80895,21.4667],[71.80894,21.46675],[71.8089,21.4668],[71.80878,21.46686],[71.8088,21.46692],[71.80876,21.46697],[71.8087,21.46701],[71.80866,21.46705],[71.80868,21.46712],[71.80863,21.46713],[71.80861,21.46715],[71.80863,21.46719],[71.80863,21.46726],[71.80868,21.46731],[71.80859,21.46733],[71.80854,21.46735],[71.80847,21.46735],[71.80845,21.46738],[71.80844,21.46746],[71.80843,21.46748],[71.80842,21.46755],[71.8084,21.46759],[71.80842,21.46763],[71.80844,21.4677],[71.80841,21.46775],[71.80844,21.46781],[71.80845,21.46786],[71.80837,21.46795],[71.8084,21.46797],[71.8084,21.46815],[71.80838,21.4682],[71.80836,21.46829],[71.80837,21.46833],[71.80834,21.46841],[71.80835,21.46844],[71.80829,21.46853],[71.80819,21.46853],[71.80816,21.46851],[71.8081,21.46852],[71.80804,21.46848],[71.80798,21.46849],[71.80792,21.4685],[71.80787,21.46849],[71.80771,21.4685],[71.80764,21.46851],[71.80756,21.4685],[71.8075,21.46852],[71.80745,21.46848],[71.80741,21.46846],[71.80734,21.46847],[71.80733,21.46851],[71.80729,21.46852],[71.80722,21.46858],[71.80719,21.46858],[71.80717,21.46863],[71.80708,21.46867],[71.80701,21.46873],[71.80698,21.46873],[71.80693,21.46877],[71.80694,21.4688],[71.80683,21.4689],[71.80677,21.46888],[71.80673,21.46888],[71.80665,21.469],[71.8066,21.46901],[71.80658,21.46904],[71.80654,21.46904],[71.80648,21.46908],[71.80638,21.46915],[71.80633,21.46918],[71.80626,21.46919],[71.80611,21.46926],[71.80607,21.46929],[71.806,21.46931],[71.80587,21.4694],[71.80578,21.46942],[71.8057,21.46948],[71.80563,21.4695],[71.80558,21.46951],[71.80554,21.46955],[71.80553,21.46955],[71.8055,21.46957],[71.80549,21.46965],[71.80548,21.46966],[71.80548,21.46974],[71.80541,21.46987],[71.80541,21.46989],[71.80534,21.46995],[71.80527,21.46996],[71.80523,21.47],[71.80517,21.47002],[71.80511,21.47007],[71.80506,21.47007],[71.805,21.4701],[71.80496,21.4701],[71.80492,21.47014],[71.80488,21.47016],[71.80481,21.47017],[71.80479,21.47015],[71.80471,21.47013],[71.80458,21.4702],[71.80454,21.47027],[71.80445,21.47031],[71.80441,21.47035],[71.80438,21.47035],[71.80425,21.47044],[71.80418,21.47047],[71.80417,21.47051],[71.80403,21.47053],[71.80399,21.47051],[71.80394,21.47048],[71.80388,21.47049],[71.80382,21.47048],[71.80377,21.47042],[71.80373,21.47041],[71.80367,21.47035],[71.80361,21.47035],[71.8036,21.47033],[71.8036,21.47029],[71.8035,21.47022],[71.80346,21.47017],[71.80339,21.47018],[71.80332,21.47014],[71.80324,21.47015],[71.8032,21.47013],[71.80313,21.47013],[71.80311,21.47012],[71.80297,21.47011],[71.80292,21.4701],[71.80286,21.47006],[71.80282,21.47006],[71.80276,21.47],[71.8027,21.46996],[71.80269,21.46992],[71.80257,21.46989],[71.8025,21.46986],[71.80237,21.46986],[71.80227,21.46988],[71.80225,21.4699],[71.80217,21.4699],[71.80209,21.46991],[71.80205,21.46993],[71.80199,21.46993],[71.80191,21.47001],[71.80183,21.47001],[71.80172,21.47004],[71.80168,21.47003],[71.80148,21.47004],[71.80142,21.47003],[71.80134,21.47006],[71.80132,21.4701],[71.80117,21.47015],[71.80114,21.47019],[71.80107,21.47024],[71.80103,21.47025],[71.80095,21.47034],[71.80084,21.47042],[71.8008,21.47051],[71.80077,21.47053],[71.8007,21.47066],[71.80066,21.47076],[71.80061,21.47078],[71.80061,21.47081],[71.8005,21.47092],[71.80051,21.47098],[71.80047,21.471],[71.80045,21.47108],[71.80043,21.4711],[71.80038,21.47112],[71.80035,21.47116],[71.80034,21.47121],[71.80028,21.47129],[71.80025,21.47131],[71.80025,21.47137],[71.80017,21.47148],[71.80017,21.47156],[71.8001,21.47162],[71.80007,21.47171],[71.79996,21.47179],[71.79996,21.47186],[71.79992,21.47186],[71.79986,21.47195],[71.79981,21.47196],[71.79981,21.47199],[71.79978,21.47205],[71.79978,21.47208],[71.79975,21.47212],[71.79974,21.47217],[71.79971,21.4722],[71.79972,21.47225],[71.79969,21.47226],[71.79971,21.47231],[71.79968,21.47236],[71.79964,21.47236],[71.7996,21.47244],[71.79957,21.47246],[71.79953,21.47252],[71.79952,21.47259],[71.79955,21.47259],[71.79955,21.47266],[71.79952,21.47266],[71.7995,21.47271],[71.7995,21.47276],[71.79946,21.4728],[71.79946,21.47284],[71.79943,21.47286],[71.79942,21.47293],[71.79932,21.47294],[71.79934,21.47302],[71.79929,21.47306],[71.79925,21.47314],[71.79926,21.47317],[71.79924,21.47322],[71.79927,21.47326],[71.79924,21.47328],[71.79924,21.47332],[71.79921,21.47332],[71.7992,21.47333],[71.79919,21.47335],[71.79919,21.47336],[71.79918,21.47336],[71.79917,21.47336],[71.79915,21.4734],[71.7991,21.47341],[71.79902,21.47341],[71.79899,21.47345],[71.79892,21.47345],[71.7989,21.47349],[71.79883,21.47349],[71.79882,21.47349],[71.79879,21.47348],[71.79883,21.47345],[71.79885,21.47339],[71.79889,21.47337],[71.79889,21.47327],[71.79896,21.47325],[71.79899,21.47321],[71.79899,21.47318],[71.79905,21.47312],[71.79915,21.4731],[71.79916,21.47308],[71.79922,21.47306],[71.79922,21.47299],[71.79919,21.47298],[71.79923,21.47284],[71.79921,21.47283],[71.79921,21.4728],[71.79927,21.47273],[71.79925,21.47269],[71.79925,21.47262],[71.79921,21.47261],[71.79919,21.47256],[71.79922,21.47249],[71.7992,21.47248],[71.79917,21.47239],[71.79921,21.47237],[71.79922,21.47237],[71.79923,21.47237],[71.79927,21.47234],[71.7993,21.47228],[71.79928,21.47222],[71.79929,21.47216],[71.79934,21.47212],[71.7994,21.47212],[71.79941,21.47209],[71.79939,21.47202],[71.79943,21.47199],[71.79944,21.47194],[71.79947,21.47193],[71.79952,21.47186],[71.79952,21.4718],[71.79951,21.47178],[71.7995,21.47169],[71.79953,21.47155],[71.79952,21.47145],[71.79954,21.47143],[71.79955,21.47135],[71.79958,21.47133],[71.79957,21.47124],[71.79954,21.47124],[71.79954,21.4711],[71.79957,21.47104],[71.79958,21.47094],[71.79961,21.47093],[71.79961,21.47089],[71.79965,21.47087],[71.79968,21.47083],[71.79979,21.47072],[71.79979,21.47069],[71.79992,21.47056],[71.79993,21.47051],[71.79993,21.47046],[71.79998,21.47042],[71.79998,21.47038],[71.80007,21.4703],[71.80012,21.47027],[71.80012,21.47023],[71.80016,21.47019],[71.8002,21.47017],[71.80019,21.47013],[71.80024,21.47013],[71.80034,21.47007],[71.80036,21.46999],[71.80035,21.46995],[71.80038,21.46993],[71.80036,21.46989],[71.8004,21.46984],[71.80044,21.46984],[71.80048,21.46979],[71.80047,21.46976],[71.80055,21.46965],[71.80057,21.46959],[71.80058,21.46959]]]},"properties":{"PolygonId":1440,"Area":55263,"Subbasin":null}},
{"type":"Feature","geometry":{"type":"Polygon","coordinates":[[[71.8074,21.47255],[71.80752,21.47254],[71.80752,21.47258],[71.80763,21.47263],[71.80773,21.47265],[71.80776,21.47265],[71.80784,21.47265],[71.80794,21.47265],[71.80795,21.47265],[71.80807,21.47265],[71.80821,21.47275],[71.80825,21.47274],[71.80829,21.47276],[71.80833,21.47281],[71.80838,21.47283],[71.80843,21.47287],[71.80851,21.47286],[71.80861,21.47286],[71.80862,21.47289],[71.80867,21.47289],[71.80869,21.47289],[71.8087,21.47287],[71.80879,21.47288],[71.80886,21.47287],[71.80888,21.47287],[71.80889,21.47286],[71.80897,21.47285],[71.809,21.47287],[71.80906,21.47288],[71.80912,21.47294],[71.80923,21.47293],[71.80924,21.47295],[71.80931,21.47292],[71.80938,21.47293],[71.80952,21.47292],[71.80962,21.4729],[71.80972,21.47295],[71.80992,21.47298],[71.80997,21.47301],[71.81009,21.47301],[71.81013,21.47302],[71.81028,21.47301],[71.8104,21.47313],[71.81044,21.47316],[71.81069,21.47315],[71.81078,21.47311],[71.81083,21.47311],[71.81086,21.47309],[71.81092,21.47309],[71.81096,21.47304],[71.81107,21.47303],[71.81113,21.47296],[71.8112,21.47294],[71.81127,21.4729],[71.81129,21.47286],[71.81133,21.47286],[71.81135,21.47281],[71.81143,21.47277],[71.81147,21.47272],[71.81152,21.47268],[71.81157,21.47268],[71.81164,21.47263],[71.8117,21.47263],[71.81175,21.4726],[71.81178,21.47255],[71.81189,21.47252],[71.81197,21.47248],[71.81201,21.47248],[71.81203,21.47244],[71.81207,21.47242],[71.81216,21.47241],[71.81218,21.4724],[71.81225,21.47238],[71.81227,21.47239],[71.81232,21.47238],[71.81235,21.47234],[71.8124,21.47232],[71.81242,21.47229],[71.81246,21.47228],[71.81245,21.47222],[71.81246,21.47217],[71.81244,21.47211],[71.81244,21.47205],[71.81243,21.47198],[71.81241,21.47195],[71.81245,21.47189],[71.81249,21.47186],[71.81253,21.47186],[71.81255,21.47182],[71.8126,21.47181],[71.81264,21.47177],[71.8127,21.47172],[71.81275,21.47172],[71.81279,21.4717],[71.81281,21.47162],[71.81285,21.47159],[71.81286,21.47155],[71.81291,21.47152],[71.81294,21.47146],[71.81295,21.47137],[71.81298,21.47136],[71.81299,21.4713],[71.81306,21.47129],[71.81311,21.47123],[71.81319,21.47124],[71.81322,21.47122],[71.81326,21.47128],[71.81325,21.47134],[71.81327,21.47137],[71.8132,21.47144],[71.81322,21.47151],[71.81318,21.47152],[71.81314,21.4716],[71.81315,21.47176],[71.81319,21.47181],[71.8132,21.47185],[71.81323,21.47193],[71.81322,21.47197],[71.81325,21.47201],[71.81325,21.47208],[71.81327,21.47209],[71.81329,21.47216],[71.8133,21.47232],[71.81331,21.47236],[71.81334,21.47237],[71.81332,21.47246],[71.81333,21.47254],[71.81334,21.47258],[71.81335,21.47271],[71.81336,21.47272],[71.81337,21.47282],[71.81336,21.47289],[71.81337,21.47294],[71.81333,21.47302],[71.81331,21.47312],[71.8133,21.47335],[71.81333,21.47339],[71.81332,21.47345],[71.81335,21.47358],[71.81337,21.47361],[71.81337,21.4737],[71.81339,21.47382],[71.81341,21.47383],[71.81342,21.47395],[71.81347,21.47409],[71.81347,21.47413],[71.81349,21.47421],[71.8135,21.47432],[71.81351,21.47433],[71.81352,21.47442],[71.81356,21.47446],[71.81353,21.47454],[71.8135,21.47455],[71.81348,21.4746],[71.81339,21.47463],[71.81337,21.47467],[71.81338,21.47473],[71.81332,21.47476],[71.81332,21.47479],[71.81325,21.47483],[71.81325,21.47488],[71.81316,21.47489],[71.81316,21.47502],[71.8132,21.47512],[71.81321,21.47522],[71.81321,21.47536],[71.81315,21.47544],[71.81305,21.4755],[71.81293,21.47558],[71.81289,21.47559],[71.81287,21.47562],[71.8128,21.47563],[71.81274,21.47569],[71.81274,21.4758],[71.81269,21.47581],[71.81262,21.47589],[71.81254,21.47591],[71.81254,21.47594],[71.81249,21.47597],[71.81245,21.47603],[71.81246,21.47608],[71.81249,21.47612],[71.8125,21.47617],[71.81248,21.4762],[71.81242,21.4762],[71.81249,21.47626],[71.81253,21.47632],[71.81255,21.47638],[71.81258,21.47644],[71.81261,21.47646],[71.81261,21.47651],[71.81265,21.47656],[71.81273,21.47666],[71.81277,21.47672],[71.81277,21.47678],[71.8128,21.47684],[71.8128,21.47693],[71.81283,21.47695],[71.81282,21.477],[71.81284,21.47704],[71.81282,21.47708],[71.8128,21.47719],[71.81271,21.47717],[71.81263,21.4772],[71.81256,21.47724],[71.81251,21.47724],[71.81244,21.47723],[71.8123,21.47728],[71.81225,21.47732],[71.81219,21.47732],[71.81215,21.47731],[71.81196,21.47736],[71.81196,21.47741],[71.81193,21.47742],[71.81176,21.4774],[71.81168,21.47741],[71.81167,21.47739],[71.81158,21.47738],[71.81149,21.47744],[71.81138,21.47745],[71.81136,21.47748],[71.81131,21.4775],[71.81124,21.47749],[71.81116,21.47755],[71.81111,21.47756],[71.81104,21.47762],[71.81097,21.47762],[71.8109,21.4776],[71.81086,21.4777],[71.81077,21.47772],[71.81074,21.47776],[71.81056,21.47781],[71.81054,21.47778],[71.81044,21.4778],[71.81036,21.47775],[71.8103,21.47769],[71.81029,21.47769],[71.81027,21.47773],[71.81022,21.47776],[71.81015,21.47777],[71.81011,21.47784],[71.80992,21.47784],[71.80989,21.47782],[71.80981,21.47782],[71.80982,21.47771],[71.80978,21.47767],[71.80961,21.47763],[71.80955,21.47768],[71.8095,21.47764],[71.80949,21.47758],[71.80942,21.47757],[71.80931,21.47757],[71.80927,21.47755],[71.80926,21.47751],[71.80916,21.47751],[71.80915,21.47749],[71.80908,21.47747],[71.80896,21.47748],[71.80894,21.47746],[71.80881,21.47746],[71.80867,21.47742],[71.80857,21.47742],[71.80848,21.47741],[71.80838,21.47746],[71.8083,21.47747],[71.80828,21.47747],[71.80824,21.47742],[71.80817,21.4774],[71.8081,21.47736],[71.80805,21.47737],[71.80803,21.47735],[71.80797,21.47736],[71.80795,21.47733],[71.80788,21.47733],[71.8078,21.47734],[71.80771,21.47733],[71.80767,21.47734],[71.80762,21.47734],[71.80761,21.47735],[71.80752,21.47735],[71.80745,21.47734],[71.80738,21.47734],[71.80733,21.47734],[71.80724,21.47734],[71.80723,21.47736],[71.80717,21.47735],[71.8071,21.47736],[71.80707,21.47734],[71.80703,21.47737],[71.80693,21.47737],[71.80689,21.47737],[71.80685,21.4774],[71.80681,21.47736],[71.80674,21.47735],[71.80668,21.47732],[71.80661,21.47733],[71.80659,21.47731],[71.80649,21.47726],[71.80631,21.47728],[71.8063,21.47727],[71.80618,21.47727],[71.80616,21.47727],[71.80611,21.47731],[71.80601,21.47735],[71.80595,21.47734],[71.80592,21.47736],[71.80587,21.47734],[71.8058,21.47735],[71.80577,21.47732],[71.80567,21.47731],[71.80564,21.4773],[71.80562,21.4773],[71.80548,21.4773],[71.80537,21.47738],[71.80534,21.47738],[71.8053,21.47741],[71.80524,21.47741],[71.80514,21.47749],[71.80507,21.4775],[71.80503,21.47754],[71.80493,21.47754],[71.8049,21.47753],[71.80475,21.47746],[71.8047,21.47746],[71.80464,21.47744],[71.80443,21.47745],[71.80434,21.47744],[71.80431,21.47747],[71.80416,21.47746],[71.80415,21.47748],[71.80408,21.4775],[71.80402,21.47748],[71.80373,21.47747],[71.80368,21.47752],[71.80358,21.47753],[71.80354,21.47755],[71.80353,21.47751],[71.80339,21.47752],[71.80333,21.47754],[71.80326,21.47758],[71.8032,21.47761],[71.80315,21.47757],[71.8031,21.47749],[71.80306,21.47747],[71.803,21.47748],[71.80295,21.47746],[71.80295,21.47744],[71.80287,21.47737],[71.8028,21.47735],[71.80281,21.47725],[71.80277,21.47725],[71.80275,21.47727],[71.80271,21.47738],[71.80265,21.4774],[71.80258,21.47741],[71.80257,21.47742],[71.80242,21.47749],[71.80239,21.47749],[71.80233,21.47751],[71.80225,21.4776],[71.80222,21.4776],[71.80217,21.47764],[71.80201,21.47771],[71.80193,21.47775],[71.80189,21.47779],[71.80183,21.47781],[71.80172,21.4778],[71.80169,21.47783],[71.8016,21.47784],[71.80149,21.47792],[71.80141,21.47795],[71.80141,21.47798],[71.80136,21.47803],[71.8013,21.47801],[71.80126,21.47797],[71.80117,21.47798],[71.80111,21.47794],[71.80108,21.47794],[71.80105,21.47795],[71.80095,21.47792],[71.80095,21.47791],[71.80086,21.47788],[71.8008,21.47789],[71.8008,21.47784],[71.80077,21.47781],[71.80063,21.47779],[71.80052,21.47779],[71.80043,21.47786],[71.80038,21.47788],[71.8002,21.47792],[71.80012,21.47792],[71.80008,21.47793],[71.80007,21.47796],[71.79997,21.47796],[71.79996,21.47795],[71.79985,21.47794],[71.7998,21.47793],[71.79973,21.47793],[71.79968,21.47788],[71.79961,21.47788],[71.79959,21.47786],[71.79952,21.47785],[71.7995,21.47784],[71.79936,21.47781],[71.7993,21.47779],[71.79925,21.47775],[71.79915,21.47771],[71.79909,21.47771],[71.79903,21.47766],[71.79893,21.47765],[71.79879,21.47756],[71.79868,21.47752],[71.7986,21.47744],[71.79856,21.47742],[71.79845,21.47739],[71.79835,21.47731],[71.79833,21.47727],[71.79833,21.47725],[71.79831,21.47723],[71.79831,21.47716],[71.79827,21.47713],[71.79827,21.47704],[71.79823,21.47696],[71.79816,21.47691],[71.79815,21.47686],[71.79813,21.47684],[71.79812,21.47678],[71.79804,21.47667],[71.79804,21.47665],[71.79803,21.47665],[71.79803,21.47664],[71.79803,21.47663],[71.79802,21.4766],[71.79802,21.47657],[71.79811,21.47644],[71.79812,21.47635],[71.79815,21.47628],[71.79822,21.47621],[71.79823,21.47618],[71.79827,21.47613],[71.79831,21.47607],[71.79835,21.47605],[71.79842,21.47599],[71.79845,21.47595],[71.79855,21.47586],[71.79859,21.47581],[71.79865,21.47577],[71.79869,21.47573],[71.7987,21.47567],[71.79876,21.47561],[71.79876,21.47558],[71.79879,21.47554],[71.7988,21.47544],[71.79881,21.47539],[71.79886,21.47533],[71.79885,21.4753],[71.79882,21.47526],[71.79881,21.47522],[71.79873,21.4751],[71.79865,21.47502],[71.79861,21.475],[71.79861,21.47495],[71.79857,21.47492],[71.79854,21.47476],[71.79852,21.47474],[71.79848,21.47467],[71.79842,21.47463],[71.79842,21.47457],[71.79838,21.47452],[71.79837,21.47449],[71.79841,21.47448],[71.79841,21.47444],[71.79836,21.47441],[71.79835,21.47432],[71.79827,21.4743],[71.79825,21.47421],[71.79828,21.47419],[71.79833,21.47419],[71.7984,21.47415],[71.79842,21.47413],[71.79847,21.47411],[71.79858,21.47401],[71.79866,21.47396],[71.79867,21.47391],[71.79865,21.47385],[71.7987,21.47381],[71.79872,21.47376],[71.79874,21.47376],[71.79877,21.4737],[71.79882,21.47365],[71.79879,21.4736],[71.79882,21.47358],[71.79882,21.4735],[71.79879,21.47348],[71.79882,21.47349],[71.79883,21.47349],[71.7989,21.47349],[71.79892,21.47345],[71.79899,21.47345],[71.79902,21.47341],[71.7991,21.47341],[71.79915,21.4734],[71.79917,21.47336],[71.79918,21.47336],[71.7992,21.47336],[71.79926,21.47337],[71.79929,21.47333],[71.79939,21.47334],[71.79942,21.47329],[71.79956,21.47329],[71.79966,21.47333],[71.79968,21.47328],[71.79972,21.47331],[71.79978,21.47331],[71.79984,21.47329],[71.79986,21.47326],[71.79997,21.47323],[71.8,21.47325],[71.80008,21.47324],[71.80012,21.4732],[71.80019,21.47318],[71.8002,21.47316],[71.8003,21.47313],[71.80037,21.4731],[71.80041,21.47313],[71.80049,21.47307],[71.80061,21.47305],[71.8007,21.47298],[71.80078,21.47299],[71.80079,21.47297],[71.80085,21.47294],[71.8009,21.47295],[71.80094,21.47293],[71.80098,21.47287],[71.80111,21.47285],[71.80116,21.47282],[71.80119,21.47282],[71.80123,21.47278],[71.80129,21.47278],[71.80142,21.47274],[71.80146,21.47271],[71.80151,21.4727],[71.80155,21.47273],[71.80164,21.47271],[71.80166,21.47273],[71.80175,21.47271],[71.80177,21.47269],[71.80182,21.47269],[71.80185,21.47266],[71.80187,21.47261],[71.80192,21.47256],[71.80202,21.47257],[71.80212,21.47253],[71.80228,21.47256],[71.80233,21.4726],[71.80248,21.47259],[71.80258,21.47261],[71.80266,21.47266],[71.80281,21.47265],[71.80289,21.47269],[71.80293,21.4727],[71.80301,21.47277],[71.80311,21.47282],[71.80312,21.47285],[71.80314,21.47285],[71.80319,21.47287],[71.8032,21.47287],[71.80328,21.47287],[71.80329,21.47288],[71.80344,21.47285],[71.80352,21.47284],[71.80357,21.47287],[71.80364,21.47286],[71.80371,21.47284],[71.80385,21.47283],[71.80392,21.47277],[71.80406,21.47274],[71.8041,21.47274],[71.80417,21.47272],[71.80428,21.4727],[71.80437,21.47266],[71.80443,21.47265],[71.80445,21.47262],[71.80452,21.47259],[71.80457,21.47252],[71.80471,21.47241],[71.80476,21.4724],[71.80483,21.47237],[71.80486,21.47233],[71.80489,21.47233],[71.80494,21.47227],[71.80504,21.47225],[71.80507,21.47225],[71.80512,21.47224],[71.80515,21.47227],[71.80526,21.47224],[71.80526,21.47221],[71.80537,21.47221],[71.80549,21.47219],[71.80551,21.47218],[71.80553,21.47218],[71.80558,21.47219],[71.80565,21.47217],[71.80572,21.47212],[71.80577,21.47212],[71.80581,21.47209],[71.80588,21.47211],[71.80594,21.4721],[71.80609,21.47211],[71.80615,21.47214],[71.80618,21.47218],[71.80627,21.47218],[71.80632,21.47221],[71.80642,21.4722],[71.80647,21.47221],[71.80654,21.47228],[71.80657,21.4723],[71.80663,21.47227],[71.80674,21.47227],[71.80682,21.47231],[71.8069,21.4723],[71.80693,21.47235],[71.80693,21.47239],[71.80699,21.47238],[71.80701,21.4724],[71.80707,21.4724],[71.80708,21.47243],[71.80714,21.47249],[71.80718,21.47248],[71.80725,21.47253],[71.8073,21.47256],[71.80737,21.47257],[71.8074,21.47256],[71.8074,21.47255]]]},"properties":{"PolygonId":487,"Area":29869,"Subbasin":null}},
{"type":"Feature","geometry":{"type":"Polygon","coordinates":[[[71.81401,21.48582],[71.81404,21.48582],[71.8141,21.48584],[71.81412,21.4859],[71.81417,21.48593],[71.81418,21.48598],[71.81423,21.486],[71.81433,21.48609],[71.81439,21.48611],[71.81458,21.48624],[71.81467,21.4862],[71.81477,21.4862],[71.81482,21.48617],[71.81491,21.48617],[71.81495,21.48615],[71.81503,21.48616],[71.81505,21.48614],[71.81514,21.48614],[71.81517,21.48611],[71.81524,21.4861],[71.81526,21.48607],[71.81537,21.48608],[71.81539,21.4861],[71.81545,21.48609],[71.81548,21.48612],[71.81552,21.48609],[71.81556,21.48612],[71.81571,21.48611],[71.81574,21.48613],[71.81585,21.48612],[71.81591,21.48607],[71.81594,21.48607],[71.81598,21.48609],[71.81599,21.48609],[71.81606,21.48608],[71.81615,21.4861],[71.81618,21.48614],[71.81624,21.48617],[71.81632,21.48617],[71.81642,21.48618],[71.81645,21.48616],[71.81648,21.48616],[71.81653,21.48617],[71.81658,21.4862],[71.81661,21.48625],[71.81665,21.48624],[71.8167,21.48627],[71.81679,21.48627],[71.81688,21.48635],[71.81692,21.48635],[71.81697,21.48639],[71.81702,21.48639],[71.81708,21.4864],[71.81712,21.48639],[71.81718,21.48639],[71.81722,21.48645],[71.81732,21.48647],[71.8174,21.48647],[71.81748,21.48652],[71.81752,21.48651],[71.81757,21.48655],[71.81776,21.48655],[71.81783,21.48658],[71.81787,21.48658],[71.8179,21.48662],[71.81802,21.48666],[71.81809,21.48664],[71.81813,21.48667],[71.81817,21.48667],[71.8182,21.48672],[71.81824,21.48673],[71.81832,21.48678],[71.81848,21.48678],[71.8185,21.48681],[71.81854,21.4868],[71.81861,21.48682],[71.81864,21.48685],[71.81865,21.48689],[71.81869,21.48691],[71.81869,21.48694],[71.81874,21.48697],[71.81877,21.48702],[71.8188,21.48703],[71.81881,21.48707],[71.81887,21.48712],[71.81889,21.48716],[71.8189,21.48725],[71.81893,21.48729],[71.81898,21.48734],[71.81902,21.48746],[71.81903,21.48747],[71.81905,21.48759],[71.81908,21.48764],[71.81908,21.4877],[71.81912,21.4878],[71.81912,21.48786],[71.81912,21.48788],[71.81914,21.4879],[71.81915,21.48799],[71.81915,21.48815],[71.81913,21.48817],[71.81913,21.48823],[71.81916,21.4883],[71.81914,21.48835],[71.81915,21.48838],[71.81915,21.48839],[71.81919,21.48842],[71.81928,21.48842],[71.81929,21.48839],[71.81939,21.48835],[71.81947,21.48836],[71.81951,21.48835],[71.81956,21.48837],[71.81975,21.48836],[71.81978,21.48838],[71.81979,21.48848],[71.8198,21.48851],[71.81987,21.48862],[71.81987,21.48867],[71.8199,21.48873],[71.81989,21.48877],[71.8199,21.4889],[71.81989,21.48894],[71.81991,21.48908],[71.81996,21.48909],[71.81999,21.48913],[71.82007,21.48913],[71.82015,21.48918],[71.8202,21.48918],[71.82027,21.48915],[71.82034,21.48916],[71.82039,21.4892],[71.82043,21.48918],[71.82047,21.4892],[71.82049,21.48925],[71.82053,21.48928],[71.82053,21.4893],[71.82065,21.48933],[71.82075,21.48933],[71.82079,21.48931],[71.82079,21.48937],[71.82092,21.48936],[71.82097,21.48938],[71.82104,21.48943],[71.82105,21.48945],[71.82112,21.4895],[71.82121,21.4895],[71.82125,21.48953],[71.82133,21.48953],[71.82149,21.48956],[71.82151,21.48947],[71.82157,21.4895],[71.82157,21.48954],[71.82165,21.48959],[71.82168,21.48964],[71.82179,21.48966],[71.82179,21.48969],[71.82186,21.48971],[71.82188,21.48978],[71.82192,21.4898],[71.82193,21.48983],[71.82202,21.48985],[71.82209,21.48992],[71.8221,21.48996],[71.82216,21.48999],[71.82216,21.49003],[71.8222,21.4901],[71.82226,21.49015],[71.82224,21.49019],[71.82225,21.49027],[71.82221,21.49029],[71.82222,21.49034],[71.82223,21.49048],[71.82222,21.49052],[71.82229,21.49063],[71.82224,21.49067],[71.82226,21.49071],[71.82234,21.49078],[71.82236,21.49089],[71.82241,21.49092],[71.82241,21.49111],[71.82243,21.49116],[71.82242,21.49122],[71.82237,21.49121],[71.82234,21.49124],[71.82234,21.49133],[71.82229,21.49139],[71.82222,21.49142],[71.82221,21.4914],[71.82219,21.49139],[71.82213,21.49132],[71.82214,21.49129],[71.82199,21.4913],[71.82191,21.49129],[71.82187,21.49125],[71.82181,21.49128],[71.82171,21.4913],[71.82166,21.49125],[71.82158,21.4912],[71.8216,21.49115],[71.8216,21.4911],[71.82166,21.49105],[71.82167,21.49101],[71.82162,21.49098],[71.82162,21.49089],[71.82162,21.49081],[71.8216,21.49077],[71.8216,21.4907],[71.82164,21.49062],[71.82164,21.49059],[71.82168,21.49057],[71.82159,21.49049],[71.82152,21.49046],[71.82152,21.49044],[71.82142,21.49038],[71.82141,21.49034],[71.82137,21.49034],[71.82135,21.49031],[71.8213,21.49033],[71.82121,21.49032],[71.82116,21.49033],[71.82109,21.49033],[71.82107,21.4903],[71.821,21.4903],[71.82097,21.49027],[71.82086,21.49026],[71.82079,21.4903],[71.82056,21.49028],[71.82052,21.49028],[71.82041,21.49026],[71.82037,21.49021],[71.82027,21.49021],[71.82022,21.49018],[71.82019,21.49015],[71.82011,21.49015],[71.82008,21.49018],[71.82008,21.49021],[71.82003,21.49024],[71.82001,21.49027],[71.82003,21.4903],[71.82001,21.49033],[71.82001,21.4904],[71.81999,21.49041],[71.81998,21.49048],[71.81992,21.49052],[71.81992,21.49055],[71.81989,21.49058],[71.81989,21.49063],[71.81986,21.49065],[71.81986,21.49069],[71.81987,21.49079],[71.81983,21.49089],[71.81978,21.49092],[71.81978,21.49098],[71.81974,21.49101],[71.81973,21.49107],[71.81969,21.4911],[71.81963,21.49116],[71.81955,21.49122],[71.8195,21.49121],[71.81947,21.49125],[71.81938,21.49127],[71.8193,21.49127],[71.81927,21.49131],[71.81926,21.49132],[71.81921,21.49137],[71.81908,21.49144],[71.81901,21.49146],[71.819,21.49148],[71.81894,21.49148],[71.81894,21.49151],[71.81889,21.49152],[71.81888,21.49157],[71.81884,21.49158],[71.81882,21.49163],[71.81881,21.49163],[71.81878,21.49168],[71.81871,21.49169],[71.81869,21.49175],[71.81866,21.49178],[71.81862,21.49179],[71.81861,21.49182],[71.81858,21.49187],[71.81855,21.49188],[71.81854,21.49193],[71.81844,21.49199],[71.81836,21.49208],[71.81831,21.49208],[71.81827,21.49206],[71.81821,21.49207],[71.81813,21.49203],[71.81807,21.49203],[71.81801,21.49207],[71.81788,21.49211],[71.8177,21.49211],[71.81763,21.49218],[71.81757,21.49221],[71.81749,21.4922],[71.81744,21.49223],[71.81744,21.49227],[71.81731,21.49233],[71.81729,21.49237],[71.81723,21.49241],[71.81718,21.4924],[71.81716,21.49246],[71.8171,21.49246],[71.81708,21.4925],[71.81701,21.49255],[71.81697,21.49252],[71.81683,21.49252],[71.81678,21.49253],[71.81676,21.49249],[71.81666,21.49246],[71.81662,21.49243],[71.81656,21.49245],[71.81654,21.49248],[71.81647,21.49247],[71.81644,21.49251],[71.81632,21.49254],[71.81631,21.49254],[71.81624,21.49253],[71.81602,21.49257],[71.81597,21.49255],[71.81595,21.49253],[71.81589,21.49249],[71.81583,21.49255],[71.81574,21.49254],[71.81571,21.49256],[71.81559,21.49255],[71.81554,21.49257],[71.81545,21.49255],[71.81541,21.49258],[71.81538,21.49258],[71.81525,21.49257],[71.81523,21.49259],[71.81514,21.49254],[71.81513,21.4925],[71.81509,21.4925],[71.81503,21.49245],[71.81498,21.49235],[71.81493,21.49234],[71.81486,21.49227],[71.81485,21.49223],[71.81476,21.49219],[71.81472,21.49218],[71.8147,21.49214],[71.81464,21.49214],[71.81462,21.4921],[71.81456,21.49209],[71.81456,21.49206],[71.81452,21.49203],[71.81452,21.49198],[71.81447,21.49195],[71.81446,21.49189],[71.81442,21.49183],[71.81441,21.49178],[71.81437,21.49173],[71.8143,21.49171],[71.81427,21.49167],[71.81423,21.49168],[71.81418,21.49164],[71.81412,21.49162],[71.81412,21.49157],[71.81407,21.49152],[71.81404,21.49145],[71.81404,21.49142],[71.81403,21.4914],[71.81395,21.49137],[71.8139,21.49132],[71.8138,21.49133],[71.81378,21.4913],[71.8137,21.49131],[71.81365,21.4913],[71.81365,21.49127],[71.81359,21.49124],[71.81359,21.49121],[71.81354,21.49117],[71.81353,21.49113],[71.81347,21.49108],[71.81348,21.49105],[71.81344,21.49101],[71.81338,21.49097],[71.81332,21.49099],[71.81322,21.49099],[71.8132,21.49097],[71.81312,21.49099],[71.8131,21.49104],[71.81303,21.49097],[71.81303,21.49092],[71.81296,21.49087],[71.81291,21.49087],[71.8128,21.49086],[71.81278,21.4908],[71.81271,21.49082],[71.81272,21.49087],[71.81269,21.49091],[71.8126,21.49093],[71.81258,21.49098],[71.81258,21.49101],[71.8125,21.49103],[71.81248,21.49105],[71.81246,21.49111],[71.81235,21.49115],[71.81225,21.49116],[71.81223,21.49119],[71.81216,21.4912],[71.81216,21.49126],[71.81218,21.49132],[71.81211,21.49137],[71.81208,21.49144],[71.81208,21.4915],[71.81204,21.4915],[71.81197,21.49158],[71.8119,21.49162],[71.81191,21.49164],[71.81189,21.49171],[71.81185,21.49171],[71.81184,21.49177],[71.81177,21.49177],[71.81174,21.49179],[71.81167,21.4918],[71.81161,21.49178],[71.81157,21.4918],[71.81153,21.4919],[71.81146,21.4919],[71.81146,21.49194],[71.81142,21.49199],[71.81137,21.49199],[71.8113,21.49201],[71.8111,21.49201],[71.81098,21.49201],[71.81092,21.49202],[71.81089,21.49206],[71.81077,21.49208],[71.81071,21.4921],[71.81067,21.49215],[71.81061,21.49217],[71.81052,21.49218],[71.81041,21.49224],[71.81035,21.49225],[71.81023,21.49231],[71.81021,21.49233],[71.81008,21.49239],[71.81005,21.49241],[71.80998,21.49246],[71.80996,21.49248],[71.80985,21.49252],[71.80973,21.49259],[71.80969,21.49263],[71.80965,21.49263],[71.80962,21.49267],[71.80959,21.49267],[71.80953,21.49272],[71.80948,21.49272],[71.80941,21.49275],[71.80932,21.49282],[71.80927,21.49282],[71.80923,21.49285],[71.80914,21.49288],[71.80904,21.49294],[71.80899,21.49294],[71.80897,21.49297],[71.80883,21.493],[71.80865,21.49315],[71.80861,21.49317],[71.80856,21.49317],[71.80849,21.49318],[71.80843,21.49323],[71.8084,21.49327],[71.8084,21.49331],[71.80834,21.49336],[71.80831,21.49337],[71.80826,21.49342],[71.80815,21.49343],[71.80811,21.49342],[71.80809,21.49342],[71.80807,21.49341],[71.808,21.49347],[71.80793,21.49348],[71.80783,21.49354],[71.80781,21.49354],[71.80774,21.49349],[71.80769,21.49346],[71.8075,21.49334],[71.80748,21.49334],[71.80732,21.49329],[71.80724,21.49326],[71.80721,21.49326],[71.80719,21.49327],[71.80714,21.49324],[71.80704,21.49323],[71.807,21.49319],[71.80693,21.49317],[71.80687,21.49317],[71.80681,21.49311],[71.8068,21.49311],[71.80671,21.49308],[71.80661,21.49308],[71.80659,21.49306],[71.80652,21.49305],[71.80648,21.49299],[71.80644,21.49299],[71.80642,21.49293],[71.80637,21.49293],[71.80636,21.49297],[71.80628,21.49295],[71.80628,21.49286],[71.80623,21.49282],[71.80617,21.4928],[71.80616,21.49277],[71.80617,21.49273],[71.80607,21.49271],[71.80605,21.49275],[71.806,21.49277],[71.80599,21.4928],[71.80588,21.49281],[71.80585,21.49285],[71.80582,21.49287],[71.8058,21.49295],[71.80572,21.49297],[71.80571,21.49306],[71.80569,21.49309],[71.80562,21.49307],[71.80557,21.49304],[71.80552,21.49304],[71.80545,21.4931],[71.80543,21.49309],[71.80534,21.49309],[71.80529,21.49308],[71.80526,21.4931],[71.80515,21.49312],[71.80508,21.49316],[71.80505,21.49316],[71.80498,21.49314],[71.80492,21.4932],[71.80483,21.49321],[71.8048,21.49328],[71.80475,21.49329],[71.80474,21.49334],[71.80464,21.49336],[71.80457,21.49334],[71.80457,21.4933],[71.8045,21.49326],[71.80447,21.49326],[71.80442,21.49324],[71.80435,21.49326],[71.80431,21.49325],[71.80426,21.49328],[71.80413,21.49324],[71.80409,21.49326],[71.80404,21.49326],[71.80399,21.4933],[71.80391,21.49333],[71.8039,21.49331],[71.80381,21.49332],[71.8038,21.49329],[71.80366,21.49329],[71.80358,21.49325],[71.80353,21.49325],[71.80348,21.49322],[71.80345,21.49323],[71.80338,21.49322],[71.80337,21.49327],[71.80329,21.4932],[71.80324,21.49321],[71.8032,21.49315],[71.80313,21.49316],[71.80307,21.49314],[71.80297,21.49314],[71.80284,21.49309],[71.80279,21.49308],[71.80272,21.49305],[71.80261,21.49305],[71.80259,21.49313],[71.80256,21.49312],[71.80248,21.49313],[71.80248,21.49311],[71.80243,21.49309],[71.80243,21.49306],[71.80238,21.49306],[71.80233,21.49311],[71.80232,21.49314],[71.80228,21.49318],[71.80225,21.49315],[71.80223,21.49315],[71.8022,21.49311],[71.80212,21.49308],[71.80208,21.49309],[71.80208,21.4931],[71.80207,21.4931],[71.80207,21.49311],[71.80205,21.49311],[71.802,21.49308],[71.80191,21.49306],[71.80186,21.493],[71.8018,21.493],[71.8018,21.49299],[71.80183,21.49296],[71.80188,21.49288],[71.80191,21.49282],[71.80192,21.49268],[71.80195,21.49265],[71.80195,21.49261],[71.80198,21.49249],[71.80196,21.49247],[71.80194,21.49238],[71.802,21.49237],[71.80198,21.49221],[71.80194,21.49213],[71.80189,21.49209],[71.80191,21.49204],[71.80195,21.49202],[71.80195,21.49197],[71.80186,21.49186],[71.80186,21.49182],[71.80179,21.49171],[71.80169,21.49161],[71.80162,21.49158],[71.8016,21.49151],[71.80157,21.49146],[71.80154,21.49137],[71.80152,21.49135],[71.80151,21.49118],[71.80152,21.49113],[71.80152,21.49109],[71.80151,21.49107],[71.80151,21.49095],[71.80147,21.49083],[71.80146,21.49074],[71.80141,21.49054],[71.8014,21.49042],[71.80139,21.49041],[71.80137,21.49028],[71.80138,21.49021],[71.80135,21.49019],[71.80133,21.49007],[71.80133,21.48999],[71.80131,21.48996],[71.80131,21.48985],[71.80129,21.4898],[71.80129,21.48978],[71.80127,21.48975],[71.80119,21.48972],[71.8011,21.48967],[71.80102,21.48965],[71.80095,21.48962],[71.80089,21.48953],[71.80087,21.48955],[71.80082,21.4895],[71.80082,21.48947],[71.80078,21.48943],[71.80078,21.48942],[71.80081,21.48937],[71.80098,21.48937],[71.80102,21.48936],[71.80103,21.48928],[71.80101,21.48919],[71.80101,21.48913],[71.80103,21.48912],[71.80104,21.48906],[71.80108,21.48909],[71.80112,21.48909],[71.80114,21.48915],[71.80116,21.48917],[71.80116,21.48922],[71.80124,21.4893],[71.80139,21.4893],[71.80142,21.48925],[71.80146,21.48925],[71.80153,21.48921],[71.80162,21.4892],[71.80169,21.48916],[71.80176,21.48919],[71.80182,21.48916],[71.80187,21.48918],[71.80199,21.48918],[71.80207,21.4891],[71.80219,21.4891],[71.8023,21.48908],[71.80231,21.48906],[71.80243,21.48904],[71.80246,21.48903],[71.80247,21.48898],[71.80256,21.48898],[71.8026,21.48901],[71.80267,21.48903],[71.80272,21.48897],[71.80279,21.48896],[71.80289,21.48891],[71.80291,21.48893],[71.80297,21.48894],[71.80306,21.4889],[71.80309,21.48886],[71.80308,21.48882],[71.80313,21.4888],[71.80315,21.48884],[71.80322,21.48885],[71.80323,21.48889],[71.8033,21.48883],[71.80337,21.48883],[71.80338,21.48879],[71.80342,21.48879],[71.80352,21.48874],[71.80359,21.48874],[71.80363,21.48868],[71.80374,21.48869],[71.80376,21.48865],[71.80387,21.48864],[71.80393,21.48866],[71.80395,21.4887],[71.80402,21.48869],[71.80406,21.48871],[71.80416,21.48871],[71.80422,21.48869],[71.80424,21.48876],[71.80431,21.48876],[71.80437,21.48883],[71.80441,21.48883],[71.80444,21.48887],[71.80448,21.48886],[71.8046,21.48892],[71.80466,21.48888],[71.80467,21.48884],[71.80483,21.48883],[71.80483,21.48885],[71.80487,21.48888],[71.805,21.48888],[71.80503,21.48887],[71.80513,21.48886],[71.80517,21.48887],[71.80528,21.48887],[71.80534,21.48886],[71.8054,21.48889],[71.80555,21.48889],[71.8056,21.4889],[71.80583,21.48891],[71.80598,21.4889],[71.80605,21.48887],[71.80608,21.4889],[71.80618,21.48889],[71.80623,21.48888],[71.80642,21.48888],[71.80644,21.48889],[71.807,21.48888],[71.80715,21.48888],[71.80721,21.48887],[71.80737,21.48887],[71.80742,21.48887],[71.80756,21.48887],[71.80758,21.48889],[71.80764,21.48888],[71.80766,21.4889],[71.80773,21.4889],[71.80775,21.48892],[71.80782,21.4889],[71.80785,21.48887],[71.80791,21.48887],[71.80795,21.48885],[71.80801,21.48887],[71.80814,21.48886],[71.80823,21.48883],[71.80826,21.48884],[71.80833,21.48876],[71.80837,21.48876],[71.80843,21.48874],[71.80843,21.48869],[71.80847,21.4887],[71.80855,21.4886],[71.80859,21.4886],[71.80869,21.48851],[71.80877,21.48847],[71.80886,21.48843],[71.80887,21.48841],[71.80896,21.48841],[71.80906,21.48835],[71.80918,21.48838],[71.80923,21.48833],[71.8093,21.48832],[71.80934,21.48828],[71.80937,21.48826],[71.80939,21.48821],[71.80945,21.48818],[71.80947,21.48811],[71.80953,21.48807],[71.80952,21.48797],[71.80963,21.48794],[71.80964,21.48794],[71.80973,21.48793],[71.80987,21.48793],[71.80988,21.48795],[71.80994,21.48792],[71.80998,21.48796],[71.81009,21.48797],[71.81014,21.48798],[71.81015,21.48795],[71.81025,21.48791],[71.81031,21.4879],[71.81039,21.48786],[71.81049,21.48784],[71.81049,21.48782],[71.81054,21.48777],[71.81061,21.48774],[71.81062,21.4877],[71.81067,21.48768],[71.81068,21.48764],[71.81078,21.48757],[71.81087,21.48756],[71.81089,21.48751],[71.81097,21.48744],[71.811,21.48744],[71.81106,21.48737],[71.8111,21.48737],[71.81127,21.4872],[71.81128,21.48714],[71.81132,21.48713],[71.81138,21.48703],[71.8114,21.487],[71.81143,21.487],[71.81145,21.48694],[71.81149,21.48687],[71.81158,21.48678],[71.81163,21.48671],[71.81166,21.48669],[71.81166,21.48665],[71.81174,21.48658],[71.81183,21.48647],[71.81182,21.48643],[71.81187,21.48642],[71.8119,21.48637],[71.81196,21.48636],[71.812,21.48633],[71.81201,21.48629],[71.81207,21.48625],[71.81213,21.48613],[71.81214,21.4861],[71.81219,21.4861],[71.81222,21.4861],[71.81226,21.48612],[71.81237,21.4861],[71.81238,21.48607],[71.81245,21.48605],[71.81247,21.48602],[71.81256,21.48603],[71.81266,21.48605],[71.81267,21.48602],[71.81274,21.48603],[71.81279,21.486],[71.81284,21.48602],[71.81295,21.4861],[71.81296,21.48612],[71.81305,21.48611],[71.81318,21.48605],[71.81325,21.48599],[71.81331,21.4859],[71.81341,21.48589],[71.81344,21.48591],[71.81357,21.48591],[71.81364,21.48594],[71.81371,21.48594],[71.81378,21.48591],[71.8138,21.48587],[71.81388,21.48587],[71.81392,21.48584],[71.81401,21.48582]]]},"properties":{"PolygonId":219,"Area":12315,"Subbasin":null}},
{"type":"Feature","geometry":{"type":"Polygon","coordinates":[[[71.81927,21.49131],[71.81933,21.49131],[71.81938,21.49129],[71.81944,21.49131],[71.81949,21.49129],[71.81951,21.49131],[71.81963,21.4913],[71.81969,21.49124],[71.81972,21.49124],[71.81977,21.49119],[71.81986,21.49118],[71.8199,21.49121],[71.81997,21.49121],[71.82,21.49119],[71.82004,21.49121],[71.82013,21.4912],[71.82019,21.49122],[71.8203,21.49122],[71.8204,21.49125],[71.82052,21.49131],[71.82055,21.49131],[71.82056,21.49135],[71.82062,21.49135],[71.82067,21.49133],[71.82071,21.49134],[71.82072,21.49137],[71.82078,21.49137],[71.8208,21.49139],[71.82091,21.49137],[71.82093,21.49139],[71.821,21.49139],[71.82101,21.49147],[71.82098,21.49153],[71.82094,21.49172],[71.821,21.49174],[71.82108,21.4918],[71.8211,21.49186],[71.82115,21.49185],[71.8212,21.4919],[71.8213,21.49189],[71.82134,21.49186],[71.8214,21.4919],[71.8214,21.49196],[71.82137,21.49205],[71.82137,21.49211],[71.82138,21.49216],[71.82134,21.4922],[71.82134,21.49224],[71.82137,21.49225],[71.82134,21.49242],[71.82128,21.49245],[71.82128,21.49248],[71.82132,21.49249],[71.82132,21.49254],[71.82139,21.4926],[71.82142,21.49258],[71.82148,21.4926],[71.82148,21.49273],[71.82145,21.49277],[71.82143,21.49281],[71.82143,21.49298],[71.82141,21.49302],[71.82132,21.49303],[71.82132,21.493],[71.82125,21.49296],[71.82121,21.49291],[71.82115,21.49289],[71.82105,21.4929],[71.82104,21.49294],[71.821,21.49294],[71.82097,21.49298],[71.82087,21.493],[71.82079,21.49305],[71.82077,21.4931],[71.82069,21.49319],[71.82063,21.49322],[71.8205,21.49329],[71.82049,21.49333],[71.82044,21.49337],[71.82042,21.49342],[71.82037,21.49344],[71.82028,21.49343],[71.82022,21.49353],[71.82014,21.49355],[71.82012,21.49358],[71.82001,21.49359],[71.82002,21.49367],[71.81995,21.49369],[71.81994,21.49372],[71.81989,21.49372],[71.81985,21.49376],[71.81982,21.49374],[71.81975,21.4938],[71.81968,21.49378],[71.81963,21.49381],[71.81956,21.49382],[71.8195,21.49385],[71.81947,21.49382],[71.81942,21.49382],[71.81934,21.49378],[71.81923,21.49369],[71.81923,21.49366],[71.81909,21.49357],[71.8191,21.4935],[71.81905,21.49346],[71.81905,21.49339],[71.81898,21.49332],[71.81898,21.49329],[71.81893,21.49325],[71.81891,21.4932],[71.81886,21.49315],[71.81883,21.49315],[71.8188,21.49311],[71.81879,21.49307],[71.81874,21.49303],[71.81873,21.49299],[71.81865,21.49286],[71.81861,21.49283],[71.81862,21.4928],[71.81858,21.49278],[71.81846,21.4928],[71.8184,21.49283],[71.81838,21.49285],[71.81819,21.49287],[71.81813,21.49287],[71.81811,21.49284],[71.818,21.49285],[71.81794,21.49281],[71.81787,21.4928],[71.81784,21.49278],[71.81771,21.49279],[71.81766,21.49276],[71.81755,21.49277],[71.81748,21.49274],[71.81738,21.49269],[71.81729,21.4927],[71.8172,21.49269],[71.81713,21.49264],[71.81698,21.49263],[71.81694,21.4926],[71.81682,21.49261],[71.81675,21.49255],[71.8167,21.49256],[71.81667,21.49254],[71.81658,21.49258],[71.81656,21.49261],[71.8165,21.49261],[71.81648,21.49263],[71.81639,21.4926],[71.81631,21.49254],[71.81632,21.49254],[71.81644,21.49251],[71.81647,21.49247],[71.81654,21.49248],[71.81656,21.49245],[71.81662,21.49243],[71.81666,21.49246],[71.81676,21.49249],[71.81678,21.49253],[71.81683,21.49252],[71.81697,21.49252],[71.81701,21.49255],[71.81708,21.4925],[71.8171,21.49246],[71.81716,21.49246],[71.81718,21.4924],[71.81723,21.49241],[71.81729,21.49237],[71.81731,21.49233],[71.81744,21.49227],[71.81744,21.49223],[71.81749,21.4922],[71.81757,21.49221],[71.81763,21.49218],[71.8177,21.49211],[71.81788,21.49211],[71.81801,21.49207],[71.81807,21.49203],[71.81813,21.49203],[71.81821,21.49207],[71.81827,21.49206],[71.81831,21.49208],[71.81836,21.49208],[71.81844,21.49199],[71.81854,21.49193],[71.81855,21.49188],[71.81858,21.49187],[71.81861,21.49182],[71.81862,21.49179],[71.81866,21.49178],[71.81869,21.49175],[71.81871,21.49169],[71.81878,21.49168],[71.81881,21.49163],[71.81882,21.49163],[71.81884,21.49158],[71.81888,21.49157],[71.81889,21.49152],[71.81894,21.49151],[71.81894,21.49148],[71.819,21.49148],[71.81901,21.49146],[71.81908,21.49144],[71.81921,21.49137],[71.81926,21.49132],[71.81927,21.49131]]]},"properties":{"PolygonId":1173,"Area":103,"Subbasin":null}},
{"type":"Feature","geometry":{"type":"Polygon","coordinates":[[[71.81448,21.50246],[71.81439,21.50246],[71.81441,21.50241],[71.8144,21.50236],[71.81429,21.50238],[71.81419,21.50237],[71.81416,21.50234],[71.8141,21.50231],[71.81402,21.50226],[71.81401,21.50223],[71.81388,21.50218],[71.81387,21.50223],[71.81383,21.50221],[71.8138,21.50215],[71.81373,21.50211],[71.8137,21.50206],[71.81363,21.50202],[71.81357,21.50203],[71.81345,21.50193],[71.8134,21.50191],[71.81336,21.50194],[71.81332,21.50192],[71.81327,21.50196],[71.81323,21.50201],[71.81316,21.50202],[71.8131,21.50197],[71.81299,21.50192],[71.81296,21.50189],[71.81287,21.50187],[71.81281,21.50184],[71.81277,21.50184],[71.81275,21.50192],[71.8127,21.50195],[71.81266,21.50193],[71.81262,21.50203],[71.8126,21.50203],[71.81257,21.50204],[71.81248,21.50203],[71.81238,21.50196],[71.81234,21.50198],[71.81222,21.50198],[71.8122,21.502],[71.81214,21.50201],[71.81213,21.50206],[71.81207,21.5021],[71.81199,21.5021],[71.81193,21.50213],[71.8119,21.50218],[71.81185,21.50218],[71.81178,21.50214],[71.81167,21.50213],[71.81166,21.50215],[71.81164,21.50215],[71.81164,21.50214],[71.81164,21.50213],[71.81169,21.5021],[71.81181,21.50207],[71.81185,21.50203],[71.81184,21.50199],[71.81181,21.50196],[71.81177,21.50189],[71.81177,21.50185],[71.81179,21.50181],[71.81178,21.50174],[71.8118,21.50169],[71.81178,21.50166],[71.81174,21.50164],[71.81173,21.50159],[71.81177,21.50155],[71.81177,21.50148],[71.81174,21.50142],[71.81168,21.50139],[71.81163,21.50135],[71.81163,21.50131],[71.81152,21.50124],[71.81151,21.50124],[71.81144,21.50124],[71.81133,21.50117],[71.81131,21.50117],[71.81128,21.50121],[71.81113,21.50122],[71.81109,21.5012],[71.81106,21.50114],[71.81099,21.50114],[71.81098,21.50111],[71.81098,21.501],[71.811,21.50096],[71.8109,21.50091],[71.8108,21.50089],[71.81076,21.50085],[71.81073,21.50086],[71.8106,21.50074],[71.81059,21.50066],[71.81061,21.50062],[71.8106,21.50058],[71.81055,21.50055],[71.81052,21.50044],[71.81048,21.50043],[71.81046,21.50038],[71.81044,21.5003],[71.81036,21.50018],[71.81033,21.50009],[71.81029,21.50006],[71.81025,21.49994],[71.81025,21.49979],[71.81028,21.49975],[71.81029,21.49967],[71.81029,21.49951],[71.81027,21.49942],[71.8103,21.49933],[71.81033,21.49931],[71.81037,21.49931],[71.81039,21.49925],[71.81035,21.49921],[71.81035,21.49915],[71.81039,21.49912],[71.8104,21.49906],[71.81035,21.49903],[71.81035,21.49894],[71.81041,21.49889],[71.81039,21.49885],[71.81036,21.49882],[71.81035,21.49868],[71.81034,21.49863],[71.81028,21.49854],[71.81028,21.49849],[71.81024,21.49847],[71.81017,21.49837],[71.81014,21.49836],[71.80996,21.49822],[71.8099,21.49813],[71.80986,21.49808],[71.80979,21.49808],[71.80974,21.49804],[71.80965,21.49804],[71.80964,21.49803],[71.80954,21.49803],[71.80953,21.49797],[71.80945,21.49792],[71.80945,21.49787],[71.80948,21.49783],[71.80953,21.49787],[71.80966,21.49787],[71.80972,21.4979],[71.80979,21.49792],[71.80982,21.49789],[71.80985,21.49789],[71.80989,21.49786],[71.80993,21.49787],[71.80997,21.49792],[71.81001,21.49793],[71.8101,21.49796],[71.81014,21.49797],[71.81018,21.49794],[71.81035,21.49794],[71.81041,21.49788],[71.81042,21.49788],[71.81045,21.49792],[71.81052,21.49796],[71.81058,21.49796],[71.8107,21.49801],[71.81076,21.49801],[71.8108,21.49803],[71.81082,21.49814],[71.81087,21.4982],[71.81094,21.4982],[71.81095,21.49825],[71.81099,21.4983],[71.81102,21.49831],[71.81102,21.49836],[71.81104,21.49837],[71.81104,21.49842],[71.81113,21.49845],[71.81114,21.49847],[71.81119,21.4985],[71.81119,21.49846],[71.81125,21.49842],[71.81129,21.49842],[71.81139,21.49839],[71.81142,21.49833],[71.8115,21.49831],[71.81152,21.49827],[71.81158,21.49826],[71.81161,21.49827],[71.81164,21.4982],[71.81165,21.49817],[71.81174,21.49817],[71.81177,21.49815],[71.81188,21.49811],[71.81189,21.49808],[71.81196,21.49807],[71.81198,21.49809],[71.81207,21.49807],[71.81213,21.49798],[71.81221,21.49796],[71.81239,21.49788],[71.81251,21.49789],[71.81252,21.49788],[71.8126,21.49788],[71.81262,21.49785],[71.81268,21.49783],[71.81273,21.49773],[71.81277,21.49773],[71.81281,21.4977],[71.81283,21.49763],[71.81294,21.4976],[71.813,21.49756],[71.81304,21.4976],[71.8131,21.49758],[71.81317,21.49759],[71.81318,21.49759],[71.81322,21.49757],[71.81324,21.49753],[71.81334,21.49751],[71.8134,21.49747],[71.81341,21.49747],[71.81352,21.49748],[71.81352,21.4975],[71.81361,21.49749],[71.81362,21.49751],[71.8137,21.49752],[71.81377,21.4976],[71.81379,21.4976],[71.81385,21.49764],[71.81396,21.49769],[71.81402,21.49774],[71.81404,21.4978],[71.8141,21.49785],[71.81425,21.49792],[71.8143,21.49792],[71.81436,21.49787],[71.8144,21.4979],[71.81452,21.49788],[71.8146,21.49788],[71.81465,21.49785],[71.81469,21.49785],[71.81475,21.49782],[71.81481,21.49778],[71.81482,21.49776],[71.81489,21.49773],[71.81494,21.49765],[71.81497,21.49765],[71.81506,21.49758],[71.81507,21.49755],[71.8151,21.49752],[71.81514,21.49753],[71.81521,21.49751],[71.81521,21.4975],[71.81523,21.49742],[71.81538,21.49732],[71.81538,21.49727],[71.8154,21.49725],[71.81554,21.49726],[71.81557,21.49724],[71.81563,21.49725],[71.81565,21.49728],[71.81571,21.49729],[71.81579,21.49723],[71.81585,21.49722],[71.81588,21.49724],[71.81596,21.49722],[71.816,21.49724],[71.81606,21.49728],[71.81617,21.49728],[71.81625,21.49731],[71.8165,21.49731],[71.81661,21.49731],[71.81666,21.49726],[71.81672,21.49725],[71.81678,21.49726],[71.81685,21.4973],[71.81688,21.49731],[71.81692,21.49731],[71.81699,21.49732],[71.81704,21.49734],[71.8171,21.49734],[71.81712,21.49736],[71.8172,21.49736],[71.81729,21.49734],[71.81742,21.49738],[71.81744,21.49736],[71.81753,21.49733],[71.81762,21.49732],[71.81764,21.4973],[71.81772,21.49729],[71.81779,21.49726],[71.81783,21.49727],[71.81795,21.49726],[71.81802,21.49724],[71.81808,21.49723],[71.81812,21.49725],[71.81826,21.49725],[71.8183,21.49725],[71.81842,21.49725],[71.81846,21.49726],[71.81855,21.49723],[71.81858,21.4972],[71.81865,21.49718],[71.81871,21.49718],[71.81878,21.49716],[71.8188,21.49714],[71.81887,21.49713],[71.81893,21.49707],[71.81895,21.49703],[71.81895,21.49696],[71.81902,21.49688],[71.81903,21.49685],[71.81906,21.49682],[71.81917,21.49665],[71.81923,21.49658],[71.81923,21.49656],[71.81936,21.4964],[71.81942,21.49627],[71.81943,21.49627],[71.81952,21.49613],[71.81957,21.49608],[71.81962,21.49596],[71.8197,21.49588],[71.81973,21.49581],[71.8198,21.49572],[71.81986,21.4956],[71.81989,21.49561],[71.81996,21.49561],[71.81997,21.49565],[71.82006,21.49565],[71.82008,21.49567],[71.82014,21.49563],[71.82018,21.49565],[71.82024,21.49564],[71.82024,21.49567],[71.82023,21.49578],[71.82026,21.49583],[71.82032,21.49582],[71.82039,21.49585],[71.8204,21.4959],[71.82047,21.49597],[71.82053,21.49594],[71.82054,21.49598],[71.82058,21.49601],[71.82057,21.49604],[71.82057,21.49612],[71.82055,21.49614],[71.82055,21.49626],[71.82052,21.49629],[71.82049,21.49633],[71.8205,21.49642],[71.82048,21.49645],[71.82047,21.49657],[71.82044,21.49664],[71.82044,21.49672],[71.82041,21.49675],[71.82039,21.49683],[71.82039,21.497],[71.82037,21.49701],[71.82037,21.49709],[71.82036,21.49711],[71.82036,21.49718],[71.82033,21.49728],[71.82032,21.49741],[71.8203,21.49743],[71.8203,21.49753],[71.82027,21.49756],[71.82028,21.49764],[71.82025,21.49775],[71.82026,21.49784],[71.82024,21.49786],[71.82023,21.49795],[71.82024,21.49799],[71.82023,21.49809],[71.82022,21.49837],[71.82021,21.49851],[71.82022,21.49875],[71.82021,21.49881],[71.82023,21.49885],[71.82021,21.49887],[71.82021,21.49901],[71.82023,21.49908],[71.82024,21.49935],[71.82023,21.4994],[71.82024,21.49965],[71.82022,21.49968],[71.82024,21.49977],[71.82024,21.50002],[71.82024,21.5001],[71.82025,21.5002],[71.82026,21.50024],[71.82027,21.50061],[71.82027,21.50071],[71.82027,21.50086],[71.82029,21.5009],[71.82027,21.50109],[71.82029,21.50111],[71.82028,21.50126],[71.82028,21.50158],[71.82029,21.50167],[71.8203,21.50198],[71.82029,21.50202],[71.8203,21.50209],[71.8203,21.50218],[71.82029,21.50223],[71.82031,21.50238],[71.82032,21.5025],[71.82033,21.5025],[71.82034,21.5026],[71.82031,21.50266],[71.8203,21.50275],[71.82026,21.50279],[71.82026,21.50271],[71.82024,21.50267],[71.82024,21.50263],[71.8202,21.50259],[71.82001,21.50259],[71.81994,21.5026],[71.81978,21.5026],[71.81972,21.5026],[71.81962,21.5026],[71.81959,21.50261],[71.81948,21.50261],[71.8194,21.50259],[71.81927,21.50248],[71.81928,21.50243],[71.81922,21.50242],[71.81918,21.50245],[71.81903,21.50245],[71.81899,21.50249],[71.81896,21.50251],[71.81893,21.50246],[71.81886,21.50242],[71.81883,21.50238],[71.81866,21.50227],[71.81864,21.50223],[71.81858,21.50224],[71.81853,21.50221],[71.81847,21.50222],[71.81845,21.50219],[71.81839,21.50218],[71.81833,21.50211],[71.81828,21.5021],[71.81823,21.50212],[71.81816,21.50206],[71.8181,21.50205],[71.81802,21.50206],[71.818,21.50204],[71.81798,21.50204],[71.81795,21.50207],[71.81787,21.50205],[71.81776,21.50205],[71.81775,21.50204],[71.81766,21.50204],[71.81765,21.50206],[71.81757,21.50207],[71.81754,21.50203],[71.8175,21.50203],[71.81745,21.50208],[71.8174,21.50209],[71.81739,21.50212],[71.81729,21.50213],[71.81727,21.5021],[71.81721,21.50211],[71.81719,21.50217],[71.81706,21.50218],[71.817,21.50221],[71.81688,21.50221],[71.81677,21.50218],[71.81667,21.50217],[71.81664,21.5022],[71.81655,21.5022],[71.81651,21.50216],[71.81651,21.50215],[71.81646,21.50214],[71.81639,21.50217],[71.81623,21.50218],[71.81618,21.5022],[71.81601,21.50217],[71.81591,21.50216],[71.81573,21.50216],[71.81569,21.50221],[71.81561,21.50219],[71.8155,21.50213],[71.81544,21.50212],[71.81541,21.50209],[71.81534,21.50211],[71.81531,21.50216],[71.81523,21.50217],[71.81522,21.5022],[71.81517,21.50222],[71.81505,21.50221],[71.81498,21.50223],[71.81493,21.50227],[71.81491,21.50232],[71.81489,21.50233],[71.81479,21.5023],[71.81475,21.5023],[71.81469,21.50234],[71.81463,21.50235],[71.81451,21.50242],[71.81448,21.50246]]]},"properties":{"PolygonId":1601,"Area":13442,"Subbasin":null}},
{"type":"Feature","geometry":{"type":"Polygon","coordinates":[[[71.81164,21.50215],[71.81163,21.50215],[71.81162,21.50216],[71.81162,21.50218],[71.81154,21.5022],[71.81152,21.50227],[71.81149,21.50229],[71.81148,21.50234],[71.81144,21.50237],[71.81139,21.50238],[71.81136,21.50235],[71.81123,21.50237],[71.81113,21.50244],[71.81103,21.50244],[71.811,21.50249],[71.81096,21.50251],[71.81083,21.50253],[71.81076,21.50248],[71.81075,21.50244],[71.81071,21.50244],[71.81068,21.50249],[71.81062,21.50249],[71.81053,21.50253],[71.81053,21.50252],[71.81042,21.50251],[71.81038,21.50255],[71.81032,21.50257],[71.81024,21.50259],[71.81014,21.50264],[71.81009,21.50269],[71.81001,21.50265],[71.80993,21.50265],[71.80991,21.50263],[71.80977,21.50265],[71.80975,21.50267],[71.80968,21.50268],[71.80965,21.50271],[71.80958,21.50272],[71.80953,21.50277],[71.80948,21.50277],[71.80943,21.5028],[71.8093,21.5028],[71.80924,21.50287],[71.80918,21.50287],[71.80908,21.50294],[71.80904,21.50295],[71.809,21.50298],[71.80896,21.50299],[71.8089,21.50307],[71.80884,21.50307],[71.8088,21.5031],[71.80872,21.50319],[71.8087,21.50322],[71.80864,21.50327],[71.80865,21.50331],[71.8086,21.5034],[71.80861,21.50344],[71.80857,21.50347],[71.80857,21.5035],[71.80848,21.50354],[71.80842,21.50359],[71.80841,21.50362],[71.80832,21.50367],[71.80822,21.5038],[71.80814,21.50382],[71.80802,21.50387],[71.808,21.50389],[71.80794,21.5039],[71.80791,21.50393],[71.80787,21.50393],[71.80783,21.50399],[71.80782,21.50405],[71.80784,21.50409],[71.80784,21.50414],[71.80787,21.50424],[71.80791,21.50429],[71.80791,21.50432],[71.80797,21.50442],[71.80802,21.50447],[71.80796,21.50454],[71.80794,21.50454],[71.80788,21.50461],[71.80784,21.50462],[71.80782,21.50465],[71.80774,21.50467],[71.80762,21.50473],[71.80757,21.50474],[71.80744,21.50482],[71.80738,21.50483],[71.80717,21.50493],[71.80704,21.50498],[71.80704,21.50506],[71.80705,21.50509],[71.80706,21.50514],[71.80701,21.5052],[71.80703,21.50526],[71.80703,21.50531],[71.80698,21.50533],[71.807,21.50541],[71.80704,21.50541],[71.80705,21.50549],[71.80703,21.50552],[71.80705,21.50567],[71.80709,21.50572],[71.8071,21.50579],[71.80722,21.50579],[71.80732,21.50575],[71.80744,21.50574],[71.80745,21.50576],[71.80745,21.50585],[71.80742,21.50586],[71.80738,21.50594],[71.80721,21.50597],[71.80721,21.50603],[71.80718,21.50604],[71.80717,21.50608],[71.80718,21.50615],[71.80715,21.50617],[71.80713,21.50628],[71.80713,21.50633],[71.8071,21.50649],[71.80711,21.50653],[71.80702,21.50653],[71.80701,21.50656],[71.8069,21.50656],[71.80688,21.50655],[71.80686,21.50649],[71.80681,21.50649],[71.80676,21.50645],[71.80676,21.50637],[71.80673,21.50633],[71.8067,21.50632],[71.80669,21.50625],[71.80665,21.50624],[71.80662,21.5062],[71.80659,21.50611],[71.80661,21.50605],[71.8066,21.50599],[71.80662,21.50596],[71.80658,21.50593],[71.8066,21.50583],[71.8065,21.50581],[71.8065,21.50576],[71.80654,21.50568],[71.80654,21.50563],[71.80653,21.50554],[71.80649,21.50551],[71.80646,21.50552],[71.80639,21.50535],[71.80643,21.50534],[71.80643,21.50531],[71.80634,21.50532],[71.80631,21.50526],[71.80628,21.50522],[71.80621,21.50522],[71.80617,21.50523],[71.80611,21.50521],[71.80608,21.50524],[71.80604,21.50523],[71.80594,21.50525],[71.80591,21.50527],[71.80585,21.50526],[71.80578,21.50526],[71.80571,21.50529],[71.80561,21.50529],[71.80556,21.5053],[71.80545,21.5053],[71.80541,21.50532],[71.80534,21.50532],[71.80516,21.50535],[71.80509,21.5053],[71.80507,21.50527],[71.80501,21.50527],[71.80496,21.50522],[71.80488,21.50521],[71.80487,21.50519],[71.80479,21.5052],[71.80474,21.50522],[71.80468,21.50519],[71.80462,21.50522],[71.80455,21.50518],[71.80447,21.50518],[71.8044,21.50511],[71.80431,21.5051],[71.80427,21.50505],[71.80415,21.50495],[71.80409,21.50496],[71.80403,21.5049],[71.80401,21.50483],[71.80391,21.50476],[71.80389,21.50476],[71.80379,21.50469],[71.80375,21.50467],[71.80363,21.50456],[71.80363,21.50455],[71.80357,21.50451],[71.80346,21.50443],[71.80344,21.50443],[71.80338,21.50437],[71.80334,21.50437],[71.80331,21.50434],[71.80326,21.50434],[71.80323,21.50431],[71.80315,21.50431],[71.80302,21.50426],[71.80294,21.5042],[71.80289,21.50418],[71.80287,21.50414],[71.80279,21.50412],[71.80279,21.50409],[71.80262,21.50402],[71.8026,21.50399],[71.80255,21.50399],[71.80251,21.50394],[71.80236,21.50394],[71.80233,21.50394],[71.80225,21.50389],[71.80211,21.50388],[71.80208,21.50386],[71.802,21.50386],[71.80193,21.50379],[71.80189,21.50376],[71.80188,21.5037],[71.80184,21.50368],[71.80181,21.50362],[71.80179,21.50361],[71.80175,21.50352],[71.80175,21.50349],[71.80168,21.50341],[71.80164,21.50339],[71.80163,21.50334],[71.80151,21.50322],[71.80145,21.50319],[71.80143,21.50311],[71.8014,21.5031],[71.80137,21.50305],[71.80131,21.50302],[71.80125,21.50295],[71.80122,21.50289],[71.80117,21.50286],[71.80115,21.5028],[71.80111,21.50278],[71.8011,21.50271],[71.80103,21.50268],[71.80094,21.50269],[71.80085,21.50267],[71.80079,21.50263],[71.80071,21.50264],[71.80066,21.50268],[71.80057,21.50267],[71.80053,21.50264],[71.80046,21.50263],[71.80046,21.50265],[71.8004,21.50267],[71.80036,21.5027],[71.80023,21.50277],[71.80014,21.50278],[71.80011,21.50281],[71.80008,21.50281],[71.8,21.50275],[71.79993,21.50269],[71.79989,21.50262],[71.79985,21.5026],[71.79983,21.50256],[71.79977,21.50254],[71.7997,21.50249],[71.79966,21.50249],[71.79965,21.50245],[71.79962,21.50243],[71.79961,21.5024],[71.79957,21.50237],[71.79958,21.50233],[71.79953,21.50228],[71.79945,21.50223],[71.79941,21.50218],[71.79936,21.50206],[71.79932,21.50199],[71.79927,21.50199],[71.79923,21.50196],[71.79904,21.50197],[71.799,21.502],[71.79889,21.502],[71.79883,21.50199],[71.7988,21.50199],[71.79874,21.50193],[71.79873,21.50189],[71.79867,21.50193],[71.79862,21.50194],[71.79856,21.50193],[71.7985,21.50198],[71.79843,21.50198],[71.79841,21.502],[71.7983,21.50203],[71.79824,21.50203],[71.79826,21.50198],[71.79824,21.50196],[71.79822,21.50196],[71.79821,21.50197],[71.79821,21.50198],[71.79813,21.50199],[71.79812,21.50196],[71.79806,21.50199],[71.79801,21.50196],[71.79795,21.50197],[71.79789,21.50193],[71.79787,21.5019],[71.79783,21.50189],[71.79776,21.5019],[71.79773,21.50185],[71.79768,21.50183],[71.79766,21.50186],[71.79766,21.50191],[71.7976,21.50189],[71.79753,21.5019],[71.7975,21.5019],[71.79755,21.50184],[71.79749,21.50177],[71.79743,21.50173],[71.79739,21.50173],[71.79739,21.50172],[71.79745,21.50164],[71.79749,21.50163],[71.79748,21.50156],[71.79753,21.50151],[71.79753,21.50145],[71.79747,21.50141],[71.79748,21.5013],[71.79745,21.50124],[71.79746,21.50118],[71.79745,21.50113],[71.79745,21.501],[71.79741,21.50097],[71.79741,21.50091],[71.79744,21.50088],[71.79744,21.50079],[71.79739,21.50072],[71.7974,21.50069],[71.79736,21.50067],[71.79737,21.50059],[71.79738,21.50058],[71.7974,21.50049],[71.79735,21.50039],[71.7973,21.50036],[71.79732,21.50029],[71.79735,21.50025],[71.79737,21.50014],[71.79734,21.50007],[71.79733,21.49993],[71.79727,21.49988],[71.79726,21.4998],[71.79728,21.49979],[71.79724,21.4997],[71.79722,21.49963],[71.79721,21.49954],[71.79715,21.49946],[71.79715,21.49936],[71.79722,21.4993],[71.79727,21.49927],[71.79729,21.49919],[71.79728,21.49914],[71.79731,21.4991],[71.79742,21.49911],[71.79743,21.49905],[71.79748,21.49903],[71.79751,21.49899],[71.7975,21.49892],[71.79756,21.49886],[71.79756,21.49881],[71.79765,21.49881],[71.79768,21.49875],[71.79768,21.4987],[71.79771,21.49865],[71.79771,21.49862],[71.79776,21.49856],[71.79781,21.49843],[71.79784,21.4984],[71.79784,21.49833],[71.79793,21.49827],[71.79797,21.4982],[71.79798,21.49815],[71.79802,21.49812],[71.79802,21.49806],[71.79808,21.49796],[71.7981,21.49796],[71.79813,21.49788],[71.79819,21.49785],[71.79819,21.49784],[71.79824,21.49784],[71.79837,21.49775],[71.7984,21.49775],[71.79845,21.49769],[71.79854,21.49763],[71.79862,21.49755],[71.79872,21.49746],[71.79873,21.49743],[71.79881,21.49736],[71.79885,21.49728],[71.79888,21.49725],[71.79888,21.49721],[71.79894,21.49716],[71.79895,21.49707],[71.79901,21.49702],[71.79902,21.49698],[71.79916,21.49684],[71.79923,21.49682],[71.79923,21.49679],[71.7992,21.49674],[71.79919,21.49667],[71.79919,21.49665],[71.79921,21.49665],[71.79923,21.4966],[71.79931,21.49659],[71.7994,21.49655],[71.79945,21.4965],[71.79952,21.49643],[71.79954,21.49634],[71.79956,21.4963],[71.79963,21.49627],[71.79963,21.49624],[71.79971,21.49623],[71.79977,21.49619],[71.79983,21.49613],[71.79991,21.49613],[71.79998,21.49609],[71.80003,21.49603],[71.80002,21.49598],[71.80003,21.49591],[71.80006,21.49588],[71.80012,21.49584],[71.80018,21.49577],[71.80019,21.49567],[71.80021,21.49563],[71.80019,21.49559],[71.80023,21.49553],[71.80023,21.49549],[71.80031,21.49548],[71.80032,21.49543],[71.80035,21.49538],[71.80041,21.49537],[71.80044,21.49537],[71.80047,21.49533],[71.80057,21.49527],[71.80061,21.49522],[71.80062,21.49516],[71.80064,21.49515],[71.80064,21.49508],[71.80069,21.49501],[71.80072,21.49498],[71.80071,21.4949],[71.80074,21.49487],[71.80072,21.49481],[71.80073,21.49481],[71.80077,21.49478],[71.80076,21.49471],[71.8008,21.49468],[71.80079,21.4946],[71.80084,21.49455],[71.80086,21.49445],[71.80093,21.49441],[71.80093,21.49437],[71.80097,21.49431],[71.80097,21.49424],[71.80104,21.49417],[71.80109,21.49415],[71.80115,21.49417],[71.80135,21.49418],[71.80144,21.49411],[71.80145,21.49408],[71.80149,21.49407],[71.80155,21.49402],[71.80165,21.494],[71.80171,21.49397],[71.80173,21.49398],[71.80176,21.49398],[71.8018,21.49397],[71.80185,21.49391],[71.80187,21.49383],[71.8019,21.49381],[71.80192,21.49371],[71.80202,21.49359],[71.80207,21.49358],[71.80212,21.4935],[71.80211,21.49343],[71.80209,21.49327],[71.80213,21.49319],[71.80207,21.49311],[71.80207,21.4931],[71.80208,21.4931],[71.80208,21.49309],[71.80212,21.49308],[71.8022,21.49311],[71.80223,21.49315],[71.80225,21.49315],[71.80228,21.49318],[71.80232,21.49314],[71.80233,21.49311],[71.80238,21.49306],[71.80243,21.49306],[71.80243,21.49309],[71.80248,21.49311],[71.80248,21.49313],[71.80256,21.49312],[71.80259,21.49313],[71.80261,21.49305],[71.80272,21.49305],[71.80279,21.49308],[71.80284,21.49309],[71.80297,21.49314],[71.80307,21.49314],[71.80313,21.49316],[71.8032,21.49315],[71.80324,21.49321],[71.80329,21.4932],[71.80337,21.49327],[71.80338,21.49322],[71.80345,21.49323],[71.80348,21.49322],[71.80353,21.49325],[71.80358,21.49325],[71.80366,21.49329],[71.8038,21.49329],[71.80381,21.49332],[71.8039,21.49331],[71.80391,21.49333],[71.80399,21.4933],[71.80404,21.49326],[71.80409,21.49326],[71.80413,21.49324],[71.80426,21.49328],[71.80431,21.49325],[71.80435,21.49326],[71.80442,21.49324],[71.80447,21.49326],[71.8045,21.49326],[71.80457,21.4933],[71.80457,21.49334],[71.80464,21.49336],[71.80474,21.49334],[71.80475,21.49329],[71.8048,21.49328],[71.80483,21.49321],[71.80492,21.4932],[71.80498,21.49314],[71.80505,21.49316],[71.80508,21.49316],[71.80515,21.49312],[71.80526,21.4931],[71.80529,21.49308],[71.80534,21.49309],[71.80543,21.49309],[71.80545,21.4931],[71.80552,21.49304],[71.80557,21.49304],[71.80562,21.49307],[71.80569,21.49309],[71.80571,21.49306],[71.80572,21.49297],[71.8058,21.49295],[71.80582,21.49287],[71.80585,21.49285],[71.80588,21.49281],[71.80599,21.4928],[71.806,21.49277],[71.80605,21.49275],[71.80607,21.49271],[71.80617,21.49273],[71.80616,21.49277],[71.80617,21.4928],[71.80623,21.49282],[71.80628,21.49286],[71.80628,21.49295],[71.80636,21.49297],[71.80637,21.49293],[71.80642,21.49293],[71.80644,21.49299],[71.80648,21.49299],[71.80652,21.49305],[71.80659,21.49306],[71.80661,21.49308],[71.80671,21.49308],[71.8068,21.49311],[71.80681,21.49311],[71.80687,21.49317],[71.80693,21.49317],[71.807,21.49319],[71.80704,21.49323],[71.80714,21.49324],[71.80719,21.49327],[71.80721,21.49326],[71.80732,21.49333],[71.80739,21.49336],[71.80738,21.49339],[71.80741,21.49343],[71.80749,21.49357],[71.80761,21.49364],[71.8076,21.49375],[71.80768,21.49376],[71.80771,21.49376],[71.80773,21.49373],[71.8078,21.49372],[71.80785,21.49376],[71.80789,21.49371],[71.808,21.49369],[71.80816,21.49368],[71.80819,21.49371],[71.80829,21.49372],[71.80843,21.49371],[71.80844,21.49373],[71.80845,21.49384],[71.80845,21.4939],[71.80847,21.494],[71.80847,21.4941],[71.80849,21.49422],[71.80845,21.49427],[71.80838,21.49433],[71.8083,21.49446],[71.80825,21.49449],[71.80825,21.49452],[71.80817,21.49462],[71.80802,21.49475],[71.80804,21.49483],[71.8081,21.49488],[71.80809,21.49494],[71.80811,21.49497],[71.80812,21.49504],[71.80815,21.49508],[71.80822,21.49514],[71.80827,21.4952],[71.80828,21.49523],[71.80828,21.49531],[71.80824,21.49531],[71.80818,21.49537],[71.80817,21.4954],[71.80817,21.49541],[71.80819,21.49545],[71.80819,21.49554],[71.80821,21.49559],[71.80826,21.49559],[71.80832,21.49564],[71.80838,21.49565],[71.80839,21.49567],[71.80835,21.49573],[71.80835,21.49577],[71.8083,21.49589],[71.80831,21.49596],[71.80834,21.49599],[71.80835,21.49607],[71.80839,21.49612],[71.80839,21.49613],[71.80834,21.49618],[71.80832,21.49625],[71.80836,21.49633],[71.80836,21.49639],[71.8084,21.49643],[71.8084,21.49649],[71.80848,21.49659],[71.80853,21.49663],[71.80854,21.49667],[71.8086,21.49666],[71.80866,21.49673],[71.80866,21.49676],[71.8087,21.49684],[71.80876,21.4969],[71.80881,21.4969],[71.80891,21.49698],[71.80891,21.49701],[71.80899,21.49712],[71.80903,21.49715],[71.80911,21.49727],[71.80919,21.49735],[71.80918,21.49742],[71.8092,21.49747],[71.80923,21.49752],[71.80928,21.49754],[71.80933,21.4976],[71.80935,21.49765],[71.80939,21.49768],[71.80941,21.49775],[71.80948,21.4978],[71.80948,21.49783],[71.80945,21.49787],[71.80945,21.49792],[71.80953,21.49797],[71.80954,21.49803],[71.80964,21.49803],[71.80965,21.49804],[71.80974,21.49804],[71.80979,21.49808],[71.80986,21.49808],[71.8099,21.49813],[71.80996,21.49822],[71.81014,21.49836],[71.81017,21.49837],[71.81024,21.49847],[71.81028,21.49849],[71.81028,21.49854],[71.81034,21.49863],[71.81035,21.49868],[71.81036,21.49882],[71.81039,21.49885],[71.81041,21.49889],[71.81035,21.49894],[71.81035,21.49903],[71.8104,21.49906],[71.81039,21.49912],[71.81035,21.49915],[71.81035,21.49921],[71.81039,21.49925],[71.81037,21.49931],[71.81033,21.49931],[71.8103,21.49933],[71.81027,21.49942],[71.81029,21.49951],[71.81029,21.49967],[71.81028,21.49975],[71.81025,21.49979],[71.81025,21.49994],[71.81029,21.50006],[71.81033,21.50009],[71.81036,21.50018],[71.81044,21.5003],[71.81046,21.50038],[71.81048,21.50043],[71.81052,21.50044],[71.81055,21.50055],[71.8106,21.50058],[71.81061,21.50062],[71.81059,21.50066],[71.8106,21.50074],[71.81073,21.50086],[71.81076,21.50085],[71.8108,21.50089],[71.8109,21.50091],[71.811,21.50096],[71.81098,21.501],[71.81098,21.50111],[71.81099,21.50114],[71.81106,21.50114],[71.81109,21.5012],[71.81113,21.50122],[71.81128,21.50121],[71.81131,21.50117],[71.81133,21.50117],[71.81144,21.50124],[71.81151,21.50124],[71.81152,21.50124],[71.81163,21.50131],[71.81163,21.50135],[71.81168,21.50139],[71.81174,21.50142],[71.81177,21.50148],[71.81177,21.50155],[71.81173,21.50159],[71.81174,21.50164],[71.81178,21.50166],[71.8118,21.50169],[71.81178,21.50174],[71.81179,21.50181],[71.81177,21.50185],[71.81177,21.50189],[71.81181,21.50196],[71.81184,21.50199],[71.81185,21.50203],[71.81181,21.50207],[71.81169,21.5021],[71.81164,21.50213],[71.81164,21.50214],[71.81164,21.50215]]]},"properties":{"PolygonId":1648,"Area":126,"Subbasin":null}},
{"type":"Feature","geometry":{"type":"Polygon","coordinates":[[[71.79883,21.50199],[71.79887,21.50202],[71.79886,21.50204],[71.79887,21.50213],[71.79894,21.50237],[71.79892,21.5024],[71.79892,21.50246],[71.79895,21.50248],[71.79908,21.50249],[71.79911,21.50253],[71.79921,21.50257],[71.79925,21.50262],[71.79934,21.50266],[71.79939,21.50271],[71.79941,21.50279],[71.79941,21.50286],[71.79946,21.50291],[71.7995,21.50298],[71.79953,21.50298],[71.79956,21.50306],[71.79951,21.50309],[71.79952,21.50315],[71.79956,21.50319],[71.79958,21.50324],[71.79964,21.5033],[71.79966,21.50336],[71.79972,21.50349],[71.79974,21.5035],[71.79974,21.50358],[71.79976,21.50361],[71.79977,21.50374],[71.79981,21.50379],[71.79981,21.50386],[71.79983,21.50391],[71.79986,21.50404],[71.79991,21.50408],[71.79994,21.50413],[71.79995,21.50418],[71.79997,21.50421],[71.80007,21.50419],[71.80014,21.50421],[71.80016,21.50419],[71.8002,21.50422],[71.80028,21.50422],[71.80033,21.50424],[71.80038,21.50429],[71.80044,21.50431],[71.80051,21.50432],[71.80059,21.50431],[71.80064,21.50424],[71.80071,21.50426],[71.80076,21.50426],[71.80081,21.50422],[71.80092,21.50423],[71.80097,21.5042],[71.80097,21.50417],[71.80101,21.50415],[71.8011,21.50415],[71.80117,21.5042],[71.80119,21.50428],[71.80119,21.50438],[71.80124,21.50439],[71.80128,21.50446],[71.80133,21.50447],[71.80139,21.50453],[71.80143,21.50454],[71.80146,21.50459],[71.80146,21.50466],[71.80147,21.50471],[71.80157,21.50473],[71.80159,21.50477],[71.80163,21.50477],[71.80167,21.50481],[71.8017,21.5048],[71.80176,21.50483],[71.80184,21.50492],[71.80195,21.5049],[71.80203,21.50493],[71.80204,21.50497],[71.80211,21.50504],[71.8021,21.50507],[71.80213,21.50512],[71.80213,21.50515],[71.80217,21.5052],[71.80216,21.50524],[71.80219,21.50527],[71.80224,21.50527],[71.80234,21.50533],[71.80234,21.50539],[71.8024,21.50549],[71.80245,21.50552],[71.80249,21.50558],[71.80253,21.50562],[71.80253,21.50564],[71.80258,21.50568],[71.80264,21.50575],[71.80268,21.50576],[71.80273,21.50581],[71.80279,21.50589],[71.80287,21.50594],[71.80289,21.506],[71.80293,21.50604],[71.80299,21.50603],[71.80303,21.50605],[71.80305,21.50609],[71.80309,21.50609],[71.8031,21.50613],[71.80317,21.50616],[71.80321,21.50614],[71.80332,21.50615],[71.80335,21.5062],[71.80337,21.50621],[71.8034,21.50628],[71.80346,21.50634],[71.80346,21.50639],[71.80349,21.50645],[71.80353,21.50646],[71.80361,21.50656],[71.80365,21.5066],[71.80368,21.50668],[71.80372,21.50673],[71.80374,21.50677],[71.80378,21.5068],[71.80379,21.50688],[71.80384,21.50692],[71.80385,21.50698],[71.80389,21.50698],[71.80397,21.507],[71.80396,21.50706],[71.80399,21.50707],[71.80402,21.50711],[71.80403,21.50718],[71.80406,21.5072],[71.80415,21.50732],[71.80415,21.50738],[71.8041,21.50744],[71.80411,21.50749],[71.80414,21.50758],[71.80418,21.50758],[71.80427,21.50765],[71.80423,21.50768],[71.80402,21.50772],[71.804,21.50774],[71.8039,21.50777],[71.80385,21.50778],[71.8038,21.50781],[71.80376,21.50781],[71.80366,21.50784],[71.80366,21.50788],[71.80362,21.50791],[71.80365,21.50798],[71.80366,21.50806],[71.80362,21.5081],[71.80363,21.5082],[71.80367,21.50823],[71.80364,21.50828],[71.80367,21.50836],[71.80363,21.5084],[71.80363,21.50845],[71.8036,21.50846],[71.80363,21.50859],[71.80359,21.50863],[71.80359,21.50869],[71.80357,21.50874],[71.80352,21.50879],[71.80351,21.50886],[71.80345,21.50889],[71.80337,21.50889],[71.8033,21.50891],[71.80324,21.50891],[71.80318,21.50894],[71.80318,21.50901],[71.80323,21.50905],[71.80321,21.50908],[71.8032,21.50919],[71.80314,21.50923],[71.80311,21.50931],[71.80308,21.50931],[71.80308,21.50926],[71.80306,21.50924],[71.80305,21.50919],[71.80303,21.50919],[71.80302,21.5091],[71.80305,21.50902],[71.80303,21.509],[71.80304,21.50892],[71.80301,21.50892],[71.80299,21.50888],[71.80299,21.50881],[71.80292,21.50878],[71.80288,21.50873],[71.80284,21.50871],[71.80274,21.50863],[71.80275,21.50861],[71.80271,21.50854],[71.80267,21.50854],[71.80266,21.50851],[71.8026,21.50845],[71.80255,21.50836],[71.80253,21.50822],[71.80258,21.50819],[71.80257,21.50814],[71.8025,21.50814],[71.80249,21.50812],[71.8024,21.50812],[71.80228,21.50814],[71.80217,21.50814],[71.80215,21.50815],[71.80208,21.50815],[71.80204,21.50817],[71.80195,21.50817],[71.80192,21.50819],[71.80188,21.50818],[71.80181,21.50818],[71.80177,21.50816],[71.80166,21.50814],[71.80162,21.50817],[71.80161,21.50814],[71.80141,21.50813],[71.80123,21.50814],[71.80115,21.50814],[71.80109,21.50812],[71.80105,21.50809],[71.80103,21.50799],[71.80104,21.50793],[71.80102,21.5079],[71.80094,21.50787],[71.80092,21.50782],[71.80085,21.50783],[71.80079,21.50777],[71.80081,21.50774],[71.80076,21.5077],[71.8007,21.50769],[71.8007,21.50762],[71.80067,21.50757],[71.8006,21.50751],[71.80059,21.50748],[71.80055,21.50745],[71.80054,21.50736],[71.80052,21.50732],[71.80048,21.50726],[71.80045,21.50726],[71.80042,21.50719],[71.80039,21.50717],[71.80038,21.50714],[71.80031,21.50708],[71.80027,21.50703],[71.80021,21.50704],[71.80018,21.50696],[71.80019,21.50694],[71.80017,21.50687],[71.80014,21.50684],[71.80013,21.50671],[71.8001,21.50666],[71.80007,21.50666],[71.80008,21.50658],[71.79999,21.50649],[71.79998,21.50646],[71.79993,21.50642],[71.79989,21.50637],[71.79989,21.50632],[71.79987,21.50626],[71.79987,21.5062],[71.79985,21.50613],[71.7998,21.50606],[71.79979,21.50596],[71.79976,21.50594],[71.79974,21.50583],[71.79973,21.50562],[71.79972,21.50557],[71.79972,21.50551],[71.7997,21.50528],[71.79968,21.50517],[71.79967,21.50507],[71.79968,21.50505],[71.79967,21.50493],[71.79965,21.5049],[71.79965,21.5048],[71.79966,21.50475],[71.79964,21.50471],[71.79965,21.50462],[71.79957,21.50462],[71.79949,21.50461],[71.79945,21.50458],[71.79934,21.5046],[71.79932,21.5046],[71.79926,21.50455],[71.79925,21.50454],[71.79929,21.50453],[71.79935,21.50448],[71.79935,21.50441],[71.79937,21.50436],[71.79943,21.5043],[71.79944,21.50413],[71.79943,21.50411],[71.7994,21.50402],[71.79938,21.50399],[71.79938,21.50393],[71.79936,21.50391],[71.79935,21.50383],[71.79936,21.5038],[71.79932,21.50371],[71.79929,21.50368],[71.79926,21.50359],[71.79922,21.50357],[71.7992,21.50349],[71.79923,21.50345],[71.7992,21.50342],[71.79918,21.50337],[71.799,21.50317],[71.79896,21.50309],[71.79893,21.50302],[71.79895,21.50297],[71.79888,21.5029],[71.79886,21.50281],[71.79882,21.50278],[71.79866,21.50269],[71.79864,21.50266],[71.79859,21.50266],[71.79853,21.50269],[71.79849,21.50268],[71.79841,21.50272],[71.79833,21.50272],[71.79828,21.50274],[71.79823,21.50272],[71.79821,21.50267],[71.79821,21.50261],[71.79816,21.50261],[71.79816,21.50257],[71.79813,21.50252],[71.79804,21.5025],[71.79805,21.50241],[71.79807,21.50239],[71.79808,21.50233],[71.79807,21.50226],[71.79811,21.50218],[71.7981,21.50213],[71.79813,21.50208],[71.79818,21.50207],[71.79821,21.50199],[71.79821,21.50198],[71.79821,21.50197],[71.79822,21.50196],[71.79824,21.50196],[71.79826,21.50198],[71.79824,21.50203],[71.7983,21.50203],[71.79841,21.502],[71.79843,21.50198],[71.7985,21.50198],[71.79856,21.50193],[71.79862,21.50194],[71.79867,21.50193],[71.79873,21.50189],[71.79874,21.50193],[71.7988,21.50199],[71.79883,21.50199]]]},"properties":{"PolygonId":1490,"Area":687,"Subbasin":null}},
{"type":"Feature","geometry":{"type":"Polygon","coordinates":[[[71.7953,21.50612],[71.79525,21.50615],[71.79517,21.50617],[71.79516,21.50622],[71.79511,21.50622],[71.79508,21.50625],[71.79501,21.50624],[71.795,21.50627],[71.79495,21.50628],[71.79486,21.50627],[71.79487,21.50617],[71.79491,21.50604],[71.79491,21.50599],[71.79497,21.5058],[71.795,21.50575],[71.79502,21.50568],[71.79501,21.50562],[71.79505,21.50555],[71.79504,21.50546],[71.79506,21.50539],[71.79509,21.50536],[71.79509,21.50527],[71.79511,21.50518],[71.79514,21.50516],[71.79514,21.50509],[71.79511,21.50502],[71.79511,21.50496],[71.79508,21.50489],[71.79505,21.50487],[71.79504,21.50481],[71.79499,21.50478],[71.79487,21.50476],[71.79474,21.50481],[71.79467,21.50481],[71.79462,21.50477],[71.79457,21.50475],[71.79454,21.50468],[71.79452,21.5046],[71.79454,21.50459],[71.79452,21.50452],[71.79455,21.5045],[71.79447,21.50442],[71.79444,21.50434],[71.79444,21.50412],[71.79446,21.50408],[71.7945,21.50404],[71.79461,21.50403],[71.79467,21.50401],[71.79476,21.50402],[71.79477,21.50403],[71.79484,21.50402],[71.79508,21.50402],[71.7952,21.50398],[71.79534,21.50396],[71.79546,21.50393],[71.79551,21.50391],[71.79554,21.50387],[71.79554,21.50386],[71.79555,21.50386],[71.79565,21.50382],[71.79566,21.50375],[71.79564,21.50374],[71.79549,21.50374],[71.79543,21.50376],[71.79529,21.50376],[71.79514,21.50375],[71.79505,21.50375],[71.79498,21.50371],[71.79495,21.50365],[71.79497,21.50358],[71.79496,21.50355],[71.79521,21.50351],[71.79525,21.50349],[71.7953,21.50348],[71.79539,21.50342],[71.79542,21.50342],[71.79553,21.50335],[71.79559,21.50334],[71.79569,21.50327],[71.79581,21.50322],[71.79583,21.50322],[71.79593,21.50317],[71.79599,21.50305],[71.79595,21.50297],[71.79587,21.50292],[71.79584,21.50292],[71.79577,21.50288],[71.79574,21.50288],[71.79568,21.50279],[71.79567,21.50275],[71.79565,21.50272],[71.79565,21.50265],[71.79569,21.5026],[71.79569,21.50256],[71.79576,21.50254],[71.79577,21.50252],[71.79586,21.50247],[71.79586,21.50245],[71.79593,21.50239],[71.79596,21.50238],[71.79602,21.50234],[71.79602,21.50231],[71.79618,21.50222],[71.7962,21.50218],[71.79637,21.50214],[71.79653,21.50214],[71.79661,21.50217],[71.7967,21.50225],[71.7968,21.5023],[71.79687,21.50232],[71.79695,21.50231],[71.79699,21.50229],[71.79711,21.50221],[71.79716,21.50219],[71.79721,21.50214],[71.79716,21.50203],[71.79709,21.502],[71.79711,21.50196],[71.7971,21.5019],[71.79704,21.50186],[71.79708,21.50176],[71.79715,21.50176],[71.79715,21.50172],[71.79718,21.50168],[71.79721,21.50172],[71.79732,21.50173],[71.79733,21.50171],[71.79739,21.50173],[71.79743,21.50173],[71.79749,21.50177],[71.79755,21.50184],[71.7975,21.5019],[71.79753,21.5019],[71.7976,21.50189],[71.79766,21.50191],[71.79766,21.50186],[71.79768,21.50183],[71.79773,21.50185],[71.79776,21.5019],[71.79783,21.50189],[71.79787,21.5019],[71.79789,21.50193],[71.79795,21.50197],[71.79801,21.50196],[71.79806,21.50199],[71.79812,21.50196],[71.79813,21.50199],[71.79821,21.50198],[71.79821,21.50199],[71.79818,21.50207],[71.79813,21.50208],[71.7981,21.50213],[71.79811,21.50218],[71.79807,21.50226],[71.79808,21.50233],[71.79807,21.50239],[71.79805,21.50241],[71.79804,21.5025],[71.79813,21.50252],[71.79816,21.50257],[71.79816,21.50261],[71.79821,21.50261],[71.79821,21.50267],[71.79823,21.50272],[71.79828,21.50274],[71.79833,21.50272],[71.79841,21.50272],[71.79849,21.50268],[71.79853,21.50269],[71.79859,21.50266],[71.79864,21.50266],[71.79866,21.50269],[71.79882,21.50278],[71.79886,21.50281],[71.79888,21.5029],[71.79895,21.50297],[71.79893,21.50302],[71.79896,21.50309],[71.799,21.50317],[71.79918,21.50337],[71.7992,21.50342],[71.79923,21.50345],[71.7992,21.50349],[71.79922,21.50357],[71.79926,21.50359],[71.79929,21.50368],[71.79932,21.50371],[71.79936,21.5038],[71.79935,21.50383],[71.79936,21.50391],[71.79938,21.50393],[71.79938,21.50399],[71.7994,21.50402],[71.79943,21.50411],[71.79944,21.50413],[71.79943,21.5043],[71.79937,21.50436],[71.79935,21.50441],[71.79935,21.50448],[71.79929,21.50453],[71.79925,21.50454],[71.79926,21.50455],[71.79932,21.5046],[71.79934,21.5046],[71.79945,21.50458],[71.79949,21.50461],[71.79957,21.50462],[71.79965,21.50462],[71.79964,21.50471],[71.79966,21.50475],[71.79965,21.5048],[71.79965,21.5049],[71.79967,21.50493],[71.79968,21.50505],[71.79967,21.50507],[71.79968,21.50517],[71.7997,21.50528],[71.79972,21.50551],[71.79972,21.50557],[71.79973,21.50562],[71.79974,21.50583],[71.79976,21.50594],[71.79979,21.50596],[71.7998,21.50606],[71.79985,21.50613],[71.79987,21.5062],[71.79987,21.50626],[71.79989,21.50632],[71.79989,21.50637],[71.79993,21.50642],[71.79998,21.50646],[71.79999,21.50649],[71.80008,21.50658],[71.80007,21.50666],[71.8001,21.50666],[71.80013,21.50671],[71.80014,21.50684],[71.80009,21.50691],[71.80011,21.50698],[71.80015,21.50701],[71.80015,21.50705],[71.80019,21.5071],[71.80029,21.50712],[71.80029,21.50717],[71.80034,21.50721],[71.80035,21.50725],[71.8004,21.50725],[71.8004,21.50729],[71.80049,21.50737],[71.80053,21.50748],[71.80055,21.50758],[71.80059,21.50763],[71.80055,21.50766],[71.80055,21.50775],[71.80061,21.5079],[71.80065,21.50794],[71.80066,21.50802],[71.80064,21.50805],[71.80065,21.50813],[71.8005,21.50815],[71.8004,21.50814],[71.80028,21.50815],[71.8002,21.50817],[71.80011,21.50818],[71.80014,21.50822],[71.80016,21.50827],[71.80004,21.50829],[71.8001,21.50836],[71.80014,21.50839],[71.80016,21.50845],[71.80023,21.50852],[71.80025,21.50859],[71.80026,21.50866],[71.80031,21.50875],[71.80033,21.5088],[71.80032,21.50887],[71.80029,21.50887],[71.8003,21.50902],[71.80033,21.5091],[71.80036,21.50911],[71.80036,21.50916],[71.80043,21.50923],[71.80046,21.5093],[71.8005,21.50934],[71.80054,21.5094],[71.80054,21.50944],[71.80057,21.50949],[71.80061,21.50954],[71.80062,21.50957],[71.80066,21.50964],[71.80066,21.50969],[71.80064,21.5098],[71.80058,21.50986],[71.80057,21.5099],[71.80057,21.50997],[71.80056,21.51],[71.80055,21.51007],[71.80049,21.51009],[71.80042,21.51007],[71.80042,21.50986],[71.80044,21.50983],[71.80044,21.50975],[71.80042,21.50974],[71.80041,21.50962],[71.8004,21.50958],[71.80042,21.50952],[71.80039,21.50948],[71.80039,21.5094],[71.80037,21.50934],[71.80033,21.50928],[71.80027,21.50925],[71.80026,21.50922],[71.80021,21.50918],[71.80019,21.50904],[71.80016,21.509],[71.80015,21.50891],[71.80013,21.50887],[71.80012,21.50872],[71.8001,21.50865],[71.80007,21.5086],[71.80005,21.50855],[71.79997,21.50846],[71.79991,21.50842],[71.79985,21.50843],[71.79978,21.50839],[71.79968,21.50838],[71.7996,21.5084],[71.79946,21.5084],[71.79944,21.50837],[71.7994,21.50841],[71.79934,21.50841],[71.79932,21.50838],[71.79924,21.50833],[71.79918,21.50828],[71.79913,21.50828],[71.79911,21.50831],[71.79902,21.5083],[71.79902,21.50828],[71.79892,21.50828],[71.79891,21.5082],[71.79888,21.50816],[71.7988,21.50817],[71.79878,21.5081],[71.79875,21.5081],[71.7987,21.50805],[71.79868,21.50802],[71.79863,21.50801],[71.79861,21.50794],[71.79857,21.50795],[71.79853,21.5079],[71.79853,21.50788],[71.79849,21.50783],[71.79852,21.50778],[71.79852,21.50774],[71.79848,21.50771],[71.79848,21.50765],[71.79845,21.50762],[71.79841,21.50761],[71.79838,21.50758],[71.79835,21.50751],[71.79833,21.50742],[71.7983,21.50741],[71.79828,21.50735],[71.79812,21.50737],[71.79805,21.50734],[71.798,21.50735],[71.79791,21.50734],[71.79789,21.5073],[71.7978,21.5073],[71.79778,21.50728],[71.79772,21.50728],[71.79763,21.50726],[71.79757,21.5072],[71.7975,21.5072],[71.79744,21.50719],[71.79735,21.50711],[71.79731,21.50711],[71.7972,21.50701],[71.79718,21.50696],[71.7971,21.50691],[71.79705,21.50685],[71.79694,21.50675],[71.79689,21.50674],[71.79682,21.50666],[71.79677,21.50666],[71.79671,21.5066],[71.79663,21.50658],[71.79658,21.50657],[71.79654,21.50654],[71.79649,21.50653],[71.79645,21.50647],[71.79638,21.50642],[71.7964,21.50638],[71.79634,21.50633],[71.79628,21.50633],[71.79621,21.50628],[71.79614,21.50626],[71.79611,21.50622],[71.79601,21.50619],[71.79591,21.5062],[71.79589,21.50618],[71.79583,21.50618],[71.79579,21.50616],[71.79574,21.50616],[71.79565,21.5061],[71.79565,21.50608],[71.79558,21.50608],[71.79554,21.50611],[71.79548,21.5061],[71.79545,21.50612],[71.79535,21.50611],[71.79532,21.50611],[71.7953,21.50612]]]},"properties":{"PolygonId":1461,"Area":3904,"Subbasin":null}},
{"type":"Feature","geometry":{"type":"Polygon","coordinates":[[[71.79034,21.50357],[71.79042,21.50357],[71.79044,21.50363],[71.7905,21.50366],[71.79051,21.5037],[71.79058,21.5037],[71.79064,21.50367],[71.79065,21.5037],[71.79075,21.5037],[71.79076,21.50376],[71.7908,21.50377],[71.79088,21.50382],[71.79093,21.50382],[71.79094,21.50386],[71.79091,21.50388],[71.79092,21.50399],[71.79099,21.50395],[71.79103,21.50395],[71.79107,21.50392],[71.79114,21.50392],[71.79123,21.50396],[71.79127,21.50396],[71.79129,21.50399],[71.79139,21.50401],[71.79147,21.50395],[71.79159,21.50392],[71.79159,21.50394],[71.79166,21.50395],[71.79174,21.504],[71.79181,21.50401],[71.79184,21.50403],[71.79193,21.50404],[71.79195,21.50402],[71.79204,21.50403],[71.7921,21.50399],[71.79215,21.50402],[71.79219,21.50402],[71.79226,21.50396],[71.79234,21.50395],[71.79242,21.504],[71.79252,21.504],[71.79259,21.50405],[71.79266,21.50407],[71.79269,21.50411],[71.79269,21.50415],[71.79276,21.50417],[71.79279,21.50422],[71.79284,21.50426],[71.7929,21.50423],[71.79299,21.50427],[71.79301,21.50425],[71.79307,21.50424],[71.7931,21.5042],[71.79316,21.50422],[71.79331,21.50424],[71.79342,21.50423],[71.79346,21.50427],[71.79348,21.50432],[71.79352,21.50437],[71.79357,21.50437],[71.79362,21.50441],[71.79363,21.50451],[71.79371,21.50453],[71.79374,21.5045],[71.79379,21.50452],[71.79391,21.50451],[71.79397,21.5045],[71.79407,21.50455],[71.79411,21.50459],[71.79426,21.50463],[71.79432,21.50463],[71.79432,21.50455],[71.7943,21.50452],[71.79434,21.50449],[71.79441,21.50449],[71.79443,21.50443],[71.79442,21.50434],[71.7944,21.5042],[71.79439,21.5041],[71.79442,21.50403],[71.79449,21.50398],[71.79485,21.50397],[71.79488,21.50398],[71.79505,21.50397],[71.79519,21.50396],[71.79526,21.50393],[71.79538,21.50391],[71.79546,21.50388],[71.79554,21.50387],[71.79551,21.50391],[71.79546,21.50393],[71.79534,21.50396],[71.7952,21.50398],[71.79508,21.50402],[71.79484,21.50402],[71.79477,21.50403],[71.79476,21.50402],[71.79467,21.50401],[71.79461,21.50403],[71.7945,21.50404],[71.79446,21.50408],[71.79444,21.50412],[71.79444,21.50434],[71.79447,21.50442],[71.79455,21.5045],[71.79452,21.50452],[71.79454,21.50459],[71.79452,21.5046],[71.79454,21.50468],[71.79457,21.50475],[71.79462,21.50477],[71.79467,21.50481],[71.79474,21.50481],[71.79487,21.50476],[71.79499,21.50478],[71.79504,21.50481],[71.79505,21.50487],[71.79508,21.50489],[71.79511,21.50496],[71.79511,21.50502],[71.79514,21.50509],[71.79514,21.50516],[71.79511,21.50518],[71.79509,21.50527],[71.79509,21.50536],[71.79506,21.50539],[71.79504,21.50546],[71.79505,21.50555],[71.79501,21.50562],[71.79502,21.50568],[71.795,21.50575],[71.79497,21.5058],[71.79491,21.50599],[71.79491,21.50604],[71.79487,21.50617],[71.79486,21.50627],[71.79482,21.50629],[71.79476,21.50625],[71.79464,21.50626],[71.79459,21.50625],[71.79456,21.50627],[71.79451,21.50634],[71.79444,21.50636],[71.79443,21.50639],[71.7944,21.50642],[71.79441,21.50647],[71.79426,21.50649],[71.79425,21.50652],[71.79434,21.50656],[71.79434,21.50667],[71.79437,21.50672],[71.79434,21.50677],[71.79435,21.50683],[71.79446,21.50705],[71.79447,21.50709],[71.79432,21.50719],[71.79422,21.50723],[71.79411,21.50726],[71.79406,21.50732],[71.79402,21.50732],[71.79398,21.50738],[71.79399,21.50745],[71.79394,21.5075],[71.79397,21.50761],[71.79394,21.50772],[71.79399,21.50779],[71.794,21.50787],[71.79396,21.50795],[71.79396,21.50804],[71.79394,21.50812],[71.79392,21.50814],[71.79395,21.50835],[71.79395,21.50851],[71.79392,21.50854],[71.79393,21.50857],[71.79392,21.50862],[71.79392,21.50867],[71.79387,21.50869],[71.79388,21.50883],[71.7939,21.50885],[71.79389,21.50894],[71.79391,21.50894],[71.79393,21.50903],[71.79397,21.50908],[71.79399,21.50912],[71.79403,21.50913],[71.79407,21.50919],[71.79406,21.50929],[71.79402,21.50932],[71.794,21.50939],[71.79396,21.50941],[71.79393,21.50947],[71.79393,21.5096],[71.79391,21.50962],[71.79391,21.50968],[71.79386,21.50973],[71.79385,21.50979],[71.79383,21.50982],[71.79376,21.50988],[71.79364,21.50994],[71.79361,21.50999],[71.79358,21.51],[71.79347,21.51014],[71.79347,21.51016],[71.79341,21.51023],[71.79337,21.5103],[71.79335,21.5103],[71.79332,21.51034],[71.79326,21.51034],[71.7932,21.51041],[71.79317,21.51041],[71.79313,21.51046],[71.79305,21.51047],[71.79301,21.51043],[71.79297,21.51047],[71.79282,21.51047],[71.79277,21.51046],[71.79278,21.51048],[71.79275,21.51053],[71.79265,21.51053],[71.7926,21.51049],[71.79246,21.5105],[71.79244,21.51059],[71.79236,21.51061],[71.79235,21.51065],[71.79232,21.51066],[71.79223,21.51065],[71.7922,21.51064],[71.79215,21.51065],[71.79207,21.51067],[71.792,21.51075],[71.79193,21.51088],[71.79191,21.5109],[71.79189,21.51098],[71.79186,21.51099],[71.79179,21.51109],[71.79176,21.51113],[71.79168,21.51117],[71.79163,21.51125],[71.79158,21.51131],[71.79152,21.51141],[71.79153,21.51146],[71.79151,21.51151],[71.79161,21.51155],[71.79174,21.51158],[71.79189,21.51164],[71.79195,21.51167],[71.79209,21.5117],[71.79216,21.51173],[71.79223,21.51172],[71.79225,21.51175],[71.79231,21.51178],[71.79233,21.51181],[71.79245,21.51183],[71.7925,21.51187],[71.79249,21.51194],[71.79255,21.51199],[71.79262,21.51199],[71.79263,21.51202],[71.79271,21.51206],[71.7928,21.51208],[71.79287,21.51215],[71.79293,21.51216],[71.79295,21.51219],[71.79306,21.51225],[71.79313,21.51227],[71.79321,21.51234],[71.79324,21.51239],[71.79328,21.51241],[71.79327,21.51246],[71.79323,21.51246],[71.79309,21.51241],[71.79308,21.51238],[71.79298,21.51236],[71.79294,21.5124],[71.79294,21.51232],[71.79286,21.51231],[71.79282,21.51229],[71.79281,21.51226],[71.79277,21.51222],[71.79272,21.51222],[71.79265,21.51219],[71.79264,21.51216],[71.79255,21.51214],[71.7925,21.51211],[71.79238,21.51211],[71.79231,21.51208],[71.79227,21.51208],[71.79225,21.51205],[71.79217,21.51203],[71.79217,21.512],[71.79213,21.51192],[71.79208,21.5119],[71.79205,21.5119],[71.79202,21.51186],[71.79197,21.51184],[71.79189,21.51184],[71.79185,21.51182],[71.79187,21.51177],[71.79166,21.51168],[71.7916,21.51167],[71.79139,21.51158],[71.79138,21.51156],[71.79127,21.51151],[71.79116,21.51142],[71.79099,21.51134],[71.79093,21.5113],[71.79089,21.5113],[71.79083,21.51124],[71.79076,21.51122],[71.79068,21.51116],[71.79054,21.5111],[71.79048,21.51107],[71.79042,21.51102],[71.79039,21.51102],[71.79034,21.51098],[71.79032,21.51098],[71.79019,21.51089],[71.79011,21.51086],[71.79008,21.51084],[71.79003,21.51084],[71.78999,21.5108],[71.78994,21.51079],[71.78992,21.51075],[71.78978,21.51067],[71.78977,21.51065],[71.78969,21.51065],[71.78966,21.51058],[71.78958,21.51055],[71.78954,21.51055],[71.78946,21.5105],[71.78945,21.51046],[71.78936,21.5104],[71.78931,21.5104],[71.78928,21.51038],[71.78919,21.51035],[71.78919,21.51033],[71.78908,21.51028],[71.78909,21.51024],[71.78905,21.51022],[71.78902,21.51016],[71.78885,21.51007],[71.78885,21.51004],[71.78879,21.51004],[71.78878,21.51001],[71.78871,21.50995],[71.78868,21.50995],[71.78856,21.50984],[71.7885,21.50984],[71.78839,21.50976],[71.78834,21.50976],[71.78833,21.50973],[71.78824,21.50967],[71.7882,21.50967],[71.78818,21.5096],[71.78801,21.50947],[71.78799,21.50947],[71.78786,21.50936],[71.78782,21.50935],[71.78777,21.5093],[71.78767,21.50924],[71.78766,21.50921],[71.78761,21.50918],[71.78757,21.50919],[71.78753,21.50918],[71.78751,21.50913],[71.78754,21.50912],[71.78751,21.50907],[71.78745,21.50904],[71.78734,21.50894],[71.78731,21.50893],[71.78728,21.50887],[71.7872,21.50889],[71.78713,21.50884],[71.78715,21.50879],[71.78714,21.50876],[71.78718,21.50871],[71.78718,21.50863],[71.78721,21.50856],[71.78716,21.50847],[71.78712,21.50848],[71.78704,21.50843],[71.78708,21.50838],[71.78704,21.50834],[71.78706,21.50832],[71.78707,21.50826],[71.78713,21.50818],[71.78713,21.50809],[71.7872,21.50801],[71.78722,21.50793],[71.78728,21.50792],[71.7873,21.50788],[71.78733,21.50788],[71.78733,21.5078],[71.78735,21.50777],[71.78735,21.50771],[71.78737,21.50762],[71.78742,21.50758],[71.78748,21.50759],[71.78752,21.50756],[71.78755,21.50757],[71.78758,21.50754],[71.78771,21.50753],[71.78773,21.50749],[71.78778,21.50742],[71.78779,21.50732],[71.78785,21.50727],[71.78787,21.50718],[71.78789,21.50716],[71.78792,21.50705],[71.78794,21.50699],[71.78794,21.50691],[71.78801,21.50682],[71.78802,21.50678],[71.78808,21.50678],[71.78807,21.50671],[71.78804,21.50671],[71.78796,21.50665],[71.78799,21.5066],[71.78802,21.50653],[71.78799,21.50647],[71.78798,21.50639],[71.78798,21.50624],[71.78795,21.50617],[71.78795,21.50603],[71.78795,21.506],[71.78794,21.50594],[71.78796,21.50589],[71.78801,21.50585],[71.78807,21.50585],[71.78808,21.5058],[71.78813,21.5058],[71.78814,21.50577],[71.78821,21.50576],[71.78827,21.50573],[71.7883,21.50564],[71.78834,21.50561],[71.78834,21.50553],[71.78837,21.50549],[71.7884,21.50548],[71.7884,21.50542],[71.78843,21.50537],[71.78852,21.50529],[71.78854,21.50524],[71.78861,21.50515],[71.78864,21.50509],[71.7887,21.50503],[71.7887,21.50493],[71.78875,21.50488],[71.78888,21.50484],[71.78893,21.50481],[71.78896,21.50481],[71.78899,21.50478],[71.78902,21.50478],[71.78912,21.50468],[71.78916,21.50466],[71.78918,21.50463],[71.78923,21.50456],[71.78928,21.50452],[71.7893,21.50446],[71.78936,21.50441],[71.7894,21.50444],[71.78949,21.50444],[71.7895,21.5044],[71.78956,21.50438],[71.78958,21.50428],[71.78961,21.50428],[71.78968,21.50423],[71.78967,21.50416],[71.78971,21.50412],[71.7897,21.50405],[71.78975,21.50401],[71.78977,21.50395],[71.7898,21.50393],[71.78982,21.50388],[71.78986,21.50386],[71.78988,21.50381],[71.78997,21.5038],[71.79009,21.50371],[71.7901,21.50368],[71.79014,21.50364],[71.79019,21.50367],[71.79022,21.50363],[71.7903,21.50356],[71.79034,21.50357]]]},"properties":{"PolygonId":1604,"Area":3880,"Subbasin":null}},
{"type":"Feature","geometry":{"type":"Polygon","coordinates":[[[71.79397,21.50761],[71.79397,21.50765],[71.79402,21.50771],[71.79403,21.50778],[71.79405,21.50785],[71.79411,21.50792],[71.79413,21.50798],[71.79414,21.50807],[71.79415,21.50809],[71.79416,21.50816],[71.79414,21.50818],[71.79414,21.50827],[71.79419,21.5083],[71.79421,21.50836],[71.79422,21.5085],[71.79417,21.50856],[71.79416,21.5086],[71.79421,21.50867],[71.79423,21.50872],[71.79422,21.50876],[71.79427,21.50886],[71.79426,21.50894],[71.79427,21.50902],[71.7943,21.50907],[71.79432,21.50915],[71.79432,21.50922],[71.79434,21.50925],[71.79439,21.50924],[71.79444,21.50929],[71.79452,21.5093],[71.79455,21.50937],[71.79462,21.50936],[71.7947,21.5094],[71.79473,21.50943],[71.79477,21.50941],[71.795,21.50941],[71.79501,21.50944],[71.79502,21.50958],[71.79503,21.50968],[71.79505,21.50975],[71.79502,21.5098],[71.79501,21.50988],[71.79495,21.50995],[71.79494,21.51],[71.7949,21.51003],[71.79487,21.51009],[71.79484,21.5101],[71.79483,21.51015],[71.7948,21.51015],[71.79474,21.51023],[71.79474,21.51026],[71.79469,21.51032],[71.79464,21.51038],[71.79464,21.51043],[71.79455,21.51052],[71.79453,21.51058],[71.7945,21.5106],[71.7943,21.5106],[71.79427,21.51059],[71.79404,21.51059],[71.794,21.51067],[71.794,21.5107],[71.79396,21.51078],[71.79395,21.51081],[71.79391,21.51085],[71.79391,21.5109],[71.79385,21.51098],[71.79386,21.51101],[71.79385,21.51111],[71.79391,21.51113],[71.79395,21.51116],[71.79399,21.51126],[71.79399,21.51131],[71.79394,21.51135],[71.79392,21.51139],[71.79394,21.51144],[71.79391,21.51151],[71.79388,21.51156],[71.79385,21.51164],[71.79388,21.51166],[71.79389,21.5118],[71.79385,21.51194],[71.7938,21.51205],[71.79383,21.51215],[71.79381,21.51218],[71.79383,21.51222],[71.79377,21.51228],[71.79376,21.51232],[71.79366,21.51233],[71.79362,21.51238],[71.79362,21.51243],[71.79359,21.51243],[71.7935,21.51248],[71.79347,21.51243],[71.79342,21.51239],[71.79337,21.5124],[71.79332,21.51242],[71.79324,21.51234],[71.79321,21.51234],[71.79313,21.51227],[71.79306,21.51225],[71.79295,21.51219],[71.79293,21.51216],[71.79287,21.51215],[71.7928,21.51208],[71.79271,21.51206],[71.79263,21.51202],[71.79262,21.51199],[71.79255,21.51199],[71.79249,21.51194],[71.7925,21.51187],[71.79245,21.51183],[71.79233,21.51181],[71.79231,21.51178],[71.79225,21.51175],[71.79223,21.51172],[71.79216,21.51173],[71.79209,21.5117],[71.79195,21.51167],[71.79189,21.51164],[71.79174,21.51158],[71.79161,21.51155],[71.79151,21.51151],[71.79153,21.51146],[71.79152,21.51141],[71.79158,21.51131],[71.79163,21.51125],[71.79168,21.51117],[71.79176,21.51113],[71.79179,21.51109],[71.79186,21.51099],[71.79189,21.51098],[71.79191,21.5109],[71.79193,21.51088],[71.792,21.51075],[71.79207,21.51067],[71.79215,21.51065],[71.7922,21.51064],[71.79223,21.51065],[71.79232,21.51066],[71.79235,21.51065],[71.79236,21.51061],[71.79244,21.51059],[71.79246,21.5105],[71.7926,21.51049],[71.79265,21.51053],[71.79275,21.51053],[71.79278,21.51048],[71.79277,21.51046],[71.79282,21.51047],[71.79297,21.51047],[71.79301,21.51043],[71.79305,21.51047],[71.79313,21.51046],[71.79317,21.51041],[71.7932,21.51041],[71.79326,21.51034],[71.79332,21.51034],[71.79335,21.5103],[71.79337,21.5103],[71.79341,21.51023],[71.79347,21.51016],[71.79347,21.51014],[71.79358,21.51],[71.79361,21.50999],[71.79364,21.50994],[71.79376,21.50988],[71.79383,21.50982],[71.79385,21.50979],[71.79386,21.50973],[71.79391,21.50968],[71.79391,21.50962],[71.79393,21.5096],[71.79393,21.50947],[71.79396,21.50941],[71.794,21.50939],[71.79402,21.50932],[71.79406,21.50929],[71.79407,21.50919],[71.79403,21.50913],[71.79399,21.50912],[71.79397,21.50908],[71.79393,21.50903],[71.79391,21.50894],[71.79389,21.50894],[71.7939,21.50885],[71.79388,21.50883],[71.79387,21.50869],[71.79392,21.50867],[71.79392,21.50862],[71.79393,21.50857],[71.79392,21.50854],[71.79395,21.50851],[71.79395,21.50835],[71.79392,21.50814],[71.79394,21.50812],[71.79396,21.50804],[71.79396,21.50795],[71.794,21.50787],[71.79399,21.50779],[71.79394,21.50772],[71.79397,21.50761]]]},"properties":{"PolygonId":1237,"Area":21,"Subbasin":null}},
{"type":"Feature","geometry":{"type":"Polygon","coordinates":[[[71.78582,21.50414],[71.78576,21.50404],[71.78577,21.50397],[71.78574,21.50395],[71.78566,21.50395],[71.78557,21.5039],[71.7855,21.50393],[71.78546,21.5039],[71.7855,21.50373],[71.78554,21.50368],[71.78554,21.50364],[71.78556,21.50362],[71.78562,21.50353],[71.78562,21.50348],[71.78567,21.50346],[71.78574,21.50334],[71.78574,21.50332],[71.78581,21.50321],[71.78584,21.50313],[71.78589,21.50307],[71.78592,21.50305],[71.78594,21.50301],[71.78601,21.50294],[71.78606,21.50295],[71.78616,21.50285],[71.7862,21.50282],[71.78621,21.50278],[71.78624,21.50276],[71.78623,21.50268],[71.78626,21.50268],[71.78629,21.50265],[71.78627,21.50259],[71.78629,21.50255],[71.78631,21.50254],[71.78632,21.50242],[71.78629,21.50241],[71.78632,21.50234],[71.78638,21.50233],[71.7864,21.50229],[71.78649,21.50228],[71.7865,21.50217],[71.78652,21.50216],[71.78653,21.50208],[71.78661,21.50209],[71.78664,21.50208],[71.78668,21.50199],[71.78671,21.50198],[71.78675,21.50193],[71.78674,21.50183],[71.78673,21.50175],[71.78675,21.50171],[71.78678,21.50161],[71.78687,21.50154],[71.78697,21.50148],[71.78707,21.50141],[71.78713,21.50139],[71.78721,21.50133],[71.78725,21.50133],[71.78726,21.50129],[71.78731,21.50124],[71.78736,21.50123],[71.78738,21.5012],[71.78747,21.50118],[71.78755,21.50115],[71.78761,21.50115],[71.78766,21.50113],[71.7878,21.50109],[71.78782,21.50112],[71.78802,21.50108],[71.78804,21.50111],[71.78836,21.50111],[71.78843,21.50112],[71.78847,21.50111],[71.78856,21.50112],[71.78857,21.50113],[71.78863,21.50112],[71.78865,21.5011],[71.78873,21.50108],[71.78877,21.50112],[71.78882,21.50114],[71.78894,21.50114],[71.78895,21.50115],[71.78902,21.50115],[71.78913,21.50117],[71.78931,21.50109],[71.78932,21.50104],[71.78943,21.50106],[71.78945,21.50102],[71.78955,21.50103],[71.78967,21.50101],[71.7897,21.50099],[71.78971,21.50094],[71.78968,21.50087],[71.78968,21.50082],[71.78959,21.50064],[71.78959,21.50059],[71.78955,21.50055],[71.78953,21.5005],[71.78958,21.50048],[71.78962,21.50056],[71.78971,21.50055],[71.78978,21.50049],[71.78984,21.50048],[71.78989,21.50038],[71.78993,21.50034],[71.78993,21.50028],[71.78996,21.50022],[71.79001,21.50017],[71.79001,21.50013],[71.79006,21.50005],[71.79006,21.50001],[71.7901,21.49997],[71.7901,21.49992],[71.79017,21.49982],[71.7902,21.49976],[71.79027,21.49968],[71.79032,21.49966],[71.79041,21.49965],[71.79045,21.49966],[71.79054,21.49966],[71.79054,21.49963],[71.79058,21.49959],[71.79065,21.49958],[71.79068,21.49954],[71.79086,21.49942],[71.79097,21.49942],[71.79113,21.49931],[71.7912,21.49931],[71.79126,21.49928],[71.79135,21.49925],[71.79135,21.49924],[71.79147,21.49923],[71.79151,21.49921],[71.79159,21.49919],[71.79168,21.49921],[71.7918,21.49922],[71.79191,21.49926],[71.79202,21.49926],[71.79209,21.49924],[71.79212,21.49921],[71.79224,21.4992],[71.79226,21.49918],[71.79236,21.49917],[71.79242,21.4992],[71.79252,21.49917],[71.79259,21.49918],[71.79264,21.49917],[71.79272,21.49922],[71.79277,21.4992],[71.79282,21.4992],[71.79291,21.49925],[71.793,21.49922],[71.79312,21.49922],[71.79319,21.49921],[71.79327,21.49916],[71.79336,21.49916],[71.79338,21.49918],[71.79348,21.49916],[71.79355,21.49915],[71.79361,21.49912],[71.79371,21.49909],[71.79377,21.49909],[71.79379,21.4991],[71.79387,21.49911],[71.79397,21.49909],[71.79407,21.49902],[71.79416,21.49901],[71.79428,21.49902],[71.79432,21.49906],[71.79436,21.49906],[71.7944,21.49906],[71.79444,21.49906],[71.7945,21.49908],[71.79459,21.49908],[71.79465,21.49915],[71.79475,21.49916],[71.79475,21.49914],[71.79497,21.49903],[71.79502,21.49903],[71.79514,21.49909],[71.79523,21.4991],[71.79526,21.49914],[71.79534,21.49915],[71.79535,21.4992],[71.7954,21.49921],[71.79547,21.49921],[71.79549,21.49923],[71.79559,21.49926],[71.79561,21.49923],[71.79566,21.49923],[71.79571,21.49928],[71.79579,21.49932],[71.7958,21.49935],[71.79585,21.49933],[71.79591,21.49937],[71.79602,21.49935],[71.79611,21.49941],[71.79614,21.49944],[71.79623,21.49943],[71.79631,21.49947],[71.79634,21.49951],[71.79631,21.49958],[71.79637,21.49959],[71.79639,21.49956],[71.79646,21.49953],[71.79649,21.49939],[71.79653,21.49937],[71.79653,21.49933],[71.79658,21.49929],[71.79658,21.49927],[71.79666,21.49922],[71.79672,21.49915],[71.79678,21.49905],[71.79684,21.49898],[71.79692,21.49893],[71.79699,21.49887],[71.79698,21.49882],[71.79706,21.49882],[71.79706,21.4988],[71.79701,21.49878],[71.797,21.4987],[71.79705,21.49863],[71.79709,21.49861],[71.79719,21.49859],[71.7972,21.49853],[71.79724,21.49852],[71.79724,21.49849],[71.79728,21.49846],[71.79729,21.49841],[71.79735,21.49835],[71.7974,21.49835],[71.79747,21.49825],[71.79748,21.4982],[71.79754,21.49815],[71.79754,21.4981],[71.7976,21.49806],[71.79764,21.49798],[71.79774,21.49797],[71.79777,21.49795],[71.79778,21.4979],[71.79776,21.49788],[71.79782,21.49782],[71.79785,21.49775],[71.79789,21.49774],[71.79793,21.49778],[71.79802,21.49777],[71.79804,21.4978],[71.79809,21.49778],[71.79812,21.49782],[71.79819,21.49784],[71.79819,21.49785],[71.79813,21.49788],[71.7981,21.49796],[71.79808,21.49796],[71.79802,21.49806],[71.79802,21.49812],[71.79798,21.49815],[71.79797,21.4982],[71.79793,21.49827],[71.79784,21.49833],[71.79784,21.4984],[71.79781,21.49843],[71.79776,21.49856],[71.79771,21.49862],[71.79771,21.49865],[71.79768,21.4987],[71.79768,21.49875],[71.79765,21.49881],[71.79756,21.49881],[71.79756,21.49886],[71.7975,21.49892],[71.79751,21.49899],[71.79748,21.49903],[71.79743,21.49905],[71.79742,21.49911],[71.79731,21.4991],[71.79728,21.49914],[71.79729,21.49919],[71.79727,21.49927],[71.79722,21.4993],[71.79715,21.49936],[71.79715,21.49946],[71.79721,21.49954],[71.79722,21.49963],[71.79724,21.4997],[71.79728,21.49979],[71.79726,21.4998],[71.79727,21.49988],[71.79733,21.49993],[71.79734,21.50007],[71.79737,21.50014],[71.79735,21.50025],[71.79732,21.50029],[71.7973,21.50036],[71.79735,21.50039],[71.7974,21.50049],[71.79738,21.50058],[71.79737,21.50059],[71.79736,21.50067],[71.7974,21.50069],[71.79739,21.50072],[71.79744,21.50079],[71.79744,21.50088],[71.79741,21.50091],[71.79741,21.50097],[71.79745,21.501],[71.79745,21.50113],[71.79746,21.50118],[71.79745,21.50124],[71.79748,21.5013],[71.79747,21.50141],[71.79753,21.50145],[71.79753,21.50151],[71.79748,21.50156],[71.79749,21.50163],[71.79745,21.50164],[71.79739,21.50172],[71.79739,21.50173],[71.79733,21.50171],[71.79732,21.50173],[71.79721,21.50172],[71.79718,21.50168],[71.79715,21.50172],[71.79715,21.50176],[71.79708,21.50176],[71.79704,21.50186],[71.7971,21.5019],[71.79711,21.50196],[71.79709,21.502],[71.79716,21.50203],[71.79721,21.50214],[71.79716,21.50219],[71.79711,21.50221],[71.79699,21.50229],[71.79695,21.50231],[71.79687,21.50232],[71.7968,21.5023],[71.7967,21.50225],[71.79661,21.50217],[71.79653,21.50214],[71.79637,21.50214],[71.7962,21.50218],[71.79618,21.50222],[71.79602,21.50231],[71.79602,21.50234],[71.79596,21.50238],[71.79593,21.50239],[71.79586,21.50245],[71.79586,21.50247],[71.79577,21.50252],[71.79576,21.50254],[71.79569,21.50256],[71.79569,21.5026],[71.79565,21.50265],[71.79565,21.50272],[71.79567,21.50275],[71.79568,21.50279],[71.79574,21.50288],[71.79577,21.50288],[71.79584,21.50292],[71.79587,21.50292],[71.79595,21.50297],[71.79599,21.50305],[71.79593,21.50317],[71.79583,21.50322],[71.79581,21.50322],[71.79569,21.50327],[71.79559,21.50334],[71.79553,21.50335],[71.79542,21.50342],[71.79539,21.50342],[71.7953,21.50348],[71.79525,21.50349],[71.79521,21.50351],[71.79496,21.50355],[71.79497,21.50358],[71.79495,21.50365],[71.79498,21.50371],[71.79505,21.50375],[71.79514,21.50375],[71.79529,21.50376],[71.79543,21.50376],[71.79549,21.50374],[71.79564,21.50374],[71.79566,21.50375],[71.79565,21.50382],[71.79555,21.50386],[71.79554,21.50386],[71.79554,21.50387],[71.79546,21.50388],[71.79538,21.50391],[71.79526,21.50393],[71.79519,21.50396],[71.79505,21.50397],[71.79488,21.50398],[71.79485,21.50397],[71.79449,21.50398],[71.79442,21.50403],[71.79439,21.5041],[71.7944,21.5042],[71.79442,21.50434],[71.79443,21.50443],[71.79441,21.50449],[71.79434,21.50449],[71.7943,21.50452],[71.79432,21.50455],[71.79432,21.50463],[71.79426,21.50463],[71.79411,21.50459],[71.79407,21.50455],[71.79397,21.5045],[71.79391,21.50451],[71.79379,21.50452],[71.79374,21.5045],[71.79371,21.50453],[71.79363,21.50451],[71.79362,21.50441],[71.79357,21.50437],[71.79352,21.50437],[71.79348,21.50432],[71.79346,21.50427],[71.79342,21.50423],[71.79331,21.50424],[71.79316,21.50422],[71.7931,21.5042],[71.79307,21.50424],[71.79301,21.50425],[71.79299,21.50427],[71.7929,21.50423],[71.79284,21.50426],[71.79279,21.50422],[71.79276,21.50417],[71.79269,21.50415],[71.79269,21.50411],[71.79266,21.50407],[71.79259,21.50405],[71.79252,21.504],[71.79242,21.504],[71.79234,21.50395],[71.79226,21.50396],[71.79219,21.50402],[71.79215,21.50402],[71.7921,21.50399],[71.79204,21.50403],[71.79195,21.50402],[71.79193,21.50404],[71.79184,21.50403],[71.79181,21.50401],[71.79174,21.504],[71.79166,21.50395],[71.79159,21.50394],[71.79159,21.50392],[71.79147,21.50395],[71.79139,21.50401],[71.79129,21.50399],[71.79127,21.50396],[71.79123,21.50396],[71.79114,21.50392],[71.79107,21.50392],[71.79103,21.50395],[71.79099,21.50395],[71.79092,21.50399],[71.79091,21.50388],[71.79094,21.50386],[71.79093,21.50382],[71.79088,21.50382],[71.7908,21.50377],[71.79076,21.50376],[71.79075,21.5037],[71.79065,21.5037],[71.79064,21.50367],[71.79058,21.5037],[71.79051,21.5037],[71.7905,21.50366],[71.79044,21.50363],[71.79042,21.50357],[71.79034,21.50357],[71.79034,21.50355],[71.79031,21.50351],[71.79026,21.50352],[71.79022,21.50347],[71.79016,21.50347],[71.7901,21.50342],[71.79011,21.50351],[71.79007,21.50353],[71.79009,21.50359],[71.79004,21.50364],[71.78994,21.50366],[71.78987,21.50367],[71.78982,21.5037],[71.78981,21.50373],[71.78976,21.50375],[71.78975,21.50378],[71.78968,21.5038],[71.78964,21.50385],[71.78958,21.50386],[71.78952,21.50391],[71.78943,21.5039],[71.78934,21.50395],[71.78928,21.50395],[71.7892,21.50399],[71.7892,21.50403],[71.78912,21.50403],[71.78911,21.50398],[71.78905,21.50397],[71.789,21.50399],[71.78881,21.50398],[71.78878,21.504],[71.78873,21.50401],[71.78869,21.50408],[71.78864,21.50411],[71.78859,21.50412],[71.78855,21.50414],[71.78849,21.50413],[71.78842,21.50417],[71.78834,21.5042],[71.78833,21.50422],[71.78828,21.50422],[71.78825,21.50424],[71.78817,21.50425],[71.78809,21.50421],[71.78803,21.50421],[71.78799,21.50416],[71.78792,21.50413],[71.78786,21.50413],[71.78783,21.50409],[71.78776,21.50409],[71.78771,21.50415],[71.78771,21.50417],[71.78764,21.50416],[71.7876,21.50421],[71.78753,21.50422],[71.78747,21.50422],[71.78744,21.50426],[71.78738,21.50426],[71.78733,21.50432],[71.78729,21.50433],[71.78723,21.50438],[71.78719,21.50444],[71.78714,21.50444],[71.78712,21.50447],[71.78705,21.50449],[71.787,21.50456],[71.78697,21.50456],[71.78692,21.5046],[71.78688,21.5046],[71.78687,21.50464],[71.78682,21.50464],[71.78677,21.5046],[71.78669,21.50455],[71.78655,21.50456],[71.78646,21.50453],[71.78644,21.50449],[71.78644,21.50446],[71.7864,21.5044],[71.7864,21.50436],[71.78631,21.50434],[71.7863,21.5043],[71.78626,21.50428],[71.78624,21.50428],[71.78614,21.50429],[71.78609,21.50423],[71.786,21.50423],[71.78589,21.50418],[71.78586,21.50413],[71.78582,21.50414]]]},"properties":{"PolygonId":1632,"Area":1834,"Subbasin":null}},
{"type":"Feature","geometry":{"type":"Polygon","coordinates":[[[71.7714,21.48232],[71.77145,21.48232],[71.77148,21.4823],[71.77153,21.48232],[71.77157,21.48231],[71.77163,21.48233],[71.77165,21.48236],[71.77169,21.48236],[71.77178,21.4824],[71.77186,21.48239],[71.77191,21.48233],[71.77198,21.48232],[71.77201,21.48229],[71.77211,21.48227],[71.77223,21.48226],[71.77224,21.48224],[71.77236,21.48228],[71.77241,21.48226],[71.77242,21.48231],[71.77246,21.48237],[71.77248,21.48243],[71.77251,21.48244],[71.77257,21.48252],[71.77261,21.48255],[71.77264,21.4826],[71.77271,21.48267],[71.77274,21.48267],[71.77276,21.48272],[71.7728,21.48278],[71.77284,21.48279],[71.77285,21.48283],[71.77299,21.48297],[71.773,21.483],[71.77305,21.48302],[71.77306,21.48306],[71.77312,21.48306],[71.77312,21.4831],[71.77305,21.48317],[71.77304,21.48321],[71.773,21.48323],[71.77287,21.48337],[71.7728,21.48344],[71.77276,21.48348],[71.77272,21.48353],[71.77266,21.48356],[71.77264,21.48363],[71.77266,21.48367],[71.7727,21.48369],[71.77279,21.48369],[71.77283,21.48371],[71.77283,21.48376],[71.77287,21.48384],[71.77287,21.48393],[71.77287,21.48402],[71.77292,21.48402],[71.77293,21.48407],[71.77297,21.48413],[71.77305,21.48417],[71.77305,21.48425],[71.77301,21.48425],[71.77301,21.48434],[71.77293,21.48434],[71.77287,21.48448],[71.77287,21.48455],[71.7727,21.48454],[71.77266,21.48452],[71.77261,21.48453],[71.77259,21.4845],[71.77253,21.48451],[71.77248,21.48447],[71.77242,21.48446],[71.77243,21.48432],[71.77242,21.48424],[71.77237,21.48414],[71.77235,21.48406],[71.77232,21.48407],[71.77229,21.48402],[71.77217,21.48409],[71.77204,21.48403],[71.77199,21.48405],[71.77196,21.48403],[71.77186,21.48404],[71.77173,21.484],[71.77173,21.48397],[71.77167,21.48393],[71.77162,21.48388],[71.77156,21.48384],[71.77153,21.48385],[71.77149,21.48381],[71.77142,21.4838],[71.77135,21.48377],[71.7713,21.48378],[71.77128,21.48376],[71.77121,21.48377],[71.77112,21.48378],[71.77106,21.48375],[71.771,21.48376],[71.77083,21.48376],[71.77075,21.48374],[71.77064,21.4837],[71.77046,21.48357],[71.77043,21.48353],[71.77039,21.48353],[71.77032,21.4835],[71.77023,21.4835],[71.77019,21.48345],[71.7701,21.48341],[71.7701,21.48338],[71.77007,21.48333],[71.77004,21.48331],[71.77002,21.48327],[71.76997,21.48326],[71.76996,21.48319],[71.76992,21.48318],[71.76987,21.48308],[71.76983,21.48308],[71.76979,21.48303],[71.76975,21.48303],[71.76973,21.48295],[71.7697,21.48294],[71.7697,21.48289],[71.76964,21.48286],[71.76964,21.48281],[71.76968,21.48276],[71.76968,21.48272],[71.7697,21.48271],[71.76966,21.48259],[71.76981,21.48258],[71.76985,21.48261],[71.76993,21.48261],[71.76996,21.48263],[71.77005,21.48264],[71.77015,21.48267],[71.77015,21.48263],[71.77019,21.48262],[71.77027,21.48263],[71.77038,21.48264],[71.77043,21.48262],[71.77049,21.48257],[71.7705,21.48254],[71.77059,21.48253],[71.77063,21.48253],[71.77067,21.48254],[71.77082,21.48253],[71.7709,21.48254],[71.77097,21.48249],[71.77104,21.48242],[71.77105,21.48239],[71.77111,21.48234],[71.77115,21.48234],[71.77121,21.48232],[71.77128,21.48234],[71.77137,21.48234],[71.7714,21.48232]]]},"properties":{"PolygonId":944,"Area":7642,"Subbasin":null}},
{"type":"Feature","geometry":{"type":"Polygon","coordinates":[[[71.79714,21.51194],[71.79706,21.51191],[71.79701,21.51194],[71.79699,21.51188],[71.79693,21.51188],[71.7969,21.51186],[71.79682,21.51185],[71.7968,21.51184],[71.7967,21.51183],[71.79665,21.5118],[71.79665,21.51175],[71.79663,21.51174],[71.79656,21.51174],[71.79644,21.5117],[71.79635,21.51169],[71.79629,21.51166],[71.79628,21.51161],[71.79624,21.51159],[71.79626,21.51155],[71.79627,21.51146],[71.79626,21.51134],[71.79627,21.51127],[71.79629,21.51125],[71.79629,21.5112],[71.7963,21.51111],[71.79635,21.51107],[71.79633,21.51103],[71.79636,21.51094],[71.79637,21.5108],[71.79634,21.51074],[71.79634,21.51068],[71.79633,21.51063],[71.79625,21.51049],[71.79623,21.51044],[71.79621,21.5103],[71.79617,21.51026],[71.79606,21.51017],[71.796,21.51011],[71.79594,21.5101],[71.79584,21.51002],[71.79581,21.50998],[71.79581,21.50991],[71.79579,21.5099],[71.79575,21.50982],[71.79577,21.50978],[71.79574,21.50972],[71.79574,21.50965],[71.79571,21.50963],[71.79571,21.50945],[71.7957,21.50944],[71.7957,21.50931],[71.79568,21.5092],[71.79565,21.50916],[71.79566,21.50901],[71.79564,21.50898],[71.79567,21.50893],[71.79566,21.50887],[71.79567,21.50876],[71.79563,21.50869],[71.79561,21.50866],[71.79556,21.50864],[71.79552,21.50856],[71.79547,21.5085],[71.79538,21.50841],[71.79528,21.50835],[71.79524,21.50828],[71.79523,21.5082],[71.79519,21.50815],[71.79519,21.50807],[71.79518,21.50806],[71.79515,21.50796],[71.79515,21.5079],[71.79512,21.50787],[71.79511,21.50778],[71.79507,21.50774],[71.79507,21.50771],[71.79504,21.50764],[71.79501,21.50762],[71.79501,21.50755],[71.79498,21.50753],[71.79495,21.50746],[71.79497,21.50745],[71.795,21.5075],[71.79505,21.50755],[71.79508,21.50761],[71.79515,21.50766],[71.7952,21.50773],[71.7952,21.50777],[71.79524,21.5078],[71.79525,21.50785],[71.79524,21.50789],[71.79526,21.50795],[71.79534,21.50805],[71.79538,21.50811],[71.79537,21.50816],[71.79541,21.50826],[71.79546,21.5083],[71.79555,21.50846],[71.79558,21.50847],[71.79561,21.50854],[71.79561,21.50858],[71.79568,21.50863],[71.79568,21.50866],[71.79581,21.50868],[71.79584,21.50871],[71.79597,21.50864],[71.79609,21.50863],[71.79616,21.50865],[71.79619,21.50862],[71.79628,21.50862],[71.79643,21.50853],[71.79659,21.50855],[71.79665,21.50858],[71.79672,21.50864],[71.79679,21.50866],[71.79687,21.50873],[71.79693,21.50876],[71.79699,21.50876],[71.79702,21.50879],[71.79705,21.50879],[71.79716,21.50888],[71.79722,21.50889],[71.79734,21.50893],[71.79735,21.50897],[71.79748,21.50901],[71.79758,21.50902],[71.79762,21.50905],[71.79769,21.50907],[71.79774,21.50913],[71.79773,21.50917],[71.79776,21.50919],[71.79771,21.50924],[71.79773,21.5093],[71.79776,21.5093],[71.79779,21.50935],[71.79773,21.50953],[71.79767,21.50962],[71.79765,21.50969],[71.79765,21.50979],[71.79763,21.50984],[71.79763,21.5099],[71.79758,21.50995],[71.79754,21.51003],[71.79752,21.51015],[71.7975,21.51018],[71.79748,21.51029],[71.79748,21.51038],[71.79742,21.51052],[71.79742,21.51062],[71.7974,21.51063],[71.79742,21.51099],[71.7974,21.51104],[71.7974,21.51114],[71.79739,21.51124],[71.79745,21.51129],[71.79746,21.51135],[71.79743,21.51137],[71.79744,21.51144],[71.79742,21.51145],[71.79743,21.51151],[71.79742,21.51157],[71.79738,21.51159],[71.79738,21.51164],[71.79735,21.51166],[71.79734,21.51171],[71.7973,21.51172],[71.79731,21.51177],[71.79738,21.51178],[71.79738,21.51182],[71.79734,21.51185],[71.79728,21.51186],[71.7972,21.51191],[71.7972,21.51194],[71.79714,21.51194]]]},"properties":{"PolygonId":1133,"Area":5780,"Subbasin":null}},
{"type":"Feature","geometry":{"type":"Polygon","coordinates":[[[71.76345,21.48074],[71.76345,21.48072],[71.76343,21.48072],[71.76344,21.4807],[71.76343,21.48068],[71.76344,21.48061],[71.76342,21.48056],[71.76348,21.48049],[71.76352,21.48045],[71.76351,21.48038],[71.76352,21.48033],[71.76343,21.48015],[71.76338,21.48013],[71.76338,21.48008],[71.76336,21.48002],[71.76336,21.47995],[71.76338,21.47991],[71.76339,21.47984],[71.76342,21.4798],[71.76342,21.47969],[71.76343,21.47963],[71.7634,21.47961],[71.76341,21.47955],[71.76337,21.47949],[71.76332,21.47944],[71.76332,21.47937],[71.7633,21.47935],[71.76329,21.47922],[71.76328,21.4791],[71.76322,21.47898],[71.76323,21.4789],[71.76328,21.47883],[71.76328,21.47873],[71.76333,21.4787],[71.76336,21.47871],[71.76345,21.47858],[71.76348,21.47851],[71.76351,21.47845],[71.7635,21.47839],[71.76354,21.47835],[71.76356,21.47829],[71.76359,21.47829],[71.7636,21.47825],[71.76363,21.47824],[71.76372,21.4782],[71.76374,21.47814],[71.76378,21.47812],[71.7638,21.47807],[71.76383,21.47804],[71.76383,21.478],[71.7639,21.47795],[71.76398,21.47785],[71.76401,21.47772],[71.76404,21.4777],[71.76414,21.47752],[71.76422,21.47741],[71.76424,21.4773],[71.76426,21.4773],[71.76427,21.47722],[71.76429,21.47721],[71.76428,21.47715],[71.76431,21.47709],[71.76434,21.47698],[71.76436,21.47694],[71.76436,21.4769],[71.76438,21.47685],[71.76442,21.47683],[71.76445,21.47676],[71.76447,21.47674],[71.76447,21.47663],[71.76445,21.47663],[71.76445,21.47655],[71.76443,21.47654],[71.76445,21.47648],[71.76448,21.47644],[71.76454,21.4764],[71.76456,21.47637],[71.76463,21.47636],[71.76467,21.4763],[71.76465,21.4762],[71.76459,21.47612],[71.76466,21.476],[71.76469,21.476],[71.7647,21.47595],[71.76469,21.47592],[71.76468,21.47583],[71.76474,21.4758],[71.76475,21.47574],[71.76474,21.47563],[71.76476,21.47554],[71.76477,21.47549],[71.7647,21.4754],[71.76467,21.47532],[71.76463,21.47528],[71.7646,21.47524],[71.76454,21.47515],[71.76454,21.47509],[71.76449,21.47503],[71.76448,21.47499],[71.76433,21.47489],[71.76429,21.47484],[71.76426,21.47474],[71.76418,21.47468],[71.76412,21.47461],[71.76409,21.47454],[71.76402,21.47447],[71.76399,21.47442],[71.76395,21.47438],[71.76385,21.47433],[71.76384,21.47428],[71.76379,21.47424],[71.76374,21.47424],[71.76367,21.47419],[71.76363,21.47416],[71.76359,21.47409],[71.76351,21.47405],[71.7635,21.47399],[71.76345,21.47399],[71.76336,21.4739],[71.76335,21.47387],[71.76334,21.47384],[71.76325,21.47384],[71.76325,21.47383],[71.76326,21.47382],[71.76326,21.47381],[71.76326,21.47378],[71.76329,21.47374],[71.76331,21.47365],[71.76333,21.47362],[71.76332,21.47351],[71.76329,21.47345],[71.76328,21.47337],[71.76327,21.47337],[71.76327,21.47325],[71.76329,21.47315],[71.76335,21.47315],[71.76347,21.4731],[71.76346,21.47297],[71.7635,21.4729],[71.76349,21.47285],[71.76352,21.4728],[71.76353,21.47274],[71.76352,21.47259],[71.76354,21.47258],[71.76356,21.47258],[71.7636,21.47258],[71.76362,21.47261],[71.76367,21.4726],[71.76373,21.47261],[71.76373,21.47262],[71.76375,21.47264],[71.7638,21.47263],[71.76387,21.47262],[71.7639,21.47258],[71.76406,21.47254],[71.76416,21.47253],[71.76418,21.4725],[71.76422,21.4725],[71.76426,21.47246],[71.76444,21.47239],[71.76452,21.47238],[71.76455,21.4724],[71.76466,21.47241],[71.7647,21.47242],[71.76473,21.4724],[71.76478,21.47241],[71.76484,21.47235],[71.76494,21.47233],[71.765,21.47234],[71.76504,21.47226],[71.76511,21.47223],[71.76519,21.47216],[71.76529,21.47216],[71.76533,21.47218],[71.76546,21.47215],[71.7655,21.47208],[71.76554,21.47208],[71.7656,21.47211],[71.76568,21.47211],[71.76573,21.47206],[71.76581,21.47206],[71.76598,21.47203],[71.76613,21.47202],[71.76616,21.47199],[71.76618,21.47195],[71.76627,21.47193],[71.76637,21.47192],[71.76646,21.47187],[71.76648,21.47187],[71.76648,21.47189],[71.76661,21.4719],[71.76669,21.47192],[71.76671,21.47196],[71.76677,21.47199],[71.76681,21.47199],[71.76691,21.47205],[71.76697,21.47207],[71.76699,21.47212],[71.76703,21.47216],[71.76708,21.47218],[71.76717,21.47219],[71.7673,21.47219],[71.76732,21.47222],[71.76738,21.47223],[71.76737,21.4723],[71.76743,21.47229],[71.76745,21.47232],[71.76752,21.47231],[71.76762,21.47235],[71.76767,21.47235],[71.76769,21.47239],[71.76777,21.47242],[71.76781,21.47247],[71.76789,21.47249],[71.7679,21.47256],[71.76797,21.47259],[71.76798,21.47261],[71.76809,21.47262],[71.76814,21.47267],[71.76819,21.47268],[71.76825,21.47264],[71.76833,21.47257],[71.76846,21.47256],[71.7685,21.47251],[71.7685,21.47248],[71.76862,21.47237],[71.76869,21.47238],[71.76871,21.4724],[71.76884,21.4724],[71.76891,21.47237],[71.76901,21.47225],[71.76901,21.47222],[71.76907,21.47222],[71.7691,21.4722],[71.76912,21.47212],[71.7692,21.47206],[71.76922,21.47202],[71.76925,21.47202],[71.76926,21.47197],[71.76933,21.47197],[71.76937,21.47192],[71.76951,21.47193],[71.76955,21.47189],[71.76962,21.47187],[71.76965,21.47184],[71.76972,21.47182],[71.76979,21.47183],[71.7698,21.47186],[71.76989,21.47192],[71.76989,21.47197],[71.76995,21.47196],[71.76997,21.47198],[71.77003,21.47199],[71.77009,21.47207],[71.77017,21.47212],[71.77025,21.47212],[71.77031,21.47208],[71.77031,21.47212],[71.77036,21.47211],[71.77045,21.47212],[71.77053,21.47209],[71.77053,21.47204],[71.77058,21.47203],[71.77068,21.47203],[71.77068,21.47206],[71.77081,21.47207],[71.77086,21.47206],[71.77088,21.47203],[71.77102,21.47204],[71.77107,21.47203],[71.77112,21.47197],[71.77118,21.47196],[71.77126,21.47184],[71.77133,21.4718],[71.77134,21.47176],[71.77136,21.47176],[71.77139,21.47177],[71.77152,21.47169],[71.77158,21.47168],[71.7716,21.4717],[71.77168,21.47166],[71.77172,21.47161],[71.77177,21.4716],[71.77184,21.47156],[71.77188,21.47159],[71.77199,21.4716],[71.77203,21.47163],[71.77209,21.47163],[71.77212,21.47159],[71.77219,21.4716],[71.77229,21.4716],[71.77233,21.47161],[71.77236,21.47158],[71.77247,21.47157],[71.77253,21.47153],[71.77268,21.47149],[71.77276,21.4715],[71.77283,21.47148],[71.77288,21.47151],[71.77292,21.47145],[71.77299,21.47147],[71.77305,21.47147],[71.77312,21.47151],[71.77314,21.47155],[71.77318,21.47154],[71.77334,21.47153],[71.77338,21.47152],[71.77339,21.47157],[71.77348,21.47159],[71.77366,21.47156],[71.77371,21.47157],[71.77386,21.47154],[71.77395,21.47152],[71.77395,21.47151],[71.77415,21.4715],[71.77416,21.47143],[71.77419,21.47143],[71.77425,21.4714],[71.77436,21.47141],[71.77436,21.4714],[71.77439,21.47135],[71.77439,21.47132],[71.77447,21.47128],[71.7745,21.47127],[71.7746,21.47124],[71.77463,21.4712],[71.77467,21.47121],[71.77472,21.47117],[71.77478,21.47116],[71.7748,21.47113],[71.7749,21.4711],[71.77491,21.47107],[71.77498,21.47105],[71.77503,21.47096],[71.77509,21.47095],[71.77508,21.47089],[71.7751,21.47088],[71.77514,21.47082],[71.7752,21.47081],[71.77531,21.47077],[71.77536,21.47066],[71.77542,21.47063],[71.77544,21.47059],[71.77552,21.47057],[71.77561,21.47051],[71.77565,21.4705],[71.77578,21.47043],[71.77579,21.4704],[71.77583,21.4704],[71.77585,21.47037],[71.77586,21.4703],[71.77589,21.47031],[71.77594,21.47025],[71.77595,21.47018],[71.776,21.47016],[71.77601,21.47016],[71.77602,21.47011],[71.77613,21.47013],[71.77617,21.47005],[71.77623,21.47005],[71.77625,21.47003],[71.77632,21.47007],[71.7764,21.47007],[71.77641,21.47006],[71.77649,21.47005],[71.77652,21.47008],[71.77659,21.47008],[71.7766,21.47014],[71.77665,21.47016],[71.7767,21.47021],[71.7768,21.4702],[71.77685,21.47017],[71.77687,21.4702],[71.77696,21.4702],[71.77696,21.47016],[71.77709,21.47019],[71.77718,21.47017],[71.77724,21.47014],[71.77724,21.47012],[71.77735,21.47011],[71.77742,21.47015],[71.7775,21.47014],[71.77757,21.4701],[71.77758,21.47012],[71.77758,21.47019],[71.77763,21.47018],[71.77769,21.47029],[71.77772,21.47029],[71.77778,21.4703],[71.77784,21.47029],[71.77791,21.47032],[71.77795,21.47036],[71.77791,21.47044],[71.77793,21.47049],[71.77793,21.47056],[71.77797,21.47067],[71.77794,21.47069],[71.77795,21.47077],[71.77805,21.47081],[71.77805,21.47086],[71.77801,21.47101],[71.77803,21.47104],[71.77826,21.47124],[71.77838,21.47129],[71.7784,21.47133],[71.7785,21.47141],[71.7785,21.47143],[71.77865,21.47155],[71.77869,21.4716],[71.77876,21.47166],[71.77877,21.47171],[71.77881,21.47174],[71.77883,21.47182],[71.77878,21.47185],[71.77877,21.47193],[71.77879,21.472],[71.77881,21.47203],[71.77882,21.47211],[71.77885,21.47216],[71.7789,21.4722],[71.77889,21.47224],[71.77893,21.4723],[71.77895,21.47236],[71.77897,21.47237],[71.77898,21.4725],[71.77903,21.47254],[71.77908,21.47252],[71.7791,21.47252],[71.77912,21.47256],[71.77921,21.47263],[71.77919,21.47272],[71.77914,21.47276],[71.77919,21.47278],[71.77915,21.47282],[71.77919,21.47292],[71.77924,21.47295],[71.77921,21.47298],[71.77918,21.47302],[71.77915,21.47302],[71.77909,21.47311],[71.77909,21.47331],[71.77912,21.4734],[71.77919,21.47343],[71.77921,21.47348],[71.77925,21.47347],[71.77929,21.4735],[71.77932,21.47358],[71.77931,21.4737],[71.77937,21.47369],[71.77943,21.47372],[71.77947,21.47375],[71.77954,21.47378],[71.77954,21.47385],[71.7795,21.474],[71.77947,21.47404],[71.77947,21.47409],[71.77946,21.47421],[71.77948,21.47423],[71.77946,21.47428],[71.77947,21.47437],[71.7795,21.47439],[71.77955,21.47439],[71.7796,21.47442],[71.77967,21.47443],[71.7797,21.47441],[71.77978,21.4744],[71.77984,21.47446],[71.77993,21.47446],[71.77999,21.47451],[71.78008,21.47452],[71.7801,21.47457],[71.78015,21.47458],[71.78016,21.47461],[71.78023,21.47459],[71.78028,21.47462],[71.78028,21.47463],[71.78026,21.47466],[71.78018,21.4747],[71.78015,21.47473],[71.78009,21.47476],[71.78006,21.47482],[71.78002,21.47486],[71.77988,21.47493],[71.77988,21.47495],[71.77989,21.47497],[71.77982,21.47499],[71.77977,21.47499],[71.77973,21.47506],[71.77967,21.47506],[71.77964,21.4751],[71.77957,21.47509],[71.7795,21.47518],[71.77943,21.47519],[71.7794,21.47523],[71.77935,21.47525],[71.77932,21.4753],[71.77921,21.47539],[71.77919,21.47539],[71.77912,21.47546],[71.77901,21.47555],[71.77895,21.47558],[71.77886,21.47567],[71.77885,21.4757],[71.77879,21.47572],[71.77876,21.47575],[71.77869,21.47579],[71.7786,21.47587],[71.77853,21.47588],[71.77845,21.47591],[71.77838,21.47599],[71.77834,21.476],[71.77832,21.47609],[71.77827,21.47611],[71.77819,21.47618],[71.77818,21.47621],[71.77811,21.47627],[71.77806,21.47635],[71.77806,21.47639],[71.77811,21.47644],[71.77807,21.47647],[71.77804,21.47653],[71.77803,21.47658],[71.77797,21.47666],[71.77797,21.4767],[71.77792,21.47673],[71.77786,21.47682],[71.77785,21.47686],[71.77778,21.47697],[71.77773,21.47704],[71.77771,21.47714],[71.77771,21.47724],[71.7776,21.47737],[71.77751,21.47735],[71.77745,21.47739],[71.77746,21.47744],[71.77742,21.47746],[71.77735,21.47752],[71.77734,21.47757],[71.77731,21.47758],[71.77723,21.47766],[71.77722,21.47766],[71.77717,21.4777],[71.77717,21.47773],[71.7772,21.47776],[71.77718,21.47781],[71.77718,21.47791],[71.77718,21.47792],[71.77718,21.47796],[71.77717,21.47801],[71.7771,21.47808],[71.77711,21.47813],[71.77706,21.47818],[71.77704,21.47827],[71.77701,21.47832],[71.77693,21.47837],[71.77688,21.47842],[71.77683,21.47845],[71.77682,21.47848],[71.7767,21.4786],[71.77664,21.47863],[71.77661,21.4787],[71.7765,21.47881],[71.77649,21.47886],[71.77645,21.4789],[71.77647,21.47897],[71.77645,21.479],[71.77644,21.47906],[71.77641,21.47912],[71.77637,21.47916],[71.77637,21.47919],[71.77629,21.47924],[71.77627,21.47927],[71.77629,21.4793],[71.77631,21.47944],[71.7763,21.4795],[71.77623,21.47961],[71.77622,21.47968],[71.77619,21.47971],[71.77619,21.47975],[71.77614,21.47978],[71.7761,21.47982],[71.77607,21.4799],[71.77602,21.47992],[71.77598,21.47989],[71.77592,21.47987],[71.77588,21.47988],[71.77583,21.47993],[71.77586,21.47995],[71.77587,21.48003],[71.77585,21.48007],[71.77585,21.48013],[71.77592,21.48021],[71.7759,21.48027],[71.77584,21.4803],[71.77582,21.48034],[71.77584,21.48038],[71.7758,21.48039],[71.77581,21.48043],[71.77576,21.48045],[71.77578,21.4805],[71.77578,21.48056],[71.77574,21.48059],[71.77576,21.48065],[71.77576,21.48069],[71.7757,21.48072],[71.7756,21.48072],[71.77557,21.48077],[71.77563,21.48078],[71.77566,21.48082],[71.77564,21.48091],[71.77562,21.48092],[71.77556,21.48092],[71.77554,21.48099],[71.77556,21.48106],[71.77559,21.48109],[71.77557,21.48114],[71.77555,21.48115],[71.77553,21.4812],[71.77546,21.4812],[71.77538,21.48127],[71.77539,21.48133],[71.77542,21.48142],[71.77537,21.48143],[71.77532,21.48142],[71.77528,21.48149],[71.77528,21.48162],[71.77526,21.48177],[71.77526,21.48199],[71.7752,21.48201],[71.77514,21.482],[71.77514,21.48204],[71.77507,21.48208],[71.77508,21.48215],[71.77508,21.48226],[71.77505,21.48232],[71.77502,21.48242],[71.77499,21.48242],[71.77495,21.48247],[71.77491,21.48243],[71.77476,21.48245],[71.77475,21.48251],[71.77471,21.48253],[71.77471,21.4826],[71.77466,21.48259],[71.77467,21.48264],[71.77459,21.48265],[71.77459,21.48272],[71.77451,21.48271],[71.77449,21.48275],[71.77443,21.48275],[71.77439,21.48282],[71.77434,21.48282],[71.77429,21.48279],[71.7742,21.4828],[71.77413,21.48277],[71.77397,21.48277],[71.77397,21.4827],[71.7739,21.48265],[71.77385,21.48264],[71.77384,21.48256],[71.7738,21.48255],[71.77365,21.48256],[71.77356,21.48254],[71.77347,21.48246],[71.77335,21.48244],[71.77328,21.4824],[71.77322,21.48237],[71.77318,21.48237],[71.77314,21.48235],[71.77309,21.48235],[71.77303,21.48229],[71.77295,21.48226],[71.77291,21.48227],[71.77288,21.48224],[71.77281,21.48222],[71.77275,21.48216],[71.77269,21.48214],[71.77265,21.48216],[71.77255,21.48214],[71.77252,21.48216],[71.77239,21.48215],[71.77236,21.48218],[71.77224,21.4822],[71.77218,21.48217],[71.7721,21.48217],[71.77208,21.48214],[71.77199,21.48216],[71.77194,21.48214],[71.77183,21.48216],[71.77175,21.4822],[71.7717,21.48219],[71.77168,21.48221],[71.77163,21.4822],[71.7716,21.48222],[71.7715,21.48221],[71.77145,21.48224],[71.77145,21.48227],[71.7714,21.48232],[71.77137,21.48234],[71.77128,21.48234],[71.77121,21.48232],[71.77115,21.48234],[71.77111,21.48234],[71.77105,21.48239],[71.77104,21.48242],[71.77097,21.48249],[71.7709,21.48254],[71.77082,21.48253],[71.77067,21.48254],[71.77063,21.48253],[71.77059,21.48253],[71.7705,21.48254],[71.77049,21.48257],[71.77043,21.48262],[71.77038,21.48264],[71.77027,21.48263],[71.77019,21.48262],[71.77015,21.48263],[71.77015,21.48267],[71.77005,21.48264],[71.76996,21.48263],[71.76993,21.48261],[71.76985,21.48261],[71.76981,21.48258],[71.76966,21.48259],[71.7696,21.48259],[71.76956,21.48263],[71.76953,21.48263],[71.76948,21.48266],[71.76944,21.48274],[71.76938,21.48274],[71.76937,21.48269],[71.76929,21.48271],[71.76924,21.48275],[71.76913,21.48276],[71.76902,21.48269],[71.76902,21.48264],[71.76898,21.48257],[71.76895,21.48257],[71.76894,21.48251],[71.76883,21.48254],[71.76872,21.48254],[71.76867,21.48257],[71.76863,21.48267],[71.76863,21.48276],[71.76858,21.48274],[71.76854,21.48275],[71.76851,21.48268],[71.76844,21.48267],[71.76838,21.48271],[71.76834,21.48278],[71.76824,21.48278],[71.76819,21.48274],[71.76811,21.48276],[71.76807,21.48279],[71.76796,21.48278],[71.76792,21.48279],[71.76784,21.48273],[71.7678,21.48272],[71.76773,21.4827],[71.76769,21.48267],[71.7676,21.48266],[71.7676,21.48265],[71.76756,21.48262],[71.76749,21.48264],[71.76742,21.48264],[71.76736,21.48262],[71.76731,21.48257],[71.76726,21.48254],[71.76719,21.48254],[71.76713,21.48256],[71.76709,21.48259],[71.76703,21.48258],[71.76701,21.48257],[71.7669,21.48258],[71.76685,21.48263],[71.76674,21.48269],[71.76669,21.48269],[71.76666,21.48267],[71.76657,21.48265],[71.76652,21.48261],[71.76649,21.48261],[71.76643,21.48256],[71.76632,21.48254],[71.76626,21.4825],[71.76621,21.48245],[71.76614,21.48244],[71.76597,21.4823],[71.76595,21.48226],[71.76589,21.48224],[71.76584,21.48221],[71.76571,21.48217],[71.76566,21.48217],[71.76561,21.48214],[71.76551,21.48213],[71.76545,21.4821],[71.76542,21.4821],[71.76536,21.48205],[71.76521,21.48207],[71.76518,21.48205],[71.7651,21.48205],[71.76502,21.48202],[71.76488,21.48195],[71.76481,21.48195],[71.76476,21.48192],[71.76473,21.48188],[71.76468,21.48186],[71.76455,21.48176],[71.7645,21.48174],[71.76436,21.48163],[71.76432,21.4816],[71.76424,21.48154],[71.76419,21.48149],[71.7642,21.48142],[71.76417,21.48134],[71.76405,21.48123],[71.76404,21.48117],[71.76394,21.4811],[71.76386,21.48107],[71.76382,21.48107],[71.76377,21.48104],[71.76375,21.48097],[71.76373,21.48095],[71.76374,21.48085],[71.76371,21.48083],[71.76357,21.48084],[71.76351,21.48083],[71.76348,21.48081],[71.76345,21.48074]]]},"properties":{"PolygonId":1535,"Area":30,"Subbasin":null}},
{"type":"Feature","geometry":{"type":"Polygon","coordinates":[[[71.78147,21.47899],[71.78147,21.47896],[71.78149,21.47892],[71.78146,21.47888],[71.78146,21.47881],[71.78148,21.47878],[71.7815,21.47871],[71.78147,21.4787],[71.78148,21.47862],[71.78152,21.47862],[71.78158,21.47855],[71.78158,21.47845],[71.78163,21.47835],[71.78163,21.47827],[71.78164,21.47822],[71.78169,21.47815],[71.78169,21.4781],[71.78172,21.47806],[71.78171,21.478],[71.78173,21.47793],[71.78177,21.47789],[71.78177,21.47785],[71.7818,21.47783],[71.7818,21.4778],[71.78185,21.47772],[71.78197,21.47758],[71.78198,21.47755],[71.78206,21.47747],[71.7821,21.4774],[71.78224,21.47727],[71.78233,21.47713],[71.78235,21.47705],[71.78238,21.47701],[71.78243,21.47687],[71.78248,21.47681],[71.78248,21.47678],[71.78252,21.47672],[71.78252,21.47669],[71.78257,21.47665],[71.78261,21.47654],[71.78265,21.4765],[71.78265,21.47646],[71.78271,21.47635],[71.78274,21.47632],[71.78278,21.47621],[71.78278,21.47616],[71.78282,21.47612],[71.78283,21.47606],[71.78285,21.47603],[71.78286,21.47592],[71.78288,21.4759],[71.78287,21.47583],[71.78291,21.47578],[71.78291,21.47571],[71.78296,21.47566],[71.78297,21.47562],[71.783,21.47558],[71.78301,21.47549],[71.78303,21.47548],[71.78304,21.4754],[71.78296,21.47533],[71.78294,21.4753],[71.78285,21.47529],[71.78282,21.47527],[71.78274,21.47527],[71.78261,21.47525],[71.78261,21.47519],[71.78255,21.47516],[71.78255,21.47514],[71.78267,21.47514],[71.7827,21.47516],[71.78271,21.4752],[71.7828,21.47519],[71.78285,21.47523],[71.78291,21.47522],[71.783,21.4752],[71.78314,21.4752],[71.78317,21.47516],[71.78324,21.47516],[71.78331,21.4752],[71.78336,21.4752],[71.78347,21.47515],[71.78356,21.47517],[71.78362,21.47518],[71.78372,21.47514],[71.78382,21.47514],[71.78382,21.4752],[71.78385,21.47522],[71.78394,21.47524],[71.78402,21.47528],[71.78407,21.4753],[71.78415,21.47532],[71.78419,21.47535],[71.78431,21.47536],[71.78434,21.47537],[71.78435,21.47543],[71.78438,21.47548],[71.78443,21.47549],[71.78443,21.47552],[71.78448,21.47553],[71.7845,21.47551],[71.7846,21.47553],[71.78462,21.47552],[71.78469,21.47556],[71.78472,21.47556],[71.78474,21.47551],[71.78484,21.47549],[71.78489,21.47555],[71.78496,21.47555],[71.78497,21.47558],[71.78501,21.4756],[71.78504,21.47559],[71.78516,21.47564],[71.78519,21.47562],[71.78524,21.47561],[71.78525,21.47561],[71.7853,21.47565],[71.78538,21.47563],[71.78541,21.4757],[71.78545,21.47572],[71.78558,21.47577],[71.78563,21.47577],[71.7857,21.47582],[71.78575,21.47582],[71.78581,21.47592],[71.78589,21.47595],[71.78592,21.47599],[71.78597,21.476],[71.78599,21.47607],[71.78614,21.47606],[71.78623,21.47609],[71.78634,21.47609],[71.7864,21.47611],[71.78641,21.47607],[71.78646,21.47608],[71.78652,21.47604],[71.78656,21.47604],[71.78658,21.47601],[71.78663,21.47603],[71.78673,21.47603],[71.78677,21.47599],[71.78684,21.47599],[71.78686,21.47603],[71.78692,21.47604],[71.78701,21.47605],[71.78702,21.47608],[71.78713,21.47607],[71.78719,21.47608],[71.78734,21.47617],[71.78742,21.47618],[71.78747,21.4762],[71.78751,21.47627],[71.7876,21.47635],[71.78768,21.47636],[71.7877,21.47638],[71.78777,21.47639],[71.78785,21.47644],[71.78792,21.47644],[71.78794,21.47649],[71.78797,21.47654],[71.78802,21.47654],[71.78803,21.47657],[71.78807,21.4766],[71.78811,21.47666],[71.78818,21.47674],[71.78819,21.47677],[71.78828,21.47682],[71.7883,21.47686],[71.78832,21.47692],[71.7884,21.47695],[71.78844,21.47695],[71.78849,21.477],[71.7885,21.47706],[71.78854,21.47709],[71.78865,21.47722],[71.78867,21.47722],[71.78872,21.47726],[71.78876,21.47734],[71.78882,21.47736],[71.78885,21.4774],[71.78888,21.47748],[71.78891,21.47753],[71.78891,21.47756],[71.78901,21.47761],[71.78905,21.47761],[71.78908,21.47764],[71.78914,21.47767],[71.78922,21.47768],[71.78926,21.47771],[71.78929,21.47777],[71.78929,21.4778],[71.78936,21.47782],[71.78943,21.47792],[71.78952,21.47796],[71.78958,21.47803],[71.78968,21.47805],[71.78972,21.47809],[71.78981,21.47809],[71.78984,21.47812],[71.78989,21.47812],[71.78993,21.47814],[71.79003,21.47814],[71.79014,21.4782],[71.79017,21.4782],[71.79025,21.47823],[71.79033,21.47831],[71.79038,21.47835],[71.7904,21.47839],[71.79048,21.4784],[71.79051,21.47838],[71.79049,21.47833],[71.79053,21.47829],[71.7906,21.47827],[71.79067,21.4783],[71.79072,21.4783],[71.79081,21.47833],[71.79087,21.47839],[71.79091,21.47839],[71.791,21.47845],[71.79106,21.47846],[71.79124,21.47854],[71.79125,21.47857],[71.79135,21.47855],[71.79143,21.47855],[71.79152,21.47857],[71.79156,21.4786],[71.79162,21.4786],[71.79168,21.47863],[71.79173,21.47861],[71.79179,21.47866],[71.79187,21.47867],[71.79195,21.47872],[71.79202,21.47874],[71.79209,21.4788],[71.79216,21.4788],[71.79218,21.47885],[71.79225,21.47887],[71.79237,21.47898],[71.79237,21.47903],[71.79247,21.47909],[71.7925,21.47913],[71.7926,21.47919],[71.79262,21.47924],[71.79265,21.47926],[71.79266,21.47933],[71.79272,21.47936],[71.79277,21.47942],[71.79279,21.47947],[71.79285,21.47954],[71.79285,21.47957],[71.79289,21.47962],[71.79294,21.47973],[71.79296,21.47986],[71.79296,21.47995],[71.793,21.48004],[71.793,21.48008],[71.79303,21.48012],[71.79305,21.48017],[71.79305,21.48028],[71.79314,21.48041],[71.79315,21.48053],[71.79312,21.48056],[71.79313,21.48062],[71.79322,21.48064],[71.79348,21.48069],[71.79351,21.48073],[71.79351,21.48074],[71.79351,21.48075],[71.79359,21.48086],[71.79361,21.48086],[71.79364,21.48086],[71.79367,21.48095],[71.79371,21.48095],[71.79375,21.481],[71.79375,21.48104],[71.79379,21.48108],[71.79381,21.48108],[71.79386,21.48116],[71.7939,21.4812],[71.79388,21.48123],[71.79383,21.48123],[71.79379,21.48127],[71.79368,21.48129],[71.79367,21.48126],[71.79359,21.48123],[71.79356,21.48124],[71.7935,21.48123],[71.79345,21.48123],[71.79346,21.4813],[71.79342,21.48141],[71.79341,21.48148],[71.79345,21.48152],[71.79347,21.48157],[71.79353,21.48163],[71.79357,21.4817],[71.7936,21.48172],[71.79368,21.48173],[71.79368,21.48178],[71.7938,21.48177],[71.7938,21.48182],[71.79394,21.48187],[71.79394,21.4819],[71.79399,21.4819],[71.79402,21.48194],[71.79398,21.48201],[71.79403,21.48206],[71.79413,21.48208],[71.79415,21.48211],[71.7942,21.4821],[71.7942,21.48217],[71.79433,21.48222],[71.79439,21.48218],[71.79445,21.48219],[71.79448,21.48223],[71.79452,21.48221],[71.79454,21.48225],[71.79465,21.48225],[71.79459,21.48232],[71.7946,21.48237],[71.79466,21.48236],[71.79469,21.48239],[71.79475,21.48238],[71.79475,21.48239],[71.79475,21.4824],[71.79479,21.48243],[71.7948,21.48253],[71.79484,21.48256],[71.79485,21.48259],[71.79485,21.4827],[71.79483,21.48272],[71.79469,21.48272],[71.79469,21.4828],[71.79467,21.48289],[71.79468,21.48297],[71.79466,21.48302],[71.79467,21.48324],[71.79465,21.48332],[71.79463,21.48337],[71.79457,21.48342],[71.79464,21.48348],[71.79467,21.48349],[71.79466,21.48355],[71.79463,21.48361],[71.79463,21.48367],[71.79462,21.48372],[71.79473,21.48376],[71.79475,21.48386],[71.79475,21.48398],[71.79481,21.48398],[71.79482,21.48406],[71.79477,21.48409],[71.79478,21.48413],[71.79468,21.48413],[71.79467,21.48413],[71.79462,21.48409],[71.79448,21.4841],[71.79444,21.48401],[71.7944,21.48397],[71.7943,21.48398],[71.79428,21.48402],[71.7942,21.48394],[71.79399,21.48391],[71.79392,21.48389],[71.79392,21.48383],[71.7939,21.48378],[71.79395,21.48373],[71.79395,21.48369],[71.79388,21.48367],[71.79376,21.48366],[71.79353,21.48366],[71.79348,21.48366],[71.79346,21.48366],[71.79347,21.48349],[71.79343,21.48351],[71.79337,21.48351],[71.79334,21.48346],[71.79331,21.48348],[71.79326,21.48348],[71.79323,21.48343],[71.79315,21.48344],[71.7931,21.4834],[71.79303,21.48341],[71.79299,21.48337],[71.79292,21.48339],[71.79282,21.4834],[71.79279,21.48342],[71.79269,21.48346],[71.79264,21.48347],[71.79258,21.48351],[71.7925,21.48352],[71.79247,21.48355],[71.79241,21.48357],[71.79238,21.4836],[71.79232,21.48362],[71.79229,21.48364],[71.79221,21.48368],[71.79216,21.48373],[71.79207,21.48376],[71.79201,21.4838],[71.79193,21.48386],[71.79189,21.48387],[71.79179,21.48392],[71.79171,21.48399],[71.79165,21.48402],[71.79163,21.48412],[71.79157,21.48422],[71.79156,21.48429],[71.79149,21.48436],[71.7915,21.4844],[71.7915,21.48445],[71.79146,21.48447],[71.79143,21.48454],[71.79138,21.48456],[71.79133,21.48455],[71.79128,21.48459],[71.79122,21.48461],[71.79113,21.48463],[71.79113,21.48462],[71.79102,21.48459],[71.79098,21.4846],[71.79088,21.48454],[71.79085,21.48451],[71.79071,21.48452],[71.79067,21.48454],[71.79053,21.48454],[71.7904,21.48446],[71.79035,21.48446],[71.79028,21.4844],[71.7902,21.48441],[71.79013,21.48444],[71.78999,21.48447],[71.78991,21.48445],[71.78984,21.48447],[71.78974,21.48448],[71.78963,21.48446],[71.78958,21.48443],[71.78952,21.48445],[71.78948,21.48444],[71.78948,21.48446],[71.78946,21.48449],[71.78946,21.4845],[71.78943,21.48451],[71.78943,21.48456],[71.7894,21.48457],[71.7894,21.48458],[71.78938,21.4847],[71.78932,21.48477],[71.78932,21.48481],[71.78927,21.48496],[71.78923,21.48498],[71.78921,21.48507],[71.78919,21.48509],[71.7892,21.48515],[71.78925,21.48522],[71.78924,21.48527],[71.78923,21.48527],[71.78922,21.48527],[71.78915,21.48536],[71.78909,21.48539],[71.78904,21.4854],[71.78903,21.48546],[71.78897,21.48547],[71.78894,21.48551],[71.78893,21.48556],[71.78894,21.48561],[71.78888,21.48569],[71.78883,21.48572],[71.78871,21.48582],[71.78865,21.4859],[71.7886,21.48595],[71.78857,21.48595],[71.78852,21.48604],[71.78843,21.48607],[71.78843,21.48611],[71.78834,21.48619],[71.78828,21.48623],[71.78824,21.48629],[71.78815,21.48633],[71.78811,21.48639],[71.7881,21.48644],[71.78803,21.4865],[71.78803,21.48655],[71.78798,21.4866],[71.78783,21.48661],[71.78776,21.48657],[71.78768,21.48656],[71.7876,21.48656],[71.78753,21.48658],[71.7875,21.4866],[71.78734,21.48662],[71.7873,21.48665],[71.78722,21.48667],[71.78718,21.48672],[71.78694,21.48673],[71.78689,21.48678],[71.78682,21.48682],[71.78682,21.48687],[71.78679,21.48689],[71.78677,21.48696],[71.78678,21.487],[71.78672,21.487],[71.78673,21.48712],[71.78673,21.48717],[71.78673,21.48718],[71.78663,21.48731],[71.78647,21.48742],[71.78645,21.48745],[71.78646,21.48775],[71.78647,21.48783],[71.7864,21.48789],[71.78636,21.48795],[71.78636,21.48798],[71.78631,21.488],[71.78624,21.48806],[71.78624,21.48807],[71.78623,21.48812],[71.78619,21.48819],[71.78616,21.48819],[71.78604,21.48832],[71.78603,21.48837],[71.78602,21.4884],[71.786,21.48842],[71.78591,21.48841],[71.78587,21.48845],[71.78578,21.48847],[71.78572,21.48853],[71.78566,21.48856],[71.78562,21.48867],[71.78557,21.48867],[71.78555,21.48869],[71.78554,21.48875],[71.7855,21.48876],[71.78548,21.48879],[71.78543,21.48881],[71.7854,21.48885],[71.78528,21.48885],[71.78525,21.48883],[71.78517,21.4888],[71.78503,21.48881],[71.785,21.48878],[71.78489,21.48877],[71.78487,21.48875],[71.78475,21.48874],[71.78462,21.4887],[71.78456,21.48868],[71.78453,21.48866],[71.78444,21.48866],[71.78443,21.48868],[71.78429,21.48869],[71.78426,21.4887],[71.78407,21.48872],[71.78401,21.48872],[71.78388,21.48869],[71.78371,21.4887],[71.78369,21.48868],[71.78361,21.48868],[71.78357,21.48866],[71.78349,21.48867],[71.78336,21.48867],[71.78335,21.48865],[71.78319,21.48864],[71.7831,21.48864],[71.78302,21.4886],[71.78294,21.48861],[71.78288,21.48857],[71.78281,21.48856],[71.78276,21.48852],[71.78275,21.48848],[71.78269,21.48849],[71.78261,21.48849],[71.78258,21.48853],[71.78253,21.48854],[71.78246,21.48852],[71.78244,21.48849],[71.78235,21.48849],[71.7823,21.48842],[71.78226,21.48842],[71.78224,21.48838],[71.78216,21.48837],[71.78209,21.48837],[71.78203,21.48836],[71.782,21.48833],[71.78189,21.48832],[71.78185,21.48822],[71.78177,21.48814],[71.78177,21.48808],[71.78161,21.48797],[71.78157,21.48791],[71.78145,21.4879],[71.7814,21.48784],[71.78134,21.48774],[71.78133,21.48765],[71.78131,21.4876],[71.78131,21.48749],[71.78133,21.48743],[71.78129,21.4874],[71.78127,21.48736],[71.7812,21.48734],[71.78109,21.48733],[71.78106,21.48729],[71.78106,21.48726],[71.78101,21.48722],[71.781,21.48718],[71.781,21.48711],[71.78097,21.48711],[71.78094,21.487],[71.78086,21.48696],[71.78084,21.48689],[71.78078,21.48688],[71.78074,21.48685],[71.78071,21.48685],[71.78069,21.48678],[71.78064,21.48676],[71.78064,21.48661],[71.78058,21.4866],[71.78054,21.48655],[71.78049,21.48656],[71.78048,21.48653],[71.78043,21.48653],[71.78038,21.48648],[71.78035,21.48643],[71.78033,21.48642],[71.78031,21.48631],[71.78027,21.48626],[71.78025,21.48618],[71.78027,21.48614],[71.7802,21.48604],[71.78015,21.48604],[71.78014,21.486],[71.7801,21.48598],[71.78001,21.48587],[71.77992,21.48583],[71.77986,21.48579],[71.77982,21.48572],[71.77981,21.48567],[71.77978,21.48562],[71.77977,21.48556],[71.77972,21.48553],[71.77972,21.48549],[71.77966,21.48529],[71.77959,21.48529],[71.7796,21.48526],[71.77955,21.48524],[71.77956,21.48519],[71.77952,21.48513],[71.77956,21.48507],[71.77956,21.48501],[71.77952,21.48499],[71.77955,21.48495],[71.77955,21.48489],[71.77953,21.48485],[71.77953,21.48479],[71.77947,21.48471],[71.77944,21.48467],[71.77943,21.48463],[71.7794,21.4846],[71.77935,21.48461],[71.77932,21.48459],[71.77932,21.48451],[71.77929,21.48444],[71.77925,21.48441],[71.77916,21.4844],[71.77904,21.48434],[71.77899,21.48431],[71.77896,21.48431],[71.77894,21.48427],[71.77886,21.48421],[71.77886,21.48412],[71.7788,21.48412],[71.77869,21.48418],[71.77861,21.48419],[71.77857,21.48421],[71.77849,21.48422],[71.77842,21.48425],[71.77836,21.48421],[71.77828,21.48419],[71.77825,21.48421],[71.7782,21.48421],[71.77814,21.48426],[71.77811,21.48425],[71.77798,21.48429],[71.77794,21.48426],[71.77795,21.48415],[71.77792,21.48413],[71.77789,21.484],[71.77789,21.4839],[71.77791,21.48387],[71.77789,21.48375],[71.77787,21.48371],[71.77783,21.4837],[71.77782,21.48374],[71.7777,21.48376],[71.7776,21.48372],[71.77761,21.48367],[71.77755,21.4836],[71.77749,21.48357],[71.77748,21.48354],[71.77737,21.48352],[71.77724,21.48344],[71.77718,21.48342],[71.77718,21.48337],[71.77722,21.48335],[71.77728,21.4833],[71.77729,21.48326],[71.77726,21.48323],[71.77728,21.48319],[71.77732,21.48318],[71.77733,21.48312],[71.77738,21.48301],[71.77745,21.48301],[71.77749,21.48297],[71.77749,21.48293],[71.77752,21.48292],[71.77752,21.48287],[71.7776,21.48287],[71.77763,21.48282],[71.77766,21.48281],[71.77771,21.48274],[71.7777,21.48267],[71.77767,21.48266],[71.77766,21.48256],[71.77767,21.48254],[71.77767,21.48247],[71.77763,21.4823],[71.77763,21.48223],[71.77761,21.4822],[71.77761,21.4821],[71.77758,21.48198],[71.77758,21.48193],[71.77754,21.48172],[71.77754,21.48164],[71.7776,21.48164],[71.77762,21.4816],[71.77767,21.48161],[71.77771,21.48164],[71.77783,21.48161],[71.77789,21.48155],[71.77796,21.48155],[71.77808,21.4815],[71.77813,21.48146],[71.77825,21.48144],[71.77827,21.48142],[71.77832,21.4814],[71.77837,21.4814],[71.77849,21.48133],[71.77858,21.48134],[71.7786,21.48132],[71.77874,21.4813],[71.77878,21.48128],[71.77887,21.48126],[71.77891,21.48127],[71.77898,21.48123],[71.77905,21.48122],[71.77907,21.4812],[71.77912,21.48118],[71.77924,21.48118],[71.77928,21.48114],[71.77931,21.48112],[71.77935,21.48109],[71.7794,21.48106],[71.77943,21.48106],[71.77946,21.48103],[71.77956,21.48101],[71.77963,21.48105],[71.77966,21.48103],[71.77976,21.48101],[71.77981,21.48101],[71.77986,21.48098],[71.77995,21.48097],[71.77998,21.48096],[71.78008,21.48095],[71.78014,21.48096],[71.78015,21.48098],[71.78022,21.48097],[71.78025,21.48092],[71.78037,21.4809],[71.78041,21.48088],[71.78045,21.48088],[71.78051,21.48085],[71.78052,21.48082],[71.78056,21.4808],[71.78057,21.48077],[71.7806,21.48076],[71.78063,21.48073],[71.78069,21.48072],[71.78075,21.48067],[71.78078,21.48059],[71.78082,21.48058],[71.78086,21.48049],[71.78099,21.48038],[71.78106,21.48027],[71.78105,21.48015],[71.78108,21.4801],[71.78114,21.48007],[71.78119,21.47993],[71.78126,21.4799],[71.7813,21.47978],[71.78131,21.47966],[71.78131,21.47954],[71.78135,21.47952],[71.78134,21.47949],[71.78139,21.47946],[71.78146,21.47944],[71.78148,21.47936],[71.78147,21.47935],[71.78148,21.47927],[71.78145,21.47921],[71.78145,21.47913],[71.78143,21.47908],[71.78146,21.47907],[71.78147,21.47899]]]},"properties":{"PolygonId":940,"Area":6,"Subbasin":null}},
{"type":"Feature","geometry":{"type":"Polygon","coordinates":[[[71.81631,21.49254],[71.81639,21.4926],[71.81648,21.49263],[71.8165,21.49261],[71.81656,21.49261],[71.81658,21.49258],[71.81667,21.49254],[71.8167,21.49256],[71.81675,21.49255],[71.81682,21.49261],[71.81694,21.4926],[71.81698,21.49263],[71.81713,21.49264],[71.8172,21.49269],[71.81729,21.4927],[71.81738,21.49269],[71.81748,21.49274],[71.81755,21.49277],[71.81766,21.49276],[71.81771,21.49279],[71.81784,21.49278],[71.81787,21.4928],[71.81794,21.49281],[71.818,21.49285],[71.81811,21.49284],[71.81813,21.49287],[71.81819,21.49287],[71.81838,21.49285],[71.8184,21.49283],[71.81846,21.49286],[71.81854,21.49291],[71.81855,21.49296],[71.81855,21.49302],[71.81857,21.49303],[71.81858,21.4931],[71.8186,21.49316],[71.81863,21.49317],[71.81868,21.49325],[71.81866,21.49329],[71.81866,21.49337],[71.81869,21.49346],[71.81873,21.49349],[71.81876,21.49355],[71.81876,21.49362],[71.8188,21.49365],[71.81882,21.4937],[71.81886,21.4937],[71.81892,21.49378],[71.81892,21.4938],[71.81904,21.49388],[71.81908,21.49392],[71.81912,21.49399],[71.81915,21.49402],[71.81925,21.494],[71.81931,21.49403],[71.81934,21.49407],[71.81937,21.49407],[71.81941,21.49409],[71.8195,21.4941],[71.81949,21.49416],[71.81953,21.49418],[71.81955,21.49423],[71.81958,21.49423],[71.81965,21.4943],[71.81973,21.49438],[71.81974,21.49443],[71.81978,21.49443],[71.81984,21.49446],[71.81986,21.49451],[71.81994,21.49451],[71.81994,21.49454],[71.82003,21.49458],[71.82014,21.49459],[71.82013,21.49455],[71.82018,21.49455],[71.82022,21.49453],[71.82023,21.49448],[71.8203,21.49446],[71.82043,21.49445],[71.82046,21.49449],[71.82051,21.49453],[71.82055,21.49452],[71.82066,21.49455],[71.82066,21.49465],[71.82078,21.49472],[71.82084,21.49473],[71.82085,21.4948],[71.8208,21.49481],[71.82081,21.49486],[71.82078,21.4949],[71.82078,21.49494],[71.82071,21.49496],[71.8207,21.49501],[71.82076,21.49503],[71.82079,21.49505],[71.82074,21.49511],[71.82075,21.49521],[71.8207,21.49536],[71.82071,21.49543],[71.82069,21.49543],[71.82067,21.4955],[71.82068,21.49558],[71.82066,21.4956],[71.82066,21.49565],[71.82064,21.49575],[71.82061,21.49579],[71.8206,21.49584],[71.82061,21.49591],[71.82059,21.49594],[71.82058,21.49601],[71.82054,21.49598],[71.82053,21.49594],[71.82047,21.49597],[71.8204,21.4959],[71.82039,21.49585],[71.82032,21.49582],[71.82026,21.49583],[71.82023,21.49578],[71.82024,21.49567],[71.82024,21.49564],[71.82018,21.49565],[71.82014,21.49563],[71.82008,21.49567],[71.82006,21.49565],[71.81997,21.49565],[71.81996,21.49561],[71.81989,21.49561],[71.81986,21.4956],[71.8198,21.49572],[71.81973,21.49581],[71.8197,21.49588],[71.81962,21.49596],[71.81957,21.49608],[71.81952,21.49613],[71.81943,21.49627],[71.81942,21.49627],[71.81936,21.4964],[71.81923,21.49656],[71.81923,21.49658],[71.81917,21.49665],[71.81906,21.49682],[71.81903,21.49685],[71.81902,21.49688],[71.81895,21.49696],[71.81895,21.49703],[71.81893,21.49707],[71.81887,21.49713],[71.8188,21.49714],[71.81878,21.49716],[71.81871,21.49718],[71.81865,21.49718],[71.81858,21.4972],[71.81855,21.49723],[71.81846,21.49726],[71.81842,21.49725],[71.8183,21.49725],[71.81826,21.49725],[71.81812,21.49725],[71.81808,21.49723],[71.81802,21.49724],[71.81795,21.49726],[71.81783,21.49727],[71.81779,21.49726],[71.81772,21.49729],[71.81764,21.4973],[71.81762,21.49732],[71.81753,21.49733],[71.81744,21.49736],[71.81742,21.49738],[71.81729,21.49734],[71.8172,21.49736],[71.81712,21.49736],[71.8171,21.49734],[71.81704,21.49734],[71.81699,21.49732],[71.81692,21.49731],[71.81688,21.49731],[71.81685,21.4973],[71.81678,21.49726],[71.81672,21.49725],[71.81666,21.49726],[71.81661,21.49731],[71.8165,21.49731],[71.81625,21.49731],[71.81617,21.49728],[71.81606,21.49728],[71.816,21.49724],[71.81596,21.49722],[71.81588,21.49724],[71.81585,21.49722],[71.81579,21.49723],[71.81571,21.49729],[71.81565,21.49728],[71.81563,21.49725],[71.81557,21.49724],[71.81554,21.49726],[71.8154,21.49725],[71.81538,21.49727],[71.81538,21.49732],[71.81523,21.49742],[71.81521,21.4975],[71.81521,21.49751],[71.81514,21.49753],[71.8151,21.49752],[71.81507,21.49755],[71.81506,21.49758],[71.81497,21.49765],[71.81494,21.49765],[71.81489,21.49773],[71.81482,21.49776],[71.81481,21.49778],[71.81475,21.49782],[71.81469,21.49785],[71.81465,21.49785],[71.8146,21.49788],[71.81452,21.49788],[71.8144,21.4979],[71.81436,21.49787],[71.8143,21.49792],[71.81425,21.49792],[71.8141,21.49785],[71.81404,21.4978],[71.81402,21.49774],[71.81396,21.49769],[71.81385,21.49764],[71.81379,21.4976],[71.81377,21.4976],[71.8137,21.49752],[71.81362,21.49751],[71.81361,21.49749],[71.81352,21.4975],[71.81352,21.49748],[71.81341,21.49747],[71.8134,21.49747],[71.81334,21.49751],[71.81324,21.49753],[71.81322,21.49757],[71.81318,21.49759],[71.81317,21.49759],[71.8131,21.49758],[71.81304,21.4976],[71.813,21.49756],[71.81294,21.4976],[71.81283,21.49763],[71.81281,21.4977],[71.81277,21.49773],[71.81273,21.49773],[71.81268,21.49783],[71.81262,21.49785],[71.8126,21.49788],[71.81252,21.49788],[71.81251,21.49789],[71.81239,21.49788],[71.81221,21.49796],[71.81213,21.49798],[71.81207,21.49807],[71.81198,21.49809],[71.81196,21.49807],[71.81189,21.49808],[71.81188,21.49811],[71.81177,21.49815],[71.81174,21.49817],[71.81165,21.49817],[71.81164,21.4982],[71.81161,21.49827],[71.81158,21.49826],[71.81152,21.49827],[71.8115,21.49831],[71.81142,21.49833],[71.81139,21.49839],[71.81129,21.49842],[71.81125,21.49842],[71.81119,21.49846],[71.81119,21.4985],[71.81114,21.49847],[71.81113,21.49845],[71.81104,21.49842],[71.81104,21.49837],[71.81102,21.49836],[71.81102,21.49831],[71.81099,21.4983],[71.81095,21.49825],[71.81094,21.4982],[71.81087,21.4982],[71.81082,21.49814],[71.8108,21.49803],[71.81076,21.49801],[71.8107,21.49801],[71.81058,21.49796],[71.81052,21.49796],[71.81045,21.49792],[71.81042,21.49788],[71.81041,21.49788],[71.81035,21.49794],[71.81018,21.49794],[71.81014,21.49797],[71.8101,21.49796],[71.81001,21.49793],[71.80997,21.49792],[71.80993,21.49787],[71.80989,21.49786],[71.80985,21.49789],[71.80982,21.49789],[71.80979,21.49792],[71.80972,21.4979],[71.80966,21.49787],[71.80953,21.49787],[71.80948,21.49783],[71.80948,21.4978],[71.80941,21.49775],[71.80939,21.49768],[71.80935,21.49765],[71.80933,21.4976],[71.80928,21.49754],[71.80923,21.49752],[71.8092,21.49747],[71.80918,21.49742],[71.80919,21.49735],[71.80911,21.49727],[71.80903,21.49715],[71.80899,21.49712],[71.80891,21.49701],[71.80891,21.49698],[71.80881,21.4969],[71.80876,21.4969],[71.8087,21.49684],[71.80866,21.49676],[71.80866,21.49673],[71.8086,21.49666],[71.80854,21.49667],[71.80853,21.49663],[71.80848,21.49659],[71.8084,21.49649],[71.8084,21.49643],[71.80836,21.49639],[71.80836,21.49633],[71.80832,21.49625],[71.80834,21.49618],[71.80839,21.49613],[71.80839,21.49612],[71.80835,21.49607],[71.80834,21.49599],[71.80831,21.49596],[71.8083,21.49589],[71.80835,21.49577],[71.80835,21.49573],[71.80839,21.49567],[71.80838,21.49565],[71.80832,21.49564],[71.80826,21.49559],[71.80821,21.49559],[71.80819,21.49554],[71.80819,21.49545],[71.80817,21.49541],[71.80817,21.4954],[71.80818,21.49537],[71.80824,21.49531],[71.80828,21.49531],[71.80828,21.49523],[71.80827,21.4952],[71.80822,21.49514],[71.80815,21.49508],[71.80812,21.49504],[71.80811,21.49497],[71.80809,21.49494],[71.8081,21.49488],[71.80804,21.49483],[71.80802,21.49475],[71.80817,21.49462],[71.80825,21.49452],[71.80825,21.49449],[71.8083,21.49446],[71.80838,21.49433],[71.80845,21.49427],[71.80849,21.49422],[71.80847,21.4941],[71.80847,21.494],[71.80845,21.4939],[71.80845,21.49384],[71.80844,21.49373],[71.80843,21.49371],[71.80829,21.49372],[71.80819,21.49371],[71.80816,21.49368],[71.808,21.49369],[71.80789,21.49371],[71.80785,21.49376],[71.8078,21.49372],[71.80773,21.49373],[71.80771,21.49376],[71.80768,21.49376],[71.8076,21.49375],[71.80761,21.49364],[71.80749,21.49357],[71.80741,21.49343],[71.80738,21.49339],[71.80739,21.49336],[71.80732,21.49333],[71.80721,21.49326],[71.80724,21.49326],[71.80732,21.49329],[71.80748,21.49334],[71.8075,21.49334],[71.80769,21.49346],[71.80774,21.49349],[71.80781,21.49354],[71.80783,21.49354],[71.80793,21.49348],[71.808,21.49347],[71.80807,21.49341],[71.80809,21.49342],[71.80811,21.49342],[71.80815,21.49343],[71.80826,21.49342],[71.80831,21.49337],[71.80834,21.49336],[71.8084,21.49331],[71.8084,21.49327],[71.80843,21.49323],[71.80849,21.49318],[71.80856,21.49317],[71.80861,21.49317],[71.80865,21.49315],[71.80883,21.493],[71.80897,21.49297],[71.80899,21.49294],[71.80904,21.49294],[71.80914,21.49288],[71.80923,21.49285],[71.80927,21.49282],[71.80932,21.49282],[71.80941,21.49275],[71.80948,21.49272],[71.80953,21.49272],[71.80959,21.49267],[71.80962,21.49267],[71.80965,21.49263],[71.80969,21.49263],[71.80973,21.49259],[71.80985,21.49252],[71.80996,21.49248],[71.80998,21.49246],[71.81005,21.49241],[71.81008,21.49239],[71.81021,21.49233],[71.81023,21.49231],[71.81035,21.49225],[71.81041,21.49224],[71.81052,21.49218],[71.81061,21.49217],[71.81067,21.49215],[71.81071,21.4921],[71.81077,21.49208],[71.81089,21.49206],[71.81092,21.49202],[71.81098,21.49201],[71.8111,21.49201],[71.8113,21.49201],[71.81137,21.49199],[71.81142,21.49199],[71.81146,21.49194],[71.81146,21.4919],[71.81153,21.4919],[71.81157,21.4918],[71.81161,21.49178],[71.81167,21.4918],[71.81174,21.49179],[71.81177,21.49177],[71.81184,21.49177],[71.81185,21.49171],[71.81189,21.49171],[71.81191,21.49164],[71.8119,21.49162],[71.81197,21.49158],[71.81204,21.4915],[71.81208,21.4915],[71.81208,21.49144],[71.81211,21.49137],[71.81218,21.49132],[71.81216,21.49126],[71.81216,21.4912],[71.81223,21.49119],[71.81225,21.49116],[71.81235,21.49115],[71.81246,21.49111],[71.81248,21.49105],[71.8125,21.49103],[71.81258,21.49101],[71.81258,21.49098],[71.8126,21.49093],[71.81269,21.49091],[71.81272,21.49087],[71.81271,21.49082],[71.81278,21.4908],[71.8128,21.49086],[71.81291,21.49087],[71.81296,21.49087],[71.81303,21.49092],[71.81303,21.49097],[71.8131,21.49104],[71.81312,21.49099],[71.8132,21.49097],[71.81322,21.49099],[71.81332,21.49099],[71.81338,21.49097],[71.81344,21.49101],[71.81348,21.49105],[71.81347,21.49108],[71.81353,21.49113],[71.81354,21.49117],[71.81359,21.49121],[71.81359,21.49124],[71.81365,21.49127],[71.81365,21.4913],[71.8137,21.49131],[71.81378,21.4913],[71.8138,21.49133],[71.8139,21.49132],[71.81395,21.49137],[71.81403,21.4914],[71.81404,21.49142],[71.81404,21.49145],[71.81407,21.49152],[71.81412,21.49157],[71.81412,21.49162],[71.81418,21.49164],[71.81423,21.49168],[71.81427,21.49167],[71.8143,21.49171],[71.81437,21.49173],[71.81441,21.49178],[71.81442,21.49183],[71.81446,21.49189],[71.81447,21.49195],[71.81452,21.49198],[71.81452,21.49203],[71.81456,21.49206],[71.81456,21.49209],[71.81462,21.4921],[71.81464,21.49214],[71.8147,21.49214],[71.81472,21.49218],[71.81476,21.49219],[71.81485,21.49223],[71.81486,21.49227],[71.81493,21.49234],[71.81498,21.49235],[71.81503,21.49245],[71.81509,21.4925],[71.81513,21.4925],[71.81514,21.49254],[71.81523,21.49259],[71.81525,21.49257],[71.81538,21.49258],[71.81541,21.49258],[71.81545,21.49255],[71.81554,21.49257],[71.81559,21.49255],[71.81571,21.49256],[71.81574,21.49254],[71.81583,21.49255],[71.81589,21.49249],[71.81595,21.49253],[71.81597,21.49255],[71.81602,21.49257],[71.81624,21.49253],[71.81631,21.49254]]]},"properties":{"PolygonId":1312,"Area":0,"Subbasin":null}},
{"type":"Feature","geometry":{"type":"Polygon","coordinates":[[[71.81256,21.48603],[71.81247,21.48602],[71.81245,21.48605],[71.81238,21.48607],[71.81237,21.4861],[71.81226,21.48612],[71.81222,21.4861],[71.81219,21.4861],[71.81214,21.4861],[71.81213,21.48613],[71.81207,21.48625],[71.81201,21.48629],[71.812,21.48633],[71.81196,21.48636],[71.8119,21.48637],[71.81187,21.48642],[71.81182,21.48643],[71.81183,21.48647],[71.81174,21.48658],[71.81166,21.48665],[71.81166,21.48669],[71.81163,21.48671],[71.81158,21.48678],[71.81149,21.48687],[71.81145,21.48694],[71.81143,21.487],[71.8114,21.487],[71.81138,21.48703],[71.81132,21.48713],[71.81128,21.48714],[71.81127,21.4872],[71.8111,21.48737],[71.81106,21.48737],[71.811,21.48744],[71.81097,21.48744],[71.81089,21.48751],[71.81087,21.48756],[71.81078,21.48757],[71.81068,21.48764],[71.81067,21.48768],[71.81062,21.4877],[71.81061,21.48774],[71.81054,21.48777],[71.81049,21.48782],[71.81049,21.48784],[71.81039,21.48786],[71.81031,21.4879],[71.81025,21.48791],[71.81015,21.48795],[71.81014,21.48798],[71.81009,21.48797],[71.80998,21.48796],[71.80994,21.48792],[71.80988,21.48795],[71.80987,21.48793],[71.80973,21.48793],[71.80964,21.48794],[71.80963,21.48794],[71.80952,21.48797],[71.80953,21.48807],[71.80947,21.48811],[71.80945,21.48818],[71.80939,21.48821],[71.80937,21.48826],[71.80934,21.48828],[71.8093,21.48832],[71.80923,21.48833],[71.80918,21.48838],[71.80906,21.48835],[71.80896,21.48841],[71.80887,21.48841],[71.80886,21.48843],[71.80877,21.48847],[71.80869,21.48851],[71.80859,21.4886],[71.80855,21.4886],[71.80847,21.4887],[71.80843,21.48869],[71.80843,21.48874],[71.80837,21.48876],[71.80833,21.48876],[71.80826,21.48884],[71.80823,21.48883],[71.80814,21.48886],[71.80801,21.48887],[71.80795,21.48885],[71.80791,21.48887],[71.80785,21.48887],[71.80782,21.4889],[71.80775,21.48892],[71.80773,21.4889],[71.80766,21.4889],[71.80764,21.48888],[71.80758,21.48889],[71.80756,21.48887],[71.80742,21.48887],[71.80737,21.48887],[71.80721,21.48887],[71.80715,21.48888],[71.807,21.48888],[71.80644,21.48889],[71.80642,21.48888],[71.80623,21.48888],[71.80618,21.48889],[71.80608,21.4889],[71.80605,21.48887],[71.80598,21.4889],[71.80583,21.48891],[71.8056,21.4889],[71.80555,21.48889],[71.8054,21.48889],[71.80534,21.48886],[71.80528,21.48887],[71.80517,21.48887],[71.80513,21.48886],[71.80503,21.48887],[71.805,21.48888],[71.80487,21.48888],[71.80483,21.48885],[71.80483,21.48883],[71.80467,21.48884],[71.80466,21.48888],[71.8046,21.48892],[71.80448,21.48886],[71.80444,21.48887],[71.80441,21.48883],[71.80437,21.48883],[71.80431,21.48876],[71.80424,21.48876],[71.80422,21.48869],[71.80416,21.48871],[71.80406,21.48871],[71.80402,21.48869],[71.80395,21.4887],[71.80393,21.48866],[71.80387,21.48864],[71.80376,21.48865],[71.80374,21.48869],[71.80363,21.48868],[71.80359,21.48874],[71.80352,21.48874],[71.80342,21.48879],[71.80338,21.48879],[71.80337,21.48883],[71.8033,21.48883],[71.80323,21.48889],[71.80322,21.48885],[71.80315,21.48884],[71.80313,21.4888],[71.80308,21.48882],[71.80309,21.48886],[71.80306,21.4889],[71.80297,21.48894],[71.80291,21.48893],[71.80289,21.48891],[71.80279,21.48896],[71.80272,21.48897],[71.80267,21.48903],[71.8026,21.48901],[71.80256,21.48898],[71.80247,21.48898],[71.80246,21.48903],[71.80243,21.48904],[71.80231,21.48906],[71.8023,21.48908],[71.80219,21.4891],[71.80207,21.4891],[71.80199,21.48918],[71.80187,21.48918],[71.80182,21.48916],[71.80176,21.48919],[71.80169,21.48916],[71.80162,21.4892],[71.80153,21.48921],[71.80146,21.48925],[71.80142,21.48925],[71.80139,21.4893],[71.80124,21.4893],[71.80116,21.48922],[71.80116,21.48917],[71.80114,21.48915],[71.80112,21.48909],[71.80108,21.48909],[71.80104,21.48906],[71.80103,21.48912],[71.80101,21.48913],[71.80101,21.48919],[71.80103,21.48928],[71.80102,21.48936],[71.80098,21.48937],[71.80081,21.48937],[71.80078,21.48942],[71.80078,21.48943],[71.80072,21.48937],[71.80064,21.48934],[71.80063,21.48929],[71.80059,21.48928],[71.80054,21.48923],[71.80048,21.48918],[71.80045,21.48914],[71.80037,21.48909],[71.80032,21.48901],[71.80029,21.489],[71.80019,21.48891],[71.80015,21.48885],[71.80008,21.48877],[71.80005,21.48877],[71.80005,21.48875],[71.80003,21.48869],[71.79999,21.48869],[71.79996,21.48865],[71.79991,21.48862],[71.7999,21.48859],[71.79986,21.48855],[71.79985,21.48851],[71.79979,21.48848],[71.79975,21.48843],[71.79971,21.48832],[71.79966,21.48831],[71.79961,21.48826],[71.79962,21.48822],[71.79958,21.48821],[71.79952,21.48816],[71.7995,21.48815],[71.79942,21.48807],[71.7994,21.48806],[71.7993,21.48793],[71.79928,21.48793],[71.79926,21.48787],[71.79923,21.48787],[71.79921,21.48782],[71.79921,21.48773],[71.79918,21.48768],[71.79927,21.48766],[71.79928,21.48762],[71.79921,21.48757],[71.79919,21.48752],[71.79913,21.48751],[71.79908,21.48747],[71.79908,21.48734],[71.79901,21.4873],[71.79896,21.48721],[71.79895,21.48714],[71.79892,21.48713],[71.79888,21.48709],[71.79879,21.48702],[71.79874,21.48702],[71.79868,21.48699],[71.79862,21.48694],[71.7986,21.4869],[71.79856,21.4869],[71.79851,21.48687],[71.7984,21.48691],[71.7983,21.48691],[71.79826,21.48684],[71.79826,21.48683],[71.7982,21.48674],[71.79813,21.48676],[71.79811,21.48672],[71.79807,21.48672],[71.79803,21.48666],[71.79806,21.4866],[71.79806,21.4865],[71.79804,21.48643],[71.79801,21.48637],[71.798,21.48634],[71.79794,21.48623],[71.79791,21.48613],[71.79789,21.4861],[71.79788,21.48603],[71.79786,21.48598],[71.79789,21.48592],[71.79794,21.48587],[71.79793,21.48581],[71.79795,21.48578],[71.79795,21.48573],[71.79797,21.48569],[71.79796,21.48555],[71.79793,21.48552],[71.79791,21.48545],[71.79788,21.48546],[71.79785,21.48538],[71.79779,21.48535],[71.79766,21.48535],[71.7976,21.48534],[71.79752,21.48527],[71.7975,21.48523],[71.79744,21.48521],[71.79741,21.48516],[71.79736,21.48515],[71.79736,21.48513],[71.79725,21.48506],[71.79719,21.485],[71.79718,21.48493],[71.79714,21.48488],[71.79714,21.48485],[71.79709,21.4848],[71.79702,21.48477],[71.79699,21.48474],[71.79694,21.48474],[71.79686,21.48471],[71.79683,21.48468],[71.79678,21.48468],[71.79667,21.48464],[71.79665,21.48461],[71.79648,21.48456],[71.79648,21.48453],[71.79645,21.48449],[71.79641,21.48449],[71.79634,21.48452],[71.79627,21.48452],[71.79625,21.48449],[71.79616,21.48446],[71.7961,21.48446],[71.79605,21.48443],[71.79606,21.48434],[71.79592,21.48435],[71.79585,21.48434],[71.79581,21.48431],[71.79569,21.4843],[71.79565,21.48432],[71.79563,21.48437],[71.79559,21.48436],[71.79558,21.48431],[71.79555,21.4843],[71.79525,21.4843],[71.79519,21.48429],[71.79499,21.48429],[71.7949,21.48429],[71.79483,21.48424],[71.79471,21.48423],[71.79467,21.48413],[71.79468,21.48413],[71.79478,21.48413],[71.79477,21.48409],[71.79482,21.48406],[71.79481,21.48398],[71.79475,21.48398],[71.79475,21.48386],[71.79473,21.48376],[71.79462,21.48372],[71.79463,21.48367],[71.79463,21.48361],[71.79466,21.48355],[71.79467,21.48349],[71.79464,21.48348],[71.79457,21.48342],[71.79463,21.48337],[71.79465,21.48332],[71.79467,21.48324],[71.79466,21.48302],[71.79468,21.48297],[71.79467,21.48289],[71.79469,21.4828],[71.79469,21.48272],[71.79483,21.48272],[71.79485,21.4827],[71.79485,21.48259],[71.79484,21.48256],[71.7948,21.48253],[71.79479,21.48243],[71.79475,21.4824],[71.79475,21.48239],[71.7948,21.48242],[71.79488,21.48243],[71.7949,21.48237],[71.79495,21.48237],[71.79496,21.48233],[71.79499,21.48231],[71.7951,21.48232],[71.7951,21.48239],[71.79513,21.4824],[71.79515,21.48244],[71.7952,21.48241],[71.79521,21.48238],[71.79524,21.48238],[71.79537,21.48237],[71.79551,21.48243],[71.79556,21.48243],[71.7956,21.48246],[71.79566,21.48247],[71.79565,21.48253],[71.79567,21.48253],[71.79568,21.48261],[71.79572,21.48261],[71.79578,21.48268],[71.79595,21.48275],[71.79605,21.48275],[71.79607,21.48279],[71.79612,21.48279],[71.7962,21.48276],[71.79627,21.48276],[71.79636,21.48275],[71.7964,21.4828],[71.79647,21.48277],[71.7966,21.48284],[71.79677,21.48285],[71.7968,21.48286],[71.79684,21.48291],[71.7969,21.4829],[71.79693,21.48288],[71.79694,21.48288],[71.797,21.4829],[71.79704,21.48292],[71.79713,21.48292],[71.79717,21.48294],[71.79721,21.48294],[71.79726,21.48287],[71.79726,21.48282],[71.79736,21.4828],[71.79739,21.48277],[71.79743,21.48277],[71.79747,21.48274],[71.79759,21.48271],[71.79765,21.48268],[71.79768,21.48265],[71.79779,21.48259],[71.79785,21.48259],[71.79788,21.48255],[71.79797,21.4825],[71.79798,21.48246],[71.79806,21.48241],[71.79811,21.48237],[71.79821,21.48229],[71.79822,21.48227],[71.79833,21.4822],[71.79838,21.48214],[71.79843,21.48212],[71.79848,21.48201],[71.79851,21.482],[71.79868,21.48181],[71.79874,21.48182],[71.79873,21.48177],[71.79876,21.48177],[71.79876,21.48172],[71.79879,21.4817],[71.79889,21.48171],[71.79891,21.48171],[71.79894,21.48176],[71.799,21.48177],[71.79906,21.4818],[71.79908,21.48182],[71.79909,21.48182],[71.79915,21.48183],[71.79922,21.48186],[71.79926,21.48182],[71.79935,21.48182],[71.79949,21.48173],[71.79956,21.48171],[71.79962,21.48171],[71.79965,21.48169],[71.7997,21.48169],[71.79976,21.48163],[71.79982,21.48164],[71.79982,21.4816],[71.79988,21.48158],[71.79988,21.48154],[71.79994,21.48152],[71.80003,21.48151],[71.80016,21.48156],[71.80017,21.48159],[71.80022,21.48161],[71.80038,21.48158],[71.8004,21.48155],[71.80053,21.48154],[71.80058,21.48151],[71.8006,21.48148],[71.80066,21.4815],[71.80069,21.48154],[71.80075,21.48157],[71.8008,21.48157],[71.80081,21.4816],[71.80085,21.4816],[71.80092,21.48166],[71.80092,21.48169],[71.80104,21.48181],[71.80111,21.48183],[71.80113,21.48185],[71.8012,21.48185],[71.80123,21.48188],[71.80129,21.48186],[71.8014,21.48186],[71.80151,21.48194],[71.80156,21.48199],[71.80163,21.48202],[71.80172,21.48204],[71.80178,21.48202],[71.80185,21.48202],[71.80186,21.48207],[71.8019,21.48211],[71.80204,21.48217],[71.80214,21.48218],[71.80215,21.48222],[71.8022,21.48222],[71.80224,21.48228],[71.80226,21.48227],[71.80232,21.4823],[71.80238,21.4823],[71.80244,21.48233],[71.80257,21.48237],[71.80261,21.48237],[71.80267,21.4824],[71.8027,21.4824],[71.80276,21.48246],[71.80283,21.48246],[71.80289,21.48247],[71.80291,21.48249],[71.80299,21.48251],[71.80305,21.48251],[71.80311,21.48254],[71.80332,21.48266],[71.80337,21.48267],[71.80348,21.48272],[71.80353,21.48272],[71.80355,21.48274],[71.80361,21.48273],[71.80366,21.48274],[71.8037,21.48278],[71.80376,21.48277],[71.80379,21.48275],[71.80385,21.48271],[71.80391,21.4827],[71.80391,21.48267],[71.80397,21.48265],[71.80404,21.48261],[71.8041,21.48262],[71.80416,21.4826],[71.8042,21.48264],[71.80423,21.48263],[71.80429,21.48265],[71.8043,21.48261],[71.80437,21.48262],[71.80441,21.48264],[71.80443,21.4826],[71.80449,21.48258],[71.80454,21.48259],[71.8046,21.48257],[71.8046,21.48254],[71.80463,21.48252],[71.80468,21.48242],[71.80471,21.48239],[71.80479,21.48234],[71.80481,21.48234],[71.80492,21.48225],[71.80497,21.48224],[71.80504,21.48223],[71.80506,21.48227],[71.8051,21.48228],[71.8051,21.48235],[71.80519,21.48242],[71.80524,21.4824],[71.80525,21.48244],[71.80529,21.48249],[71.80533,21.48252],[71.80536,21.48257],[71.80545,21.48264],[71.80549,21.48265],[71.80552,21.4827],[71.80556,21.48281],[71.80559,21.48281],[71.80564,21.48284],[71.80564,21.48287],[71.8057,21.4829],[71.80575,21.48295],[71.80576,21.48302],[71.80579,21.48305],[71.80585,21.48309],[71.80591,21.48316],[71.80604,21.48319],[71.80605,21.48322],[71.80616,21.48329],[71.80617,21.48329],[71.80625,21.48335],[71.80628,21.48341],[71.80634,21.48344],[71.80634,21.48347],[71.80644,21.48353],[71.80644,21.48356],[71.80649,21.48359],[71.80649,21.48361],[71.80659,21.48363],[71.80661,21.48366],[71.8067,21.48368],[71.80675,21.48367],[71.80696,21.48367],[71.80704,21.48374],[71.80707,21.48374],[71.80713,21.48377],[71.80717,21.48378],[71.8072,21.48381],[71.80728,21.48387],[71.80736,21.48396],[71.80736,21.48401],[71.80751,21.48415],[71.80763,21.48423],[71.80771,21.48422],[71.80773,21.48427],[71.80777,21.4843],[71.80779,21.4843],[71.8078,21.48434],[71.8079,21.48441],[71.80794,21.48443],[71.80801,21.48442],[71.80803,21.48444],[71.80806,21.48444],[71.80816,21.48444],[71.80819,21.48442],[71.80825,21.48443],[71.80828,21.48441],[71.80845,21.48441],[71.80852,21.48438],[71.80871,21.48435],[71.80878,21.48435],[71.80885,21.48436],[71.80893,21.48434],[71.80915,21.48435],[71.8092,21.48432],[71.80931,21.48431],[71.80938,21.48426],[71.80943,21.48426],[71.80948,21.48422],[71.80952,21.48422],[71.80959,21.48416],[71.80964,21.48416],[71.80973,21.4841],[71.80979,21.48408],[71.80986,21.48408],[71.80989,21.48404],[71.80998,21.48403],[71.81001,21.48401],[71.81014,21.48401],[71.81026,21.48397],[71.81028,21.48399],[71.81034,21.48398],[71.81038,21.48402],[71.81044,21.484],[71.81079,21.48399],[71.81084,21.48394],[71.81097,21.48394],[71.811,21.48389],[71.81103,21.48386],[71.81114,21.48385],[71.81116,21.48382],[71.81125,21.4838],[71.81125,21.48375],[71.81128,21.48373],[71.81133,21.48367],[71.81132,21.48361],[71.81136,21.48354],[71.81138,21.48354],[71.81142,21.48354],[71.81147,21.48353],[71.81153,21.4835],[71.81154,21.48346],[71.81159,21.48346],[71.8116,21.48342],[71.81172,21.48342],[71.81181,21.4834],[71.81182,21.48337],[71.81192,21.48336],[71.812,21.48337],[71.81203,21.48333],[71.81207,21.48333],[71.81212,21.48335],[71.81217,21.48334],[71.81221,21.48335],[71.81233,21.48335],[71.81238,21.4833],[71.81247,21.48327],[71.81249,21.48321],[71.81256,21.4832],[71.81266,21.48313],[71.81272,21.48313],[71.8128,21.48309],[71.81289,21.48308],[71.81293,21.48302],[71.81296,21.48302],[71.81299,21.48297],[71.81307,21.48296],[71.8131,21.48294],[71.81316,21.48287],[71.81316,21.48284],[71.81319,21.4828],[71.81325,21.48277],[71.81336,21.48277],[71.81341,21.48278],[71.81344,21.48278],[71.81346,21.48274],[71.81354,21.48272],[71.81354,21.48267],[71.81364,21.48261],[71.8137,21.4825],[71.81375,21.48247],[71.81375,21.48239],[71.81377,21.48237],[71.81384,21.48236],[71.81391,21.48229],[71.81399,21.4822],[71.81406,21.48219],[71.81414,21.48214],[71.81424,21.48209],[71.81426,21.48206],[71.81433,21.48203],[71.81439,21.48203],[71.81453,21.48194],[71.81462,21.48184],[71.8147,21.48178],[71.81472,21.48171],[71.81479,21.48166],[71.81484,21.48166],[71.81485,21.48163],[71.81492,21.48157],[71.815,21.48153],[71.81505,21.48152],[71.81514,21.48145],[71.81526,21.48145],[71.81531,21.4814],[71.81532,21.48136],[71.81537,21.48133],[71.81542,21.48133],[71.81551,21.48136],[71.81554,21.48134],[71.81569,21.48134],[71.81575,21.4813],[71.81586,21.48129],[71.8159,21.48131],[71.81595,21.4813],[71.81598,21.48128],[71.81603,21.48128],[71.8161,21.48126],[71.81615,21.48123],[71.81634,21.48122],[71.81642,21.48117],[71.8165,21.48116],[71.81652,21.48118],[71.81662,21.48119],[71.81664,21.48116],[71.81672,21.48116],[71.81677,21.48117],[71.81678,21.48114],[71.81685,21.48112],[71.81687,21.48107],[71.81691,21.48104],[71.81693,21.48099],[71.81698,21.48098],[71.81703,21.48105],[71.81708,21.48101],[71.81709,21.48098],[71.81716,21.48093],[71.81717,21.4809],[71.81723,21.48088],[71.81726,21.48085],[71.81725,21.48075],[71.81727,21.48074],[71.81732,21.48069],[71.81737,21.48069],[71.8174,21.48065],[71.8174,21.4806],[71.81744,21.48059],[71.8175,21.48061],[71.81751,21.48054],[71.81751,21.48048],[71.81756,21.48046],[71.81763,21.48046],[71.81763,21.48042],[71.8177,21.48038],[71.81774,21.48031],[71.81783,21.48029],[71.81784,21.48037],[71.81791,21.48037],[71.81793,21.48041],[71.81797,21.48041],[71.81799,21.48038],[71.81807,21.48039],[71.81818,21.48037],[71.81821,21.48031],[71.8182,21.48027],[71.81826,21.4802],[71.81832,21.48018],[71.81842,21.48018],[71.81841,21.48011],[71.81844,21.48002],[71.81843,21.47993],[71.8185,21.47994],[71.81855,21.47997],[71.81877,21.47996],[71.8188,21.48004],[71.81881,21.48021],[71.81878,21.48024],[71.81878,21.48028],[71.81875,21.4803],[71.81865,21.48029],[71.81864,21.48045],[71.81867,21.48053],[71.81866,21.48057],[71.81871,21.48066],[71.81876,21.48064],[71.81876,21.48072],[71.81881,21.48075],[71.81882,21.48078],[71.81886,21.48082],[71.81887,21.48089],[71.8189,21.4809],[71.81891,21.48096],[71.81894,21.48098],[71.81895,21.48104],[71.81891,21.48107],[71.81896,21.4811],[71.81897,21.48121],[71.81903,21.48122],[71.81907,21.48124],[71.81908,21.4813],[71.81908,21.48137],[71.81914,21.4814],[71.81917,21.48145],[71.81917,21.48152],[71.8192,21.48156],[71.81923,21.48165],[71.81926,21.4817],[71.81925,21.48174],[71.81921,21.48175],[71.81919,21.48179],[71.81916,21.4818],[71.81913,21.48177],[71.8191,21.48178],[71.81906,21.48175],[71.81899,21.48176],[71.81895,21.48178],[71.81892,21.48182],[71.81889,21.48184],[71.81881,21.48184],[71.81879,21.48192],[71.81886,21.48192],[71.81888,21.48199],[71.81882,21.482],[71.81878,21.48205],[71.8186,21.48211],[71.81861,21.48217],[71.81867,21.48221],[71.81857,21.48224],[71.81852,21.48221],[71.81846,21.48216],[71.81845,21.48213],[71.81839,21.48214],[71.81835,21.48212],[71.81822,21.48224],[71.81821,21.48227],[71.81813,21.48235],[71.81809,21.48243],[71.81802,21.48249],[71.81803,21.48253],[71.81804,21.48261],[71.81798,21.48268],[71.81793,21.48273],[71.81785,21.48278],[71.81785,21.48284],[71.81783,21.48285],[71.81781,21.48291],[71.81774,21.48297],[71.81773,21.48301],[71.81762,21.48317],[71.81758,21.48321],[71.81758,21.48324],[71.81752,21.48329],[71.81747,21.48339],[71.81749,21.4835],[71.81743,21.48356],[71.81743,21.48359],[71.81733,21.4837],[71.8173,21.48371],[71.81727,21.48376],[71.81724,21.48375],[71.81704,21.48385],[71.81698,21.48386],[71.81694,21.48389],[71.8169,21.4839],[71.81686,21.48393],[71.8168,21.48394],[71.81679,21.48396],[71.81673,21.48399],[71.81671,21.48402],[71.8166,21.48406],[71.81659,21.48411],[71.81652,21.48412],[71.81648,21.48416],[71.81646,21.48421],[71.81643,21.48423],[71.81641,21.4843],[71.81633,21.48439],[71.81629,21.48441],[71.8162,21.48442],[71.81619,21.48445],[71.81611,21.48449],[71.81611,21.48451],[71.81604,21.48454],[71.81597,21.48461],[71.81597,21.48465],[71.81592,21.4847],[71.81587,21.48471],[71.81584,21.48475],[71.81573,21.48477],[71.81572,21.48477],[71.8157,21.48479],[71.81564,21.4848],[71.81563,21.48482],[71.81555,21.48486],[71.81553,21.48484],[71.81546,21.48489],[71.8154,21.48489],[71.81537,21.48489],[71.81533,21.48495],[71.81526,21.48501],[71.81527,21.48505],[71.8152,21.48513],[71.81513,21.48518],[71.81509,21.48518],[71.81501,21.48523],[71.81492,21.48526],[71.8149,21.48525],[71.81483,21.4853],[71.81479,21.48531],[71.81464,21.48539],[71.81455,21.4854],[71.81451,21.48543],[71.81443,21.48543],[71.81439,21.48545],[71.81429,21.48545],[71.81424,21.48547],[71.81412,21.4855],[71.81409,21.48553],[71.81394,21.48553],[71.81391,21.4855],[71.81384,21.48548],[71.81373,21.48548],[71.81371,21.4855],[71.81358,21.48551],[71.81355,21.48553],[71.8135,21.48554],[71.81348,21.48557],[71.81333,21.48557],[71.81324,21.48562],[71.81315,21.48561],[71.81306,21.48563],[71.81305,21.48566],[71.81296,21.48574],[71.81293,21.48573],[71.81291,21.4858],[71.81284,21.48582],[71.81276,21.48586],[71.81277,21.48589],[71.81272,21.48591],[71.81271,21.48596],[71.81263,21.48598],[71.81262,21.48602],[71.81256,21.48602],[71.81256,21.48603]]]},"properties":{"PolygonId":1602,"Area":1924,"Subbasin":null}},
{"type":"Feature","geometry":{"type":"Polygon","coordinates":[[[71.81253,21.47632],[71.81263,21.47627],[71.81265,21.47624],[71.81274,21.47619],[71.81281,21.47618],[71.81289,21.47618],[71.81291,21.4762],[71.81299,21.47621],[71.81304,21.47624],[71.81308,21.47624],[71.81311,21.47626],[71.81324,21.47629],[71.81329,21.47625],[71.81335,21.47628],[71.81343,21.47626],[71.81351,21.47626],[71.81357,21.47622],[71.81361,21.47618],[71.81367,21.47614],[71.81373,21.47613],[71.81374,21.47617],[71.81379,21.47617],[71.81378,21.47611],[71.81384,21.47612],[71.81392,21.47615],[71.81393,21.47612],[71.81388,21.47601],[71.81389,21.47596],[71.81387,21.47591],[71.81391,21.47591],[71.81396,21.47583],[71.81393,21.47571],[71.81396,21.47572],[71.81397,21.47567],[71.81397,21.47561],[71.81401,21.47557],[71.81404,21.47557],[71.81407,21.47552],[71.81414,21.47551],[71.81425,21.47553],[71.81434,21.47553],[71.81437,21.47556],[71.81448,21.47553],[71.81455,21.47554],[71.8147,21.47557],[71.81473,21.47551],[71.81481,21.47551],[71.81483,21.47556],[71.81486,21.47556],[71.81489,21.4756],[71.81493,21.47559],[71.81501,21.47562],[71.81502,21.47581],[71.81506,21.47586],[71.81507,21.4759],[71.8152,21.47594],[71.81528,21.47594],[71.81527,21.47596],[71.81532,21.47599],[71.81537,21.47599],[71.81538,21.47604],[71.81534,21.47612],[71.81527,21.47616],[71.81526,21.47623],[71.81522,21.47626],[71.81521,21.4763],[71.81524,21.47634],[71.81529,21.47639],[71.81527,21.47647],[71.81518,21.47651],[71.81513,21.47652],[71.81512,21.47649],[71.81507,21.47648],[71.81508,21.47645],[71.81501,21.47646],[71.81496,21.47647],[71.81489,21.47654],[71.81482,21.47656],[71.81481,21.47659],[71.81478,21.4766],[71.81474,21.47665],[71.81473,21.4767],[71.81474,21.47676],[71.81468,21.47682],[71.81463,21.47684],[71.81461,21.47688],[71.81457,21.47692],[71.8145,21.47693],[71.81445,21.47691],[71.81444,21.47688],[71.81437,21.47687],[71.81434,21.47683],[71.81428,21.47685],[71.81425,21.47691],[71.81421,21.47689],[71.81411,21.4769],[71.81411,21.47694],[71.81404,21.47695],[71.81402,21.47701],[71.814,21.47701],[71.81399,21.47706],[71.81394,21.47708],[71.81394,21.47711],[71.81386,21.47716],[71.81382,21.47716],[71.81381,21.47719],[71.81369,21.47719],[71.81366,21.47721],[71.81366,21.47729],[71.81362,21.47737],[71.8136,21.47737],[71.81355,21.47743],[71.81346,21.47747],[71.81346,21.47751],[71.81344,21.47753],[71.81341,21.47761],[71.81333,21.47763],[71.81324,21.47768],[71.81318,21.47769],[71.81312,21.47776],[71.81305,21.47781],[71.81298,21.47781],[71.81293,21.47785],[71.81292,21.47792],[71.81292,21.47802],[71.81291,21.47804],[71.81292,21.47812],[71.81292,21.47818],[71.8129,21.47824],[71.81286,21.47828],[71.81281,21.47835],[71.8128,21.47843],[71.81275,21.47849],[71.81274,21.47857],[71.81272,21.47861],[71.81243,21.47874],[71.81236,21.47875],[71.8123,21.47881],[71.81231,21.47886],[71.81228,21.47889],[71.81227,21.47907],[71.81228,21.47917],[71.81225,21.47921],[71.81224,21.47926],[71.81221,21.4793],[71.81222,21.47935],[71.81215,21.47937],[71.8121,21.4794],[71.81205,21.4794],[71.81199,21.47945],[71.81197,21.47952],[71.81198,21.47957],[71.81196,21.47961],[71.81196,21.47966],[71.8119,21.47966],[71.81185,21.47975],[71.81184,21.47982],[71.81188,21.47984],[71.81188,21.47989],[71.81181,21.47993],[71.81181,21.47997],[71.81179,21.48003],[71.81172,21.48006],[71.81169,21.48021],[71.81166,21.48025],[71.81166,21.48032],[71.81162,21.48038],[71.81159,21.48046],[71.81149,21.48054],[71.81145,21.48056],[71.81146,21.48059],[71.81136,21.48069],[71.8114,21.48071],[71.81143,21.48077],[71.81144,21.48082],[71.81148,21.48084],[71.81155,21.48098],[71.81162,21.48106],[71.81162,21.48109],[71.81166,21.48113],[71.81166,21.48116],[71.81172,21.48122],[71.81178,21.48131],[71.81178,21.48137],[71.81183,21.48147],[71.81183,21.48151],[71.81186,21.48154],[71.81187,21.48163],[71.81192,21.48174],[71.81192,21.48175],[71.81196,21.48182],[71.81197,21.48187],[71.812,21.48194],[71.81205,21.48197],[71.81212,21.48206],[71.81212,21.48207],[71.81213,21.48211],[71.81209,21.48217],[71.8121,21.48221],[71.812,21.48224],[71.812,21.48228],[71.81196,21.48235],[71.81195,21.48239],[71.81201,21.48242],[71.81205,21.48252],[71.81202,21.48258],[71.81202,21.48264],[71.812,21.48266],[71.812,21.48273],[71.81195,21.48277],[71.81196,21.48284],[71.81193,21.48285],[71.81191,21.48291],[71.81186,21.48292],[71.81184,21.48296],[71.8118,21.483],[71.81181,21.48309],[71.81175,21.48311],[71.81171,21.48316],[71.8117,21.48324],[71.81165,21.48326],[71.81164,21.48329],[71.81158,21.48332],[71.81153,21.48336],[71.81149,21.48345],[71.81146,21.48345],[71.81143,21.48349],[71.81138,21.48351],[71.81138,21.48353],[71.81138,21.48354],[71.81136,21.48354],[71.81132,21.48361],[71.81133,21.48367],[71.81128,21.48373],[71.81125,21.48375],[71.81125,21.4838],[71.81116,21.48382],[71.81114,21.48385],[71.81103,21.48386],[71.811,21.48389],[71.81097,21.48394],[71.81084,21.48394],[71.81079,21.48399],[71.81044,21.484],[71.81038,21.48402],[71.81034,21.48398],[71.81028,21.48399],[71.81026,21.48397],[71.81014,21.48401],[71.81001,21.48401],[71.80998,21.48403],[71.80989,21.48404],[71.80986,21.48408],[71.80979,21.48408],[71.80973,21.4841],[71.80964,21.48416],[71.80959,21.48416],[71.80952,21.48422],[71.80948,21.48422],[71.80943,21.48426],[71.80938,21.48426],[71.80931,21.48431],[71.8092,21.48432],[71.80915,21.48435],[71.80893,21.48434],[71.80885,21.48436],[71.80878,21.48435],[71.80871,21.48435],[71.80852,21.48438],[71.80845,21.48441],[71.80828,21.48441],[71.80825,21.48443],[71.80819,21.48442],[71.80816,21.48444],[71.80806,21.48444],[71.80803,21.48444],[71.80801,21.48442],[71.80794,21.48443],[71.8079,21.48441],[71.8078,21.48434],[71.80779,21.4843],[71.80777,21.4843],[71.80773,21.48427],[71.80771,21.48422],[71.80763,21.48423],[71.80751,21.48415],[71.80736,21.48401],[71.80736,21.48396],[71.80728,21.48387],[71.8072,21.48381],[71.80717,21.48378],[71.80713,21.48377],[71.80707,21.48374],[71.80704,21.48374],[71.80696,21.48367],[71.80675,21.48367],[71.8067,21.48368],[71.80661,21.48366],[71.80659,21.48363],[71.80649,21.48361],[71.80649,21.48359],[71.80644,21.48356],[71.80644,21.48353],[71.80634,21.48347],[71.80634,21.48344],[71.80628,21.48341],[71.80625,21.48335],[71.80617,21.48329],[71.80616,21.48329],[71.80605,21.48322],[71.80604,21.48319],[71.80591,21.48316],[71.80585,21.48309],[71.80579,21.48305],[71.80576,21.48302],[71.80575,21.48295],[71.8057,21.4829],[71.80564,21.48287],[71.80564,21.48284],[71.80559,21.48281],[71.80556,21.48281],[71.80552,21.4827],[71.80549,21.48265],[71.80545,21.48264],[71.80536,21.48257],[71.80533,21.48252],[71.80529,21.48249],[71.80525,21.48244],[71.80524,21.4824],[71.80519,21.48242],[71.8051,21.48235],[71.8051,21.48228],[71.80506,21.48227],[71.80504,21.48223],[71.80497,21.48224],[71.80492,21.48225],[71.80481,21.48234],[71.80479,21.48234],[71.80471,21.48239],[71.80468,21.48242],[71.80463,21.48252],[71.8046,21.48254],[71.8046,21.48257],[71.80454,21.48259],[71.80449,21.48258],[71.80443,21.4826],[71.80441,21.48264],[71.80437,21.48262],[71.8043,21.48261],[71.80429,21.48265],[71.80423,21.48263],[71.8042,21.48264],[71.80416,21.4826],[71.8041,21.48262],[71.80404,21.48261],[71.80397,21.48265],[71.80391,21.48267],[71.80391,21.4827],[71.80385,21.48271],[71.80379,21.48275],[71.80376,21.48277],[71.8037,21.48278],[71.80366,21.48274],[71.80361,21.48273],[71.80355,21.48274],[71.80353,21.48272],[71.80348,21.48272],[71.80337,21.48267],[71.80332,21.48266],[71.80311,21.48254],[71.80305,21.48251],[71.80299,21.48251],[71.80291,21.48249],[71.80289,21.48247],[71.80283,21.48246],[71.80276,21.48246],[71.8027,21.4824],[71.80267,21.4824],[71.80261,21.48237],[71.80257,21.48237],[71.80244,21.48233],[71.80238,21.4823],[71.80232,21.4823],[71.80226,21.48227],[71.80224,21.48228],[71.8022,21.48222],[71.80215,21.48222],[71.80214,21.48218],[71.80204,21.48217],[71.8019,21.48211],[71.80186,21.48207],[71.80185,21.48202],[71.80178,21.48202],[71.80172,21.48204],[71.80163,21.48202],[71.80156,21.48199],[71.80151,21.48194],[71.8014,21.48186],[71.80129,21.48186],[71.80123,21.48188],[71.8012,21.48185],[71.80113,21.48185],[71.80111,21.48183],[71.80104,21.48181],[71.80092,21.48169],[71.80092,21.48166],[71.80085,21.4816],[71.80081,21.4816],[71.8008,21.48157],[71.80075,21.48157],[71.80069,21.48154],[71.80066,21.4815],[71.8006,21.48148],[71.80058,21.48151],[71.80053,21.48154],[71.8004,21.48155],[71.80038,21.48158],[71.80022,21.48161],[71.80017,21.48159],[71.80016,21.48156],[71.80003,21.48151],[71.79994,21.48152],[71.79988,21.48154],[71.79988,21.48158],[71.79982,21.4816],[71.79982,21.48164],[71.79976,21.48163],[71.7997,21.48169],[71.79965,21.48169],[71.79962,21.48171],[71.79956,21.48171],[71.79949,21.48173],[71.79935,21.48182],[71.79926,21.48182],[71.79922,21.48186],[71.79915,21.48183],[71.79909,21.48182],[71.79908,21.48182],[71.79906,21.4818],[71.799,21.48177],[71.79894,21.48176],[71.79891,21.48171],[71.79889,21.48171],[71.79879,21.4817],[71.79876,21.48172],[71.79876,21.48177],[71.79873,21.48177],[71.79874,21.48182],[71.79868,21.48181],[71.79851,21.482],[71.79848,21.48201],[71.79843,21.48212],[71.79838,21.48214],[71.79833,21.4822],[71.79822,21.48227],[71.79821,21.48229],[71.79811,21.48237],[71.79806,21.48241],[71.79798,21.48246],[71.79797,21.4825],[71.79788,21.48255],[71.79785,21.48259],[71.79779,21.48259],[71.79768,21.48265],[71.79765,21.48268],[71.79759,21.48271],[71.79747,21.48274],[71.79743,21.48277],[71.79739,21.48277],[71.79736,21.4828],[71.79726,21.48282],[71.79726,21.48287],[71.79721,21.48294],[71.79717,21.48294],[71.79713,21.48292],[71.79704,21.48292],[71.797,21.4829],[71.79694,21.48288],[71.79693,21.48288],[71.7969,21.4829],[71.79684,21.48291],[71.7968,21.48286],[71.79677,21.48285],[71.7966,21.48284],[71.79647,21.48277],[71.7964,21.4828],[71.79636,21.48275],[71.79627,21.48276],[71.7962,21.48276],[71.79612,21.48279],[71.79607,21.48279],[71.79605,21.48275],[71.79595,21.48275],[71.79578,21.48268],[71.79572,21.48261],[71.79568,21.48261],[71.79567,21.48253],[71.79565,21.48253],[71.79566,21.48247],[71.7956,21.48246],[71.79556,21.48243],[71.79551,21.48243],[71.79537,21.48237],[71.79524,21.48238],[71.79521,21.48238],[71.7952,21.48241],[71.79515,21.48244],[71.79513,21.4824],[71.7951,21.48239],[71.7951,21.48232],[71.79499,21.48231],[71.79496,21.48233],[71.79495,21.48237],[71.7949,21.48237],[71.79488,21.48243],[71.7948,21.48242],[71.79475,21.48239],[71.79475,21.48238],[71.79469,21.48239],[71.79466,21.48236],[71.7946,21.48237],[71.79459,21.48232],[71.79465,21.48225],[71.79454,21.48225],[71.79452,21.48221],[71.79448,21.48223],[71.79445,21.48219],[71.79439,21.48218],[71.79433,21.48222],[71.7942,21.48217],[71.7942,21.4821],[71.79415,21.48211],[71.79413,21.48208],[71.79403,21.48206],[71.79398,21.48201],[71.79402,21.48194],[71.79399,21.4819],[71.79394,21.4819],[71.79394,21.48187],[71.7938,21.48182],[71.7938,21.48177],[71.79368,21.48178],[71.79368,21.48173],[71.7936,21.48172],[71.79357,21.4817],[71.79353,21.48163],[71.79347,21.48157],[71.79345,21.48152],[71.79341,21.48148],[71.79342,21.48141],[71.79346,21.4813],[71.79345,21.48123],[71.7935,21.48123],[71.79356,21.48124],[71.79359,21.48123],[71.79367,21.48126],[71.79368,21.48129],[71.79379,21.48127],[71.79383,21.48123],[71.79388,21.48123],[71.7939,21.4812],[71.79386,21.48116],[71.79381,21.48108],[71.79379,21.48108],[71.79375,21.48104],[71.79375,21.481],[71.79371,21.48095],[71.79367,21.48095],[71.79364,21.48086],[71.79361,21.48086],[71.79359,21.48086],[71.79351,21.48075],[71.79351,21.48074],[71.79352,21.48069],[71.79355,21.48062],[71.79355,21.48054],[71.79357,21.48046],[71.7936,21.48042],[71.7936,21.48022],[71.79357,21.48016],[71.79354,21.47995],[71.79357,21.47992],[71.79358,21.47971],[71.79358,21.47965],[71.79361,21.47954],[71.79364,21.47951],[71.79364,21.47946],[71.79367,21.47944],[71.79366,21.47937],[71.79366,21.47928],[71.79368,21.47922],[71.79372,21.47913],[71.79375,21.4791],[71.79377,21.47901],[71.79382,21.47892],[71.79381,21.47882],[71.79386,21.47875],[71.79385,21.47867],[71.79376,21.47859],[71.79374,21.47856],[71.79374,21.47846],[71.79376,21.47844],[71.79384,21.47846],[71.79389,21.47845],[71.79395,21.47842],[71.79416,21.47843],[71.79421,21.47841],[71.79426,21.47837],[71.79436,21.47836],[71.79442,21.47837],[71.79446,21.47833],[71.79461,21.47825],[71.79462,21.47821],[71.79466,21.47818],[71.79469,21.47813],[71.79473,21.47812],[71.79476,21.47807],[71.79482,21.47799],[71.79485,21.47798],[71.79486,21.47793],[71.7949,21.47789],[71.79492,21.47784],[71.79496,21.47781],[71.79501,21.47774],[71.79508,21.47774],[71.79509,21.47777],[71.79515,21.47775],[71.79516,21.47775],[71.79518,21.47775],[71.79522,21.47777],[71.79533,21.47776],[71.79533,21.47772],[71.79538,21.47772],[71.79542,21.47765],[71.79548,21.47763],[71.79556,21.47761],[71.79561,21.47764],[71.79565,21.4776],[71.79575,21.47761],[71.79578,21.47755],[71.79584,21.47755],[71.79589,21.4775],[71.79588,21.47747],[71.79592,21.4774],[71.79601,21.47742],[71.79607,21.4774],[71.79612,21.47737],[71.79621,21.47735],[71.79624,21.47733],[71.79634,21.47733],[71.79637,21.47736],[71.79641,21.47736],[71.7965,21.4773],[71.79656,21.47722],[71.79665,21.47722],[71.79671,21.47721],[71.79674,21.47713],[71.79678,21.47711],[71.79682,21.4771],[71.79688,21.47703],[71.79696,21.477],[71.79696,21.47697],[71.79701,21.4769],[71.79705,21.4769],[71.79712,21.47685],[71.79714,21.47676],[71.79725,21.4767],[71.7973,21.47664],[71.79738,21.47665],[71.79743,21.47665],[71.7975,21.4766],[71.79753,21.4766],[71.79758,21.47656],[71.79765,21.47655],[71.79768,21.47653],[71.79769,21.47649],[71.79775,21.47649],[71.79776,21.47652],[71.79787,21.47655],[71.79794,21.47659],[71.79796,21.47659],[71.79803,21.47664],[71.79803,21.47665],[71.79804,21.47665],[71.79804,21.47667],[71.79812,21.47678],[71.79813,21.47684],[71.79815,21.47686],[71.79816,21.47691],[71.79823,21.47696],[71.79827,21.47704],[71.79827,21.47713],[71.79831,21.47716],[71.79831,21.47723],[71.79833,21.47725],[71.79833,21.47727],[71.79835,21.47731],[71.79845,21.47739],[71.79856,21.47742],[71.7986,21.47744],[71.79868,21.47752],[71.79879,21.47756],[71.79893,21.47765],[71.79903,21.47766],[71.79909,21.47771],[71.79915,21.47771],[71.79925,21.47775],[71.7993,21.47779],[71.79936,21.47781],[71.7995,21.47784],[71.79952,21.47785],[71.79959,21.47786],[71.79961,21.47788],[71.79968,21.47788],[71.79973,21.47793],[71.7998,21.47793],[71.79985,21.47794],[71.79996,21.47795],[71.79997,21.47796],[71.80007,21.47796],[71.80008,21.47793],[71.80012,21.47792],[71.8002,21.47792],[71.80038,21.47788],[71.80043,21.47786],[71.80052,21.47779],[71.80063,21.47779],[71.80077,21.47781],[71.8008,21.47784],[71.8008,21.47789],[71.80086,21.47788],[71.80095,21.47791],[71.80095,21.47792],[71.80105,21.47795],[71.80108,21.47794],[71.80111,21.47794],[71.80117,21.47798],[71.80126,21.47797],[71.8013,21.47801],[71.80136,21.47803],[71.80141,21.47798],[71.80141,21.47795],[71.80149,21.47792],[71.8016,21.47784],[71.80169,21.47783],[71.80172,21.4778],[71.80183,21.47781],[71.80189,21.47779],[71.80193,21.47775],[71.80201,21.47771],[71.80217,21.47764],[71.80222,21.4776],[71.80225,21.4776],[71.80233,21.47751],[71.80239,21.47749],[71.80242,21.47749],[71.80257,21.47742],[71.80258,21.47741],[71.80265,21.4774],[71.80271,21.47738],[71.80275,21.47727],[71.80277,21.47725],[71.80281,21.47725],[71.8028,21.47735],[71.80287,21.47737],[71.80295,21.47744],[71.80295,21.47746],[71.803,21.47748],[71.80306,21.47747],[71.8031,21.47749],[71.80315,21.47757],[71.8032,21.47761],[71.80326,21.47758],[71.80333,21.47754],[71.80339,21.47752],[71.80353,21.47751],[71.80354,21.47755],[71.80358,21.47753],[71.80368,21.47752],[71.80373,21.47747],[71.80402,21.47748],[71.80408,21.4775],[71.80415,21.47748],[71.80416,21.47746],[71.80431,21.47747],[71.80434,21.47744],[71.80443,21.47745],[71.80464,21.47744],[71.8047,21.47746],[71.80475,21.47746],[71.8049,21.47753],[71.80493,21.47754],[71.80503,21.47754],[71.80507,21.4775],[71.80514,21.47749],[71.80524,21.47741],[71.8053,21.47741],[71.80534,21.47738],[71.80537,21.47738],[71.80548,21.4773],[71.80562,21.4773],[71.80564,21.4773],[71.80567,21.47731],[71.80577,21.47732],[71.8058,21.47735],[71.80587,21.47734],[71.80592,21.47736],[71.80595,21.47734],[71.80601,21.47735],[71.80611,21.47731],[71.80616,21.47727],[71.80618,21.47727],[71.8063,21.47727],[71.80631,21.47728],[71.80649,21.47726],[71.80659,21.47731],[71.80661,21.47733],[71.80668,21.47732],[71.80674,21.47735],[71.80681,21.47736],[71.80685,21.4774],[71.80689,21.47737],[71.80693,21.47737],[71.80703,21.47737],[71.80707,21.47734],[71.8071,21.47736],[71.80717,21.47735],[71.80723,21.47736],[71.80724,21.47734],[71.80733,21.47734],[71.80738,21.47734],[71.80745,21.47734],[71.80752,21.47735],[71.80761,21.47735],[71.80762,21.47734],[71.80767,21.47734],[71.80771,21.47733],[71.8078,21.47734],[71.80788,21.47733],[71.80795,21.47733],[71.80797,21.47736],[71.80803,21.47735],[71.80805,21.47737],[71.8081,21.47736],[71.80817,21.4774],[71.80824,21.47742],[71.80828,21.47747],[71.8083,21.47747],[71.80838,21.47746],[71.80848,21.47741],[71.80857,21.47742],[71.80867,21.47742],[71.80881,21.47746],[71.80894,21.47746],[71.80896,21.47748],[71.80908,21.47747],[71.80915,21.47749],[71.80916,21.47751],[71.80926,21.47751],[71.80927,21.47755],[71.80931,21.47757],[71.80942,21.47757],[71.80949,21.47758],[71.8095,21.47764],[71.80955,21.47768],[71.80961,21.47763],[71.80978,21.47767],[71.80982,21.47771],[71.80981,21.47782],[71.80989,21.47782],[71.80992,21.47784],[71.81011,21.47784],[71.81015,21.47777],[71.81022,21.47776],[71.81027,21.47773],[71.81029,21.47769],[71.8103,21.47769],[71.81036,21.47775],[71.81044,21.4778],[71.81054,21.47778],[71.81056,21.47781],[71.81074,21.47776],[71.81077,21.47772],[71.81086,21.4777],[71.8109,21.4776],[71.81097,21.47762],[71.81104,21.47762],[71.81111,21.47756],[71.81116,21.47755],[71.81124,21.47749],[71.81131,21.4775],[71.81136,21.47748],[71.81138,21.47745],[71.81149,21.47744],[71.81158,21.47738],[71.81167,21.47739],[71.81168,21.47741],[71.81176,21.4774],[71.81193,21.47742],[71.81196,21.47741],[71.81196,21.47736],[71.81215,21.47731],[71.81219,21.47732],[71.81225,21.47732],[71.8123,21.47728],[71.81244,21.47723],[71.81251,21.47724],[71.81256,21.47724],[71.81263,21.4772],[71.81271,21.47717],[71.8128,21.47719],[71.81282,21.47708],[71.81284,21.47704],[71.81282,21.477],[71.81283,21.47695],[71.8128,21.47693],[71.8128,21.47684],[71.81277,21.47678],[71.81277,21.47672],[71.81273,21.47666],[71.81265,21.47656],[71.81261,21.47651],[71.81261,21.47646],[71.81258,21.47644],[71.81255,21.47638],[71.81253,21.47632]]]},"properties":{"PolygonId":1316,"Area":224,"Subbasin":null}},
{"type":"Feature","geometry":{"type":"Polygon","coordinates":[[[71.81138,21.48354],[71.81138,21.48353],[71.81138,21.48351],[71.81143,21.48349],[71.81146,21.48345],[71.81149,21.48345],[71.81153,21.48336],[71.81158,21.48332],[71.81164,21.48329],[71.81165,21.48326],[71.8117,21.48324],[71.81171,21.48316],[71.81175,21.48311],[71.81181,21.48309],[71.8118,21.483],[71.81184,21.48296],[71.81186,21.48292],[71.81191,21.48291],[71.81193,21.48285],[71.81196,21.48284],[71.81195,21.48277],[71.812,21.48273],[71.812,21.48266],[71.81202,21.48264],[71.81202,21.48258],[71.81205,21.48252],[71.81201,21.48242],[71.81195,21.48239],[71.81196,21.48235],[71.812,21.48228],[71.812,21.48224],[71.8121,21.48221],[71.81209,21.48217],[71.81213,21.48211],[71.81212,21.48207],[71.81212,21.48206],[71.81205,21.48197],[71.812,21.48194],[71.81197,21.48187],[71.81196,21.48182],[71.81192,21.48175],[71.81192,21.48174],[71.81187,21.48163],[71.81186,21.48154],[71.81183,21.48151],[71.81183,21.48147],[71.81178,21.48137],[71.81178,21.48131],[71.81172,21.48122],[71.81166,21.48116],[71.81166,21.48113],[71.81162,21.48109],[71.81162,21.48106],[71.81155,21.48098],[71.81148,21.48084],[71.81144,21.48082],[71.81143,21.48077],[71.8114,21.48071],[71.81136,21.48069],[71.81146,21.48059],[71.81145,21.48056],[71.81149,21.48054],[71.81159,21.48046],[71.81162,21.48038],[71.81166,21.48032],[71.81166,21.48025],[71.81169,21.48021],[71.81172,21.48006],[71.81179,21.48003],[71.81181,21.47997],[71.81181,21.47993],[71.81188,21.47989],[71.81188,21.47984],[71.81184,21.47982],[71.81185,21.47975],[71.8119,21.47966],[71.81196,21.47966],[71.81203,21.47965],[71.81205,21.47962],[71.81211,21.4796],[71.81215,21.47955],[71.81216,21.4795],[71.81222,21.47947],[71.81229,21.47947],[71.8123,21.47944],[71.81239,21.47938],[71.81244,21.47938],[71.81247,21.47936],[71.81249,21.47931],[71.81255,21.47929],[71.81261,21.47922],[71.81266,21.47918],[71.81269,21.47912],[71.8127,21.47905],[71.81274,21.47899],[71.81279,21.47892],[71.8128,21.47887],[71.81284,21.47887],[71.81288,21.47881],[71.8129,21.47873],[71.81299,21.47861],[71.81302,21.47854],[71.81305,21.47852],[71.81305,21.47837],[71.81307,21.47834],[71.81317,21.47834],[71.81318,21.47826],[71.81321,21.47823],[71.81344,21.47822],[71.81349,21.47824],[71.81351,21.47826],[71.81361,21.47827],[71.81366,21.47821],[71.81376,21.47821],[71.8138,21.47816],[71.81387,21.47812],[71.81388,21.47809],[71.81391,21.47806],[71.81401,21.47805],[71.81403,21.47803],[71.81404,21.47796],[71.81409,21.47793],[71.8141,21.47778],[71.81408,21.47768],[71.81408,21.47762],[71.81413,21.47759],[71.81417,21.47758],[71.81423,21.47753],[71.81423,21.47748],[71.81434,21.47747],[71.81447,21.47748],[71.81454,21.4775],[71.81456,21.47753],[71.81461,21.47753],[71.81469,21.47751],[71.81475,21.47751],[71.8148,21.47749],[71.81499,21.47745],[71.81505,21.47747],[71.81508,21.47751],[71.81513,21.47751],[71.81512,21.47745],[71.81516,21.47742],[71.81526,21.47739],[71.81529,21.47734],[71.81539,21.47736],[71.81542,21.47732],[71.81544,21.47724],[71.81552,21.47721],[71.81556,21.47717],[71.81561,21.47718],[71.8157,21.47724],[71.81575,21.47726],[71.81582,21.47725],[71.81584,21.47723],[71.81591,21.47718],[71.81595,21.47711],[71.8162,21.4771],[71.81629,21.47716],[71.81632,21.47718],[71.81638,21.47724],[71.81646,21.47723],[71.81651,21.47719],[71.81654,21.47719],[71.81662,21.47714],[71.81665,21.4771],[71.81669,21.47712],[71.81676,21.47714],[71.81681,21.47713],[71.81686,21.47716],[71.81689,21.47719],[71.81687,21.47724],[71.81687,21.47735],[71.81692,21.47741],[71.81697,21.4775],[71.81697,21.47752],[71.81703,21.4776],[71.81702,21.47767],[71.81707,21.47773],[71.81707,21.47775],[71.81698,21.47787],[71.81697,21.47798],[71.81693,21.478],[71.81691,21.4781],[71.81695,21.47813],[71.81695,21.47818],[71.817,21.47821],[71.81696,21.47827],[71.81693,21.47834],[71.81693,21.47849],[71.81696,21.47855],[71.81702,21.47857],[71.81708,21.47862],[71.81705,21.47864],[71.81707,21.47871],[71.81703,21.47873],[71.81703,21.47881],[71.81705,21.47889],[71.81712,21.47892],[71.81713,21.47899],[71.81712,21.47901],[71.81712,21.47906],[71.81709,21.47908],[71.8171,21.47912],[71.81705,21.47914],[71.81704,21.47922],[71.81712,21.47927],[71.81709,21.47931],[71.81708,21.47935],[71.81716,21.47938],[71.81716,21.47945],[71.81712,21.4795],[71.81712,21.47961],[71.8171,21.47962],[71.81711,21.47981],[71.81712,21.47983],[71.81713,21.47999],[71.81717,21.48004],[71.81715,21.48008],[71.81718,21.48012],[71.81726,21.48013],[71.81726,21.48019],[71.81721,21.48024],[71.8172,21.48032],[71.81725,21.48033],[71.81725,21.48039],[71.81723,21.48046],[71.81727,21.48052],[71.8173,21.48063],[71.81724,21.48067],[71.81727,21.48074],[71.81725,21.48075],[71.81726,21.48085],[71.81723,21.48088],[71.81717,21.4809],[71.81716,21.48093],[71.81709,21.48098],[71.81708,21.48101],[71.81703,21.48105],[71.81698,21.48098],[71.81693,21.48099],[71.81691,21.48104],[71.81687,21.48107],[71.81685,21.48112],[71.81678,21.48114],[71.81677,21.48117],[71.81672,21.48116],[71.81664,21.48116],[71.81662,21.48119],[71.81652,21.48118],[71.8165,21.48116],[71.81642,21.48117],[71.81634,21.48122],[71.81615,21.48123],[71.8161,21.48126],[71.81603,21.48128],[71.81598,21.48128],[71.81595,21.4813],[71.8159,21.48131],[71.81586,21.48129],[71.81575,21.4813],[71.81569,21.48134],[71.81554,21.48134],[71.81551,21.48136],[71.81542,21.48133],[71.81537,21.48133],[71.81532,21.48136],[71.81531,21.4814],[71.81526,21.48145],[71.81514,21.48145],[71.81505,21.48152],[71.815,21.48153],[71.81492,21.48157],[71.81485,21.48163],[71.81484,21.48166],[71.81479,21.48166],[71.81472,21.48171],[71.8147,21.48178],[71.81462,21.48184],[71.81453,21.48194],[71.81439,21.48203],[71.81433,21.48203],[71.81426,21.48206],[71.81424,21.48209],[71.81414,21.48214],[71.81406,21.48219],[71.81399,21.4822],[71.81391,21.48229],[71.81384,21.48236],[71.81377,21.48237],[71.81375,21.48239],[71.81375,21.48247],[71.8137,21.4825],[71.81364,21.48261],[71.81354,21.48267],[71.81354,21.48272],[71.81346,21.48274],[71.81344,21.48278],[71.81341,21.48278],[71.81336,21.48277],[71.81325,21.48277],[71.81319,21.4828],[71.81316,21.48284],[71.81316,21.48287],[71.8131,21.48294],[71.81307,21.48296],[71.81299,21.48297],[71.81296,21.48302],[71.81293,21.48302],[71.81289,21.48308],[71.8128,21.48309],[71.81272,21.48313],[71.81266,21.48313],[71.81256,21.4832],[71.81249,21.48321],[71.81247,21.48327],[71.81238,21.4833],[71.81233,21.48335],[71.81221,21.48335],[71.81217,21.48334],[71.81212,21.48335],[71.81207,21.48333],[71.81203,21.48333],[71.812,21.48337],[71.81192,21.48336],[71.81182,21.48337],[71.81181,21.4834],[71.81172,21.48342],[71.8116,21.48342],[71.81159,21.48346],[71.81154,21.48346],[71.81153,21.4835],[71.81147,21.48353],[71.81142,21.48354],[71.81138,21.48354]]]},"properties":{"PolygonId":1385,"Area":1465,"Subbasin":null}},
{"type":"Feature","geometry":{"type":"Polygon","coordinates":[[[71.82029,21.48275],[71.82032,21.48283],[71.82038,21.48283],[71.82038,21.48286],[71.82044,21.48291],[71.82047,21.4829],[71.82048,21.48297],[71.82051,21.48301],[71.82061,21.48303],[71.82061,21.48306],[71.82067,21.48317],[71.82068,21.48322],[71.82075,21.48323],[71.82078,21.48326],[71.82078,21.48331],[71.82081,21.48333],[71.82081,21.48339],[71.82085,21.48349],[71.82091,21.48348],[71.82093,21.48345],[71.82104,21.48342],[71.82106,21.48333],[71.82111,21.48333],[71.82113,21.4833],[71.82119,21.4833],[71.8212,21.48328],[71.82127,21.48327],[71.8213,21.48329],[71.82135,21.48327],[71.82138,21.48329],[71.82141,21.48336],[71.82144,21.48338],[71.82147,21.48337],[71.82152,21.48338],[71.82153,21.48343],[71.82159,21.4834],[71.82165,21.48344],[71.82167,21.48349],[71.82164,21.48351],[71.82162,21.48358],[71.82153,21.48361],[71.82146,21.48362],[71.82144,21.48368],[71.82147,21.48372],[71.82143,21.48376],[71.82139,21.48376],[71.82138,21.4838],[71.82133,21.48381],[71.8213,21.48384],[71.82121,21.48384],[71.82117,21.48386],[71.82105,21.48386],[71.82105,21.48395],[71.82109,21.48397],[71.82111,21.48408],[71.82111,21.48415],[71.82115,21.48417],[71.82114,21.48421],[71.82113,21.48436],[71.82117,21.48436],[71.82116,21.48444],[71.82118,21.48449],[71.82123,21.48453],[71.82125,21.48462],[71.82123,21.48465],[71.82127,21.48472],[71.82128,21.4849],[71.8213,21.48494],[71.82131,21.48502],[71.82136,21.48509],[71.82136,21.48515],[71.82142,21.48518],[71.82141,21.48523],[71.82145,21.48529],[71.82148,21.48532],[71.82149,21.4854],[71.82155,21.48546],[71.82158,21.48554],[71.82157,21.48559],[71.82158,21.48564],[71.82157,21.4857],[71.82161,21.48574],[71.82163,21.48578],[71.82164,21.48587],[71.82167,21.4859],[71.82167,21.48596],[71.82169,21.48605],[71.82168,21.48608],[71.82172,21.48616],[71.82174,21.48625],[71.82174,21.48632],[71.82177,21.48633],[71.82179,21.48648],[71.82182,21.48647],[71.82184,21.48653],[71.82186,21.48665],[71.82183,21.4867],[71.82183,21.48678],[71.82185,21.48688],[71.82187,21.48691],[71.82188,21.48698],[71.82186,21.48699],[71.82181,21.48708],[71.82175,21.48709],[71.8217,21.48713],[71.82169,21.4872],[71.82171,21.48722],[71.82171,21.48732],[71.82167,21.4874],[71.82162,21.48741],[71.8216,21.48738],[71.82156,21.48735],[71.82143,21.48737],[71.82142,21.48735],[71.82136,21.48734],[71.82131,21.48738],[71.82127,21.48751],[71.82122,21.48752],[71.82112,21.48748],[71.82105,21.48747],[71.82104,21.48753],[71.82101,21.48751],[71.82088,21.48752],[71.82085,21.48758],[71.82081,21.48762],[71.82082,21.48766],[71.82085,21.48769],[71.82084,21.48774],[71.82078,21.48777],[71.82075,21.48777],[71.82072,21.48783],[71.82064,21.48789],[71.8206,21.48789],[71.82057,21.48793],[71.82056,21.48798],[71.82051,21.48802],[71.82048,21.48802],[71.82039,21.48806],[71.82028,21.48809],[71.82024,21.48807],[71.82015,21.48809],[71.82013,21.48807],[71.82005,21.48807],[71.81996,21.48812],[71.81993,21.4881],[71.81985,21.4881],[71.81976,21.48811],[71.81975,21.4882],[71.81967,21.48827],[71.81961,21.48827],[71.81956,21.4883],[71.81951,21.48835],[71.81947,21.48836],[71.81939,21.48835],[71.81929,21.48839],[71.81928,21.48842],[71.81919,21.48842],[71.81915,21.48839],[71.81915,21.48838],[71.81914,21.48835],[71.81916,21.4883],[71.81913,21.48823],[71.81913,21.48817],[71.81915,21.48815],[71.81915,21.48799],[71.81914,21.4879],[71.81912,21.48788],[71.81912,21.48786],[71.81912,21.4878],[71.81908,21.4877],[71.81908,21.48764],[71.81905,21.48759],[71.81903,21.48747],[71.81902,21.48746],[71.81898,21.48734],[71.81893,21.48729],[71.8189,21.48725],[71.81889,21.48716],[71.81887,21.48712],[71.81881,21.48707],[71.8188,21.48703],[71.81877,21.48702],[71.81874,21.48697],[71.81869,21.48694],[71.81869,21.48691],[71.81865,21.48689],[71.81864,21.48685],[71.81861,21.48682],[71.81854,21.4868],[71.8185,21.48681],[71.81848,21.48678],[71.81832,21.48678],[71.81824,21.48673],[71.8182,21.48672],[71.81817,21.48667],[71.81813,21.48667],[71.81809,21.48664],[71.81802,21.48666],[71.8179,21.48662],[71.81787,21.48658],[71.81783,21.48658],[71.81776,21.48655],[71.81757,21.48655],[71.81752,21.48651],[71.81748,21.48652],[71.8174,21.48647],[71.81732,21.48647],[71.81722,21.48645],[71.81718,21.48639],[71.81712,21.48639],[71.81708,21.4864],[71.81702,21.48639],[71.81697,21.48639],[71.81692,21.48635],[71.81688,21.48635],[71.81679,21.48627],[71.8167,21.48627],[71.81665,21.48624],[71.81661,21.48625],[71.81658,21.4862],[71.81653,21.48617],[71.81648,21.48616],[71.81645,21.48616],[71.81642,21.48618],[71.81632,21.48617],[71.81624,21.48617],[71.81618,21.48614],[71.81615,21.4861],[71.81606,21.48608],[71.81599,21.48609],[71.81598,21.48609],[71.81594,21.48607],[71.81591,21.48607],[71.81585,21.48612],[71.81574,21.48613],[71.81571,21.48611],[71.81556,21.48612],[71.81552,21.48609],[71.81548,21.48612],[71.81545,21.48609],[71.81539,21.4861],[71.81537,21.48608],[71.81526,21.48607],[71.81524,21.4861],[71.81517,21.48611],[71.81514,21.48614],[71.81505,21.48614],[71.81503,21.48616],[71.81495,21.48615],[71.81491,21.48617],[71.81482,21.48617],[71.81477,21.4862],[71.81467,21.4862],[71.81458,21.48624],[71.81439,21.48611],[71.81433,21.48609],[71.81423,21.486],[71.81418,21.48598],[71.81417,21.48593],[71.81412,21.4859],[71.8141,21.48584],[71.81404,21.48582],[71.81401,21.48582],[71.81401,21.48581],[71.81402,21.48581],[71.81402,21.4858],[71.81404,21.4858],[71.81406,21.48582],[71.81425,21.48582],[71.81429,21.48583],[71.81445,21.48583],[71.81449,21.48587],[71.81455,21.48584],[71.81463,21.48586],[71.8147,21.48588],[71.81478,21.48592],[71.81484,21.48591],[71.81489,21.48593],[71.81494,21.48593],[71.81497,21.48595],[71.81505,21.48596],[71.81509,21.48591],[71.81522,21.48585],[71.81525,21.48583],[71.8153,21.48583],[71.81544,21.48572],[71.8155,21.4857],[71.81551,21.48568],[71.81558,21.48564],[71.8156,21.4856],[71.81564,21.48557],[71.81566,21.48552],[71.81566,21.48548],[71.81572,21.48539],[71.81573,21.48534],[71.81578,21.48531],[71.8158,21.48528],[71.81579,21.48523],[71.81583,21.48518],[71.81588,21.48515],[71.81591,21.48511],[71.81593,21.48504],[71.81601,21.48495],[71.81601,21.48489],[71.81606,21.48485],[71.81607,21.48482],[71.81616,21.48475],[71.81623,21.48474],[71.81626,21.48469],[71.81629,21.48469],[71.81633,21.48464],[71.81637,21.48465],[71.81638,21.48459],[71.81659,21.48455],[71.81664,21.48455],[71.81666,21.48453],[71.81671,21.48453],[71.81676,21.48451],[71.81681,21.48445],[71.81692,21.4844],[71.81695,21.48437],[71.81696,21.48437],[71.817,21.48434],[71.81705,21.48435],[71.81708,21.4843],[71.81714,21.48426],[71.81719,21.48426],[71.81723,21.4842],[71.81727,21.48419],[71.8173,21.48421],[71.81736,21.4842],[71.81742,21.48415],[71.81754,21.48413],[71.8176,21.4841],[71.81772,21.48407],[71.81777,21.48409],[71.81787,21.48405],[71.81791,21.4841],[71.81797,21.48408],[71.81799,21.48404],[71.81804,21.48402],[71.81809,21.48402],[71.81816,21.48398],[71.81821,21.48398],[71.81832,21.48396],[71.81834,21.48395],[71.81842,21.48392],[71.81843,21.48387],[71.81851,21.48384],[71.81865,21.48382],[71.81869,21.48379],[71.81882,21.48378],[71.81884,21.48375],[71.81892,21.48372],[71.81896,21.48368],[71.81901,21.48366],[71.81911,21.4836],[71.81915,21.48357],[71.81918,21.48356],[71.81921,21.48351],[71.81924,21.4835],[71.81927,21.48346],[71.81933,21.48343],[71.81934,21.48338],[71.81942,21.4833],[71.81941,21.48322],[71.81947,21.48316],[71.8195,21.48317],[71.81962,21.48312],[71.81966,21.48308],[71.81966,21.48306],[71.81971,21.483],[71.81977,21.48297],[71.81981,21.48287],[71.81986,21.48285],[71.81992,21.48279],[71.81999,21.48279],[71.82003,21.48276],[71.8201,21.48275],[71.82014,21.48277],[71.82022,21.48276],[71.82029,21.48275]]]},"properties":{"PolygonId":1339,"Area":49,"Subbasin":null}},
{"type":"Feature","geometry":{"type":"Polygon","coordinates":[[[71.79922,21.47237],[71.79921,21.47237],[71.79917,21.47239],[71.7992,21.47248],[71.79922,21.47249],[71.79919,21.47256],[71.79921,21.47261],[71.79925,21.47262],[71.79925,21.47269],[71.79927,21.47273],[71.79921,21.4728],[71.79921,21.47283],[71.79923,21.47284],[71.79919,21.47298],[71.79922,21.47299],[71.79922,21.47306],[71.79916,21.47308],[71.79915,21.4731],[71.79905,21.47312],[71.79899,21.47318],[71.79899,21.47321],[71.79896,21.47325],[71.79889,21.47327],[71.79889,21.47337],[71.79885,21.47339],[71.79883,21.47345],[71.79879,21.47348],[71.79882,21.4735],[71.79882,21.47358],[71.79879,21.4736],[71.79882,21.47365],[71.79877,21.4737],[71.79874,21.47376],[71.79872,21.47376],[71.7987,21.47381],[71.79865,21.47385],[71.79867,21.47391],[71.79866,21.47396],[71.79858,21.47401],[71.79847,21.47411],[71.79842,21.47413],[71.7984,21.47415],[71.79833,21.47419],[71.79828,21.47419],[71.79825,21.47421],[71.79827,21.4743],[71.79835,21.47432],[71.79836,21.47441],[71.79841,21.47444],[71.79841,21.47448],[71.79837,21.47449],[71.79838,21.47452],[71.79842,21.47457],[71.79842,21.47463],[71.79848,21.47467],[71.79852,21.47474],[71.79854,21.47476],[71.79857,21.47492],[71.79861,21.47495],[71.79861,21.475],[71.79865,21.47502],[71.79873,21.4751],[71.79881,21.47522],[71.79882,21.47526],[71.79885,21.4753],[71.79886,21.47533],[71.79881,21.47539],[71.7988,21.47544],[71.79879,21.47554],[71.79876,21.47558],[71.79876,21.47561],[71.7987,21.47567],[71.79869,21.47573],[71.79865,21.47577],[71.79859,21.47581],[71.79855,21.47586],[71.79845,21.47595],[71.79842,21.47599],[71.79835,21.47605],[71.79831,21.47607],[71.79827,21.47613],[71.79823,21.47618],[71.79822,21.47621],[71.79815,21.47628],[71.79812,21.47635],[71.79811,21.47644],[71.79802,21.47657],[71.79802,21.4766],[71.79803,21.47663],[71.79803,21.47664],[71.79796,21.47659],[71.79794,21.47659],[71.79787,21.47655],[71.79776,21.47652],[71.79775,21.47649],[71.79769,21.47649],[71.79768,21.47653],[71.79765,21.47655],[71.79758,21.47656],[71.79753,21.4766],[71.7975,21.4766],[71.79743,21.47665],[71.79738,21.47665],[71.7973,21.47664],[71.79725,21.4767],[71.79714,21.47676],[71.79712,21.47685],[71.79705,21.4769],[71.79701,21.4769],[71.79696,21.47697],[71.79696,21.477],[71.79688,21.47703],[71.79682,21.4771],[71.79678,21.47711],[71.79674,21.47713],[71.79671,21.47721],[71.79665,21.47722],[71.79656,21.47722],[71.7965,21.4773],[71.79641,21.47736],[71.79637,21.47736],[71.79634,21.47733],[71.79624,21.47733],[71.79621,21.47735],[71.79612,21.47737],[71.79607,21.4774],[71.79601,21.47742],[71.79592,21.4774],[71.79588,21.47747],[71.79589,21.4775],[71.79584,21.47755],[71.79578,21.47755],[71.79575,21.47761],[71.79565,21.4776],[71.79561,21.47764],[71.79556,21.47761],[71.79548,21.47763],[71.79542,21.47765],[71.79538,21.47772],[71.79533,21.47772],[71.79533,21.47776],[71.79522,21.47777],[71.79518,21.47775],[71.79516,21.47775],[71.79516,21.47774],[71.79516,21.47773],[71.79514,21.47771],[71.79512,21.47772],[71.79503,21.47772],[71.79497,21.47768],[71.79497,21.47765],[71.79494,21.47761],[71.79494,21.47756],[71.79491,21.47752],[71.79486,21.47747],[71.79483,21.47742],[71.79481,21.47742],[71.79471,21.47731],[71.79466,21.4773],[71.79461,21.47723],[71.79461,21.47716],[71.79459,21.47712],[71.79455,21.47709],[71.79452,21.47698],[71.79443,21.47699],[71.79438,21.47694],[71.79438,21.4769],[71.79435,21.47689],[71.79429,21.47684],[71.79427,21.47673],[71.79424,21.47668],[71.79421,21.47669],[71.79412,21.47661],[71.79408,21.47651],[71.79404,21.47646],[71.79401,21.47645],[71.79399,21.47639],[71.79394,21.47632],[71.7939,21.47621],[71.79387,21.47617],[71.79383,21.47618],[71.79374,21.47612],[71.79371,21.47612],[71.79369,21.47611],[71.79362,21.47611],[71.79358,21.47613],[71.79341,21.47604],[71.7934,21.47599],[71.79336,21.47596],[71.7933,21.47594],[71.79326,21.47596],[71.79324,21.47592],[71.79313,21.47589],[71.79307,21.47584],[71.79295,21.47586],[71.79291,21.47581],[71.79285,21.47577],[71.79277,21.47554],[71.79273,21.47544],[71.79268,21.47541],[71.79268,21.47538],[71.79256,21.4753],[71.79256,21.47528],[71.79246,21.47527],[71.79242,21.47524],[71.7923,21.47522],[71.79226,21.47518],[71.7922,21.47517],[71.79217,21.47512],[71.79217,21.47504],[71.79219,21.47498],[71.79212,21.4749],[71.79212,21.47486],[71.79207,21.47483],[71.79205,21.47478],[71.79201,21.47478],[71.79197,21.47473],[71.79193,21.47471],[71.79185,21.47465],[71.79179,21.47463],[71.79166,21.47455],[71.79162,21.47453],[71.79156,21.47445],[71.79146,21.47436],[71.79143,21.47436],[71.79137,21.4743],[71.79136,21.47418],[71.79135,21.47414],[71.79127,21.47407],[71.79124,21.47401],[71.79115,21.47394],[71.79111,21.47389],[71.79111,21.47386],[71.79107,21.47382],[71.79106,21.47378],[71.79086,21.47362],[71.7908,21.47359],[71.79077,21.47354],[71.79078,21.4735],[71.79073,21.47342],[71.79063,21.47332],[71.79052,21.47328],[71.79049,21.47322],[71.79045,21.47318],[71.79044,21.47314],[71.7904,21.47312],[71.79039,21.47303],[71.79039,21.47295],[71.79042,21.47292],[71.79043,21.47285],[71.79047,21.47283],[71.79047,21.47275],[71.79051,21.4727],[71.79052,21.47263],[71.79052,21.47245],[71.79053,21.47243],[71.79059,21.4723],[71.79062,21.4723],[71.79066,21.47224],[71.7907,21.47221],[71.79072,21.47216],[71.79078,21.47214],[71.79086,21.47203],[71.79092,21.47201],[71.79093,21.47198],[71.79102,21.47187],[71.79102,21.47181],[71.79105,21.47178],[71.79104,21.47174],[71.791,21.4717],[71.79102,21.47159],[71.79106,21.47154],[71.79106,21.47151],[71.79111,21.47145],[71.7911,21.47137],[71.79113,21.47129],[71.79113,21.47123],[71.79118,21.47119],[71.79119,21.4711],[71.79125,21.47101],[71.79127,21.47096],[71.79118,21.4709],[71.79116,21.47085],[71.79115,21.47078],[71.79118,21.4707],[71.79122,21.4707],[71.79125,21.47065],[71.79127,21.47058],[71.79124,21.47045],[71.79124,21.47037],[71.79121,21.47036],[71.79122,21.47029],[71.79122,21.47027],[71.79117,21.47022],[71.79116,21.47016],[71.79113,21.47012],[71.79105,21.47004],[71.79099,21.46999],[71.79096,21.46995],[71.79095,21.46986],[71.7909,21.46985],[71.79087,21.4698],[71.79082,21.46977],[71.79076,21.46969],[71.79068,21.46966],[71.79065,21.46956],[71.79059,21.46954],[71.79052,21.46953],[71.79052,21.4695],[71.79048,21.46949],[71.79043,21.46945],[71.79043,21.46942],[71.79036,21.46936],[71.7903,21.46936],[71.7903,21.46932],[71.79024,21.4693],[71.79016,21.46923],[71.79012,21.46916],[71.79005,21.46908],[71.79004,21.46905],[71.78997,21.46904],[71.78996,21.469],[71.78989,21.469],[71.78984,21.46891],[71.78982,21.46888],[71.78968,21.46882],[71.78965,21.46876],[71.78951,21.46872],[71.78951,21.46869],[71.78939,21.46864],[71.78939,21.46861],[71.7893,21.46863],[71.78926,21.46855],[71.78928,21.4685],[71.78927,21.46843],[71.78931,21.46839],[71.7893,21.46834],[71.78913,21.46832],[71.78912,21.46829],[71.7891,21.46827],[71.78911,21.46822],[71.78907,21.46815],[71.78903,21.46814],[71.78901,21.46809],[71.78895,21.46805],[71.78895,21.46797],[71.78895,21.46795],[71.78897,21.46793],[71.78894,21.46785],[71.78888,21.46781],[71.78886,21.46777],[71.78885,21.4677],[71.78882,21.46767],[71.78881,21.46761],[71.78879,21.46761],[71.78874,21.46756],[71.78875,21.46748],[71.78871,21.46745],[71.78871,21.4674],[71.78867,21.46736],[71.78867,21.46728],[71.78865,21.46726],[71.78865,21.46719],[71.78868,21.46713],[71.78868,21.46705],[71.78873,21.46702],[71.78875,21.46694],[71.7888,21.46689],[71.78883,21.46684],[71.78884,21.46677],[71.78887,21.46675],[71.78893,21.46667],[71.78893,21.46665],[71.78898,21.46658],[71.789,21.4665],[71.78902,21.46649],[71.78903,21.46641],[71.789,21.46636],[71.789,21.46622],[71.78898,21.46616],[71.789,21.46615],[71.78899,21.46606],[71.78896,21.46601],[71.78899,21.46597],[71.78898,21.46591],[71.78901,21.46587],[71.78901,21.46579],[71.78903,21.46579],[71.78905,21.46572],[71.78914,21.46559],[71.78914,21.46557],[71.78922,21.46549],[71.78921,21.46546],[71.78924,21.4654],[71.78931,21.46526],[71.78934,21.46523],[71.78935,21.46518],[71.78939,21.46514],[71.78942,21.46513],[71.78946,21.46509],[71.7895,21.46509],[71.78958,21.46502],[71.78959,21.46495],[71.78967,21.46487],[71.78966,21.46482],[71.78971,21.46474],[71.78973,21.46469],[71.78972,21.46462],[71.78973,21.46452],[71.7897,21.46449],[71.78973,21.46437],[71.78981,21.46428],[71.78981,21.46424],[71.78985,21.46421],[71.78985,21.46412],[71.7899,21.46407],[71.7899,21.46401],[71.78997,21.46393],[71.78997,21.46388],[71.79003,21.46374],[71.79009,21.46369],[71.79012,21.46369],[71.79018,21.46364],[71.79024,21.46358],[71.79023,21.46354],[71.79028,21.46351],[71.79029,21.46346],[71.79027,21.46343],[71.79031,21.46336],[71.79031,21.46331],[71.79035,21.46322],[71.79038,21.46321],[71.79038,21.46312],[71.79042,21.46307],[71.79041,21.46299],[71.79042,21.46294],[71.79045,21.46293],[71.79048,21.46288],[71.79048,21.46284],[71.79048,21.46282],[71.79049,21.46278],[71.79061,21.46275],[71.79066,21.46276],[71.79068,21.46269],[71.79075,21.46266],[71.79081,21.46266],[71.79088,21.46262],[71.79092,21.46257],[71.79095,21.46256],[71.79099,21.46247],[71.79102,21.46246],[71.79102,21.46238],[71.79104,21.46227],[71.79108,21.46226],[71.79112,21.46218],[71.79115,21.46202],[71.79117,21.46199],[71.7911,21.46194],[71.79111,21.46189],[71.79105,21.46181],[71.79105,21.46175],[71.79102,21.46172],[71.79106,21.4617],[71.79108,21.4616],[71.79108,21.46155],[71.7911,21.46153],[71.79107,21.46145],[71.79109,21.46138],[71.79105,21.46137],[71.79105,21.46134],[71.79109,21.46131],[71.79109,21.46125],[71.79113,21.46128],[71.79115,21.46125],[71.79115,21.4612],[71.79118,21.46118],[71.79117,21.46113],[71.79119,21.46109],[71.79119,21.46102],[71.79124,21.46091],[71.79126,21.46091],[71.79126,21.46084],[71.79129,21.46081],[71.79129,21.46074],[71.79125,21.46058],[71.79121,21.46056],[71.79116,21.46048],[71.79115,21.46039],[71.79117,21.46033],[71.79117,21.46031],[71.79123,21.46028],[71.7913,21.46021],[71.79133,21.46012],[71.79133,21.46004],[71.79136,21.46003],[71.79137,21.45995],[71.79146,21.45989],[71.79148,21.45975],[71.7915,21.45974],[71.79149,21.45966],[71.79146,21.45962],[71.79148,21.45955],[71.79151,21.4595],[71.79151,21.45945],[71.79158,21.45941],[71.79168,21.45924],[71.7917,21.45908],[71.79175,21.45904],[71.79177,21.45899],[71.79176,21.4589],[71.79179,21.45885],[71.79184,21.45879],[71.79188,21.45872],[71.79188,21.45868],[71.79191,21.45866],[71.79192,21.45856],[71.79194,21.4585],[71.79198,21.45844],[71.79203,21.45839],[71.79206,21.45833],[71.79211,21.45826],[71.7921,21.45824],[71.79218,21.45816],[71.79222,21.45814],[71.79222,21.45808],[71.79229,21.45802],[71.79229,21.45793],[71.79241,21.45782],[71.79241,21.45779],[71.79246,21.45777],[71.79255,21.45768],[71.79262,21.45764],[71.79272,21.45755],[71.79288,21.45754],[71.79289,21.4575],[71.79309,21.4574],[71.79324,21.45739],[71.79326,21.45738],[71.7933,21.4574],[71.79346,21.45737],[71.79347,21.45734],[71.79353,21.45731],[71.79358,21.45727],[71.79364,21.45726],[71.79368,21.45731],[71.79381,21.45725],[71.79387,21.45725],[71.79388,21.45727],[71.79399,21.45728],[71.79405,21.45721],[71.79405,21.45711],[71.79409,21.45703],[71.79416,21.45706],[71.79421,21.45707],[71.79425,21.45702],[71.79425,21.45697],[71.79429,21.45695],[71.79437,21.45685],[71.79434,21.4568],[71.79435,21.45677],[71.79442,21.45668],[71.79444,21.45662],[71.79446,21.45661],[71.79448,21.45654],[71.79448,21.4565],[71.79452,21.45644],[71.79452,21.45641],[71.79456,21.45629],[71.79463,21.45628],[71.79463,21.45626],[71.79476,21.45624],[71.7948,21.45625],[71.79481,21.45616],[71.79478,21.45614],[71.79477,21.45608],[71.79482,21.45608],[71.79482,21.45601],[71.79486,21.456],[71.79489,21.45594],[71.79491,21.45592],[71.79492,21.45585],[71.79496,21.45581],[71.79503,21.45574],[71.79514,21.4557],[71.79516,21.45567],[71.79532,21.45561],[71.79534,21.45559],[71.79543,21.45558],[71.79543,21.45553],[71.79549,21.45551],[71.79552,21.45547],[71.79557,21.45547],[71.79563,21.45545],[71.79566,21.45542],[71.7957,21.45543],[71.79573,21.45539],[71.79578,21.45536],[71.79579,21.45532],[71.79584,21.45529],[71.79593,21.45528],[71.79594,21.45524],[71.79598,21.45521],[71.79597,21.45516],[71.79593,21.45513],[71.79592,21.45504],[71.79594,21.455],[71.796,21.45503],[71.7961,21.45502],[71.79613,21.45506],[71.79613,21.45509],[71.79628,21.45512],[71.79632,21.45509],[71.79638,21.45514],[71.79655,21.45511],[71.79662,21.45515],[71.79666,21.45516],[71.79669,21.45509],[71.79675,21.45509],[71.79682,21.45507],[71.79685,21.45509],[71.79687,21.45516],[71.79688,21.45521],[71.79695,21.45523],[71.79698,21.45517],[71.79699,21.45508],[71.79701,21.45507],[71.79703,21.45501],[71.79707,21.455],[71.79707,21.45497],[71.79715,21.45497],[71.79715,21.45505],[71.79716,21.4551],[71.79713,21.45518],[71.79712,21.45525],[71.79717,21.45528],[71.79717,21.45532],[71.79712,21.45533],[71.79711,21.45543],[71.79717,21.45542],[71.79717,21.45547],[71.7972,21.45548],[71.79718,21.45556],[71.79719,21.45564],[71.79718,21.4557],[71.79713,21.45572],[71.79713,21.45577],[71.7971,21.45583],[71.79711,21.45588],[71.79708,21.45595],[71.79708,21.45609],[71.79708,21.45614],[71.79708,21.45626],[71.79707,21.4563],[71.7971,21.45644],[71.79708,21.45647],[71.79708,21.45655],[71.79709,21.45666],[71.79711,21.45672],[71.79706,21.45681],[71.79702,21.45685],[71.79702,21.45689],[71.79694,21.45696],[71.79689,21.45702],[71.79684,21.45706],[71.7968,21.45715],[71.79689,21.4572],[71.79695,21.45726],[71.79699,21.45727],[71.79713,21.45739],[71.79712,21.45742],[71.79705,21.45743],[71.79701,21.45749],[71.79693,21.45754],[71.79688,21.45765],[71.79683,21.45769],[71.79683,21.45774],[71.79677,21.45779],[71.79672,21.45789],[71.79671,21.45794],[71.79667,21.45798],[71.79667,21.45804],[71.79665,21.45807],[71.79669,21.45809],[71.79669,21.45817],[71.79664,21.45825],[71.79664,21.45829],[71.79661,21.4583],[71.79657,21.45845],[71.79645,21.4586],[71.79645,21.45865],[71.79642,21.45868],[71.79642,21.45875],[71.79643,21.45876],[71.79642,21.45888],[71.79643,21.45893],[71.79647,21.45898],[71.7965,21.45907],[71.79648,21.45913],[71.7965,21.45916],[71.7965,21.45923],[71.79658,21.45928],[71.79656,21.45938],[71.79661,21.45941],[71.79668,21.45948],[71.79666,21.45953],[71.79664,21.45954],[71.79663,21.45966],[71.7966,21.45967],[71.79662,21.45974],[71.79663,21.45982],[71.79665,21.45988],[71.79666,21.46004],[71.79665,21.46013],[71.79669,21.46018],[71.79668,21.46024],[71.79672,21.46032],[71.79672,21.46048],[71.79674,21.46053],[71.79673,21.46057],[71.79673,21.46071],[71.79678,21.46074],[71.79681,21.46078],[71.79681,21.46085],[71.79681,21.46087],[71.79682,21.461],[71.79679,21.46103],[71.7968,21.46116],[71.79678,21.46118],[71.7968,21.46124],[71.79679,21.46136],[71.79681,21.46138],[71.7968,21.46147],[71.79675,21.46156],[71.79676,21.46159],[71.79671,21.46161],[71.79663,21.46162],[71.7966,21.46167],[71.7966,21.46173],[71.79658,21.46174],[71.79658,21.46181],[71.79661,21.46182],[71.79661,21.46201],[71.79663,21.46203],[71.79663,21.46211],[71.7966,21.46215],[71.79656,21.46218],[71.79656,21.46224],[71.79659,21.46225],[71.79661,21.46229],[71.79663,21.46239],[71.79663,21.4624],[71.79655,21.46245],[71.79642,21.4625],[71.79642,21.46255],[71.79646,21.46259],[71.79646,21.46263],[71.79642,21.46271],[71.79638,21.46276],[71.79637,21.46281],[71.7964,21.46284],[71.79644,21.46291],[71.79643,21.46295],[71.79648,21.46299],[71.7965,21.46309],[71.79658,21.46313],[71.79666,21.46324],[71.79672,21.46325],[71.79673,21.46329],[71.7968,21.46338],[71.79685,21.46345],[71.79691,21.46351],[71.79695,21.46359],[71.79698,21.46362],[71.79698,21.46372],[71.79705,21.46384],[71.79705,21.4639],[71.797,21.46404],[71.79699,21.46412],[71.79702,21.46416],[71.79706,21.46418],[71.79706,21.46422],[71.79711,21.46431],[71.79715,21.46436],[71.79713,21.46442],[71.79718,21.46452],[71.79725,21.46457],[71.79726,21.46461],[71.7973,21.46469],[71.7973,21.46478],[71.79733,21.46481],[71.79734,21.46486],[71.79741,21.46491],[71.79746,21.46496],[71.79747,21.46496],[71.7975,21.46507],[71.79752,21.4651],[71.79751,21.46518],[71.79756,21.4653],[71.79757,21.46539],[71.79761,21.46543],[71.79761,21.46553],[71.79765,21.4656],[71.79766,21.46568],[71.7977,21.46572],[71.79773,21.46577],[71.79776,21.46588],[71.79776,21.46596],[71.79778,21.46598],[71.79779,21.46604],[71.79777,21.46606],[71.79776,21.46613],[71.79778,21.46619],[71.7978,21.4662],[71.7978,21.4663],[71.79787,21.46636],[71.79787,21.46641],[71.79785,21.46643],[71.79784,21.46649],[71.79788,21.46651],[71.79795,21.46658],[71.79795,21.46662],[71.79802,21.46668],[71.79805,21.46673],[71.7981,21.46674],[71.79813,21.46681],[71.79821,21.46683],[71.79824,21.4669],[71.79828,21.46692],[71.7983,21.46701],[71.79836,21.46703],[71.79844,21.46704],[71.79844,21.46707],[71.79848,21.46709],[71.79854,21.46719],[71.7986,21.46719],[71.79863,21.46722],[71.79875,21.46722],[71.79876,21.46726],[71.79879,21.46728],[71.79878,21.46736],[71.79879,21.46742],[71.79895,21.46756],[71.79899,21.46755],[71.79905,21.46758],[71.79907,21.46765],[71.79905,21.46769],[71.79909,21.46771],[71.79911,21.46779],[71.79916,21.46781],[71.79924,21.4679],[71.79926,21.46801],[71.79923,21.46801],[71.79923,21.46807],[71.79926,21.46812],[71.79924,21.46816],[71.79927,21.46821],[71.79924,21.46825],[71.79918,21.46827],[71.79916,21.46834],[71.79908,21.46838],[71.79907,21.46841],[71.79905,21.4685],[71.79901,21.46854],[71.799,21.46861],[71.79901,21.46872],[71.79904,21.46875],[71.79904,21.46887],[71.79904,21.46895],[71.79903,21.46901],[71.79901,21.46907],[71.79903,21.46916],[71.79909,21.4692],[71.79911,21.46925],[71.79911,21.46933],[71.79909,21.46935],[71.79911,21.46943],[71.79907,21.46952],[71.79905,21.46953],[71.79905,21.46968],[71.79907,21.4697],[71.79905,21.46978],[71.79908,21.46982],[71.79907,21.46988],[71.79909,21.46994],[71.79911,21.46997],[71.79912,21.47002],[71.79915,21.47006],[71.79919,21.47018],[71.79916,21.47021],[71.79915,21.47027],[71.79916,21.47032],[71.79915,21.47034],[71.79922,21.47039],[71.79923,21.47049],[71.79919,21.47057],[71.7992,21.47065],[71.79923,21.47065],[71.79929,21.4707],[71.7993,21.47077],[71.7993,21.47083],[71.79928,21.47088],[71.7993,21.4709],[71.79931,21.47101],[71.79926,21.47103],[71.79926,21.47111],[71.79927,21.47117],[71.79931,21.47119],[71.79927,21.47125],[71.79928,21.47143],[71.7993,21.47144],[71.79929,21.47153],[71.79931,21.4716],[71.79932,21.47167],[71.79929,21.47171],[71.79932,21.47175],[71.7993,21.47187],[71.79929,21.47192],[71.79928,21.47206],[71.7993,21.47211],[71.79927,21.47213],[71.79927,21.47219],[71.79924,21.47223],[71.79922,21.47229],[71.79922,21.47233],[71.79921,21.47235],[71.79922,21.47235],[71.79922,21.47236],[71.79922,21.47237]]]},"properties":{"PolygonId":1389,"Area":2292,"Subbasin":null}},
{"type":"Feature","geometry":{"type":"Polygon","coordinates":[[[71.78864,21.46598],[71.78866,21.46601],[71.78864,21.46606],[71.78865,21.46611],[71.7887,21.46615],[71.78874,21.46624],[71.78873,21.46637],[71.78879,21.46646],[71.78877,21.46653],[71.78877,21.46658],[71.78876,21.46661],[71.78876,21.46666],[71.78878,21.4667],[71.78878,21.46674],[71.78872,21.46685],[71.78869,21.46695],[71.78868,21.46703],[71.78868,21.46705],[71.78868,21.46713],[71.78865,21.46719],[71.78865,21.46726],[71.78867,21.46728],[71.78867,21.46736],[71.78871,21.4674],[71.78871,21.46745],[71.78875,21.46748],[71.78874,21.46756],[71.78879,21.46761],[71.78881,21.46761],[71.78882,21.46767],[71.78885,21.4677],[71.78886,21.46777],[71.78888,21.46781],[71.78894,21.46785],[71.78897,21.46793],[71.78895,21.46795],[71.78895,21.46797],[71.78895,21.46805],[71.78901,21.46809],[71.78903,21.46814],[71.78907,21.46815],[71.78911,21.46822],[71.7891,21.46827],[71.78912,21.46829],[71.78913,21.46832],[71.7893,21.46834],[71.78931,21.46839],[71.78927,21.46843],[71.78928,21.4685],[71.78926,21.46855],[71.7893,21.46863],[71.78939,21.46861],[71.78939,21.46864],[71.78951,21.46869],[71.78951,21.46872],[71.78965,21.46876],[71.78968,21.46882],[71.78982,21.46888],[71.78984,21.46891],[71.78989,21.469],[71.78996,21.469],[71.78997,21.46904],[71.79004,21.46905],[71.79005,21.46908],[71.79012,21.46916],[71.79016,21.46923],[71.79024,21.4693],[71.7903,21.46932],[71.7903,21.46936],[71.79036,21.46936],[71.79043,21.46942],[71.79043,21.46945],[71.79048,21.46949],[71.79052,21.4695],[71.79052,21.46953],[71.79059,21.46954],[71.79065,21.46956],[71.79068,21.46966],[71.79076,21.46969],[71.79082,21.46977],[71.79087,21.4698],[71.7909,21.46985],[71.79095,21.46986],[71.79096,21.46995],[71.79099,21.46999],[71.79105,21.47004],[71.79113,21.47012],[71.79116,21.47016],[71.79117,21.47022],[71.79122,21.47027],[71.79122,21.47029],[71.79121,21.47036],[71.79124,21.47037],[71.79124,21.47045],[71.79127,21.47058],[71.79125,21.47065],[71.79122,21.4707],[71.79118,21.4707],[71.79115,21.47078],[71.79116,21.47085],[71.79118,21.4709],[71.79127,21.47096],[71.79125,21.47101],[71.79119,21.4711],[71.79118,21.47119],[71.79113,21.47123],[71.79113,21.47129],[71.7911,21.47137],[71.79111,21.47145],[71.79106,21.47151],[71.79106,21.47154],[71.79102,21.47159],[71.791,21.4717],[71.79104,21.47174],[71.79105,21.47178],[71.79102,21.47181],[71.79102,21.47187],[71.79093,21.47198],[71.79092,21.47201],[71.79086,21.47203],[71.79078,21.47214],[71.79072,21.47216],[71.7907,21.47221],[71.79066,21.47224],[71.79062,21.4723],[71.79059,21.4723],[71.79053,21.47243],[71.79052,21.47245],[71.79052,21.47263],[71.79051,21.4727],[71.79047,21.47275],[71.79047,21.47283],[71.79043,21.47285],[71.79042,21.47292],[71.79039,21.47295],[71.79039,21.47303],[71.7904,21.47312],[71.79044,21.47314],[71.79045,21.47318],[71.79049,21.47322],[71.79052,21.47328],[71.79063,21.47332],[71.79073,21.47342],[71.79078,21.4735],[71.79077,21.47354],[71.7908,21.47359],[71.79086,21.47362],[71.79106,21.47378],[71.79107,21.47382],[71.79111,21.47386],[71.79111,21.47389],[71.79115,21.47394],[71.79124,21.47401],[71.79127,21.47407],[71.79135,21.47414],[71.79136,21.47418],[71.79137,21.4743],[71.79143,21.47436],[71.79146,21.47436],[71.79156,21.47445],[71.79162,21.47453],[71.79166,21.47455],[71.79179,21.47463],[71.79185,21.47465],[71.79193,21.47471],[71.79197,21.47473],[71.79201,21.47478],[71.79205,21.47478],[71.79207,21.47483],[71.79212,21.47486],[71.79212,21.4749],[71.79219,21.47498],[71.79217,21.47504],[71.79217,21.47512],[71.7922,21.47517],[71.79226,21.47518],[71.7923,21.47522],[71.79242,21.47524],[71.79246,21.47527],[71.79256,21.47528],[71.79256,21.4753],[71.79268,21.47538],[71.79268,21.47541],[71.79273,21.47544],[71.79277,21.47554],[71.79285,21.47577],[71.79291,21.47581],[71.79295,21.47586],[71.79307,21.47584],[71.79313,21.47589],[71.79324,21.47592],[71.79326,21.47596],[71.7933,21.47594],[71.79336,21.47596],[71.7934,21.47599],[71.79341,21.47604],[71.79358,21.47613],[71.79362,21.47611],[71.79369,21.47611],[71.79371,21.47612],[71.79374,21.47612],[71.79383,21.47618],[71.79387,21.47617],[71.7939,21.47621],[71.79394,21.47632],[71.79399,21.47639],[71.79401,21.47645],[71.79404,21.47646],[71.79408,21.47651],[71.79412,21.47661],[71.79421,21.47669],[71.79424,21.47668],[71.79427,21.47673],[71.79429,21.47684],[71.79435,21.47689],[71.79438,21.4769],[71.79438,21.47694],[71.79443,21.47699],[71.79452,21.47698],[71.79455,21.47709],[71.79459,21.47712],[71.79461,21.47716],[71.79461,21.47723],[71.79466,21.4773],[71.79471,21.47731],[71.79481,21.47742],[71.79483,21.47742],[71.79486,21.47747],[71.79491,21.47752],[71.79494,21.47756],[71.79494,21.47761],[71.79497,21.47765],[71.79497,21.47768],[71.79503,21.47772],[71.79512,21.47772],[71.79514,21.47771],[71.79516,21.47773],[71.79516,21.47774],[71.79516,21.47775],[71.79515,21.47775],[71.79509,21.47777],[71.79508,21.47774],[71.79501,21.47774],[71.79496,21.47781],[71.79492,21.47784],[71.7949,21.47789],[71.79486,21.47793],[71.79485,21.47798],[71.79482,21.47799],[71.79476,21.47807],[71.79473,21.47812],[71.79469,21.47813],[71.79466,21.47818],[71.79462,21.47821],[71.79461,21.47825],[71.79446,21.47833],[71.79442,21.47837],[71.79436,21.47836],[71.79426,21.47837],[71.79421,21.47841],[71.79416,21.47843],[71.79395,21.47842],[71.79389,21.47845],[71.79384,21.47846],[71.79376,21.47844],[71.79374,21.47846],[71.79374,21.47856],[71.79376,21.47859],[71.79385,21.47867],[71.79386,21.47875],[71.79381,21.47882],[71.79382,21.47892],[71.79377,21.47901],[71.79375,21.4791],[71.79372,21.47913],[71.79368,21.47922],[71.79366,21.47928],[71.79366,21.47937],[71.79367,21.47944],[71.79364,21.47946],[71.79364,21.47951],[71.79361,21.47954],[71.79358,21.47965],[71.79358,21.47971],[71.79357,21.47992],[71.79354,21.47995],[71.79357,21.48016],[71.7936,21.48022],[71.7936,21.48042],[71.79357,21.48046],[71.79355,21.48054],[71.79355,21.48062],[71.79352,21.48069],[71.79351,21.48074],[71.79351,21.48073],[71.79348,21.48069],[71.79322,21.48064],[71.79313,21.48062],[71.79312,21.48056],[71.79315,21.48053],[71.79314,21.48041],[71.79305,21.48028],[71.79305,21.48017],[71.79303,21.48012],[71.793,21.48008],[71.793,21.48004],[71.79296,21.47995],[71.79296,21.47986],[71.79294,21.47973],[71.79289,21.47962],[71.79285,21.47957],[71.79285,21.47954],[71.79279,21.47947],[71.79277,21.47942],[71.79272,21.47936],[71.79266,21.47933],[71.79265,21.47926],[71.79262,21.47924],[71.7926,21.47919],[71.7925,21.47913],[71.79247,21.47909],[71.79237,21.47903],[71.79237,21.47898],[71.79225,21.47887],[71.79218,21.47885],[71.79216,21.4788],[71.79209,21.4788],[71.79202,21.47874],[71.79195,21.47872],[71.79187,21.47867],[71.79179,21.47866],[71.79173,21.47861],[71.79168,21.47863],[71.79162,21.4786],[71.79156,21.4786],[71.79152,21.47857],[71.79143,21.47855],[71.79135,21.47855],[71.79125,21.47857],[71.79124,21.47854],[71.79106,21.47846],[71.791,21.47845],[71.79091,21.47839],[71.79087,21.47839],[71.79081,21.47833],[71.79072,21.4783],[71.79067,21.4783],[71.7906,21.47827],[71.79053,21.47829],[71.79049,21.47833],[71.79051,21.47838],[71.79048,21.4784],[71.7904,21.47839],[71.79038,21.47835],[71.79033,21.47831],[71.79025,21.47823],[71.79017,21.4782],[71.79014,21.4782],[71.79003,21.47814],[71.78993,21.47814],[71.78989,21.47812],[71.78984,21.47812],[71.78981,21.47809],[71.78972,21.47809],[71.78968,21.47805],[71.78958,21.47803],[71.78952,21.47796],[71.78943,21.47792],[71.78936,21.47782],[71.78929,21.4778],[71.78929,21.47777],[71.78926,21.47771],[71.78922,21.47768],[71.78914,21.47767],[71.78908,21.47764],[71.78905,21.47761],[71.78901,21.47761],[71.78891,21.47756],[71.78891,21.47753],[71.78888,21.47748],[71.78885,21.4774],[71.78882,21.47736],[71.78876,21.47734],[71.78872,21.47726],[71.78867,21.47722],[71.78865,21.47722],[71.78854,21.47709],[71.7885,21.47706],[71.78849,21.477],[71.78844,21.47695],[71.7884,21.47695],[71.78832,21.47692],[71.7883,21.47686],[71.78828,21.47682],[71.78819,21.47677],[71.78818,21.47674],[71.78811,21.47666],[71.78807,21.4766],[71.78803,21.47657],[71.78802,21.47654],[71.78797,21.47654],[71.78794,21.47649],[71.78792,21.47644],[71.78785,21.47644],[71.78777,21.47639],[71.7877,21.47638],[71.78768,21.47636],[71.7876,21.47635],[71.78751,21.47627],[71.78747,21.4762],[71.78742,21.47618],[71.78734,21.47617],[71.78719,21.47608],[71.78713,21.47607],[71.78702,21.47608],[71.78701,21.47605],[71.78692,21.47604],[71.78686,21.47603],[71.78684,21.47599],[71.78677,21.47599],[71.78673,21.47603],[71.78663,21.47603],[71.78658,21.47601],[71.78656,21.47604],[71.78652,21.47604],[71.78646,21.47608],[71.78641,21.47607],[71.7864,21.47611],[71.78634,21.47609],[71.78623,21.47609],[71.78614,21.47606],[71.78599,21.47607],[71.78597,21.476],[71.78592,21.47599],[71.78589,21.47595],[71.78581,21.47592],[71.78575,21.47582],[71.7857,21.47582],[71.78563,21.47577],[71.78558,21.47577],[71.78545,21.47572],[71.78541,21.4757],[71.78538,21.47563],[71.7853,21.47565],[71.78525,21.47561],[71.78524,21.47561],[71.78519,21.47562],[71.78516,21.47564],[71.78504,21.47559],[71.78501,21.4756],[71.78497,21.47558],[71.78496,21.47555],[71.78489,21.47555],[71.78484,21.47549],[71.78474,21.47551],[71.78472,21.47556],[71.78469,21.47556],[71.78462,21.47552],[71.7846,21.47553],[71.7845,21.47551],[71.78448,21.47553],[71.78443,21.47552],[71.78443,21.47549],[71.78438,21.47548],[71.78435,21.47543],[71.78434,21.47537],[71.78431,21.47536],[71.78419,21.47535],[71.78415,21.47532],[71.78407,21.4753],[71.78402,21.47528],[71.78394,21.47524],[71.78385,21.47522],[71.78382,21.4752],[71.78382,21.47514],[71.78372,21.47514],[71.78362,21.47518],[71.78356,21.47517],[71.78347,21.47515],[71.78336,21.4752],[71.78331,21.4752],[71.78324,21.47516],[71.78317,21.47516],[71.78314,21.4752],[71.783,21.4752],[71.78291,21.47522],[71.78285,21.47523],[71.7828,21.47519],[71.78271,21.4752],[71.7827,21.47516],[71.78267,21.47514],[71.78255,21.47514],[71.7825,21.4751],[71.78244,21.47509],[71.78242,21.475],[71.78236,21.475],[71.78234,21.47498],[71.78234,21.475],[71.78225,21.47503],[71.78219,21.475],[71.78216,21.47497],[71.7821,21.47494],[71.78199,21.47492],[71.7819,21.47491],[71.78184,21.47489],[71.78169,21.47489],[71.78169,21.47486],[71.78164,21.47486],[71.78155,21.47482],[71.78154,21.47479],[71.78145,21.47478],[71.78142,21.47476],[71.78136,21.47476],[71.78131,21.47472],[71.78123,21.47474],[71.78119,21.47474],[71.78107,21.4747],[71.78096,21.47469],[71.78093,21.47464],[71.78088,21.47464],[71.78085,21.47467],[71.78079,21.47468],[71.78076,21.47471],[71.78066,21.47469],[71.78064,21.47467],[71.78056,21.47468],[71.78053,21.47465],[71.78047,21.47467],[71.78043,21.47463],[71.78038,21.47463],[71.78028,21.47463],[71.78028,21.47462],[71.78023,21.47459],[71.78016,21.47461],[71.78015,21.47458],[71.7801,21.47457],[71.78008,21.47452],[71.77999,21.47451],[71.77993,21.47446],[71.77984,21.47446],[71.77978,21.4744],[71.7797,21.47441],[71.77967,21.47443],[71.7796,21.47442],[71.77955,21.47439],[71.7795,21.47439],[71.77947,21.47437],[71.77946,21.47428],[71.77948,21.47423],[71.77946,21.47421],[71.77947,21.47409],[71.77947,21.47404],[71.7795,21.474],[71.77954,21.47385],[71.77954,21.47378],[71.77947,21.47375],[71.77943,21.47372],[71.77937,21.47369],[71.77931,21.4737],[71.77932,21.47358],[71.77929,21.4735],[71.77925,21.47347],[71.77921,21.47348],[71.77919,21.47343],[71.77912,21.4734],[71.77909,21.47331],[71.77909,21.47311],[71.77915,21.47302],[71.77918,21.47302],[71.77921,21.47298],[71.77924,21.47295],[71.77919,21.47292],[71.77915,21.47282],[71.77919,21.47278],[71.77914,21.47276],[71.77919,21.47272],[71.77921,21.47263],[71.77912,21.47256],[71.7791,21.47252],[71.77908,21.47252],[71.77903,21.47254],[71.77898,21.4725],[71.77897,21.47237],[71.77895,21.47236],[71.77893,21.4723],[71.77889,21.47224],[71.7789,21.4722],[71.77885,21.47216],[71.77882,21.47211],[71.77881,21.47203],[71.77879,21.472],[71.77877,21.47193],[71.77878,21.47185],[71.77883,21.47182],[71.77881,21.47174],[71.77877,21.47171],[71.77876,21.47166],[71.77869,21.4716],[71.77865,21.47155],[71.7785,21.47143],[71.7785,21.47141],[71.7784,21.47133],[71.77838,21.47129],[71.77826,21.47124],[71.77803,21.47104],[71.77801,21.47101],[71.77805,21.47086],[71.77805,21.47081],[71.77795,21.47077],[71.77794,21.47069],[71.77797,21.47067],[71.77793,21.47056],[71.77793,21.47049],[71.77791,21.47044],[71.77795,21.47036],[71.77791,21.47032],[71.77784,21.47029],[71.77778,21.4703],[71.77772,21.47029],[71.77769,21.47029],[71.77763,21.47018],[71.77758,21.47019],[71.77758,21.47012],[71.77757,21.4701],[71.7775,21.47014],[71.77742,21.47015],[71.77735,21.47011],[71.77724,21.47012],[71.77724,21.47014],[71.77718,21.47017],[71.77709,21.47019],[71.77696,21.47016],[71.77696,21.4702],[71.77687,21.4702],[71.77685,21.47017],[71.7768,21.4702],[71.7767,21.47021],[71.77665,21.47016],[71.7766,21.47014],[71.77659,21.47008],[71.77652,21.47008],[71.77649,21.47005],[71.77641,21.47006],[71.7764,21.47007],[71.77632,21.47007],[71.77625,21.47003],[71.77623,21.47005],[71.77617,21.47005],[71.77613,21.47013],[71.77602,21.47011],[71.77601,21.47016],[71.776,21.47016],[71.77599,21.47008],[71.77605,21.47],[71.77609,21.46999],[71.77611,21.46994],[71.77616,21.46992],[71.77614,21.46987],[71.77615,21.46984],[71.77613,21.46978],[71.77613,21.46962],[71.77611,21.4695],[71.77612,21.46942],[71.77609,21.46939],[71.77612,21.46925],[71.77604,21.46922],[71.77601,21.46918],[71.776,21.46918],[71.77594,21.46913],[71.7759,21.4691],[71.77589,21.46907],[71.7758,21.46903],[71.77571,21.46893],[71.77568,21.46893],[71.77556,21.46885],[71.77556,21.4688],[71.7755,21.46872],[71.77542,21.46868],[71.7754,21.46864],[71.77533,21.46861],[71.7753,21.46854],[71.7753,21.46848],[71.77527,21.4684],[71.77526,21.46824],[71.77523,21.46821],[71.77523,21.46802],[71.77525,21.4679],[71.7752,21.46785],[71.77518,21.46785],[71.77509,21.46779],[71.77502,21.46776],[71.77497,21.46776],[71.77494,21.46772],[71.77493,21.46753],[71.77491,21.46751],[71.77491,21.46743],[71.77489,21.46737],[71.77492,21.46731],[71.7749,21.46729],[71.7749,21.46716],[71.77491,21.46715],[71.77491,21.46707],[71.77491,21.46703],[71.77499,21.46702],[71.77501,21.46698],[71.77502,21.4669],[71.775,21.46687],[71.77502,21.46684],[71.77506,21.46682],[71.77508,21.46677],[71.77509,21.46668],[71.77499,21.4666],[71.77498,21.46658],[71.77497,21.46646],[71.77494,21.4664],[71.77494,21.46623],[71.77495,21.46619],[71.77494,21.46614],[71.77493,21.46602],[71.77497,21.46599],[71.77495,21.46595],[71.77494,21.46583],[71.77493,21.4658],[71.77494,21.46574],[71.7749,21.46563],[71.77488,21.46546],[71.77485,21.46543],[71.77483,21.46537],[71.77474,21.46529],[71.77472,21.46525],[71.77462,21.46524],[71.77457,21.46522],[71.77452,21.46518],[71.77448,21.46517],[71.77443,21.46511],[71.77442,21.46512],[71.77437,21.4651],[71.77437,21.46509],[71.7744,21.46504],[71.77441,21.46497],[71.77445,21.46491],[71.77449,21.46489],[71.77452,21.46484],[71.77456,21.46484],[71.77463,21.46474],[71.77463,21.46471],[71.77467,21.46466],[71.77465,21.46452],[71.77466,21.46447],[71.7747,21.46444],[71.77469,21.46439],[71.77472,21.46433],[71.77471,21.46423],[71.77468,21.46422],[71.77468,21.46416],[71.77471,21.46412],[71.77476,21.46412],[71.77478,21.46409],[71.77476,21.46405],[71.77477,21.46402],[71.77483,21.46399],[71.77486,21.46395],[71.77489,21.46396],[71.77491,21.46388],[71.7749,21.46384],[71.77494,21.46383],[71.77494,21.4638],[71.77499,21.46378],[71.775,21.46371],[71.77504,21.46367],[71.77506,21.46361],[71.77508,21.46361],[71.7751,21.46356],[71.7751,21.4635],[71.77523,21.46338],[71.7753,21.46336],[71.77536,21.4633],[71.77537,21.46324],[71.7754,21.46319],[71.77546,21.46311],[71.77546,21.46304],[71.7754,21.46302],[71.77537,21.46294],[71.77534,21.46294],[71.77532,21.4629],[71.77527,21.46286],[71.77523,21.4628],[71.77524,21.46276],[71.77524,21.46267],[71.77525,21.46264],[71.77524,21.46254],[71.7752,21.4625],[71.77517,21.46249],[71.77516,21.46244],[71.77515,21.46239],[71.77517,21.46227],[71.77512,21.46226],[71.77508,21.46215],[71.7751,21.46211],[71.77506,21.4621],[71.77502,21.46205],[71.77501,21.462],[71.77503,21.46195],[71.77509,21.46188],[71.77509,21.46185],[71.77515,21.46184],[71.77514,21.46176],[71.77526,21.46165],[71.77526,21.46162],[71.7753,21.46158],[71.7754,21.46151],[71.77543,21.46148],[71.77542,21.46143],[71.77545,21.46142],[71.77546,21.46134],[71.77548,21.46129],[71.77546,21.46123],[71.77549,21.46117],[71.77556,21.46115],[71.7756,21.46112],[71.77559,21.46106],[71.77562,21.46104],[71.77563,21.46096],[71.77571,21.46096],[71.77574,21.461],[71.77577,21.46099],[71.77588,21.461],[71.77587,21.46097],[71.77597,21.46091],[71.776,21.46088],[71.77609,21.46088],[71.77614,21.46087],[71.77617,21.46083],[71.7762,21.46084],[71.77633,21.46084],[71.77634,21.46081],[71.77642,21.46081],[71.77642,21.46087],[71.77646,21.46088],[71.77654,21.46086],[71.77662,21.46083],[71.77667,21.46083],[71.7767,21.46081],[71.77675,21.46081],[71.77691,21.46078],[71.77703,21.46077],[71.77708,21.46079],[71.77714,21.46076],[71.77723,21.46077],[71.77731,21.46074],[71.77738,21.46078],[71.77739,21.46078],[71.77746,21.46079],[71.77757,21.46073],[71.77759,21.4607],[71.77767,21.46066],[71.77773,21.46064],[71.77775,21.4606],[71.77782,21.46056],[71.77784,21.46053],[71.77791,21.46056],[71.77797,21.46053],[71.77804,21.46053],[71.77814,21.46054],[71.77819,21.4605],[71.77827,21.46048],[71.77829,21.46044],[71.77832,21.46043],[71.77837,21.46039],[71.77837,21.46034],[71.77845,21.46032],[71.77853,21.46032],[71.77859,21.46034],[71.77859,21.46038],[71.77863,21.46042],[71.77881,21.46047],[71.77884,21.4605],[71.77891,21.4605],[71.77903,21.46037],[71.77907,21.46039],[71.77913,21.46039],[71.77924,21.46032],[71.77928,21.46033],[71.77932,21.46029],[71.77947,21.46029],[71.77951,21.46026],[71.77955,21.46025],[71.7796,21.46021],[71.77968,21.46017],[71.77979,21.46017],[71.77983,21.46013],[71.77989,21.46012],[71.77995,21.46013],[71.78001,21.46011],[71.78022,21.46012],[71.78027,21.46009],[71.78039,21.46007],[71.78046,21.46009],[71.78045,21.46004],[71.78051,21.46003],[71.78056,21.46],[71.78067,21.45999],[71.78066,21.45987],[71.78066,21.4596],[71.78065,21.4596],[71.78064,21.4595],[71.78065,21.45944],[71.78062,21.4594],[71.7806,21.45933],[71.78053,21.45927],[71.78045,21.45918],[71.78032,21.4591],[71.78022,21.45906],[71.78028,21.45902],[71.78028,21.45896],[71.7803,21.4589],[71.78027,21.45887],[71.78017,21.45884],[71.78001,21.45884],[71.77999,21.45882],[71.77991,21.4588],[71.77982,21.45877],[71.77971,21.45872],[71.77957,21.45867],[71.77951,21.45864],[71.77946,21.45863],[71.77947,21.45857],[71.77951,21.45854],[71.77952,21.4585],[71.77951,21.45842],[71.77953,21.45841],[71.77953,21.45834],[71.77955,21.45829],[71.77955,21.45813],[71.77959,21.45811],[71.77958,21.45808],[71.77958,21.45797],[71.7796,21.45794],[71.77957,21.45792],[71.77956,21.45784],[71.7796,21.45781],[71.77968,21.4578],[71.77981,21.45766],[71.77984,21.4576],[71.77992,21.45759],[71.77995,21.45757],[71.78001,21.45757],[71.78006,21.45752],[71.78003,21.4575],[71.78007,21.45742],[71.78006,21.45736],[71.7801,21.45734],[71.78011,21.45728],[71.78017,21.45727],[71.78018,21.45721],[71.78021,21.45719],[71.78022,21.45715],[71.78018,21.45712],[71.78018,21.45708],[71.78022,21.45707],[71.78023,21.45694],[71.78025,21.45689],[71.7803,21.45691],[71.78033,21.45689],[71.78048,21.4569],[71.78053,21.45699],[71.78057,21.45702],[71.78057,21.45708],[71.78062,21.4571],[71.78059,21.45714],[71.78055,21.45721],[71.78056,21.45729],[71.78055,21.45734],[71.78055,21.45748],[71.78057,21.45751],[71.78066,21.45753],[71.78067,21.45756],[71.78078,21.45758],[71.78079,21.45753],[71.78101,21.45751],[71.78106,21.45753],[71.78106,21.45755],[71.78112,21.45758],[71.78114,21.45761],[71.7812,21.45765],[71.78121,21.45769],[71.78127,21.45772],[71.78131,21.45777],[71.78131,21.45781],[71.78135,21.45781],[71.78133,21.45786],[71.78135,21.45791],[71.78138,21.45791],[71.78138,21.45797],[71.78149,21.45797],[71.78168,21.45797],[71.78178,21.45797],[71.7818,21.45801],[71.78184,21.45801],[71.78185,21.45806],[71.78195,21.45807],[71.78199,21.45805],[71.78207,21.45808],[71.78217,21.45808],[71.78214,21.45819],[71.78215,21.45824],[71.78213,21.45824],[71.78213,21.45829],[71.78215,21.45833],[71.78218,21.45844],[71.78218,21.45855],[71.78226,21.45861],[71.78226,21.45867],[71.78224,21.45869],[71.78232,21.4588],[71.78232,21.45884],[71.78234,21.45889],[71.78241,21.45894],[71.7824,21.45899],[71.78247,21.45902],[71.78255,21.45902],[71.78255,21.45905],[71.78272,21.45909],[71.78278,21.45909],[71.78286,21.45913],[71.7829,21.45912],[71.7829,21.45923],[71.78293,21.45923],[71.78301,21.45933],[71.78301,21.45936],[71.78308,21.45945],[71.78309,21.4595],[71.78311,21.45955],[71.78311,21.45962],[71.78314,21.45965],[71.78316,21.45989],[71.78319,21.4599],[71.7832,21.46004],[71.78322,21.46007],[71.78321,21.46012],[71.7832,21.46021],[71.78323,21.46035],[71.78325,21.46038],[71.78325,21.46049],[71.78326,21.46051],[71.78326,21.46057],[71.78329,21.46068],[71.78329,21.46073],[71.78333,21.46086],[71.78336,21.46087],[71.78344,21.46086],[71.78352,21.46083],[71.78355,21.46081],[71.78363,21.46086],[71.7837,21.46085],[71.78376,21.46086],[71.78378,21.46084],[71.78395,21.46084],[71.7841,21.46081],[71.78422,21.46081],[71.78429,21.46083],[71.78431,21.46086],[71.78431,21.46094],[71.78428,21.46097],[71.78432,21.461],[71.78431,21.46103],[71.78446,21.46109],[71.78451,21.46116],[71.78459,21.46119],[71.78469,21.46127],[71.78472,21.46133],[71.78477,21.46138],[71.78477,21.4614],[71.78486,21.46145],[71.78489,21.46145],[71.78497,21.46153],[71.78497,21.46156],[71.78502,21.4616],[71.78506,21.46169],[71.78512,21.46175],[71.78513,21.46179],[71.78522,21.46179],[71.7853,21.46185],[71.78536,21.46186],[71.78541,21.46191],[71.78546,21.46195],[71.78554,21.46197],[71.78564,21.46206],[71.78566,21.46207],[71.78577,21.46206],[71.78584,21.46205],[71.78593,21.46212],[71.78602,21.46211],[71.78607,21.46215],[71.7861,21.46215],[71.78618,21.46219],[71.78621,21.46219],[71.78624,21.46229],[71.78626,21.4623],[71.78634,21.46238],[71.78646,21.46246],[71.78653,21.46249],[71.78659,21.4625],[71.78665,21.46256],[71.78667,21.46261],[71.78673,21.46265],[71.78679,21.46271],[71.78681,21.46275],[71.78688,21.46276],[71.78697,21.46288],[71.787,21.46288],[71.78713,21.46302],[71.78717,21.46303],[71.78723,21.46311],[71.78739,21.46326],[71.7874,21.4633],[71.78743,21.46336],[71.78747,21.46341],[71.7875,21.46351],[71.78754,21.46356],[71.78753,21.46371],[71.78755,21.46372],[71.78758,21.46381],[71.78766,21.46388],[71.78768,21.46388],[71.78774,21.46388],[71.78778,21.46391],[71.78785,21.46402],[71.78787,21.46409],[71.78792,21.46415],[71.78792,21.46422],[71.78794,21.46428],[71.78799,21.46434],[71.78805,21.46446],[71.78807,21.46453],[71.78807,21.46461],[71.78811,21.46466],[71.78817,21.46468],[71.78822,21.46471],[71.78824,21.46475],[71.78822,21.4648],[71.78824,21.46484],[71.78821,21.46489],[71.78822,21.46493],[71.78818,21.46504],[71.78818,21.46508],[71.78815,21.46513],[71.78811,21.46515],[71.78812,21.46522],[71.78817,21.46525],[71.78823,21.46535],[71.78822,21.46542],[71.78825,21.46544],[71.78825,21.4655],[71.78834,21.46561],[71.78836,21.46562],[71.78837,21.46569],[71.78848,21.46583],[71.78851,21.46588],[71.78854,21.4659],[71.78857,21.46594],[71.78862,21.46598],[71.78864,21.46598]]]},"properties":{"PolygonId":1516,"Area":20,"Subbasin":null}},
{"type":"Feature","geometry":{"type":"Polygon","coordinates":[[[71.7475,21.46897],[71.74746,21.46894],[71.74739,21.46886],[71.74738,21.4688],[71.74734,21.46874],[71.74733,21.46868],[71.74729,21.46861],[71.74724,21.46861],[71.74723,21.46856],[71.74731,21.46846],[71.74732,21.46842],[71.74736,21.46841],[71.74739,21.46838],[71.74738,21.46833],[71.74742,21.46834],[71.74745,21.46826],[71.74749,21.46825],[71.74748,21.4682],[71.7475,21.46818],[71.74751,21.46806],[71.74753,21.46806],[71.74754,21.46804],[71.7476,21.46801],[71.74768,21.468],[71.74781,21.46793],[71.74788,21.46786],[71.7479,21.46782],[71.74794,21.4678],[71.74798,21.46775],[71.74803,21.46771],[71.74806,21.46767],[71.74813,21.46759],[71.74815,21.46754],[71.74826,21.46744],[71.7483,21.46738],[71.74835,21.46737],[71.74835,21.46734],[71.74842,21.46727],[71.74842,21.46721],[71.74845,21.46719],[71.7485,21.46712],[71.74849,21.46707],[71.74851,21.46704],[71.74853,21.46704],[71.74858,21.46698],[71.74858,21.46692],[71.74861,21.4669],[71.74865,21.46683],[71.74873,21.46681],[71.74875,21.46674],[71.74878,21.46672],[71.74883,21.46665],[71.74882,21.4666],[71.74885,21.46656],[71.74889,21.4665],[71.7489,21.46646],[71.74894,21.46643],[71.74894,21.46639],[71.74901,21.46626],[71.74903,21.46619],[71.74912,21.4661],[71.74914,21.46604],[71.74918,21.46601],[71.74921,21.46596],[71.74922,21.4659],[71.74927,21.46585],[71.74929,21.46577],[71.74928,21.46572],[71.74933,21.46567],[71.74934,21.46564],[71.74941,21.46556],[71.74942,21.46551],[71.74946,21.46549],[71.7495,21.46554],[71.74957,21.46554],[71.7496,21.46558],[71.74964,21.46557],[71.74974,21.4656],[71.74977,21.46559],[71.74983,21.46564],[71.74988,21.46569],[71.75001,21.46563],[71.75003,21.4656],[71.75012,21.46553],[71.75016,21.46553],[71.7502,21.4655],[71.7503,21.46543],[71.75035,21.46539],[71.75052,21.46528],[71.75055,21.46523],[71.7506,21.46517],[71.75064,21.46516],[71.75064,21.46511],[71.75074,21.46503],[71.75079,21.46501],[71.75093,21.46499],[71.75097,21.465],[71.75107,21.46494],[71.75111,21.46495],[71.7512,21.46494],[71.75129,21.4649],[71.75136,21.4649],[71.75151,21.46483],[71.75164,21.46474],[71.75172,21.46463],[71.75178,21.46459],[71.75184,21.46455],[71.7519,21.46453],[71.7519,21.46449],[71.75195,21.46448],[71.75198,21.46442],[71.75209,21.46436],[71.7521,21.46434],[71.75217,21.46432],[71.75217,21.46418],[71.75221,21.46418],[71.75224,21.46413],[71.75224,21.46408],[71.7523,21.46406],[71.75236,21.46401],[71.75239,21.46396],[71.75244,21.46397],[71.7525,21.46395],[71.75249,21.46392],[71.75256,21.4639],[71.75257,21.46386],[71.75253,21.46382],[71.75252,21.46378],[71.75247,21.46374],[71.75246,21.46371],[71.75241,21.46366],[71.75239,21.46361],[71.75235,21.46358],[71.75233,21.46353],[71.75233,21.46346],[71.75237,21.46345],[71.75239,21.46341],[71.75236,21.46339],[71.75235,21.46323],[71.75241,21.46317],[71.75253,21.46316],[71.7526,21.46318],[71.75266,21.46319],[71.75271,21.46321],[71.75282,21.4632],[71.75289,21.46321],[71.75291,21.46323],[71.753,21.46322],[71.75308,21.46323],[71.75315,21.46323],[71.75316,21.46318],[71.75319,21.46318],[71.75322,21.46312],[71.7533,21.46306],[71.75335,21.46305],[71.75337,21.46301],[71.75335,21.46293],[71.75337,21.46288],[71.75341,21.46286],[71.75345,21.46289],[71.75349,21.46287],[71.75361,21.46287],[71.75362,21.46282],[71.75361,21.46276],[71.75366,21.46273],[71.75365,21.46266],[71.75369,21.46262],[71.75368,21.46254],[71.75365,21.46252],[71.75365,21.46246],[71.75367,21.46243],[71.75366,21.46235],[71.75357,21.46227],[71.75361,21.46226],[71.75359,21.46216],[71.75369,21.46207],[71.75376,21.46211],[71.75376,21.46217],[71.7537,21.46224],[71.75376,21.46231],[71.75377,21.46238],[71.75375,21.46244],[71.75375,21.46257],[71.75377,21.4626],[71.75375,21.46264],[71.75377,21.46274],[71.75385,21.46278],[71.75387,21.46282],[71.75394,21.46284],[71.7539,21.46292],[71.7539,21.46299],[71.75385,21.46303],[71.75382,21.46304],[71.75383,21.46309],[71.7539,21.4631],[71.75391,21.46321],[71.75393,21.46323],[71.75399,21.46323],[71.7541,21.46327],[71.7541,21.46339],[71.75405,21.46343],[71.75408,21.4635],[71.75411,21.46352],[71.75409,21.46361],[71.75409,21.46375],[71.75407,21.46381],[71.75409,21.46387],[71.75405,21.4639],[71.75405,21.46397],[71.75407,21.464],[71.75408,21.46405],[71.7541,21.46407],[71.75409,21.46411],[71.75409,21.46413],[71.75416,21.46424],[71.7542,21.46425],[71.75422,21.4643],[71.75422,21.46436],[71.75428,21.46442],[71.75429,21.46446],[71.75433,21.46452],[71.75437,21.46457],[71.75442,21.46465],[71.75445,21.46468],[71.75445,21.46472],[71.75455,21.46482],[71.7546,21.46495],[71.75463,21.46495],[71.75471,21.46503],[71.75471,21.46507],[71.75478,21.46518],[71.75483,21.46522],[71.75485,21.46525],[71.7549,21.46529],[71.75491,21.46534],[71.75497,21.46538],[71.75504,21.46546],[71.7551,21.4656],[71.75516,21.4657],[71.75515,21.46574],[71.75516,21.46583],[71.75518,21.46587],[71.75526,21.46595],[71.75526,21.46596],[71.75533,21.46604],[71.75533,21.46607],[71.75541,21.46615],[71.75555,21.46629],[71.75569,21.46644],[71.75579,21.4665],[71.75579,21.46653],[71.75592,21.46665],[71.75596,21.46671],[71.75596,21.46673],[71.75596,21.46674],[71.75598,21.46676],[71.75598,21.46677],[71.75597,21.46682],[71.75597,21.46684],[71.75606,21.46694],[71.75613,21.46702],[71.75616,21.46707],[71.7562,21.46707],[71.75623,21.46711],[71.75626,21.46712],[71.75628,21.46718],[71.75642,21.46733],[71.75642,21.46743],[71.75645,21.46744],[71.75647,21.46753],[71.75656,21.46764],[71.75653,21.46771],[71.75653,21.46777],[71.75657,21.46785],[71.75651,21.46785],[71.7565,21.46793],[71.75646,21.46796],[71.75646,21.46804],[71.75643,21.46806],[71.7564,21.4682],[71.75637,21.46821],[71.75634,21.46827],[71.75635,21.46835],[71.75638,21.46839],[71.75639,21.46846],[71.75641,21.4685],[71.75641,21.4686],[71.75644,21.46865],[71.75645,21.4688],[71.75644,21.46888],[71.75646,21.46891],[71.75644,21.46896],[71.75647,21.46908],[71.75651,21.46913],[71.75651,21.46916],[71.7565,21.46917],[71.7565,21.46915],[71.75641,21.46903],[71.75639,21.46898],[71.75631,21.46898],[71.75627,21.46895],[71.75619,21.46893],[71.75608,21.46895],[71.75601,21.46892],[71.75583,21.46895],[71.75575,21.46893],[71.75556,21.46891],[71.75554,21.46893],[71.75553,21.46901],[71.75552,21.46908],[71.75547,21.46912],[71.75545,21.46918],[71.75541,21.46921],[71.75538,21.46932],[71.75535,21.46935],[71.75531,21.46934],[71.75525,21.46933],[71.75519,21.46937],[71.75504,21.46942],[71.75501,21.46948],[71.75497,21.46949],[71.75492,21.46948],[71.75484,21.46955],[71.75484,21.46958],[71.75478,21.46958],[71.75472,21.46962],[71.75465,21.46961],[71.75445,21.46961],[71.75441,21.46963],[71.75433,21.46961],[71.75424,21.46967],[71.75417,21.46969],[71.75414,21.46967],[71.75404,21.46968],[71.75396,21.46971],[71.7539,21.46977],[71.75387,21.46977],[71.75386,21.46982],[71.75377,21.46982],[71.75365,21.4698],[71.75359,21.46986],[71.75354,21.46987],[71.75353,21.46987],[71.75349,21.46987],[71.75347,21.46983],[71.75336,21.46986],[71.7533,21.46989],[71.7532,21.46989],[71.75317,21.46988],[71.7531,21.46988],[71.75307,21.46989],[71.75298,21.46988],[71.75294,21.46986],[71.7528,21.46981],[71.75269,21.46982],[71.75263,21.46986],[71.75259,21.46986],[71.75256,21.46989],[71.75244,21.46992],[71.75242,21.46994],[71.7524,21.46994],[71.75238,21.46998],[71.75218,21.47003],[71.75205,21.46999],[71.75198,21.47],[71.75193,21.46998],[71.75192,21.46995],[71.75188,21.46994],[71.75187,21.46994],[71.75186,21.46996],[71.75179,21.46996],[71.75173,21.46995],[71.75162,21.46995],[71.7516,21.46995],[71.75152,21.46993],[71.75151,21.46993],[71.7515,21.46993],[71.75148,21.4699],[71.75142,21.46991],[71.75137,21.46991],[71.75126,21.46991],[71.75115,21.4699],[71.7511,21.46987],[71.75103,21.46986],[71.75101,21.46984],[71.75093,21.46981],[71.75087,21.46981],[71.75081,21.46975],[71.7508,21.4697],[71.75073,21.46963],[71.7506,21.46963],[71.75035,21.46958],[71.75026,21.4695],[71.7501,21.46947],[71.74997,21.46947],[71.74995,21.46949],[71.74989,21.4695],[71.74972,21.4695],[71.74965,21.46949],[71.74959,21.46949],[71.74947,21.46951],[71.74933,21.46951],[71.74927,21.4695],[71.74923,21.46946],[71.7491,21.46945],[71.74904,21.46941],[71.74901,21.46944],[71.74891,21.46945],[71.7489,21.46942],[71.74882,21.46941],[71.7488,21.4694],[71.74871,21.46939],[71.74864,21.46936],[71.74855,21.46937],[71.74849,21.46935],[71.74845,21.46935],[71.74841,21.46939],[71.74831,21.4694],[71.7483,21.46938],[71.74822,21.46938],[71.74817,21.46932],[71.74808,21.46927],[71.74804,21.4692],[71.74799,21.46918],[71.74799,21.46915],[71.74786,21.46911],[71.7478,21.46906],[71.74778,21.46906],[71.74774,21.469],[71.74766,21.46897],[71.74764,21.469],[71.74759,21.46901],[71.74758,21.46898],[71.74751,21.46897],[71.7475,21.46897]]]},"properties":{"PolygonId":1428,"Area":43,"Subbasin":null}}
]}