{"type":"FeatureCollection", "features": [
{"type":"Feature","geometry":{"type":"Polygon","coordinates":[[[71.732,21.47918],[71.73295,21.4792],[71.7329,21.4814],[71.73257,21.48075],[71.732,21.47918]]]},"properties":{"Name":"Half","id_2":7,"left":160920,"top":2379220,"right":161420,"bottom":2378720,"Area_SqM":12925.9778,"Peri_M":605.3992,"Selected":"NotSelecte","Perc":30.27,"Area_SqM2":12925.9778,"Peri_M2":605.3992,"GridNum":1,"Zone":"6"}},
{"type":"Feature","geometry":{"type":"Polygon","coordinates":[[[71.7304,21.47464],[71.73305,21.47469],[71.73295,21.4792],[71.732,21.47918],[71.73187,21.47881],[71.73137,21.47752],[71.7311,21.47681],[71.73103,21.47661],[71.73077,21.47566],[71.7304,21.47464]]]},"properties":{"Name":"Half","id_2":8,"left":160920,"top":2378720,"right":161420,"bottom":2378220,"Area_SqM":94713.6344,"Peri_M":1403.3234,"Selected":"NotSelecte","Perc":70.1662,"Area_SqM2":94713.6344,"Peri_M2":1403.3234,"GridNum":2,"Zone":"6"}},
{"type":"Feature","geometry":{"type":"Polygon","coordinates":[[[71.73277,21.47017],[71.73315,21.47018],[71.73305,21.47469],[71.7304,21.47464],[71.73035,21.47447],[71.73015,21.47373],[71.73033,21.47354],[71.73121,21.47268],[71.73179,21.47202],[71.73188,21.47189],[71.7321,21.47172],[71.73245,21.4714],[71.73289,21.47098],[71.73277,21.47017]]]},"properties":{"Name":"Half","id_2":9,"left":160920,"top":2378220,"right":161420,"bottom":2377720.0000000005,"Area_SqM":83498.0381,"Peri_M":1425.8624,"Selected":"NotSelecte","Perc":71.2931,"Area_SqM2":83498.0381,"Peri_M2":1425.8624,"GridNum":3,"Zone":"6"}},
{"type":"Feature","geometry":{"type":"Polygon","coordinates":[[[71.7287,21.46558],[71.73325,21.46567],[71.73315,21.47018],[71.73277,21.47017],[71.73263,21.46924],[71.73238,21.46934],[71.73204,21.46928],[71.73171,21.46924],[71.73123,21.46915],[71.73111,21.46892],[71.73007,21.46876],[71.72977,21.46863],[71.72912,21.46846],[71.72922,21.46796],[71.72915,21.46749],[71.729,21.46682],[71.72889,21.46651],[71.72879,21.4661],[71.72872,21.46565],[71.7287,21.46558]]]},"properties":{"Name":"Half","id_2":10,"left":160920,"top":2377720.0000000005,"right":161420,"bottom":2377220,"Area_SqM":166866.3564,"Peri_M":1832.9829,"Selected":"Selected","Perc":91.6491,"Area_SqM2":166866.3564,"Peri_M2":1832.9829,"GridNum":4,"Zone":"6"}},
{"type":"Feature","geometry":{"type":"Polygon","coordinates":[[[71.73256,21.46114],[71.73335,21.46116],[71.73325,21.46567],[71.7287,21.46558],[71.72864,21.4653],[71.72859,21.46491],[71.72853,21.46444],[71.72853,21.46412],[71.72848,21.46377],[71.72869,21.46375],[71.72889,21.46373],[71.72912,21.46371],[71.7293,21.46393],[71.72955,21.46419],[71.72965,21.46377],[71.72993,21.4632],[71.73004,21.46268],[71.73024,21.46209],[71.73066,21.46197],[71.73075,21.46195],[71.73092,21.46192],[71.73105,21.46182],[71.73118,21.46182],[71.73137,21.46178],[71.73149,21.46177],[71.7316,21.46178],[71.7317,21.46175],[71.7318,21.46179],[71.73207,21.46196],[71.73217,21.46195],[71.73224,21.4617],[71.73228,21.46149],[71.73224,21.46138],[71.73254,21.46136],[71.73256,21.46114]]]},"properties":{"Name":"Half","id_2":11,"left":160920,"top":2377220,"right":161420,"bottom":2376720,"Area_SqM":179429.1278,"Peri_M":1971.7002,"Selected":"NotSelecte","Perc":98.585,"Area_SqM2":179429.1278,"Peri_M2":1971.7002,"GridNum":5,"Zone":"6"}},
{"type":"Feature","geometry":{"type":"Polygon","coordinates":[[[71.73338,21.46021],[71.73335,21.46116],[71.73256,21.46114],[71.73257,21.46106],[71.73266,21.4605],[71.73293,21.46039],[71.73303,21.46073],[71.73334,21.46065],[71.73332,21.46024],[71.73338,21.46021]]]},"properties":{"Name":"Half","id_2":12,"left":160920,"top":2376720,"right":161420,"bottom":2376220,"Area_SqM":5240.0883,"Peri_M":414.8822,"Selected":"NotSelecte","Perc":20.7441,"Area_SqM2":5240.0883,"Peri_M2":414.8822,"GridNum":6,"Zone":"6"}},
{"type":"Feature","geometry":{"type":"Polygon","coordinates":[[[71.73413,21.48374],[71.73575,21.48377],[71.73573,21.48386],[71.73564,21.48425],[71.73548,21.48454],[71.73527,21.48469],[71.73499,21.48463],[71.73413,21.48374]]]},"properties":{"Name":"Half","id_2":20,"left":161420,"top":2379719.9999999995,"right":161920,"bottom":2379220,"Area_SqM":10742.4198,"Peri_M":449.1537,"Selected":"NotSelecte","Perc":22.4577,"Area_SqM2":10742.4198,"Peri_M2":449.1537,"GridNum":7,"Zone":"6"}},
{"type":"Feature","geometry":{"type":"Polygon","coordinates":[[[71.7329,21.4814],[71.73295,21.4792],[71.73777,21.47929],[71.73768,21.48324],[71.73745,21.48327],[71.73714,21.48322],[71.73694,21.48307],[71.73664,21.48283],[71.73648,21.48264],[71.73613,21.48253],[71.73596,21.48263],[71.73592,21.48279],[71.73592,21.48288],[71.73587,21.48333],[71.73575,21.48377],[71.73413,21.48374],[71.7341,21.48371],[71.73377,21.48307],[71.7329,21.4814]]]},"properties":{"Name":"Half","id_2":21,"left":161420,"top":2379220,"right":161920,"bottom":2378720,"Area_SqM":215016.929,"Peri_M":1975.7647,"Selected":"Selected","Perc":98.7882,"Area_SqM2":215016.929,"Peri_M2":1975.7647,"GridNum":8,"Zone":"6"}},
{"type":"Feature","geometry":{"type":"Polygon","coordinates":[[[71.73305,21.47469],[71.73787,21.47478],[71.73777,21.47929],[71.73295,21.4792],[71.73305,21.47469]]]},"properties":{"Name":"Full","id_2":22,"left":161420,"top":2378720,"right":161920,"bottom":2378220,"Area_SqM":249789.3678,"Peri_M":1999.1573,"Selected":"Selected","Perc":99.9579,"Area_SqM2":249789.3678,"Peri_M2":1999.1573,"GridNum":9,"Zone":"6"}},
{"type":"Feature","geometry":{"type":"Polygon","coordinates":[[[71.73315,21.47018],[71.73797,21.47027],[71.73787,21.47478],[71.73305,21.47469],[71.73315,21.47018]]]},"properties":{"Name":"Full","id_2":23,"left":161420,"top":2378220,"right":161920,"bottom":2377720.0000000005,"Area_SqM":249789.4344,"Peri_M":1999.1576,"Selected":"NotSelecte","Perc":99.9579,"Area_SqM2":249789.4344,"Peri_M2":1999.1576,"GridNum":10,"Zone":"6"}},
{"type":"Feature","geometry":{"type":"Polygon","coordinates":[[[71.73325,21.46567],[71.73807,21.46576],[71.73797,21.47027],[71.73315,21.47018],[71.73325,21.46567]]]},"properties":{"Name":"Full","id_2":24,"left":161420,"top":2377720.0000000005,"right":161920,"bottom":2377220,"Area_SqM":249789.5015,"Peri_M":1999.1578,"Selected":"Selected","Perc":99.9579,"Area_SqM2":249789.5015,"Peri_M2":1999.1578,"GridNum":11,"Zone":"6"}},
{"type":"Feature","geometry":{"type":"Polygon","coordinates":[[[71.7381,21.46457],[71.73807,21.46576],[71.73325,21.46567],[71.73335,21.46116],[71.73489,21.46119],[71.735,21.46123],[71.7352,21.4612],[71.73817,21.46125],[71.73816,21.46205],[71.73812,21.46208],[71.7377,21.46248],[71.73761,21.46258],[71.73758,21.46277],[71.73772,21.46299],[71.73804,21.4631],[71.73813,21.46307],[71.73811,21.46408],[71.73799,21.4644],[71.73801,21.46454],[71.7381,21.46457]]]},"properties":{"Name":"Half","id_2":25,"left":161420,"top":2377220,"right":161920,"bottom":2376720,"Area_SqM":244897.1469,"Peri_M":2073.1165,"Selected":"NotSelecte","Perc":103.6558,"Area_SqM2":244897.1469,"Peri_M2":2073.1165,"GridNum":12,"Zone":"6"}},
{"type":"Feature","geometry":{"type":"MultiPolygon","coordinates":[[[[71.73821,21.45968],[71.73817,21.46125],[71.7352,21.4612],[71.73536,21.46117],[71.73575,21.46083],[71.73596,21.46019],[71.73627,21.46028],[71.73656,21.46024],[71.7371,21.46008],[71.73735,21.45984],[71.73775,21.4596],[71.73814,21.45967],[71.73821,21.45968]]],[[[71.73489,21.46119],[71.73335,21.46116],[71.73338,21.46021],[71.73347,21.46016],[71.73461,21.45968],[71.73454,21.46084],[71.73475,21.46114],[71.73489,21.46119]]]]},"properties":{"Name":"Half","id_2":26,"left":161420,"top":2376720,"right":161920,"bottom":2376220,"Area_SqM":52020.6746,"Peri_M":1473.5934,"Selected":"NotSelecte","Perc":73.6797,"Area_SqM2":52020.6746,"Peri_M2":1473.5934,"GridNum":13,"Zone":"6"}},
{"type":"Feature","geometry":{"type":"Polygon","coordinates":[[[71.73768,21.48324],[71.73777,21.47929],[71.74204,21.47938],[71.742,21.47948],[71.74201,21.47967],[71.74197,21.4799],[71.7419,21.48012],[71.74176,21.48032],[71.74175,21.48051],[71.74167,21.48074],[71.74166,21.48089],[71.7416,21.48102],[71.74153,21.4812],[71.74145,21.48129],[71.74128,21.48138],[71.74114,21.48149],[71.74101,21.4816],[71.74076,21.48174],[71.74063,21.48172],[71.74042,21.48165],[71.73958,21.48171],[71.73843,21.48191],[71.73813,21.48229],[71.73822,21.48306],[71.73798,21.4832],[71.73772,21.48324],[71.73768,21.48324]]]},"properties":{"Name":"Half","id_2":35,"left":161920,"top":2379220,"right":162420,"bottom":2378720,"Area_SqM":117686.5076,"Peri_M":1637.5491,"Selected":"NotSelecte","Perc":81.8775,"Area_SqM2":117686.5076,"Peri_M2":1637.5491,"GridNum":14,"Zone":"6"}},
{"type":"Feature","geometry":{"type":"Polygon","coordinates":[[[71.74204,21.47938],[71.73777,21.47929],[71.73787,21.47478],[71.74269,21.47488],[71.74267,21.47585],[71.74248,21.47611],[71.74216,21.47658],[71.74183,21.47695],[71.74166,21.47716],[71.74153,21.47737],[71.74158,21.47763],[71.74172,21.47781],[71.74196,21.47817],[71.74203,21.47835],[71.74208,21.47852],[71.74206,21.47866],[71.74209,21.47884],[71.74207,21.47905],[71.74209,21.47926],[71.74204,21.47938]]]},"properties":{"Name":"Half","id_2":36,"left":161920,"top":2378720,"right":162420,"bottom":2378220,"Area_SqM":224167.0128,"Peri_M":1994.6574,"Selected":"Selected","Perc":99.7329,"Area_SqM2":224167.0128,"Peri_M2":1994.6574,"GridNum":15,"Zone":"6"}},
{"type":"Feature","geometry":{"type":"Polygon","coordinates":[[[71.7427,21.47465],[71.74269,21.47488],[71.73787,21.47478],[71.73797,21.47027],[71.74279,21.47037],[71.74271,21.47403],[71.74262,21.47397],[71.74258,21.4739],[71.74251,21.4739],[71.74245,21.47398],[71.74248,21.47409],[71.74259,21.47422],[71.74266,21.47447],[71.7427,21.47465]]]},"properties":{"Name":"Half","id_2":37,"left":161920,"top":2378220,"right":162420,"bottom":2377720.0000000005,"Area_SqM":248890.7454,"Peri_M":2047.9652,"Selected":"Selected","Perc":102.3983,"Area_SqM2":248890.7454,"Peri_M2":2047.9652,"GridNum":16,"Zone":"6"}},
{"type":"Feature","geometry":{"type":"Polygon","coordinates":[[[71.73807,21.46576],[71.74289,21.46586],[71.74279,21.47037],[71.73797,21.47027],[71.73807,21.46576]]]},"properties":{"Name":"Full","id_2":38,"left":161920,"top":2377720.0000000005,"right":162420,"bottom":2377220,"Area_SqM":249793.3365,"Peri_M":1999.1732,"Selected":"Selected","Perc":99.9587,"Area_SqM2":249793.3365,"Peri_M2":1999.1732,"GridNum":17,"Zone":"6"}},
{"type":"Feature","geometry":{"type":"MultiPolygon","coordinates":[[[[71.74291,21.46516],[71.74289,21.46586],[71.73807,21.46576],[71.7381,21.46457],[71.73823,21.46462],[71.73858,21.46455],[71.7387,21.46481],[71.73886,21.46477],[71.73924,21.46475],[71.7397,21.4646],[71.74013,21.46438],[71.74039,21.46437],[71.74069,21.46454],[71.74098,21.4646],[71.74156,21.46496],[71.74184,21.46507],[71.74221,21.46521],[71.74255,21.4652],[71.74289,21.46517],[71.74291,21.46516]]],[[[71.73811,21.46408],[71.73813,21.46307],[71.7384,21.46299],[71.7385,21.463],[71.73841,21.46332],[71.73811,21.46408]]],[[[71.73816,21.46205],[71.73817,21.46125],[71.73896,21.46127],[71.73867,21.4616],[71.73833,21.4619],[71.73816,21.46205]]]]},"properties":{"Name":"Half","id_2":39,"left":161920,"top":2377220,"right":162420,"bottom":2376720,"Area_SqM":63858.9137,"Peri_M":1829.9443,"Selected":"NotSelecte","Perc":91.4972,"Area_SqM2":63858.9137,"Peri_M2":1829.9443,"GridNum":18,"Zone":"6"}},
{"type":"Feature","geometry":{"type":"Polygon","coordinates":[[[71.73896,21.46127],[71.73817,21.46125],[71.73821,21.45968],[71.73847,21.45972],[71.73893,21.45985],[71.73934,21.45991],[71.73953,21.46031],[71.73915,21.46055],[71.73915,21.46096],[71.73904,21.46117],[71.73896,21.46127]]]},"properties":{"Name":"Half","id_2":40,"left":161920,"top":2376720,"right":162420,"bottom":2376220,"Area_SqM":17905.0712,"Peri_M":557.4988,"Selected":"NotSelecte","Perc":27.8749,"Area_SqM2":17905.0712,"Peri_M2":557.4988,"GridNum":19,"Zone":"6"}},
{"type":"Feature","geometry":{"type":"Polygon","coordinates":[[[71.74267,21.47585],[71.74269,21.47488],[71.74273,21.47488],[71.74273,21.47515],[71.74276,21.47524],[71.74278,21.4753],[71.74283,21.47542],[71.74278,21.47558],[71.7427,21.47581],[71.74267,21.47585]]]},"properties":{"Name":"Half","id_2":50,"left":162420,"top":2378720,"right":162920,"bottom":2378220,"Area_SqM":831.2031,"Peri_M":224.5292,"Selected":"NotSelecte","Perc":11.2265,"Area_SqM2":831.2031,"Peri_M2":224.5292,"GridNum":20,"Zone":"6"}},
{"type":"Feature","geometry":{"type":"MultiPolygon","coordinates":[[[[71.74273,21.47488],[71.74269,21.47488],[71.7427,21.47465],[71.74273,21.4748],[71.74273,21.47488]]],[[[71.74271,21.47403],[71.74279,21.47037],[71.74761,21.47046],[71.74756,21.47278],[71.74726,21.47268],[71.74694,21.47268],[71.74651,21.47262],[71.7461,21.47258],[71.74575,21.47258],[71.7455,21.47261],[71.74531,21.47271],[71.74517,21.47282],[71.74506,21.47289],[71.74502,21.47307],[71.74532,21.47389],[71.74541,21.47395],[71.7455,21.47416],[71.74582,21.47459],[71.74583,21.47467],[71.74544,21.47455],[71.74523,21.4746],[71.74513,21.47441],[71.74437,21.47432],[71.7439,21.47371],[71.74378,21.47377],[71.74373,21.47397],[71.74366,21.47415],[71.74351,21.47429],[71.74327,21.47426],[71.7431,21.47419],[71.74289,21.47415],[71.74271,21.47403]]]]},"properties":{"Name":"Half","id_2":51,"left":162420,"top":2378220,"right":162920,"bottom":2377720.0000000005,"Area_SqM":169935.1697,"Peri_M":2128.4869,"Selected":"NotSelecte","Perc":106.4243,"Area_SqM2":169935.1697,"Peri_M2":2128.4869,"GridNum":21,"Zone":"6"}},
{"type":"Feature","geometry":{"type":"Polygon","coordinates":[[[71.74289,21.46586],[71.74771,21.46595],[71.74761,21.47046],[71.74279,21.47037],[71.74289,21.46586]]]},"properties":{"Name":"Full","id_2":52,"left":162420,"top":2377720.0000000005,"right":162920,"bottom":2377220,"Area_SqM":249797.1715,"Peri_M":1999.1885,"Selected":"Selected","Perc":99.9594,"Area_SqM2":249797.1715,"Peri_M2":1999.1885,"GridNum":22,"Zone":"6"}},
{"type":"Feature","geometry":{"type":"Polygon","coordinates":[[[71.74775,21.46403],[71.74771,21.46595],[71.74289,21.46586],[71.74291,21.46516],[71.74315,21.46508],[71.74329,21.46484],[71.74337,21.46465],[71.74337,21.46431],[71.74314,21.46378],[71.7434,21.46363],[71.74358,21.46337],[71.74359,21.4631],[71.74383,21.46302],[71.74427,21.46307],[71.74455,21.4631],[71.74485,21.46318],[71.74534,21.4633],[71.74588,21.46337],[71.74627,21.46342],[71.7465,21.46343],[71.74674,21.46372],[71.74733,21.46385],[71.74755,21.4639],[71.7477,21.46402],[71.74775,21.46403]]]},"properties":{"Name":"Half","id_2":53,"left":162420,"top":2377220,"right":162920,"bottom":2376720,"Area_SqM":131437.9363,"Peri_M":1527.1608,"Selected":"NotSelecte","Perc":76.358,"Area_SqM2":131437.9363,"Peri_M2":1527.1608,"GridNum":23,"Zone":"6"}},
{"type":"Feature","geometry":{"type":"Polygon","coordinates":[[[71.75055,21.48857],[71.75203,21.4886],[71.75198,21.4907],[71.75162,21.49066],[71.75144,21.49044],[71.75145,21.4902],[71.7512,21.48998],[71.75095,21.4897],[71.751,21.48946],[71.75093,21.4892],[71.75073,21.48892],[71.75051,21.48875],[71.75055,21.48857]]]},"properties":{"Name":"Half","id_2":61,"left":162920,"top":2380220,"right":163420,"bottom":2379719.9999999995,"Area_SqM":22833.6138,"Peri_M":701.6889,"Selected":"NotSelecte","Perc":35.0844,"Area_SqM2":22833.6138,"Peri_M2":701.6889,"GridNum":24,"Zone":"5"}},
{"type":"Feature","geometry":{"type":"Polygon","coordinates":[[[71.7521,21.48548],[71.75203,21.4886],[71.75055,21.48857],[71.75067,21.48803],[71.75077,21.48769],[71.75082,21.48753],[71.75083,21.48723],[71.751,21.48659],[71.75121,21.48633],[71.75135,21.48618],[71.75149,21.48588],[71.75161,21.48573],[71.75178,21.48553],[71.75196,21.4855],[71.7521,21.48548]]]},"properties":{"Name":"Half","id_2":62,"left":162920,"top":2379719.9999999995,"right":163420,"bottom":2379220,"Area_SqM":37700.327,"Peri_M":899.2181,"Selected":"NotSelecte","Perc":44.9609,"Area_SqM2":37700.327,"Peri_M2":899.2181,"GridNum":25,"Zone":"5"}},
{"type":"Feature","geometry":{"type":"Polygon","coordinates":[[[71.7522,21.48099],[71.75215,21.48314],[71.75201,21.48282],[71.75202,21.48171],[71.75217,21.48101],[71.7522,21.48099]]]},"properties":{"Name":"Half","id_2":63,"left":162920,"top":2379220,"right":163420,"bottom":2378720,"Area_SqM":2916.5931,"Peri_M":481.3387,"Selected":"NotSelecte","Perc":24.0669,"Area_SqM2":2916.5931,"Peri_M2":481.3387,"GridNum":26,"Zone":"5"}},
{"type":"Feature","geometry":{"type":"Polygon","coordinates":[[[71.75195,21.47506],[71.75233,21.47507],[71.7523,21.4762],[71.75215,21.47606],[71.75196,21.47514],[71.75195,21.47506]]]},"properties":{"Name":"Half","id_2":64,"left":162920,"top":2378720,"right":163420,"bottom":2378220,"Area_SqM":3239.1598,"Peri_M":300.9208,"Selected":"NotSelecte","Perc":15.046,"Area_SqM2":3239.1598,"Peri_M2":300.9208,"GridNum":27,"Zone":"5"}},
{"type":"Feature","geometry":{"type":"Polygon","coordinates":[[[71.74756,21.47278],[71.74761,21.47046],[71.75243,21.47056],[71.75233,21.47507],[71.75195,21.47506],[71.75191,21.47485],[71.75174,21.47465],[71.75138,21.47453],[71.75141,21.47439],[71.75146,21.47422],[71.75147,21.47404],[71.75155,21.47371],[71.75144,21.47336],[71.75109,21.47327],[71.75071,21.47317],[71.75044,21.47315],[71.75005,21.47304],[71.74966,21.47295],[71.7493,21.47287],[71.74905,21.47285],[71.74879,21.4728],[71.74836,21.47272],[71.74816,21.47265],[71.74801,21.47244],[71.74782,21.47237],[71.74767,21.47246],[71.74757,21.47265],[71.74759,21.47279],[71.74756,21.47278]]]},"properties":{"Name":"Half","id_2":65,"left":162920,"top":2378220,"right":163420,"bottom":2377720.0000000005,"Area_SqM":153161.1481,"Peri_M":1983.2541,"Selected":"NotSelecte","Perc":99.1627,"Area_SqM2":153161.1481,"Peri_M2":1983.2541,"GridNum":28,"Zone":"6"}},
{"type":"Feature","geometry":{"type":"Polygon","coordinates":[[[71.74771,21.46595],[71.75253,21.46605],[71.75243,21.47056],[71.74761,21.47046],[71.74771,21.46595]]]},"properties":{"Name":"Full","id_2":66,"left":162920,"top":2377720.0000000005,"right":163420,"bottom":2377220,"Area_SqM":249801.0066,"Peri_M":1999.2039,"Selected":"Selected","Perc":99.9602,"Area_SqM2":249801.0066,"Peri_M2":1999.2039,"GridNum":29,"Zone":"6"}},
{"type":"Feature","geometry":{"type":"Polygon","coordinates":[[[71.75256,21.4644],[71.75253,21.46605],[71.74771,21.46595],[71.74775,21.46403],[71.74813,21.4641],[71.7485,21.46407],[71.74906,21.46401],[71.7495,21.46399],[71.74963,21.46398],[71.75004,21.46407],[71.75075,21.46422],[71.7511,21.46454],[71.75121,21.46486],[71.75131,21.46497],[71.75162,21.46482],[71.75199,21.46447],[71.75232,21.46442],[71.75256,21.4644]]]},"properties":{"Name":"Half","id_2":67,"left":162920,"top":2377220,"right":163420,"bottom":2376720,"Area_SqM":96205.1697,"Peri_M":1464.5849,"Selected":"NotSelecte","Perc":73.2292,"Area_SqM2":96205.1697,"Peri_M2":1464.5849,"GridNum":30,"Zone":"6"}},
{"type":"Feature","geometry":{"type":"Polygon","coordinates":[[[71.75273,21.50215],[71.75655,21.50222],[71.75649,21.50468],[71.75591,21.50487],[71.75555,21.50473],[71.75508,21.5043],[71.7546,21.50397],[71.75438,21.50381],[71.75395,21.50345],[71.75359,21.50313],[71.75332,21.50277],[71.7529,21.50244],[71.75273,21.50222],[71.75273,21.50215]]]},"properties":{"Name":"Half","id_2":72,"left":163420,"top":2381720.0000000005,"right":163920,"bottom":2381220,"Area_SqM":73055.9294,"Peri_M":1186.9229,"Selected":"NotSelecte","Perc":59.3461,"Area_SqM2":73055.9294,"Peri_M2":1186.9229,"GridNum":31,"Zone":"5"}},
{"type":"Feature","geometry":{"type":"Polygon","coordinates":[[[71.75453,21.49767],[71.75665,21.49771],[71.75655,21.50222],[71.75273,21.50215],[71.75274,21.50199],[71.753,21.50181],[71.75324,21.5017],[71.75344,21.5012],[71.75358,21.50084],[71.75367,21.50056],[71.75393,21.50012],[71.75421,21.49991],[71.75517,21.49984],[71.75532,21.4992],[71.75518,21.49901],[71.75506,21.49878],[71.75491,21.49845],[71.75477,21.49816],[71.7546,21.49787],[71.75453,21.49767]]]},"properties":{"Name":"Half","id_2":73,"left":163420,"top":2381220,"right":163920,"bottom":2380720,"Area_SqM":122647.9392,"Peri_M":1781.7284,"Selected":"NotSelecte","Perc":89.0864,"Area_SqM2":122647.9392,"Peri_M2":1781.7284,"GridNum":32,"Zone":"5"}},
{"type":"Feature","geometry":{"type":"Polygon","coordinates":[[[71.75383,21.49314],[71.75675,21.4932],[71.75665,21.49771],[71.75453,21.49767],[71.75452,21.49763],[71.75454,21.4973],[71.75471,21.49716],[71.75472,21.49701],[71.75453,21.49645],[71.75482,21.49625],[71.75512,21.49618],[71.75537,21.49532],[71.75522,21.49481],[71.75506,21.4943],[71.75479,21.4939],[71.75451,21.49366],[71.75409,21.49343],[71.75383,21.49314]]]},"properties":{"Name":"Half","id_2":74,"left":163420,"top":2380720,"right":163920,"bottom":2380220,"Area_SqM":95655.0569,"Peri_M":1636.9911,"Selected":"NotSelecte","Perc":81.8496,"Area_SqM2":95655.0569,"Peri_M2":1636.9911,"GridNum":33,"Zone":"5"}},
{"type":"Feature","geometry":{"type":"Polygon","coordinates":[[[71.75198,21.4907],[71.75203,21.4886],[71.75685,21.48869],[71.75675,21.4932],[71.75383,21.49314],[71.75364,21.49292],[71.7534,21.49261],[71.75326,21.49236],[71.7531,21.49207],[71.75293,21.49181],[71.75272,21.4916],[71.75266,21.49139],[71.75264,21.49113],[71.75256,21.49088],[71.75231,21.49079],[71.752,21.49071],[71.75198,21.4907]]]},"properties":{"Name":"Half","id_2":75,"left":163420,"top":2380220,"right":163920,"bottom":2379719.9999999995,"Area_SqM":220312.7577,"Peri_M":1887.6752,"Selected":"Selected","Perc":94.3838,"Area_SqM2":220312.7577,"Peri_M2":1887.6752,"GridNum":34,"Zone":"5"}},
{"type":"Feature","geometry":{"type":"Polygon","coordinates":[[[71.75283,21.4841],[71.75695,21.48418],[71.75685,21.48869],[71.75203,21.4886],[71.7521,21.48548],[71.75216,21.48547],[71.75238,21.48548],[71.75251,21.48546],[71.75258,21.48536],[71.75276,21.48505],[71.75288,21.48483],[71.75288,21.48436],[71.75283,21.4841]]]},"properties":{"Name":"Half","id_2":76,"left":163420,"top":2379719.9999999995,"right":163920,"bottom":2379220,"Area_SqM":239079.4164,"Peri_M":1976.0016,"Selected":"Selected","Perc":98.8001,"Area_SqM2":239079.4164,"Peri_M2":1976.0016,"GridNum":35,"Zone":"5"}},
{"type":"Feature","geometry":{"type":"Polygon","coordinates":[[[71.75365,21.4796],[71.75705,21.47967],[71.75695,21.48418],[71.75283,21.4841],[71.7528,21.48396],[71.75282,21.4838],[71.75271,21.48376],[71.75256,21.48384],[71.75244,21.48379],[71.7523,21.48348],[71.75215,21.48314],[71.7522,21.48099],[71.75292,21.48054],[71.75322,21.48038],[71.75331,21.4803],[71.75341,21.48023],[71.75363,21.47993],[71.75365,21.4796]]]},"properties":{"Name":"Half","id_2":77,"left":163420,"top":2379220,"right":163920,"bottom":2378720,"Area_SqM":230983.1548,"Peri_M":1900.1941,"Selected":"NotSelecte","Perc":95.0097,"Area_SqM2":230983.1548,"Peri_M2":1900.1941,"GridNum":36,"Zone":"5"}},
{"type":"Feature","geometry":{"type":"Polygon","coordinates":[[[71.7523,21.4762],[71.75233,21.47507],[71.75715,21.47516],[71.75705,21.47967],[71.75365,21.4796],[71.75365,21.47959],[71.75366,21.47931],[71.75348,21.4788],[71.7534,21.47856],[71.75336,21.47825],[71.75328,21.47789],[71.75328,21.47754],[71.75331,21.47739],[71.75335,21.4772],[71.75343,21.47713],[71.75336,21.47691],[71.75301,21.47626],[71.75287,21.47609],[71.75279,21.47598],[71.7525,21.47607],[71.75233,21.47623],[71.7523,21.4762]]]},"properties":{"Name":"Half","id_2":78,"left":163420,"top":2378720,"right":163920,"bottom":2378220,"Area_SqM":205860.1123,"Peri_M":1965.9167,"Selected":"NotSelecte","Perc":98.2958,"Area_SqM2":205860.1123,"Peri_M2":1965.9167,"GridNum":37,"Zone":"4"}},
{"type":"Feature","geometry":{"type":"Polygon","coordinates":[[[71.75243,21.47056],[71.75725,21.47065],[71.75715,21.47516],[71.75233,21.47507],[71.75243,21.47056]]]},"properties":{"Name":"Full","id_2":79,"left":163420,"top":2378220,"right":163920,"bottom":2377720.0000000005,"Area_SqM":249804.7743,"Peri_M":1999.2189,"Selected":"NotSelecte","Perc":99.9609,"Area_SqM2":249804.7743,"Peri_M2":1999.2189,"GridNum":38,"Zone":"4"}},
{"type":"Feature","geometry":{"type":"Polygon","coordinates":[[[71.75253,21.46605],[71.75735,21.46614],[71.75725,21.47065],[71.75243,21.47056],[71.75253,21.46605]]]},"properties":{"Name":"Full","id_2":80,"left":163420,"top":2377720.0000000005,"right":163920,"bottom":2377220,"Area_SqM":249804.8417,"Peri_M":1999.2192,"Selected":"NotSelecte","Perc":99.961,"Area_SqM2":249804.8417,"Peri_M2":1999.2192,"GridNum":39,"Zone":"4"}},
{"type":"Feature","geometry":{"type":"Polygon","coordinates":[[[71.75558,21.46159],[71.75745,21.46163],[71.75735,21.46614],[71.75253,21.46605],[71.75256,21.4644],[71.75278,21.46439],[71.75301,21.46425],[71.75326,21.46383],[71.7535,21.46336],[71.75375,21.46343],[71.7542,21.46323],[71.75454,21.46313],[71.75502,21.46288],[71.75509,21.46269],[71.75474,21.46257],[71.75461,21.46229],[71.75477,21.46205],[71.75493,21.46207],[71.7551,21.46211],[71.75517,21.46203],[71.75529,21.46195],[71.75532,21.46181],[71.7554,21.46171],[71.75558,21.46159]]]},"properties":{"Name":"Half","id_2":81,"left":163420,"top":2377220,"right":163920,"bottom":2376720,"Area_SqM":195224.3782,"Peri_M":1949.1559,"Selected":"NotSelecte","Perc":97.4578,"Area_SqM2":195224.3782,"Peri_M2":1949.1559,"GridNum":40,"Zone":"4"}},
{"type":"Feature","geometry":{"type":"Polygon","coordinates":[[[71.75749,21.4598],[71.75745,21.46163],[71.75558,21.46159],[71.75563,21.46156],[71.75584,21.46156],[71.75613,21.46157],[71.75628,21.46149],[71.7565,21.46111],[71.75677,21.46076],[71.75691,21.46064],[71.75712,21.46008],[71.75719,21.45972],[71.75743,21.45979],[71.75749,21.4598]]]},"properties":{"Name":"Half","id_2":82,"left":163420,"top":2376720,"right":163920,"bottom":2376220,"Area_SqM":14994.4386,"Peri_M":727.6056,"Selected":"NotSelecte","Perc":36.3803,"Area_SqM2":14994.4386,"Peri_M2":727.6056,"GridNum":41,"Zone":"4"}},
{"type":"Feature","geometry":{"type":"Polygon","coordinates":[[[71.75649,21.50468],[71.75655,21.50222],[71.76137,21.50232],[71.76129,21.50569],[71.76092,21.50565],[71.7603,21.5056],[71.75967,21.50559],[71.75918,21.50523],[71.75889,21.50498],[71.75848,21.50488],[71.75796,21.50482],[71.75724,21.50477],[71.7565,21.50468],[71.75649,21.50468]]]},"properties":{"Name":"Half","id_2":86,"left":163920,"top":2381720.0000000005,"right":164420,"bottom":2381220,"Area_SqM":160343.5692,"Peri_M":1672.0519,"Selected":"NotSelecte","Perc":83.6026,"Area_SqM2":160343.5692,"Peri_M2":1672.0519,"GridNum":42,"Zone":"5"}},
{"type":"Feature","geometry":{"type":"Polygon","coordinates":[[[71.75665,21.49771],[71.76147,21.4978],[71.76137,21.50232],[71.75655,21.50222],[71.75665,21.49771]]]},"properties":{"Name":"Full","id_2":87,"left":163920,"top":2381220,"right":164420,"bottom":2380720,"Area_SqM":249808.204,"Peri_M":1999.2327,"Selected":"Selected","Perc":99.9616,"Area_SqM2":249808.204,"Peri_M2":1999.2327,"GridNum":43,"Zone":"5"}},
{"type":"Feature","geometry":{"type":"Polygon","coordinates":[[[71.75675,21.4932],[71.76157,21.49329],[71.76147,21.4978],[71.75665,21.49771],[71.75675,21.4932]]]},"properties":{"Name":"Full","id_2":88,"left":163920,"top":2380720,"right":164420,"bottom":2380220,"Area_SqM":249808.2716,"Peri_M":1999.2329,"Selected":"Selected","Perc":99.9616,"Area_SqM2":249808.2716,"Peri_M2":1999.2329,"GridNum":44,"Zone":"5"}},
{"type":"Feature","geometry":{"type":"Polygon","coordinates":[[[71.75685,21.48869],[71.76167,21.48878],[71.76157,21.49329],[71.75675,21.4932],[71.75685,21.48869]]]},"properties":{"Name":"Full","id_2":89,"left":163920,"top":2380220,"right":164420,"bottom":2379719.9999999995,"Area_SqM":249808.3392,"Peri_M":1999.2332,"Selected":"NotSelecte","Perc":99.9617,"Area_SqM2":249808.3392,"Peri_M2":1999.2332,"GridNum":45,"Zone":"5"}},
{"type":"Feature","geometry":{"type":"Polygon","coordinates":[[[71.76167,21.48841],[71.76167,21.48878],[71.75685,21.48869],[71.75695,21.48418],[71.76176,21.48427],[71.76171,21.48682],[71.76167,21.48685],[71.76143,21.48713],[71.76123,21.48753],[71.76117,21.48775],[71.7612,21.48805],[71.76147,21.48827],[71.76167,21.48841]]]},"properties":{"Name":"Half","id_2":90,"left":163920,"top":2379719.9999999995,"right":164420,"bottom":2379220,"Area_SqM":243600.6733,"Peri_M":2039.475,"Selected":"NotSelecte","Perc":101.9738,"Area_SqM2":243600.6733,"Peri_M2":2039.475,"GridNum":46,"Zone":"5"}},
{"type":"Feature","geometry":{"type":"Polygon","coordinates":[[[71.75705,21.47967],[71.76186,21.47976],[71.76176,21.48427],[71.75695,21.48418],[71.75705,21.47967]]]},"properties":{"Name":"Full","id_2":91,"left":163920,"top":2379220,"right":164420,"bottom":2378720,"Area_SqM":249808.4745,"Peri_M":1999.2338,"Selected":"NotSelecte","Perc":99.9617,"Area_SqM2":249808.4745,"Peri_M2":1999.2338,"GridNum":47,"Zone":"4"}},
{"type":"Feature","geometry":{"type":"Polygon","coordinates":[[[71.75715,21.47516],[71.76196,21.47525],[71.76186,21.47976],[71.75705,21.47967],[71.75715,21.47516]]]},"properties":{"Name":"Full","id_2":92,"left":163920,"top":2378720,"right":164420,"bottom":2378220,"Area_SqM":249808.542,"Peri_M":1999.234,"Selected":"NotSelecte","Perc":99.9617,"Area_SqM2":249808.542,"Peri_M2":1999.234,"GridNum":48,"Zone":"4"}},
{"type":"Feature","geometry":{"type":"Polygon","coordinates":[[[71.75725,21.47065],[71.76206,21.47074],[71.76196,21.47525],[71.75715,21.47516],[71.75725,21.47065]]]},"properties":{"Name":"Full","id_2":93,"left":163920,"top":2378220,"right":164420,"bottom":2377720.0000000005,"Area_SqM":249808.6095,"Peri_M":1999.2343,"Selected":"NotSelecte","Perc":99.9617,"Area_SqM2":249808.6095,"Peri_M2":1999.2343,"GridNum":49,"Zone":"4"}},
{"type":"Feature","geometry":{"type":"Polygon","coordinates":[[[71.75735,21.46614],[71.76216,21.46623],[71.76206,21.47074],[71.75725,21.47065],[71.75735,21.46614]]]},"properties":{"Name":"Full","id_2":94,"left":163920,"top":2377720.0000000005,"right":164420,"bottom":2377220,"Area_SqM":249808.6769,"Peri_M":1999.2346,"Selected":"NotSelecte","Perc":99.9617,"Area_SqM2":249808.6769,"Peri_M2":1999.2346,"GridNum":50,"Zone":"4"}},
{"type":"Feature","geometry":{"type":"Polygon","coordinates":[[[71.76222,21.46362],[71.76216,21.46623],[71.75735,21.46614],[71.75745,21.46163],[71.75916,21.46166],[71.75917,21.46172],[71.75944,21.46195],[71.75953,21.46218],[71.7596,21.46241],[71.7596,21.4627],[71.75967,21.46291],[71.75979,21.46302],[71.7604,21.46297],[71.76041,21.4631],[71.76034,21.46333],[71.76027,21.46383],[71.76024,21.46425],[71.76003,21.46495],[71.76001,21.4651],[71.76007,21.46524],[71.76048,21.4652],[71.76079,21.46502],[71.76111,21.46496],[71.76138,21.46493],[71.76138,21.46474],[71.76151,21.46419],[71.76167,21.46395],[71.76164,21.46381],[71.76209,21.46361],[71.76222,21.46362]]]},"properties":{"Name":"Half","id_2":95,"left":163920,"top":2377220,"right":164420,"bottom":2376720,"Area_SqM":172891.0576,"Peri_M":2297.2189,"Selected":"NotSelecte","Perc":114.8609,"Area_SqM2":172891.0576,"Peri_M2":2297.2189,"GridNum":51,"Zone":"4"}},
{"type":"Feature","geometry":{"type":"Polygon","coordinates":[[[71.75916,21.46166],[71.75745,21.46163],[71.75749,21.4598],[71.75776,21.45981],[71.75772,21.45999],[71.75768,21.46012],[71.7578,21.4602],[71.75795,21.46012],[71.75826,21.4601],[71.75836,21.45992],[71.75844,21.45968],[71.75841,21.45948],[71.75847,21.45937],[71.75855,21.45932],[71.75867,21.45936],[71.75867,21.45963],[71.75863,21.4599],[71.75883,21.45997],[71.75889,21.46008],[71.75885,21.4603],[71.75897,21.46042],[71.7594,21.4603],[71.75942,21.46002],[71.75934,21.45963],[71.7596,21.45959],[71.75962,21.45968],[71.75967,21.45977],[71.75977,21.45978],[71.75965,21.4601],[71.7595,21.46078],[71.75936,21.46115],[71.75918,21.46141],[71.75914,21.46152],[71.75916,21.46166]]]},"properties":{"Name":"Half","id_2":96,"left":163920,"top":2376720,"right":164420,"bottom":2376220,"Area_SqM":38195.0591,"Peri_M":1161.1001,"Selected":"NotSelecte","Perc":58.055,"Area_SqM2":38195.0591,"Peri_M2":1161.1001,"GridNum":52,"Zone":"4"}},
{"type":"Feature","geometry":{"type":"Polygon","coordinates":[[[71.76236,21.50685],[71.76259,21.50685],[71.76262,21.50729],[71.76257,21.50767],[71.76239,21.50697],[71.76236,21.50685]]]},"properties":{"Name":"Half","id_2":99,"left":164420,"top":2382220,"right":164920,"bottom":2381720.0000000005,"Area_SqM":1269.4719,"Peri_M":208.9692,"Selected":"NotSelecte","Perc":10.4485,"Area_SqM2":1269.4719,"Peri_M2":208.9692,"GridNum":53,"Zone":"5"}},
{"type":"Feature","geometry":{"type":"Polygon","coordinates":[[[71.76129,21.50569],[71.76137,21.50232],[71.76618,21.50241],[71.76618,21.50273],[71.76602,21.5029],[71.76576,21.50321],[71.76557,21.50394],[71.76548,21.50424],[71.76566,21.50502],[71.76486,21.50458],[71.76437,21.50452],[71.76411,21.50464],[71.76378,21.50511],[71.76353,21.50589],[71.76328,21.50619],[71.76297,21.5061],[71.76282,21.50622],[71.76256,21.50642],[71.76259,21.50685],[71.76236,21.50685],[71.76213,21.50606],[71.76201,21.50591],[71.76157,21.50573],[71.76129,21.50569]]]},"properties":{"Name":"Half","id_2":100,"left":164420,"top":2381720.0000000005,"right":164920,"bottom":2381220,"Area_SqM":157971.1766,"Peri_M":1906.7645,"Selected":"NotSelecte","Perc":95.3382,"Area_SqM2":157971.1766,"Peri_M2":1906.7645,"GridNum":54,"Zone":"5"}},
{"type":"Feature","geometry":{"type":"Polygon","coordinates":[[[71.76147,21.4978],[71.76628,21.4979],[71.76618,21.50241],[71.76137,21.50232],[71.76147,21.4978]]]},"properties":{"Name":"Full","id_2":101,"left":164420,"top":2381220,"right":164920,"bottom":2380720,"Area_SqM":249812.0385,"Peri_M":1999.248,"Selected":"Selected","Perc":99.9624,"Area_SqM2":249812.0385,"Peri_M2":1999.248,"GridNum":55,"Zone":"5"}},
{"type":"Feature","geometry":{"type":"Polygon","coordinates":[[[71.76157,21.49329],[71.76638,21.49339],[71.76628,21.4979],[71.76147,21.4978],[71.76157,21.49329]]]},"properties":{"Name":"Full","id_2":102,"left":164420,"top":2380720,"right":164920,"bottom":2380220,"Area_SqM":249812.1062,"Peri_M":1999.2483,"Selected":"NotSelecte","Perc":99.9624,"Area_SqM2":249812.1062,"Peri_M2":1999.2483,"GridNum":56,"Zone":"5"}},
{"type":"Feature","geometry":{"type":"Polygon","coordinates":[[[71.76642,21.49177],[71.76638,21.49339],[71.76157,21.49329],[71.76167,21.48878],[71.76239,21.4888],[71.76253,21.48884],[71.76291,21.48913],[71.76325,21.48941],[71.76368,21.48955],[71.76376,21.4898],[71.76395,21.48997],[71.76418,21.48994],[71.76457,21.4905],[71.76473,21.49077],[71.76498,21.49079],[71.76574,21.49087],[71.76599,21.49129],[71.76636,21.49174],[71.76642,21.49177]]]},"properties":{"Name":"Half","id_2":103,"left":164420,"top":2380220,"right":164920,"bottom":2379719.9999999995,"Area_SqM":184940.4572,"Peri_M":1831.7765,"Selected":"NotSelecte","Perc":91.5888,"Area_SqM2":184940.4572,"Peri_M2":1831.7765,"GridNum":57,"Zone":"5"}},
{"type":"Feature","geometry":{"type":"MultiPolygon","coordinates":[[[[71.76239,21.4888],[71.76167,21.48878],[71.76167,21.48841],[71.76179,21.48849],[71.7622,21.48874],[71.76239,21.4888]]],[[[71.76171,21.48682],[71.76176,21.48427],[71.76658,21.48437],[71.76651,21.48783],[71.76633,21.48773],[71.76566,21.48758],[71.76553,21.488],[71.76494,21.48778],[71.76457,21.48731],[71.7642,21.48662],[71.76364,21.48601],[71.76314,21.4855],[71.76291,21.48583],[71.7625,21.48634],[71.76171,21.48682]]]]},"properties":{"Name":"Half","id_2":104,"left":164420,"top":2379719.9999999995,"right":164920,"bottom":2379220,"Area_SqM":142705.8743,"Peri_M":2106.8765,"Selected":"NotSelecte","Perc":105.3438,"Area_SqM2":142705.8743,"Peri_M2":2106.8765,"GridNum":58,"Zone":"4"}},
{"type":"Feature","geometry":{"type":"Polygon","coordinates":[[[71.76186,21.47976],[71.76668,21.47986],[71.76658,21.48437],[71.76176,21.48427],[71.76186,21.47976]]]},"properties":{"Name":"Full","id_2":105,"left":164420,"top":2379220,"right":164920,"bottom":2378720,"Area_SqM":249812.3092,"Peri_M":1999.2491,"Selected":"NotSelecte","Perc":99.9625,"Area_SqM2":249812.3092,"Peri_M2":1999.2491,"GridNum":59,"Zone":"4"}},
{"type":"Feature","geometry":{"type":"Polygon","coordinates":[[[71.76196,21.47525],[71.76678,21.47535],[71.76668,21.47986],[71.76186,21.47976],[71.76196,21.47525]]]},"properties":{"Name":"Full","id_2":106,"left":164420,"top":2378720,"right":164920,"bottom":2378220,"Area_SqM":249812.377,"Peri_M":1999.2494,"Selected":"Selected","Perc":99.9625,"Area_SqM2":249812.377,"Peri_M2":1999.2494,"GridNum":60,"Zone":"4"}},
{"type":"Feature","geometry":{"type":"Polygon","coordinates":[[[71.76206,21.47074],[71.76688,21.47084],[71.76678,21.47535],[71.76196,21.47525],[71.76206,21.47074]]]},"properties":{"Name":"Full","id_2":107,"left":164420,"top":2378220,"right":164920,"bottom":2377720.0000000005,"Area_SqM":249812.4447,"Peri_M":1999.2496,"Selected":"Selected","Perc":99.9625,"Area_SqM2":249812.4447,"Peri_M2":1999.2496,"GridNum":61,"Zone":"4"}},
{"type":"Feature","geometry":{"type":"Polygon","coordinates":[[[71.76216,21.46623],[71.76698,21.46633],[71.76688,21.47084],[71.76206,21.47074],[71.76216,21.46623]]]},"properties":{"Name":"Full","id_2":108,"left":164420,"top":2377720.0000000005,"right":164920,"bottom":2377220,"Area_SqM":249812.5122,"Peri_M":1999.2499,"Selected":"Selected","Perc":99.9625,"Area_SqM2":249812.5122,"Peri_M2":1999.2499,"GridNum":62,"Zone":"4"}},
{"type":"Feature","geometry":{"type":"Polygon","coordinates":[[[71.76511,21.46178],[71.76708,21.46182],[71.76698,21.46633],[71.76216,21.46623],[71.76222,21.46362],[71.76255,21.46365],[71.76301,21.46373],[71.76318,21.46373],[71.7635,21.46383],[71.76368,21.46373],[71.76384,21.46348],[71.7639,21.46318],[71.76405,21.46294],[71.76419,21.46268],[71.76423,21.46219],[71.76462,21.46213],[71.76488,21.46201],[71.76497,21.46189],[71.76507,21.46182],[71.76511,21.46178]]]},"properties":{"Name":"Half","id_2":109,"left":164420,"top":2377220,"right":164920,"bottom":2376720,"Area_SqM":205436.1716,"Peri_M":1939.7998,"Selected":"Selected","Perc":96.99,"Area_SqM2":205436.1716,"Peri_M2":1939.7998,"GridNum":63,"Zone":"4"}},
{"type":"Feature","geometry":{"type":"Polygon","coordinates":[[[71.76708,21.46176],[71.76708,21.46182],[71.76511,21.46178],[71.76518,21.46171],[71.76541,21.46169],[71.76595,21.46162],[71.76708,21.46176]]]},"properties":{"Name":"Half","id_2":110,"left":164420,"top":2376720,"right":164920,"bottom":2376220,"Area_SqM":2564.5459,"Peri_M":420.0988,"Selected":"NotSelecte","Perc":21.0049,"Area_SqM2":2564.5459,"Peri_M2":420.0988,"GridNum":64,"Zone":"4"}},
{"type":"Feature","geometry":{"type":"Polygon","coordinates":[[[71.76618,21.50273],[71.76618,21.50241],[71.76638,21.50241],[71.76628,21.50262],[71.76618,21.50273]]]},"properties":{"Name":"Half","id_2":114,"left":164920,"top":2381720.0000000005,"right":165420,"bottom":2381220,"Area_SqM":426.3049,"Peri_M":97.9058,"Selected":"NotSelecte","Perc":4.8953,"Area_SqM2":426.3049,"Peri_M2":97.9058,"GridNum":65,"Zone":"5"}},
{"type":"Feature","geometry":{"type":"Polygon","coordinates":[[[71.76638,21.50241],[71.76618,21.50241],[71.76628,21.4979],[71.76812,21.49793],[71.76812,21.49807],[71.76803,21.4986],[71.76793,21.49912],[71.76778,21.49962],[71.76769,21.50004],[71.76772,21.50043],[71.76752,21.5009],[71.76728,21.50127],[71.76694,21.50152],[71.76657,21.5019],[71.76642,21.50234],[71.76638,21.50241]]]},"properties":{"Name":"Half","id_2":115,"left":164920,"top":2381220,"right":165420,"bottom":2380720,"Area_SqM":66790.1741,"Peri_M":1257.3896,"Selected":"NotSelecte","Perc":62.8695,"Area_SqM2":66790.1741,"Peri_M2":1257.3896,"GridNum":66,"Zone":"5"}},
{"type":"Feature","geometry":{"type":"Polygon","coordinates":[[[71.76812,21.49793],[71.76628,21.4979],[71.76638,21.49339],[71.76801,21.49342],[71.76802,21.49359],[71.76804,21.49368],[71.76852,21.49394],[71.76872,21.49411],[71.76867,21.49447],[71.76835,21.49458],[71.76825,21.49437],[71.76802,21.49438],[71.76785,21.49465],[71.76777,21.49499],[71.76811,21.49544],[71.76845,21.49601],[71.76863,21.49645],[71.76864,21.4969],[71.76845,21.49732],[71.76811,21.49764],[71.76812,21.49793]]]},"properties":{"Name":"Half","id_2":116,"left":164920,"top":2380720,"right":165420,"bottom":2380220,"Area_SqM":101914.0181,"Peri_M":1539.3702,"Selected":"NotSelecte","Perc":76.9685,"Area_SqM2":101914.0181,"Peri_M2":1539.3702,"GridNum":67,"Zone":"5"}},
{"type":"Feature","geometry":{"type":"Polygon","coordinates":[[[71.76801,21.49342],[71.76638,21.49339],[71.76642,21.49177],[71.76696,21.4921],[71.76743,21.49222],[71.76789,21.49238],[71.76796,21.49269],[71.76801,21.49342]]]},"properties":{"Name":"Half","id_2":117,"left":164920,"top":2380220,"right":165420,"bottom":2379719.9999999995,"Area_SqM":22864.9209,"Peri_M":631.876,"Selected":"NotSelecte","Perc":31.5938,"Area_SqM2":22864.9209,"Peri_M2":631.876,"GridNum":68,"Zone":"5"}},
{"type":"Feature","geometry":{"type":"Polygon","coordinates":[[[71.76651,21.48783],[71.76658,21.48437],[71.7714,21.48446],[71.77138,21.48541],[71.77135,21.48542],[71.77091,21.48556],[71.77042,21.48556],[71.76989,21.48543],[71.76964,21.48532],[71.76919,21.48525],[71.76861,21.48539],[71.76849,21.48548],[71.7683,21.48569],[71.7682,21.48587],[71.76811,21.48612],[71.76803,21.48635],[71.76793,21.48659],[71.768,21.48666],[71.76819,21.48745],[71.76791,21.48774],[71.7674,21.488],[71.76685,21.48798],[71.76662,21.48789],[71.76651,21.48783]]]},"properties":{"Name":"Half","id_2":118,"left":164920,"top":2379719.9999999995,"right":165420,"bottom":2379220,"Area_SqM":101341.8989,"Peri_M":1739.6858,"Selected":"NotSelecte","Perc":86.9843,"Area_SqM2":101341.8989,"Peri_M2":1739.6858,"GridNum":69,"Zone":"4"}},
{"type":"Feature","geometry":{"type":"Polygon","coordinates":[[[71.76668,21.47986],[71.7715,21.47995],[71.7714,21.48446],[71.76658,21.48437],[71.76668,21.47986]]]},"properties":{"Name":"Full","id_2":119,"left":164920,"top":2379220,"right":165420,"bottom":2378720,"Area_SqM":249816.1443,"Peri_M":1999.2644,"Selected":"NotSelecte","Perc":99.9632,"Area_SqM2":249816.1443,"Peri_M2":1999.2644,"GridNum":70,"Zone":"4"}},
{"type":"Feature","geometry":{"type":"Polygon","coordinates":[[[71.76678,21.47535],[71.7716,21.47544],[71.7715,21.47995],[71.76668,21.47986],[71.76678,21.47535]]]},"properties":{"Name":"Full","id_2":120,"left":164920,"top":2378720,"right":165420,"bottom":2378220,"Area_SqM":249816.212,"Peri_M":1999.2647,"Selected":"Selected","Perc":99.9632,"Area_SqM2":249816.212,"Peri_M2":1999.2647,"GridNum":71,"Zone":"4"}},
{"type":"Feature","geometry":{"type":"Polygon","coordinates":[[[71.76688,21.47084],[71.7717,21.47093],[71.7716,21.47544],[71.76678,21.47535],[71.76688,21.47084]]]},"properties":{"Name":"Full","id_2":121,"left":164920,"top":2378220,"right":165420,"bottom":2377720.0000000005,"Area_SqM":249816.2799,"Peri_M":1999.265,"Selected":"Selected","Perc":99.9633,"Area_SqM2":249816.2799,"Peri_M2":1999.265,"GridNum":72,"Zone":"4"}},
{"type":"Feature","geometry":{"type":"Polygon","coordinates":[[[71.76698,21.46633],[71.7718,21.46642],[71.7717,21.47093],[71.76688,21.47084],[71.76698,21.46633]]]},"properties":{"Name":"Full","id_2":122,"left":164920,"top":2377720.0000000005,"right":165420,"bottom":2377220,"Area_SqM":249816.3475,"Peri_M":1999.2653,"Selected":"NotSelecte","Perc":99.9633,"Area_SqM2":249816.3475,"Peri_M2":1999.2653,"GridNum":73,"Zone":"4"}},
{"type":"Feature","geometry":{"type":"Polygon","coordinates":[[[71.77117,21.46189],[71.7719,21.46191],[71.7718,21.46642],[71.76698,21.46633],[71.76708,21.46182],[71.76711,21.46182],[71.76708,21.46239],[71.76728,21.46267],[71.76761,21.4629],[71.76781,21.46292],[71.76836,21.463],[71.76918,21.46291],[71.77087,21.46342],[71.77102,21.46335],[71.77114,21.46204],[71.77117,21.46189]]]},"properties":{"Name":"Half","id_2":123,"left":164920,"top":2377220,"right":165420,"bottom":2376720,"Area_SqM":195826.25,"Peri_M":2248.8451,"Selected":"NotSelecte","Perc":112.4423,"Area_SqM2":195826.25,"Peri_M2":2248.8451,"GridNum":74,"Zone":"4"}},
{"type":"Feature","geometry":{"type":"MultiPolygon","coordinates":[[[[71.77017,21.45736],[71.772,21.4574],[71.77193,21.46064],[71.77157,21.45964],[71.7714,21.45956],[71.77121,21.4593],[71.77134,21.4588],[71.77131,21.45827],[71.77113,21.4578],[71.7708,21.45769],[71.77054,21.45759],[71.7703,21.45755],[71.77017,21.45736]]],[[[71.77191,21.46126],[71.7719,21.46191],[71.77117,21.46189],[71.77122,21.46166],[71.77163,21.46127],[71.77191,21.46126]]],[[[71.76711,21.46182],[71.76708,21.46182],[71.76708,21.46176],[71.76711,21.46176],[71.76711,21.46182]]]]},"properties":{"Name":"Half","id_2":124,"left":164920,"top":2376720,"right":165420,"bottom":2376220,"Area_SqM":27777.9668,"Peri_M":1290.1843,"Selected":"NotSelecte","Perc":64.5092,"Area_SqM2":27777.9668,"Peri_M2":1290.1843,"GridNum":75,"Zone":"4"}},
{"type":"Feature","geometry":{"type":"Polygon","coordinates":[[[71.77203,21.45613],[71.772,21.4574],[71.77017,21.45736],[71.77009,21.45725],[71.77,21.45709],[71.76995,21.45696],[71.77068,21.45674],[71.77051,21.45626],[71.77032,21.45627],[71.76982,21.45637],[71.76981,21.45625],[71.76997,21.45605],[71.77002,21.4558],[71.76982,21.45577],[71.76978,21.45517],[71.76994,21.45516],[71.77018,21.45509],[71.77075,21.4552],[71.7713,21.45539],[71.77153,21.45564],[71.7717,21.45592],[71.77203,21.45613]]]},"properties":{"Name":"Half","id_2":125,"left":164920,"top":2376220,"right":165420,"bottom":2375719.9999999995,"Area_SqM":43320.4767,"Peri_M":1024.1543,"Selected":"NotSelecte","Perc":51.2077,"Area_SqM2":43320.4767,"Peri_M2":1024.1543,"GridNum":76,"Zone":"4"}},
{"type":"Feature","geometry":{"type":"Polygon","coordinates":[[[71.77138,21.48541],[71.7714,21.48446],[71.77206,21.48447],[71.772,21.48486],[71.77184,21.48489],[71.77173,21.48491],[71.77182,21.4853],[71.77138,21.48541]]]},"properties":{"Name":"Half","id_2":132,"left":165420,"top":2379719.9999999995,"right":165920,"bottom":2379220,"Area_SqM":5112.5742,"Peri_M":335.4016,"Selected":"NotSelecte","Perc":16.7701,"Area_SqM2":5112.5742,"Peri_M2":335.4016,"GridNum":77,"Zone":"4"}},
{"type":"Feature","geometry":{"type":"Polygon","coordinates":[[[71.77206,21.48447],[71.7714,21.48446],[71.7715,21.47995],[71.77354,21.47999],[71.77354,21.48003],[71.77339,21.48048],[71.77306,21.48068],[71.77273,21.48083],[71.77246,21.48086],[71.77236,21.48105],[71.77255,21.48116],[71.77296,21.48123],[71.7734,21.48127],[71.77384,21.48139],[71.77398,21.48166],[71.77393,21.48207],[71.77377,21.48252],[71.77346,21.48287],[71.77306,21.48328],[71.77275,21.4836],[71.77242,21.48383],[71.77221,21.48409],[71.77207,21.48439],[71.77206,21.48447]]]},"properties":{"Name":"Half","id_2":133,"left":165420,"top":2379220,"right":165920,"bottom":2378720,"Area_SqM":89777.2354,"Peri_M":1541.5106,"Selected":"NotSelecte","Perc":77.0755,"Area_SqM2":89777.2354,"Peri_M2":1541.5106,"GridNum":78,"Zone":"4"}},
{"type":"Feature","geometry":{"type":"Polygon","coordinates":[[[71.77354,21.47999],[71.7715,21.47995],[71.7716,21.47544],[71.77642,21.47553],[71.77634,21.47934],[71.77625,21.4793],[71.77593,21.47902],[71.77554,21.47878],[71.77514,21.4787],[71.77478,21.4787],[71.77441,21.4788],[71.77427,21.47913],[71.77422,21.4797],[71.77409,21.47955],[71.77384,21.47954],[71.77359,21.47959],[71.77354,21.47999]]]},"properties":{"Name":"Half","id_2":134,"left":165420,"top":2378720,"right":165920,"bottom":2378220,"Area_SqM":218857.9458,"Peri_M":2078.2884,"Selected":"Selected","Perc":103.9144,"Area_SqM2":218857.9458,"Peri_M2":2078.2884,"GridNum":79,"Zone":"4"}},
{"type":"Feature","geometry":{"type":"Polygon","coordinates":[[[71.7717,21.47093],[71.77652,21.47102],[71.77642,21.47553],[71.7716,21.47544],[71.7717,21.47093]]]},"properties":{"Name":"Full","id_2":135,"left":165420,"top":2378220,"right":165920,"bottom":2377720.0000000005,"Area_SqM":249820.115,"Peri_M":1999.2803,"Selected":"Selected","Perc":99.964,"Area_SqM2":249820.115,"Peri_M2":1999.2803,"GridNum":80,"Zone":"4"}},
{"type":"Feature","geometry":{"type":"Polygon","coordinates":[[[71.7718,21.46642],[71.77662,21.46651],[71.77652,21.47102],[71.7717,21.47093],[71.7718,21.46642]]]},"properties":{"Name":"Full","id_2":136,"left":165420,"top":2377720.0000000005,"right":165920,"bottom":2377220,"Area_SqM":249820.183,"Peri_M":1999.2806,"Selected":"NotSelecte","Perc":99.964,"Area_SqM2":249820.183,"Peri_M2":1999.2806,"GridNum":81,"Zone":"4"}},
{"type":"Feature","geometry":{"type":"Polygon","coordinates":[[[71.7719,21.46191],[71.77672,21.462],[71.77662,21.46651],[71.7718,21.46642],[71.7719,21.46191]]]},"properties":{"Name":"Full","id_2":137,"left":165420,"top":2377220,"right":165920,"bottom":2376720,"Area_SqM":249820.2511,"Peri_M":1999.2809,"Selected":"NotSelecte","Perc":99.964,"Area_SqM2":249820.2511,"Peri_M2":1999.2809,"GridNum":82,"Zone":"4"}},
{"type":"Feature","geometry":{"type":"Polygon","coordinates":[[[71.77193,21.46064],[71.772,21.4574],[71.77682,21.45749],[71.77672,21.462],[71.7719,21.46191],[71.77191,21.46126],[71.77215,21.46125],[71.77193,21.46064]]]},"properties":{"Name":"Half","id_2":138,"left":165420,"top":2376720,"right":165920,"bottom":2376220,"Area_SqM":248986.7544,"Peri_M":2026.3781,"Selected":"NotSelecte","Perc":101.3189,"Area_SqM2":248986.7544,"Peri_M2":2026.3781,"GridNum":83,"Zone":"4"}},
{"type":"Feature","geometry":{"type":"Polygon","coordinates":[[[71.77685,21.45582],[71.77682,21.45749],[71.772,21.4574],[71.77203,21.45613],[71.77213,21.4562],[71.77238,21.45612],[71.77272,21.45606],[71.7734,21.45594],[71.77454,21.45588],[71.77531,21.45568],[71.77661,21.4556],[71.77685,21.45582]]]},"properties":{"Name":"Half","id_2":139,"left":165420,"top":2376220,"right":165920,"bottom":2375719.9999999995,"Area_SqM":88443.9301,"Peri_M":1344.9585,"Selected":"NotSelecte","Perc":67.2479,"Area_SqM2":88443.9301,"Peri_M2":1344.9585,"GridNum":84,"Zone":"4"}},
{"type":"Feature","geometry":{"type":"Polygon","coordinates":[[[71.7798,21.48914],[71.78094,21.48916],[71.78087,21.4923],[71.78047,21.4919],[71.77986,21.49085],[71.77985,21.49015],[71.77982,21.48916],[71.7798,21.48914]]]},"properties":{"Name":"Half","id_2":145,"left":165920,"top":2380220,"right":166420,"bottom":2379719.9999999995,"Area_SqM":30924.3998,"Peri_M":849.1759,"Selected":"NotSelecte","Perc":42.4588,"Area_SqM2":30924.3998,"Peri_M2":849.1759,"GridNum":85,"Zone":"3"}},
{"type":"Feature","geometry":{"type":"Polygon","coordinates":[[[71.77804,21.48459],[71.78104,21.48465],[71.78094,21.48916],[71.7798,21.48914],[71.77933,21.48805],[71.7789,21.4868],[71.77852,21.48587],[71.7783,21.48522],[71.77821,21.48509],[71.77809,21.48493],[71.77804,21.48459]]]},"properties":{"Name":"Half","id_2":146,"left":165920,"top":2379719.9999999995,"right":166420,"bottom":2379220,"Area_SqM":108324.2018,"Peri_M":1467.399,"Selected":"NotSelecte","Perc":73.37,"Area_SqM2":108324.2018,"Peri_M2":1467.399,"GridNum":86,"Zone":"3"}},
{"type":"Feature","geometry":{"type":"Polygon","coordinates":[[[71.77728,21.48006],[71.78114,21.48014],[71.78104,21.48465],[71.77804,21.48459],[71.77804,21.48458],[71.77798,21.4841],[71.77782,21.48339],[71.77762,21.48219],[71.77743,21.4812],[71.7773,21.48049],[71.77728,21.48006]]]},"properties":{"Name":"Half","id_2":147,"left":165920,"top":2379220,"right":166420,"bottom":2378720,"Area_SqM":178829.3707,"Peri_M":1720.2746,"Selected":"Selected","Perc":86.0137,"Area_SqM2":178829.3707,"Peri_M2":1720.2746,"GridNum":87,"Zone":"3"}},
{"type":"Feature","geometry":{"type":"Polygon","coordinates":[[[71.77634,21.47934],[71.77642,21.47553],[71.78124,21.47563],[71.78114,21.48014],[71.77728,21.48006],[71.77727,21.48],[71.7772,21.47959],[71.77667,21.47949],[71.77634,21.47934]]]},"properties":{"Name":"Half","id_2":148,"left":165920,"top":2378720,"right":166420,"bottom":2378220,"Area_SqM":243995.9323,"Peri_M":1969.0583,"Selected":"NotSelecte","Perc":98.4529,"Area_SqM2":243995.9323,"Peri_M2":1969.0583,"GridNum":88,"Zone":"3"}},
{"type":"Feature","geometry":{"type":"Polygon","coordinates":[[[71.77652,21.47102],[71.78134,21.47112],[71.78124,21.47563],[71.77642,21.47553],[71.77652,21.47102]]]},"properties":{"Name":"Full","id_2":149,"left":165920,"top":2378220,"right":166420,"bottom":2377720.0000000005,"Area_SqM":249823.9504,"Peri_M":1999.2957,"Selected":"Selected","Perc":99.9648,"Area_SqM2":249823.9504,"Peri_M2":1999.2957,"GridNum":89,"Zone":"4"}},
{"type":"Feature","geometry":{"type":"Polygon","coordinates":[[[71.77662,21.46651],[71.78144,21.4666],[71.78134,21.47112],[71.77652,21.47102],[71.77662,21.46651]]]},"properties":{"Name":"Full","id_2":150,"left":165920,"top":2377720.0000000005,"right":166420,"bottom":2377220,"Area_SqM":249824.0187,"Peri_M":1999.296,"Selected":"NotSelecte","Perc":99.9648,"Area_SqM2":249824.0187,"Peri_M2":1999.296,"GridNum":90,"Zone":"4"}},
{"type":"Feature","geometry":{"type":"Polygon","coordinates":[[[71.77672,21.462],[71.78154,21.46209],[71.78144,21.4666],[71.77662,21.46651],[71.77672,21.462]]]},"properties":{"Name":"Full","id_2":151,"left":165920,"top":2377220,"right":166420,"bottom":2376720,"Area_SqM":249824.0865,"Peri_M":1999.2962,"Selected":"NotSelecte","Perc":99.9648,"Area_SqM2":249824.0865,"Peri_M2":1999.2962,"GridNum":91,"Zone":"4"}},
{"type":"Feature","geometry":{"type":"Polygon","coordinates":[[[71.78161,21.45895],[71.78154,21.46209],[71.77672,21.462],[71.77682,21.45749],[71.77785,21.45751],[71.77794,21.45786],[71.77831,21.45839],[71.77871,21.45859],[71.77928,21.45869],[71.78055,21.45901],[71.78115,21.459],[71.78161,21.45895]]]},"properties":{"Name":"Half","id_2":152,"left":165920,"top":2376720,"right":166420,"bottom":2376220,"Area_SqM":198960.425,"Peri_M":1917.9868,"Selected":"NotSelecte","Perc":95.8993,"Area_SqM2":198960.425,"Peri_M2":1917.9868,"GridNum":92,"Zone":"4"}},
{"type":"Feature","geometry":{"type":"Polygon","coordinates":[[[71.77785,21.45751],[71.77682,21.45749],[71.77685,21.45582],[71.77711,21.45605],[71.77751,21.45664],[71.77779,21.45728],[71.77785,21.45751]]]},"properties":{"Name":"Half","id_2":153,"left":165920,"top":2376220,"right":166420,"bottom":2375719.9999999995,"Area_SqM":12095.7264,"Peri_M":509.7031,"Selected":"NotSelecte","Perc":25.4852,"Area_SqM2":12095.7264,"Peri_M2":509.7031,"GridNum":93,"Zone":"4"}},
{"type":"Feature","geometry":{"type":"Polygon","coordinates":[[[71.78122,21.49367],[71.78566,21.49376],[71.78559,21.49714],[71.78542,21.4972],[71.78507,21.49723],[71.78431,21.49733],[71.7837,21.49687],[71.78317,21.49634],[71.78246,21.49572],[71.78184,21.49519],[71.78139,21.4948],[71.78122,21.49371],[71.78122,21.49367]]]},"properties":{"Name":"Half","id_2":158,"left":166420,"top":2380720,"right":166920,"bottom":2380220,"Area_SqM":133427.316,"Peri_M":1508.6624,"Selected":"NotSelecte","Perc":75.4331,"Area_SqM2":133427.316,"Peri_M2":1508.6624,"GridNum":94,"Zone":"3"}},
{"type":"Feature","geometry":{"type":"Polygon","coordinates":[[[71.78087,21.4923],[71.78094,21.48916],[71.78576,21.48925],[71.78566,21.49376],[71.78122,21.49367],[71.78124,21.49329],[71.78105,21.49247],[71.78087,21.4923]]]},"properties":{"Name":"Half","id_2":159,"left":166420,"top":2380220,"right":166920,"bottom":2379719.9999999995,"Area_SqM":245292.7496,"Peri_M":1970.4952,"Selected":"NotSelecte","Perc":98.5248,"Area_SqM2":245292.7496,"Peri_M2":1970.4952,"GridNum":95,"Zone":"3"}},
{"type":"Feature","geometry":{"type":"Polygon","coordinates":[[[71.78104,21.48465],[71.78586,21.48474],[71.78576,21.48925],[71.78094,21.48916],[71.78104,21.48465]]]},"properties":{"Name":"Full","id_2":160,"left":166420,"top":2379719.9999999995,"right":166920,"bottom":2379220,"Area_SqM":249827.5813,"Peri_M":1999.3102,"Selected":"Selected","Perc":99.9655,"Area_SqM2":249827.5813,"Peri_M2":1999.3102,"GridNum":96,"Zone":"3"}},
{"type":"Feature","geometry":{"type":"Polygon","coordinates":[[[71.78114,21.48014],[71.78596,21.48023],[71.78586,21.48474],[71.78104,21.48465],[71.78114,21.48014]]]},"properties":{"Name":"Full","id_2":161,"left":166420,"top":2379220,"right":166920,"bottom":2378720,"Area_SqM":249827.6497,"Peri_M":1999.3105,"Selected":"NotSelecte","Perc":99.9655,"Area_SqM2":249827.6497,"Peri_M2":1999.3105,"GridNum":97,"Zone":"3"}},
{"type":"Feature","geometry":{"type":"Polygon","coordinates":[[[71.78124,21.47563],[71.78606,21.47572],[71.78596,21.48023],[71.78114,21.48014],[71.78124,21.47563]]]},"properties":{"Name":"Full","id_2":162,"left":166420,"top":2378720,"right":166920,"bottom":2378220,"Area_SqM":249827.7179,"Peri_M":1999.3108,"Selected":"NotSelecte","Perc":99.9655,"Area_SqM2":249827.7179,"Peri_M2":1999.3108,"GridNum":98,"Zone":"3"}},
{"type":"Feature","geometry":{"type":"Polygon","coordinates":[[[71.78134,21.47112],[71.78616,21.47121],[71.78606,21.47572],[71.78124,21.47563],[71.78134,21.47112]]]},"properties":{"Name":"Full","id_2":163,"left":166420,"top":2378220,"right":166920,"bottom":2377720.0000000005,"Area_SqM":249827.786,"Peri_M":1999.311,"Selected":"Selected","Perc":99.9656,"Area_SqM2":249827.786,"Peri_M2":1999.311,"GridNum":99,"Zone":"4"}},
{"type":"Feature","geometry":{"type":"Polygon","coordinates":[[[71.78144,21.4666],[71.78626,21.4667],[71.78616,21.47121],[71.78134,21.47112],[71.78144,21.4666]]]},"properties":{"Name":"Full","id_2":164,"left":166420,"top":2377720.0000000005,"right":166920,"bottom":2377220,"Area_SqM":249827.8542,"Peri_M":1999.3113,"Selected":"NotSelecte","Perc":99.9656,"Area_SqM2":249827.8542,"Peri_M2":1999.3113,"GridNum":100,"Zone":"4"}},
{"type":"Feature","geometry":{"type":"Polygon","coordinates":[[[71.78154,21.46209],[71.78636,21.46219],[71.78626,21.4667],[71.78144,21.4666],[71.78154,21.46209]]]},"properties":{"Name":"Full","id_2":165,"left":166420,"top":2377220,"right":166920,"bottom":2376720,"Area_SqM":249827.9222,"Peri_M":1999.3116,"Selected":"Selected","Perc":99.9656,"Area_SqM2":249827.9222,"Peri_M2":1999.3116,"GridNum":101,"Zone":"4"}},
{"type":"Feature","geometry":{"type":"Polygon","coordinates":[[[71.7864,21.45994],[71.78636,21.46219],[71.78154,21.46209],[71.78161,21.45895],[71.78201,21.45891],[71.78279,21.45915],[71.78289,21.45924],[71.78295,21.45949],[71.78323,21.46088],[71.78396,21.46094],[71.78433,21.46072],[71.7848,21.46044],[71.78563,21.46003],[71.7864,21.45994]]]},"properties":{"Name":"Half","id_2":166,"left":166420,"top":2376720,"right":166920,"bottom":2376220,"Area_SqM":116772.5015,"Peri_M":1782.4228,"Selected":"Selected","Perc":89.1211,"Area_SqM2":116772.5015,"Peri_M2":1782.4228,"GridNum":102,"Zone":"4"}},
{"type":"Feature","geometry":{"type":"Polygon","coordinates":[[[71.78788,21.50734],[71.79018,21.50738],[71.79013,21.50996],[71.78995,21.50988],[71.78954,21.50996],[71.78925,21.50968],[71.78872,21.50929],[71.78836,21.50896],[71.78821,21.50846],[71.78831,21.50803],[71.78816,21.5078],[71.78787,21.50739],[71.78788,21.50734]]]},"properties":{"Name":"Half","id_2":169,"left":166920,"top":2382220,"right":167420,"bottom":2381720.0000000005,"Area_SqM":49505.2354,"Peri_M":949.3396,"Selected":"NotSelecte","Perc":47.467,"Area_SqM2":49505.2354,"Peri_M2":949.3396,"GridNum":103,"Zone":"3"}},
{"type":"Feature","geometry":{"type":"Polygon","coordinates":[[[71.78637,21.5028],[71.79028,21.50287],[71.79018,21.50738],[71.78788,21.50734],[71.78791,21.50721],[71.78804,21.50705],[71.78818,21.50675],[71.78809,21.50657],[71.78709,21.5063],[71.78661,21.50579],[71.78634,21.50502],[71.78606,21.50465],[71.78591,21.50416],[71.78611,21.50341],[71.78631,21.50286],[71.78637,21.5028]]]},"properties":{"Name":"Half","id_2":170,"left":166920,"top":2381720.0000000005,"right":167420,"bottom":2381220,"Area_SqM":185125.1545,"Peri_M":1778.429,"Selected":"NotSelecte","Perc":88.9215,"Area_SqM2":185125.1545,"Peri_M2":1778.429,"GridNum":104,"Zone":"3"}},
{"type":"Feature","geometry":{"type":"Polygon","coordinates":[[[71.78889,21.49833],[71.79038,21.49836],[71.79028,21.50287],[71.78637,21.5028],[71.78717,21.50191],[71.78747,21.50159],[71.78777,21.50141],[71.78792,21.50134],[71.78819,21.50131],[71.78845,21.50128],[71.78869,21.50129],[71.78894,21.5013],[71.78918,21.50133],[71.78935,21.5014],[71.78975,21.50149],[71.78998,21.50146],[71.78978,21.50123],[71.78977,21.50097],[71.78975,21.50072],[71.78958,21.50043],[71.78929,21.50026],[71.78907,21.50003],[71.7887,21.49945],[71.78869,21.49896],[71.78889,21.49833]]]},"properties":{"Name":"Half","id_2":171,"left":166920,"top":2381220,"right":167420,"bottom":2380720,"Area_SqM":97137.1188,"Peri_M":1905.0926,"Selected":"NotSelecte","Perc":95.2546,"Area_SqM2":97137.1188,"Peri_M2":1905.0926,"GridNum":105,"Zone":"3"}},
{"type":"Feature","geometry":{"type":"Polygon","coordinates":[[[71.78559,21.49714],[71.78566,21.49376],[71.79048,21.49385],[71.79038,21.49836],[71.78889,21.49833],[71.7889,21.49833],[71.78925,21.49756],[71.78948,21.49702],[71.78965,21.49628],[71.78987,21.49536],[71.79013,21.49449],[71.79008,21.49423],[71.78956,21.49426],[71.78907,21.49428],[71.78871,21.49434],[71.78859,21.49446],[71.78867,21.49513],[71.78825,21.49537],[71.78778,21.49559],[71.78713,21.49609],[71.78662,21.49639],[71.78632,21.49651],[71.786,21.49677],[71.78582,21.49707],[71.78559,21.49714]]]},"properties":{"Name":"Half","id_2":172,"left":166920,"top":2380720,"right":167420,"bottom":2380220,"Area_SqM":126549.6401,"Peri_M":2635.9466,"Selected":"NotSelecte","Perc":131.7973,"Area_SqM2":126549.6401,"Peri_M2":2635.9466,"GridNum":106,"Zone":"3"}},
{"type":"Feature","geometry":{"type":"Polygon","coordinates":[[[71.78576,21.48925],[71.79058,21.48934],[71.79048,21.49385],[71.78566,21.49376],[71.78576,21.48925]]]},"properties":{"Name":"Full","id_2":173,"left":166920,"top":2380220,"right":167420,"bottom":2379719.9999999995,"Area_SqM":249831.3484,"Peri_M":1999.3253,"Selected":"NotSelecte","Perc":99.9663,"Area_SqM2":249831.3484,"Peri_M2":1999.3253,"GridNum":107,"Zone":"3"}},
{"type":"Feature","geometry":{"type":"Polygon","coordinates":[[[71.78586,21.48474],[71.79068,21.48483],[71.79058,21.48934],[71.78576,21.48925],[71.78586,21.48474]]]},"properties":{"Name":"Full","id_2":174,"left":166920,"top":2379719.9999999995,"right":167420,"bottom":2379220,"Area_SqM":249831.4166,"Peri_M":1999.3256,"Selected":"Selected","Perc":99.9663,"Area_SqM2":249831.4166,"Peri_M2":1999.3256,"GridNum":108,"Zone":"3"}},
{"type":"Feature","geometry":{"type":"Polygon","coordinates":[[[71.78596,21.48023],[71.79078,21.48032],[71.79068,21.48483],[71.78586,21.48474],[71.78596,21.48023]]]},"properties":{"Name":"Full","id_2":175,"left":166920,"top":2379220,"right":167420,"bottom":2378720,"Area_SqM":249831.4851,"Peri_M":1999.3258,"Selected":"Selected","Perc":99.9663,"Area_SqM2":249831.4851,"Peri_M2":1999.3258,"GridNum":109,"Zone":"3"}},
{"type":"Feature","geometry":{"type":"Polygon","coordinates":[[[71.78606,21.47572],[71.79088,21.47581],[71.79078,21.48032],[71.78596,21.48023],[71.78606,21.47572]]]},"properties":{"Name":"Full","id_2":176,"left":166920,"top":2378720,"right":167420,"bottom":2378220,"Area_SqM":249831.5532,"Peri_M":1999.3261,"Selected":"NotSelecte","Perc":99.9663,"Area_SqM2":249831.5532,"Peri_M2":1999.3261,"GridNum":110,"Zone":"3"}},
{"type":"Feature","geometry":{"type":"Polygon","coordinates":[[[71.78616,21.47121],[71.79098,21.4713],[71.79088,21.47581],[71.78606,21.47572],[71.78616,21.47121]]]},"properties":{"Name":"Full","id_2":177,"left":166920,"top":2378220,"right":167420,"bottom":2377720.0000000005,"Area_SqM":249831.6213,"Peri_M":1999.3264,"Selected":"Selected","Perc":99.9663,"Area_SqM2":249831.6213,"Peri_M2":1999.3264,"GridNum":111,"Zone":"4"}},
{"type":"Feature","geometry":{"type":"Polygon","coordinates":[[[71.78626,21.4667],[71.79107,21.46679],[71.79098,21.4713],[71.78616,21.47121],[71.78626,21.4667]]]},"properties":{"Name":"Full","id_2":178,"left":166920,"top":2377720.0000000005,"right":167420,"bottom":2377220,"Area_SqM":249831.6898,"Peri_M":1999.3266,"Selected":"NotSelecte","Perc":99.9663,"Area_SqM2":249831.6898,"Peri_M2":1999.3266,"GridNum":112,"Zone":"4"}},
{"type":"Feature","geometry":{"type":"Polygon","coordinates":[[[71.78636,21.46219],[71.79117,21.46228],[71.79107,21.46679],[71.78626,21.4667],[71.78636,21.46219]]]},"properties":{"Name":"Full","id_2":179,"left":166920,"top":2377220,"right":167420,"bottom":2376720,"Area_SqM":249831.7579,"Peri_M":1999.3269,"Selected":"NotSelecte","Perc":99.9663,"Area_SqM2":249831.7579,"Peri_M2":1999.3269,"GridNum":113,"Zone":"2"}},
{"type":"Feature","geometry":{"type":"Polygon","coordinates":[[[71.78796,21.45771],[71.79127,21.45777],[71.79117,21.46228],[71.78636,21.46219],[71.7864,21.45994],[71.78659,21.45991],[71.78708,21.45985],[71.7873,21.45972],[71.78752,21.45911],[71.78785,21.45814],[71.78796,21.45771]]]},"properties":{"Name":"Half","id_2":180,"left":166920,"top":2376720,"right":167420,"bottom":2376220,"Area_SqM":219830.8889,"Peri_M":1924.6939,"Selected":"NotSelecte","Perc":96.2347,"Area_SqM2":219830.8889,"Peri_M2":1924.6939,"GridNum":114,"Zone":"2"}},
{"type":"Feature","geometry":{"type":"Polygon","coordinates":[[[71.78826,21.4532],[71.79137,21.45326],[71.79127,21.45777],[71.78796,21.45771],[71.78814,21.45693],[71.78854,21.4559],[71.78865,21.45547],[71.78884,21.45525],[71.78937,21.45533],[71.78975,21.45531],[71.78984,21.4552],[71.79019,21.45446],[71.79021,21.4541],[71.78964,21.45397],[71.78834,21.45383],[71.78824,21.45342],[71.78826,21.4532]]]},"properties":{"Name":"Half","id_2":181,"left":166920,"top":2376220,"right":167420,"bottom":2375719.9999999995,"Area_SqM":128709.6393,"Peri_M":1964.1038,"Selected":"NotSelecte","Perc":98.2052,"Area_SqM2":128709.6393,"Peri_M2":1964.1038,"GridNum":115,"Zone":"2"}},
{"type":"Feature","geometry":{"type":"Polygon","coordinates":[[[71.7914,21.45213],[71.79137,21.45326],[71.78826,21.4532],[71.78829,21.45302],[71.78834,21.45273],[71.78847,21.45246],[71.78864,21.45226],[71.78893,21.45205],[71.78935,21.45197],[71.79004,21.45198],[71.79107,21.45207],[71.7914,21.45213]]]},"properties":{"Name":"Half","id_2":182,"left":166920,"top":2375719.9999999995,"right":167420,"bottom":2375220,"Area_SqM":40554.5646,"Peri_M":857.0155,"Selected":"NotSelecte","Perc":42.8508,"Area_SqM2":40554.5646,"Peri_M2":857.0155,"GridNum":116,"Zone":"2"}},
{"type":"Feature","geometry":{"type":"Polygon","coordinates":[[[71.79013,21.50996],[71.79018,21.50738],[71.795,21.50748],[71.79491,21.51164],[71.79446,21.51149],[71.79405,21.51133],[71.79397,21.51115],[71.7938,21.51099],[71.7933,21.51077],[71.79301,21.51067],[71.79242,21.51056],[71.79195,21.51056],[71.79171,21.51073],[71.79133,21.51065],[71.79088,21.51045],[71.79035,21.51006],[71.79013,21.50996]]]},"properties":{"Name":"Half","id_2":183,"left":167420,"top":2382220,"right":167920,"bottom":2381720.0000000005,"Area_SqM":184475.7466,"Peri_M":1809.3669,"Selected":"Selected","Perc":90.4683,"Area_SqM2":184475.7466,"Peri_M2":1809.3669,"GridNum":117,"Zone":"3"}},
{"type":"Feature","geometry":{"type":"Polygon","coordinates":[[[71.79028,21.50287],[71.7951,21.50297],[71.795,21.50748],[71.79018,21.50738],[71.79028,21.50287]]]},"properties":{"Name":"Full","id_2":184,"left":167420,"top":2381720.0000000005,"right":167920,"bottom":2381220,"Area_SqM":249834.9781,"Peri_M":1999.3398,"Selected":"Selected","Perc":99.967,"Area_SqM2":249834.9781,"Peri_M2":1999.3398,"GridNum":118,"Zone":"3"}},
{"type":"Feature","geometry":{"type":"Polygon","coordinates":[[[71.79038,21.49836],[71.7952,21.49846],[71.7951,21.50297],[71.79028,21.50287],[71.79038,21.49836]]]},"properties":{"Name":"Full","id_2":185,"left":167420,"top":2381220,"right":167920,"bottom":2380720,"Area_SqM":249835.0464,"Peri_M":1999.3401,"Selected":"NotSelecte","Perc":99.967,"Area_SqM2":249835.0464,"Peri_M2":1999.3401,"GridNum":119,"Zone":"3"}},
{"type":"Feature","geometry":{"type":"Polygon","coordinates":[[[71.79048,21.49385],[71.7953,21.49395],[71.7952,21.49846],[71.79038,21.49836],[71.79048,21.49385]]]},"properties":{"Name":"Full","id_2":186,"left":167420,"top":2380720,"right":167920,"bottom":2380220,"Area_SqM":249835.115,"Peri_M":1999.3404,"Selected":"NotSelecte","Perc":99.967,"Area_SqM2":249835.115,"Peri_M2":1999.3404,"GridNum":120,"Zone":"3"}},
{"type":"Feature","geometry":{"type":"Polygon","coordinates":[[[71.79058,21.48934],[71.7954,21.48944],[71.7953,21.49395],[71.79048,21.49385],[71.79058,21.48934]]]},"properties":{"Name":"Full","id_2":187,"left":167420,"top":2380220,"right":167920,"bottom":2379719.9999999995,"Area_SqM":249835.1835,"Peri_M":1999.3406,"Selected":"NotSelecte","Perc":99.967,"Area_SqM2":249835.1835,"Peri_M2":1999.3406,"GridNum":121,"Zone":"3"}},
{"type":"Feature","geometry":{"type":"Polygon","coordinates":[[[71.79068,21.48483],[71.7955,21.48492],[71.7954,21.48944],[71.79058,21.48934],[71.79068,21.48483]]]},"properties":{"Name":"Full","id_2":188,"left":167420,"top":2379719.9999999995,"right":167920,"bottom":2379220,"Area_SqM":249835.2517,"Peri_M":1999.3409,"Selected":"NotSelecte","Perc":99.967,"Area_SqM2":249835.2517,"Peri_M2":1999.3409,"GridNum":122,"Zone":"1"}},
{"type":"Feature","geometry":{"type":"Polygon","coordinates":[[[71.79078,21.48032],[71.7956,21.48041],[71.7955,21.48492],[71.79068,21.48483],[71.79078,21.48032]]]},"properties":{"Name":"Full","id_2":189,"left":167420,"top":2379220,"right":167920,"bottom":2378720,"Area_SqM":249835.3202,"Peri_M":1999.3412,"Selected":"Selected","Perc":99.9671,"Area_SqM2":249835.3202,"Peri_M2":1999.3412,"GridNum":123,"Zone":"1"}},
{"type":"Feature","geometry":{"type":"Polygon","coordinates":[[[71.79088,21.47581],[71.7957,21.4759],[71.7956,21.48041],[71.79078,21.48032],[71.79088,21.47581]]]},"properties":{"Name":"Full","id_2":190,"left":167420,"top":2378720,"right":167920,"bottom":2378220,"Area_SqM":249835.3887,"Peri_M":1999.3414,"Selected":"Selected","Perc":99.9671,"Area_SqM2":249835.3887,"Peri_M2":1999.3414,"GridNum":124,"Zone":"1"}},
{"type":"Feature","geometry":{"type":"Polygon","coordinates":[[[71.79098,21.4713],[71.79579,21.47139],[71.7957,21.4759],[71.79088,21.47581],[71.79098,21.4713]]]},"properties":{"Name":"Full","id_2":191,"left":167420,"top":2378220,"right":167920,"bottom":2377720.0000000005,"Area_SqM":249835.457,"Peri_M":1999.3417,"Selected":"Selected","Perc":99.9671,"Area_SqM2":249835.457,"Peri_M2":1999.3417,"GridNum":125,"Zone":"1"}},
{"type":"Feature","geometry":{"type":"Polygon","coordinates":[[[71.79107,21.46679],[71.79589,21.46688],[71.79579,21.47139],[71.79098,21.4713],[71.79107,21.46679]]]},"properties":{"Name":"Full","id_2":192,"left":167420,"top":2377720.0000000005,"right":167920,"bottom":2377220,"Area_SqM":249835.5253,"Peri_M":1999.342,"Selected":"NotSelecte","Perc":99.9671,"Area_SqM2":249835.5253,"Peri_M2":1999.342,"GridNum":126,"Zone":"2"}},
{"type":"Feature","geometry":{"type":"Polygon","coordinates":[[[71.79117,21.46228],[71.79599,21.46237],[71.79589,21.46688],[71.79107,21.46679],[71.79117,21.46228]]]},"properties":{"Name":"Full","id_2":193,"left":167420,"top":2377220,"right":167920,"bottom":2376720,"Area_SqM":249835.5939,"Peri_M":1999.3423,"Selected":"Selected","Perc":99.9671,"Area_SqM2":249835.5939,"Peri_M2":1999.3423,"GridNum":127,"Zone":"2"}},
{"type":"Feature","geometry":{"type":"Polygon","coordinates":[[[71.79127,21.45777],[71.79609,21.45786],[71.79599,21.46237],[71.79117,21.46228],[71.79127,21.45777]]]},"properties":{"Name":"Full","id_2":194,"left":167420,"top":2376720,"right":167920,"bottom":2376220,"Area_SqM":249835.6622,"Peri_M":1999.3425,"Selected":"Selected","Perc":99.9671,"Area_SqM2":249835.6622,"Peri_M2":1999.3425,"GridNum":128,"Zone":"2"}},
{"type":"Feature","geometry":{"type":"Polygon","coordinates":[[[71.79615,21.45521],[71.79609,21.45786],[71.79127,21.45777],[71.79137,21.45326],[71.79315,21.45329],[71.79336,21.45384],[71.7938,21.45429],[71.79444,21.45475],[71.79546,21.45514],[71.79615,21.45521]]]},"properties":{"Name":"Half","id_2":195,"left":167420,"top":2376220,"right":167920,"bottom":2375719.9999999995,"Area_SqM":202545.913,"Peri_M":1879.9235,"Selected":"Selected","Perc":93.9962,"Area_SqM2":202545.913,"Peri_M2":1879.9235,"GridNum":129,"Zone":"2"}},
{"type":"Feature","geometry":{"type":"Polygon","coordinates":[[[71.79315,21.45329],[71.79137,21.45326],[71.7914,21.45213],[71.79251,21.45231],[71.79303,21.45248],[71.7931,21.45317],[71.79315,21.45329]]]},"properties":{"Name":"Half","id_2":196,"left":167420,"top":2375719.9999999995,"right":167920,"bottom":2375220,"Area_SqM":19361.5062,"Peri_M":575.7389,"Selected":"NotSelecte","Perc":28.7869,"Area_SqM2":19361.5062,"Peri_M2":575.7389,"GridNum":130,"Zone":"2"}},
{"type":"Feature","geometry":{"type":"Polygon","coordinates":[[[71.79491,21.51164],[71.795,21.50748],[71.79982,21.50757],[71.79981,21.50819],[71.79921,21.50833],[71.79873,21.5085],[71.79844,21.50871],[71.79804,21.50907],[71.79767,21.50928],[71.79725,21.50946],[71.79689,21.50959],[71.79639,21.5097],[71.79592,21.50976],[71.79565,21.50978],[71.79562,21.50999],[71.79584,21.51008],[71.79595,21.51021],[71.79616,21.51047],[71.79625,21.51086],[71.79627,21.51125],[71.79619,21.51173],[71.79597,21.51201],[71.79491,21.51164]]]},"properties":{"Name":"Half","id_2":197,"left":167920,"top":2382220,"right":168420,"bottom":2381720.0000000005,"Area_SqM":120257.6543,"Peri_M":1905.354,"Selected":"NotSelecte","Perc":95.2677,"Area_SqM2":120257.6543,"Peri_M2":1905.354,"GridNum":131,"Zone":"3"}},
{"type":"Feature","geometry":{"type":"Polygon","coordinates":[[[71.7951,21.50297],[71.79992,21.50306],[71.79982,21.50757],[71.795,21.50748],[71.7951,21.50297]]]},"properties":{"Name":"Full","id_2":198,"left":167920,"top":2381720.0000000005,"right":168420,"bottom":2381220,"Area_SqM":249838.8129,"Peri_M":1999.3551,"Selected":"Selected","Perc":99.9678,"Area_SqM2":249838.8129,"Peri_M2":1999.3551,"GridNum":132,"Zone":"3"}},
{"type":"Feature","geometry":{"type":"Polygon","coordinates":[[[71.7952,21.49846],[71.80002,21.49855],[71.79992,21.50306],[71.7951,21.50297],[71.7952,21.49846]]]},"properties":{"Name":"Full","id_2":199,"left":167920,"top":2381220,"right":168420,"bottom":2380720,"Area_SqM":249838.8815,"Peri_M":1999.3554,"Selected":"Selected","Perc":99.9678,"Area_SqM2":249838.8815,"Peri_M2":1999.3554,"GridNum":133,"Zone":"3"}},
{"type":"Feature","geometry":{"type":"Polygon","coordinates":[[[71.7953,21.49395],[71.80012,21.49404],[71.80002,21.49855],[71.7952,21.49846],[71.7953,21.49395]]]},"properties":{"Name":"Full","id_2":200,"left":167920,"top":2380720,"right":168420,"bottom":2380220,"Area_SqM":249838.9501,"Peri_M":1999.3557,"Selected":"NotSelecte","Perc":99.9678,"Area_SqM2":249838.9501,"Peri_M2":1999.3557,"GridNum":134,"Zone":"3"}},
{"type":"Feature","geometry":{"type":"Polygon","coordinates":[[[71.7954,21.48944],[71.80022,21.48953],[71.80012,21.49404],[71.7953,21.49395],[71.7954,21.48944]]]},"properties":{"Name":"Full","id_2":201,"left":167920,"top":2380220,"right":168420,"bottom":2379719.9999999995,"Area_SqM":249839.0184,"Peri_M":1999.356,"Selected":"NotSelecte","Perc":99.9678,"Area_SqM2":249839.0184,"Peri_M2":1999.356,"GridNum":135,"Zone":"1"}},
{"type":"Feature","geometry":{"type":"Polygon","coordinates":[[[71.7955,21.48492],[71.80032,21.48502],[71.80022,21.48953],[71.7954,21.48944],[71.7955,21.48492]]]},"properties":{"Name":"Full","id_2":202,"left":167920,"top":2379719.9999999995,"right":168420,"bottom":2379220,"Area_SqM":249839.0873,"Peri_M":1999.3562,"Selected":"Selected","Perc":99.9678,"Area_SqM2":249839.0873,"Peri_M2":1999.3562,"GridNum":136,"Zone":"1"}},
{"type":"Feature","geometry":{"type":"Polygon","coordinates":[[[71.7956,21.48041],[71.80042,21.48051],[71.80032,21.48502],[71.7955,21.48492],[71.7956,21.48041]]]},"properties":{"Name":"Full","id_2":203,"left":167920,"top":2379220,"right":168420,"bottom":2378720,"Area_SqM":249839.1556,"Peri_M":1999.3565,"Selected":"Selected","Perc":99.9678,"Area_SqM2":249839.1556,"Peri_M2":1999.3565,"GridNum":137,"Zone":"1"}},
{"type":"Feature","geometry":{"type":"Polygon","coordinates":[[[71.7957,21.4759],[71.80051,21.476],[71.80042,21.48051],[71.7956,21.48041],[71.7957,21.4759]]]},"properties":{"Name":"Full","id_2":204,"left":167920,"top":2378720,"right":168420,"bottom":2378220,"Area_SqM":249839.2241,"Peri_M":1999.3568,"Selected":"NotSelecte","Perc":99.9678,"Area_SqM2":249839.2241,"Peri_M2":1999.3568,"GridNum":138,"Zone":"1"}},
{"type":"Feature","geometry":{"type":"Polygon","coordinates":[[[71.79579,21.47139],[71.80061,21.47149],[71.80051,21.476],[71.7957,21.4759],[71.79579,21.47139]]]},"properties":{"Name":"Full","id_2":205,"left":167920,"top":2378220,"right":168420,"bottom":2377720.0000000005,"Area_SqM":249839.2928,"Peri_M":1999.3571,"Selected":"Selected","Perc":99.9679,"Area_SqM2":249839.2928,"Peri_M2":1999.3571,"GridNum":139,"Zone":"1"}},
{"type":"Feature","geometry":{"type":"Polygon","coordinates":[[[71.79589,21.46688],[71.80071,21.46698],[71.80061,21.47149],[71.79579,21.47139],[71.79589,21.46688]]]},"properties":{"Name":"Full","id_2":206,"left":167920,"top":2377720.0000000005,"right":168420,"bottom":2377220,"Area_SqM":249839.3611,"Peri_M":1999.3573,"Selected":"Selected","Perc":99.9679,"Area_SqM2":249839.3611,"Peri_M2":1999.3573,"GridNum":140,"Zone":"2"}},
{"type":"Feature","geometry":{"type":"Polygon","coordinates":[[[71.79599,21.46237],[71.80081,21.46246],[71.80071,21.46698],[71.79589,21.46688],[71.79599,21.46237]]]},"properties":{"Name":"Full","id_2":207,"left":167920,"top":2377220,"right":168420,"bottom":2376720,"Area_SqM":249839.4297,"Peri_M":1999.3576,"Selected":"Selected","Perc":99.9679,"Area_SqM2":249839.4297,"Peri_M2":1999.3576,"GridNum":141,"Zone":"2"}},
{"type":"Feature","geometry":{"type":"Polygon","coordinates":[[[71.8009,21.45821],[71.80081,21.46246],[71.79599,21.46237],[71.79609,21.45786],[71.79935,21.45792],[71.79948,21.45797],[71.8001,21.4581],[71.80036,21.45808],[71.80058,21.45822],[71.8009,21.45821]]]},"properties":{"Name":"Half","id_2":208,"left":167920,"top":2376720,"right":168420,"bottom":2376220,"Area_SqM":247142.5148,"Peri_M":1977.7024,"Selected":"Selected","Perc":98.8851,"Area_SqM2":247142.5148,"Peri_M2":1977.7024,"GridNum":142,"Zone":"2"}},
{"type":"Feature","geometry":{"type":"Polygon","coordinates":[[[71.79935,21.45792],[71.79609,21.45786],[71.79615,21.45521],[71.79645,21.45524],[71.79692,21.45516],[71.79704,21.45491],[71.7971,21.45481],[71.79721,21.45479],[71.79787,21.45499],[71.79825,21.45505],[71.79893,21.45531],[71.79936,21.45513],[71.79986,21.45525],[71.80015,21.45542],[71.80052,21.45555],[71.8008,21.45569],[71.79895,21.45726],[71.79871,21.45749],[71.7987,21.45757],[71.79878,21.45769],[71.79898,21.45779],[71.79935,21.45792]]]},"properties":{"Name":"Half","id_2":209,"left":167920,"top":2376220,"right":168420,"bottom":2375719.9999999995,"Area_SqM":114974.6969,"Peri_M":1550.1613,"Selected":"NotSelecte","Perc":77.5081,"Area_SqM2":114974.6969,"Peri_M2":1550.1613,"GridNum":143,"Zone":"2"}},
{"type":"Feature","geometry":{"type":"Polygon","coordinates":[[[71.79981,21.50819],[71.79982,21.50757],[71.80396,21.50765],[71.80286,21.50798],[71.80198,21.50813],[71.80135,21.50808],[71.80024,21.50812],[71.79983,21.50818],[71.79981,21.50819]]]},"properties":{"Name":"Half","id_2":211,"left":168420,"top":2382220,"right":168920,"bottom":2381720.0000000005,"Area_SqM":19743.2942,"Peri_M":936.1443,"Selected":"NotSelecte","Perc":46.8072,"Area_SqM2":19743.2942,"Peri_M2":936.1443,"GridNum":144,"Zone":"3"}},
{"type":"Feature","geometry":{"type":"Polygon","coordinates":[[[71.80396,21.50765],[71.79982,21.50757],[71.79992,21.50306],[71.80474,21.50315],[71.80466,21.50675],[71.80466,21.50676],[71.80451,21.50744],[71.80396,21.50765]]]},"properties":{"Name":"Half","id_2":212,"left":168420,"top":2381720.0000000005,"right":168920,"bottom":2381220,"Area_SqM":248249.3208,"Peri_M":1967.0779,"Selected":"NotSelecte","Perc":98.3539,"Area_SqM2":248249.3208,"Peri_M2":1967.0779,"GridNum":145,"Zone":"3"}},
{"type":"Feature","geometry":{"type":"Polygon","coordinates":[[[71.80002,21.49855],[71.80484,21.49864],[71.80474,21.50315],[71.79992,21.50306],[71.80002,21.49855]]]},"properties":{"Name":"Full","id_2":213,"left":168420,"top":2381220,"right":168920,"bottom":2380720,"Area_SqM":249842.7163,"Peri_M":1999.3708,"Selected":"NotSelecte","Perc":99.9685,"Area_SqM2":249842.7163,"Peri_M2":1999.3708,"GridNum":146,"Zone":"3"}},
{"type":"Feature","geometry":{"type":"Polygon","coordinates":[[[71.80012,21.49404],[71.80494,21.49413],[71.80484,21.49864],[71.80002,21.49855],[71.80012,21.49404]]]},"properties":{"Name":"Full","id_2":214,"left":168420,"top":2380720,"right":168920,"bottom":2380220,"Area_SqM":249842.7852,"Peri_M":1999.371,"Selected":"NotSelecte","Perc":99.9686,"Area_SqM2":249842.7852,"Peri_M2":1999.371,"GridNum":147,"Zone":"1"}},
{"type":"Feature","geometry":{"type":"Polygon","coordinates":[[[71.80022,21.48953],[71.80504,21.48962],[71.80494,21.49413],[71.80012,21.49404],[71.80022,21.48953]]]},"properties":{"Name":"Full","id_2":215,"left":168420,"top":2380220,"right":168920,"bottom":2379719.9999999995,"Area_SqM":249842.854,"Peri_M":1999.3713,"Selected":"Selected","Perc":99.9686,"Area_SqM2":249842.854,"Peri_M2":1999.3713,"GridNum":148,"Zone":"1"}},
{"type":"Feature","geometry":{"type":"Polygon","coordinates":[[[71.80032,21.48502],[71.80514,21.48511],[71.80504,21.48962],[71.80022,21.48953],[71.80032,21.48502]]]},"properties":{"Name":"Full","id_2":216,"left":168420,"top":2379719.9999999995,"right":168920,"bottom":2379220,"Area_SqM":249842.9222,"Peri_M":1999.3716,"Selected":"NotSelecte","Perc":99.9686,"Area_SqM2":249842.9222,"Peri_M2":1999.3716,"GridNum":149,"Zone":"1"}},
{"type":"Feature","geometry":{"type":"Polygon","coordinates":[[[71.80042,21.48051],[71.80524,21.4806],[71.80514,21.48511],[71.80032,21.48502],[71.80042,21.48051]]]},"properties":{"Name":"Full","id_2":217,"left":168420,"top":2379220,"right":168920,"bottom":2378720,"Area_SqM":249842.9913,"Peri_M":1999.3719,"Selected":"NotSelecte","Perc":99.9686,"Area_SqM2":249842.9913,"Peri_M2":1999.3719,"GridNum":150,"Zone":"1"}},
{"type":"Feature","geometry":{"type":"Polygon","coordinates":[[[71.80051,21.476],[71.80533,21.47609],[71.80524,21.4806],[71.80042,21.48051],[71.80051,21.476]]]},"properties":{"Name":"Full","id_2":218,"left":168420,"top":2378720,"right":168920,"bottom":2378220,"Area_SqM":249843.0597,"Peri_M":1999.3721,"Selected":"NotSelecte","Perc":99.9686,"Area_SqM2":249843.0597,"Peri_M2":1999.3721,"GridNum":151,"Zone":"2"}},
{"type":"Feature","geometry":{"type":"Polygon","coordinates":[[[71.80061,21.47149],[71.80543,21.47158],[71.80533,21.47609],[71.80051,21.476],[71.80061,21.47149]]]},"properties":{"Name":"Full","id_2":219,"left":168420,"top":2378220,"right":168920,"bottom":2377720.0000000005,"Area_SqM":249843.1284,"Peri_M":1999.3724,"Selected":"NotSelecte","Perc":99.9686,"Area_SqM2":249843.1284,"Peri_M2":1999.3724,"GridNum":152,"Zone":"2"}},
{"type":"Feature","geometry":{"type":"Polygon","coordinates":[[[71.80071,21.46698],[71.80553,21.46707],[71.80543,21.47158],[71.80061,21.47149],[71.80071,21.46698]]]},"properties":{"Name":"Full","id_2":220,"left":168420,"top":2377720.0000000005,"right":168920,"bottom":2377220,"Area_SqM":249843.197,"Peri_M":1999.3727,"Selected":"NotSelecte","Perc":99.9686,"Area_SqM2":249843.197,"Peri_M2":1999.3727,"GridNum":153,"Zone":"2"}},
{"type":"Feature","geometry":{"type":"Polygon","coordinates":[[[71.80081,21.46246],[71.80563,21.46256],[71.80553,21.46707],[71.80071,21.46698],[71.80081,21.46246]]]},"properties":{"Name":"Full","id_2":221,"left":168420,"top":2377220,"right":168920,"bottom":2376720,"Area_SqM":249843.2656,"Peri_M":1999.373,"Selected":"NotSelecte","Perc":99.9687,"Area_SqM2":249843.2656,"Peri_M2":1999.373,"GridNum":154,"Zone":"2"}},
{"type":"Feature","geometry":{"type":"Polygon","coordinates":[[[71.80572,21.45832],[71.80563,21.46256],[71.80081,21.46246],[71.8009,21.45821],[71.80098,21.4582],[71.80136,21.45796],[71.80197,21.45797],[71.80208,21.45815],[71.80226,21.45835],[71.80258,21.45847],[71.80283,21.45861],[71.80311,21.45873],[71.80343,21.45887],[71.80381,21.45903],[71.80411,21.45915],[71.80427,21.45905],[71.805,21.45837],[71.80518,21.45835],[71.80548,21.45833],[71.80572,21.45832]]]},"properties":{"Name":"Half","id_2":222,"left":168420,"top":2376720,"right":168920,"bottom":2376220,"Area_SqM":222016.0222,"Peri_M":2025.131,"Selected":"NotSelecte","Perc":101.2566,"Area_SqM2":222016.0222,"Peri_M2":2025.131,"GridNum":155,"Zone":"2"}},
{"type":"Feature","geometry":{"type":"Polygon","coordinates":[[[71.80197,21.45797],[71.80136,21.45796],[71.80179,21.45769],[71.80197,21.45797]]]},"properties":{"Name":"Half","id_2":223,"left":168420,"top":2376220,"right":168920,"bottom":2375719.9999999995,"Area_SqM":964.7216,"Peri_M":152.5464,"Selected":"NotSelecte","Perc":7.6273,"Area_SqM2":964.7216,"Peri_M2":152.5464,"GridNum":156,"Zone":"2"}},
{"type":"Feature","geometry":{"type":"Polygon","coordinates":[[[71.80466,21.50675],[71.80474,21.50315],[71.80956,21.50324],[71.80952,21.50536],[71.80893,21.50543],[71.8085,21.50552],[71.80781,21.50569],[71.80721,21.50574],[71.80681,21.5056],[71.80653,21.50517],[71.80602,21.50531],[71.80535,21.5058],[71.80486,21.50635],[71.80466,21.50675]]]},"properties":{"Name":"Half","id_2":226,"left":168920,"top":2381720.0000000005,"right":169420,"bottom":2381220,"Area_SqM":133757.3264,"Peri_M":1748.3438,"Selected":"NotSelecte","Perc":87.4172,"Area_SqM2":133757.3264,"Peri_M2":1748.3438,"GridNum":157,"Zone":"1"}},
{"type":"Feature","geometry":{"type":"Polygon","coordinates":[[[71.80484,21.49864],[71.80966,21.49873],[71.80956,21.50324],[71.80474,21.50315],[71.80484,21.49864]]]},"properties":{"Name":"Full","id_2":227,"left":168920,"top":2381220,"right":169420,"bottom":2380720,"Area_SqM":249846.5514,"Peri_M":1999.3861,"Selected":"NotSelecte","Perc":99.9693,"Area_SqM2":249846.5514,"Peri_M2":1999.3861,"GridNum":158,"Zone":"1"}},
{"type":"Feature","geometry":{"type":"Polygon","coordinates":[[[71.80494,21.49413],[71.80976,21.49422],[71.80966,21.49873],[71.80484,21.49864],[71.80494,21.49413]]]},"properties":{"Name":"Full","id_2":228,"left":168920,"top":2380720,"right":169420,"bottom":2380220,"Area_SqM":249846.6204,"Peri_M":1999.3864,"Selected":"Selected","Perc":99.9693,"Area_SqM2":249846.6204,"Peri_M2":1999.3864,"GridNum":159,"Zone":"1"}},
{"type":"Feature","geometry":{"type":"Polygon","coordinates":[[[71.80504,21.48962],[71.80986,21.48971],[71.80976,21.49422],[71.80494,21.49413],[71.80504,21.48962]]]},"properties":{"Name":"Full","id_2":229,"left":168920,"top":2380220,"right":169420,"bottom":2379719.9999999995,"Area_SqM":249846.6888,"Peri_M":1999.3867,"Selected":"Selected","Perc":99.9693,"Area_SqM2":249846.6888,"Peri_M2":1999.3867,"GridNum":160,"Zone":"1"}},
{"type":"Feature","geometry":{"type":"Polygon","coordinates":[[[71.80514,21.48511],[71.80996,21.4852],[71.80986,21.48971],[71.80504,21.48962],[71.80514,21.48511]]]},"properties":{"Name":"Full","id_2":230,"left":168920,"top":2379719.9999999995,"right":169420,"bottom":2379220,"Area_SqM":249846.7578,"Peri_M":1999.3869,"Selected":"NotSelecte","Perc":99.9693,"Area_SqM2":249846.7578,"Peri_M2":1999.3869,"GridNum":161,"Zone":"1"}},
{"type":"Feature","geometry":{"type":"Polygon","coordinates":[[[71.80524,21.4806],[71.81005,21.48069],[71.80996,21.4852],[71.80514,21.48511],[71.80524,21.4806]]]},"properties":{"Name":"Full","id_2":231,"left":168920,"top":2379220,"right":169420,"bottom":2378720,"Area_SqM":249846.8267,"Peri_M":1999.3872,"Selected":"NotSelecte","Perc":99.9694,"Area_SqM2":249846.8267,"Peri_M2":1999.3872,"GridNum":162,"Zone":"2"}},
{"type":"Feature","geometry":{"type":"Polygon","coordinates":[[[71.80533,21.47609],[71.81015,21.47618],[71.81005,21.48069],[71.80524,21.4806],[71.80533,21.47609]]]},"properties":{"Name":"Full","id_2":232,"left":168920,"top":2378720,"right":169420,"bottom":2378220,"Area_SqM":249846.8954,"Peri_M":1999.3875,"Selected":"NotSelecte","Perc":99.9694,"Area_SqM2":249846.8954,"Peri_M2":1999.3875,"GridNum":163,"Zone":"2"}},
{"type":"Feature","geometry":{"type":"Polygon","coordinates":[[[71.80543,21.47158],[71.81025,21.47167],[71.81015,21.47618],[71.80533,21.47609],[71.80543,21.47158]]]},"properties":{"Name":"Full","id_2":233,"left":168920,"top":2378220,"right":169420,"bottom":2377720.0000000005,"Area_SqM":249846.9641,"Peri_M":1999.3878,"Selected":"Selected","Perc":99.9694,"Area_SqM2":249846.9641,"Peri_M2":1999.3878,"GridNum":164,"Zone":"2"}},
{"type":"Feature","geometry":{"type":"Polygon","coordinates":[[[71.8103,21.46947],[71.81025,21.47167],[71.80543,21.47158],[71.80553,21.46707],[71.80829,21.46712],[71.80838,21.46728],[71.8083,21.46757],[71.8084,21.46806],[71.80824,21.46847],[71.80812,21.46876],[71.80823,21.46885],[71.80841,21.46886],[71.80888,21.46895],[71.80914,21.46895],[71.80943,21.46898],[71.80979,21.46908],[71.80998,21.46933],[71.81021,21.46944],[71.8103,21.46947]]]},"properties":{"Name":"Half","id_2":234,"left":168920,"top":2377720.0000000005,"right":169420,"bottom":2377220,"Area_SqM":205300.9578,"Peri_M":1971.3567,"Selected":"NotSelecte","Perc":98.5678,"Area_SqM2":205300.9578,"Peri_M2":1971.3567,"GridNum":165,"Zone":"2"}},
{"type":"Feature","geometry":{"type":"Polygon","coordinates":[[[71.80829,21.46712],[71.80553,21.46707],[71.80563,21.46256],[71.8082,21.46261],[71.80816,21.46381],[71.80807,21.46424],[71.80807,21.46442],[71.80809,21.4646],[71.80828,21.46476],[71.80808,21.46488],[71.80794,21.46503],[71.80775,21.46511],[71.80759,21.46522],[71.80752,21.46543],[71.80768,21.46554],[71.80784,21.46553],[71.80816,21.46653],[71.80817,21.4669],[71.80829,21.46712]]]},"properties":{"Name":"Half","id_2":235,"left":168920,"top":2377220,"right":169420,"bottom":2376720,"Area_SqM":128581.2236,"Peri_M":1634.7126,"Selected":"NotSelecte","Perc":81.7356,"Area_SqM2":128581.2236,"Peri_M2":1634.7126,"GridNum":166,"Zone":"2"}},
{"type":"Feature","geometry":{"type":"Polygon","coordinates":[[[71.8082,21.46261],[71.80563,21.46256],[71.80572,21.45832],[71.80592,21.4583],[71.80625,21.45831],[71.80659,21.45836],[71.80689,21.45846],[71.80725,21.45865],[71.80751,21.45887],[71.80788,21.45919],[71.80789,21.45939],[71.80769,21.45938],[71.80751,21.45936],[71.80738,21.45945],[71.80734,21.4596],[71.80741,21.4598],[71.8075,21.45996],[71.80766,21.46001],[71.8079,21.46012],[71.80805,21.46024],[71.80821,21.46078],[71.80832,21.46121],[71.80835,21.46148],[71.80839,21.46183],[71.80829,21.46218],[71.80825,21.46244],[71.8082,21.46257],[71.8082,21.46261]]]},"properties":{"Name":"Half","id_2":236,"left":168920,"top":2376720,"right":169420,"bottom":2376220,"Area_SqM":109384.5204,"Peri_M":1464.2924,"Selected":"NotSelecte","Perc":73.2146,"Area_SqM2":109384.5204,"Peri_M2":1464.2924,"GridNum":167,"Zone":"2"}},
{"type":"Feature","geometry":{"type":"Polygon","coordinates":[[[71.81434,21.50519],[71.81427,21.50521],[71.81362,21.50526],[71.81362,21.50533],[71.81329,21.50543],[71.81294,21.50547],[71.81201,21.50556],[71.81144,21.50545],[71.81065,21.50532],[71.8102,21.50528],[71.80952,21.50536],[71.80956,21.50324],[71.81438,21.50334],[71.81434,21.50519]]]},"properties":{"Name":"Half","id_2":240,"left":169420,"top":2381720.0000000005,"right":169920,"bottom":2381220,"Area_SqM":116307.7662,"Peri_M":1454.5354,"Selected":"NotSelecte","Perc":72.7268,"Area_SqM2":116307.7662,"Peri_M2":1454.5354,"GridNum":168,"Zone":"1"}},
{"type":"Feature","geometry":{"type":"Polygon","coordinates":[[[71.80966,21.49873],[71.81448,21.49883],[71.81438,21.50334],[71.80956,21.50324],[71.80966,21.49873]]]},"properties":{"Name":"Full","id_2":241,"left":169420,"top":2381220,"right":169920,"bottom":2380720,"Area_SqM":249850.3866,"Peri_M":1999.4015,"Selected":"Selected","Perc":99.9701,"Area_SqM2":249850.3866,"Peri_M2":1999.4015,"GridNum":169,"Zone":"1"}},
{"type":"Feature","geometry":{"type":"Polygon","coordinates":[[[71.80976,21.49422],[71.81458,21.49431],[71.81448,21.49883],[71.80966,21.49873],[71.80976,21.49422]]]},"properties":{"Name":"Full","id_2":242,"left":169420,"top":2380720,"right":169920,"bottom":2380220,"Area_SqM":249850.4556,"Peri_M":1999.4017,"Selected":"NotSelecte","Perc":99.9701,"Area_SqM2":249850.4556,"Peri_M2":1999.4017,"GridNum":170,"Zone":"1"}},
{"type":"Feature","geometry":{"type":"Polygon","coordinates":[[[71.80986,21.48971],[71.81468,21.4898],[71.81458,21.49431],[71.80976,21.49422],[71.80986,21.48971]]]},"properties":{"Name":"Full","id_2":243,"left":169420,"top":2380220,"right":169920,"bottom":2379719.9999999995,"Area_SqM":249850.5245,"Peri_M":1999.402,"Selected":"NotSelecte","Perc":99.9701,"Area_SqM2":249850.5245,"Peri_M2":1999.402,"GridNum":171,"Zone":"1"}},
{"type":"Feature","geometry":{"type":"Polygon","coordinates":[[[71.80996,21.4852],[71.81478,21.48529],[71.81468,21.4898],[71.80986,21.48971],[71.80996,21.4852]]]},"properties":{"Name":"Full","id_2":244,"left":169420,"top":2379719.9999999995,"right":169920,"bottom":2379220,"Area_SqM":249850.5934,"Peri_M":1999.4023,"Selected":"NotSelecte","Perc":99.9701,"Area_SqM2":249850.5934,"Peri_M2":1999.4023,"GridNum":172,"Zone":"2"}},
{"type":"Feature","geometry":{"type":"Polygon","coordinates":[[[71.81005,21.48069],[71.81487,21.48078],[71.81478,21.48529],[71.80996,21.4852],[71.81005,21.48069]]]},"properties":{"Name":"Full","id_2":245,"left":169420,"top":2379220,"right":169920,"bottom":2378720,"Area_SqM":249850.6624,"Peri_M":1999.4026,"Selected":"Selected","Perc":99.9701,"Area_SqM2":249850.6624,"Peri_M2":1999.4026,"GridNum":173,"Zone":"2"}},
{"type":"Feature","geometry":{"type":"Polygon","coordinates":[[[71.81493,21.47835],[71.81487,21.48078],[71.81005,21.48069],[71.81015,21.47618],[71.81497,21.47627],[71.81496,21.47698],[71.81462,21.47697],[71.81426,21.47714],[71.81396,21.47724],[71.81377,21.47742],[71.81376,21.47756],[71.81355,21.47762],[71.8133,21.47758],[71.81306,21.47774],[71.81294,21.47794],[71.81297,21.47817],[71.8131,21.47825],[71.81387,21.47837],[71.81434,21.47833],[71.8148,21.47836],[71.81493,21.47835]]]},"properties":{"Name":"Half","id_2":246,"left":169420,"top":2378720,"right":169920,"bottom":2378220,"Area_SqM":227160.6847,"Peri_M":2339.1945,"Selected":"NotSelecte","Perc":116.9597,"Area_SqM2":227160.6847,"Peri_M2":2339.1945,"GridNum":174,"Zone":"2"}},
{"type":"Feature","geometry":{"type":"Polygon","coordinates":[[[71.81498,21.476],[71.81497,21.47627],[71.81015,21.47618],[71.81025,21.47167],[71.81251,21.47171],[71.81261,21.47175],[71.81275,21.47172],[71.81302,21.47172],[71.81308,21.47176],[71.81315,21.47192],[71.81325,21.47254],[71.81339,21.47336],[71.81354,21.47395],[71.81379,21.4746],[71.8141,21.47511],[71.81451,21.47532],[71.81494,21.47582],[71.81498,21.476]]]},"properties":{"Name":"Half","id_2":247,"left":169420,"top":2378220,"right":169920,"bottom":2377720.0000000005,"Area_SqM":186258.1763,"Peri_M":1855.719,"Selected":"Selected","Perc":92.786,"Area_SqM2":186258.1763,"Peri_M2":1855.719,"GridNum":175,"Zone":"2"}},
{"type":"Feature","geometry":{"type":"MultiPolygon","coordinates":[[[[71.81302,21.47172],[71.81275,21.47172],[71.81294,21.47167],[71.81302,21.47172]]],[[[71.81251,21.47171],[71.81025,21.47167],[71.8103,21.46947],[71.81042,21.46951],[71.81058,21.46967],[71.81064,21.46993],[71.81075,21.47015],[71.81097,21.47026],[71.81118,21.47033],[71.81139,21.47032],[71.81151,21.47033],[71.81168,21.47048],[71.81184,21.47067],[71.81199,21.47093],[71.8121,21.4712],[71.81226,21.47145],[71.81247,21.4717],[71.81251,21.47171]]]]},"properties":{"Name":"Half","id_2":248,"left":169420,"top":2377720.0000000005,"right":169920,"bottom":2377220,"Area_SqM":31177.4122,"Peri_M":901.0943,"Selected":"NotSelecte","Perc":45.0547,"Area_SqM2":31177.4122,"Peri_M2":901.0943,"GridNum":176,"Zone":"2"}},
{"type":"Feature","geometry":{"type":"Polygon","coordinates":[[[71.81434,21.50519],[71.81438,21.50334],[71.81813,21.50341],[71.81811,21.50343],[71.81806,21.50361],[71.81801,21.50385],[71.81765,21.50402],[71.81728,21.50425],[71.81695,21.5045],[71.81659,21.50467],[71.81627,21.50477],[71.81577,21.50488],[71.81565,21.50489],[71.81508,21.50501],[71.81483,21.50508],[71.81475,21.50512],[71.81445,21.50516],[71.81434,21.50519]]]},"properties":{"Name":"Half","id_2":254,"left":169920,"top":2381720.0000000005,"right":170420,"bottom":2381220,"Area_SqM":54728.4606,"Peri_M":1060.3876,"Selected":"NotSelecte","Perc":53.0194,"Area_SqM2":54728.4606,"Peri_M2":1060.3876,"GridNum":177,"Zone":"1"}},
{"type":"Feature","geometry":{"type":"Polygon","coordinates":[[[71.81813,21.50341],[71.81438,21.50334],[71.81448,21.49883],[71.8193,21.49892],[71.81923,21.50218],[71.81909,21.50225],[71.81895,21.50251],[71.81888,21.50255],[71.81885,21.50266],[71.81876,21.50274],[71.81869,21.50277],[71.81861,21.50286],[71.81849,21.50298],[71.81837,21.50319],[71.81813,21.50341]]]},"properties":{"Name":"Half","id_2":255,"left":169920,"top":2381220,"right":170420,"bottom":2380720,"Area_SqM":242187.361,"Peri_M":1932.8611,"Selected":"Selected","Perc":96.6431,"Area_SqM2":242187.361,"Peri_M2":1932.8611,"GridNum":178,"Zone":"1"}},
{"type":"Feature","geometry":{"type":"Polygon","coordinates":[[[71.81458,21.49431],[71.8194,21.49441],[71.8193,21.49892],[71.81448,21.49883],[71.81458,21.49431]]]},"properties":{"Name":"Full","id_2":256,"left":169920,"top":2380720,"right":170420,"bottom":2380220,"Area_SqM":249854.2909,"Peri_M":1999.4171,"Selected":"NotSelecte","Perc":99.9709,"Area_SqM2":249854.2909,"Peri_M2":1999.4171,"GridNum":179,"Zone":"1"}},
{"type":"Feature","geometry":{"type":"Polygon","coordinates":[[[71.81468,21.4898],[71.8195,21.4899],[71.8194,21.49441],[71.81458,21.49431],[71.81468,21.4898]]]},"properties":{"Name":"Full","id_2":257,"left":169920,"top":2380220,"right":170420,"bottom":2379719.9999999995,"Area_SqM":249854.3597,"Peri_M":1999.4174,"Selected":"NotSelecte","Perc":99.9709,"Area_SqM2":249854.3597,"Peri_M2":1999.4174,"GridNum":180,"Zone":"2"}},
{"type":"Feature","geometry":{"type":"Polygon","coordinates":[[[71.81954,21.48789],[71.8195,21.4899],[71.81468,21.4898],[71.81478,21.48529],[71.81959,21.48539],[71.81954,21.48782],[71.81951,21.48783],[71.81954,21.48789]]]},"properties":{"Name":"Half","id_2":258,"left":169920,"top":2379719.9999999995,"right":170420,"bottom":2379220,"Area_SqM":249844.4044,"Peri_M":2002.0927,"Selected":"NotSelecte","Perc":100.1046,"Area_SqM2":249844.4044,"Peri_M2":2002.0927,"GridNum":181,"Zone":"2"}},
{"type":"Feature","geometry":{"type":"Polygon","coordinates":[[[71.81965,21.48292],[71.81959,21.48539],[71.81478,21.48529],[71.81487,21.48078],[71.81692,21.48082],[71.81701,21.48097],[71.81703,21.48139],[71.81715,21.48186],[71.81732,21.48186],[71.81753,21.48198],[71.81773,21.48202],[71.81806,21.48204],[71.81834,21.48215],[71.81868,21.4823],[71.81904,21.48248],[71.81922,21.48265],[71.81938,21.48272],[71.81955,21.48282],[71.81965,21.48292]]]},"properties":{"Name":"Half","id_2":259,"left":169920,"top":2379220,"right":170420,"bottom":2378720,"Area_SqM":207686.7931,"Peri_M":1897.0488,"Selected":"Selected","Perc":94.8524,"Area_SqM2":207686.7931,"Peri_M2":1897.0488,"GridNum":182,"Zone":"2"}},
{"type":"Feature","geometry":{"type":"MultiPolygon","coordinates":[[[[71.81692,21.48082],[71.81487,21.48078],[71.81493,21.47835],[71.81521,21.47832],[71.81544,21.47836],[71.81566,21.47846],[71.81615,21.47838],[71.81631,21.4787],[71.81616,21.47906],[71.8164,21.4792],[71.81676,21.47971],[71.81693,21.48033],[71.81685,21.48069],[71.81692,21.48082]]],[[[71.81496,21.47698],[71.81497,21.47627],[71.81503,21.47627],[71.81517,21.47699],[71.81496,21.47698]]]]},"properties":{"Name":"Half","id_2":260,"left":169920,"top":2378720,"right":170420,"bottom":2378220,"Area_SqM":48167.8683,"Peri_M":1106.6386,"Selected":"NotSelecte","Perc":55.3319,"Area_SqM2":48167.8683,"Peri_M2":1106.6386,"GridNum":183,"Zone":"2"}},
{"type":"Feature","geometry":{"type":"Polygon","coordinates":[[[71.81503,21.47627],[71.81497,21.47627],[71.81498,21.476],[71.81503,21.47627]]]},"properties":{"Name":"Half","id_2":261,"left":169920,"top":2378220,"right":170420,"bottom":2377720.0000000005,"Area_SqM":92.712,"Peri_M":67.7179,"Selected":"NotSelecte","Perc":3.3859,"Area_SqM2":92.712,"Peri_M2":67.7179,"GridNum":184,"Zone":"2"}},
{"type":"Feature","geometry":{"type":"Polygon","coordinates":[[[71.81923,21.50218],[71.8193,21.49892],[71.82006,21.49893],[71.82006,21.49925],[71.82014,21.49986],[71.82015,21.50078],[71.82018,21.50167],[71.81923,21.50218]]]},"properties":{"Name":"Half","id_2":269,"left":170420,"top":2381220,"right":170920,"bottom":2380720,"Area_SqM":29900.0231,"Peri_M":857.3518,"Selected":"NotSelecte","Perc":42.8676,"Area_SqM2":29900.0231,"Peri_M2":857.3518,"GridNum":185,"Zone":"1"}},
{"type":"Feature","geometry":{"type":"Polygon","coordinates":[[[71.82006,21.49893],[71.8193,21.49892],[71.8194,21.49441],[71.82068,21.49443],[71.82065,21.4947],[71.82048,21.49567],[71.82024,21.49676],[71.82006,21.49764],[71.82005,21.49846],[71.82006,21.49893]]]},"properties":{"Name":"Half","id_2":270,"left":170420,"top":2380720,"right":170920,"bottom":2380220,"Area_SqM":48878.2939,"Peri_M":1215.5996,"Selected":"NotSelecte","Perc":60.78,"Area_SqM2":48878.2939,"Peri_M2":1215.5996,"GridNum":186,"Zone":"1"}},
{"type":"Feature","geometry":{"type":"Polygon","coordinates":[[[71.82068,21.49443],[71.8194,21.49441],[71.8195,21.4899],[71.82046,21.48991],[71.82034,21.48997],[71.82032,21.49017],[71.82042,21.49041],[71.82042,21.49096],[71.82046,21.49127],[71.82068,21.4917],[71.82125,21.49184],[71.82071,21.49416],[71.82068,21.49443]]]},"properties":{"Name":"Half","id_2":271,"left":170420,"top":2380220,"right":170920,"bottom":2379719.9999999995,"Area_SqM":67572.5302,"Peri_M":1299.8823,"Selected":"NotSelecte","Perc":64.9941,"Area_SqM2":67572.5302,"Peri_M2":1299.8823,"GridNum":187,"Zone":"2"}},
{"type":"Feature","geometry":{"type":"MultiPolygon","coordinates":[[[[71.82046,21.48991],[71.8195,21.4899],[71.81954,21.48789],[71.8198,21.48852],[71.81977,21.48912],[71.82003,21.48944],[71.82064,21.48984],[71.82046,21.48991]]],[[[71.81954,21.48782],[71.81959,21.48539],[71.8214,21.48542],[71.82144,21.48555],[71.82164,21.48625],[71.82175,21.4868],[71.82182,21.4875],[71.82105,21.48742],[71.82048,21.48732],[71.8201,21.48749],[71.81978,21.48777],[71.81954,21.48782]]]]},"properties":{"Name":"Half","id_2":272,"left":170420,"top":2379719.9999999995,"right":170920,"bottom":2379220,"Area_SqM":58739.4514,"Peri_M":1553.1679,"Selected":"NotSelecte","Perc":77.6584,"Area_SqM2":58739.4514,"Peri_M2":1553.1679,"GridNum":188,"Zone":"2"}},
{"type":"Feature","geometry":{"type":"Polygon","coordinates":[[[71.8214,21.48542],[71.81959,21.48539],[71.81965,21.48292],[71.81986,21.48313],[71.82015,21.48345],[71.82026,21.48342],[71.82045,21.48331],[71.82056,21.4834],[71.82091,21.48389],[71.82108,21.4844],[71.82121,21.48491],[71.8214,21.48542]]]},"properties":{"Name":"Half","id_2":273,"left":170420,"top":2379220,"right":170920,"bottom":2378720,"Area_SqM":34281.2145,"Peri_M":830.3984,"Selected":"NotSelecte","Perc":41.5199,"Area_SqM2":34281.2145,"Peri_M2":830.3984,"GridNum":189,"Zone":"2"}}
]}