{"type":"FeatureCollection", "features": [
{"type":"Feature","geometry":{"type":"MultiLineString","coordinates":[[[71.83054,21.46411],[71.82404,21.46243]],[[71.82404,21.46243],[71.81998,21.46139]],[[71.81998,21.46139],[71.81977,21.46134]],[[71.81977,21.46134],[71.81769,21.4608]],[[71.81769,21.4608],[71.81705,21.46064],[71.81653,21.46026]],[[71.81653,21.46026],[71.8091,21.45482],[71.80218,21.44964]],[[71.80218,21.44964],[71.79937,21.44826]],[[71.79937,21.44826],[71.79604,21.44662],[71.79497,21.44416]],[[71.79497,21.44416],[71.79355,21.44088],[71.79219,21.43862]],[[71.79219,21.43862],[71.78996,21.43489],[71.78931,21.43393]]]},"properties":{"Layer":"Drainage","Categories":"River","Feature_Co":"DRRV","Validation":"Yes","Year_Updat":"2012-2013","Projtn_Dtm":"LCC_WGS1984","Cont_Offcr":null,"Cont_No":null,"Scale_mapi":"10000","Data_Sour":"Satellite Image","Proj_code":null,"Remarks":null}},
{"type":"Feature","geometry":{"type":"MultiLineString","coordinates":[[[71.84103,21.48591],[71.84059,21.4855],[71.84016,21.48505],[71.83982,21.48447],[71.83929,21.48415],[71.83911,21.48384],[71.83881,21.48383],[71.8386,21.48392],[71.83828,21.48392]],[[71.83828,21.48392],[71.83751,21.48398],[71.83701,21.48443],[71.83668,21.48468],[71.83646,21.48464],[71.83624,21.48461],[71.8361,21.48463],[71.83594,21.48479],[71.83593,21.48498],[71.83588,21.48523],[71.83575,21.48538],[71.83565,21.48555],[71.83555,21.48584],[71.83548,21.48619],[71.83537,21.48643],[71.83485,21.48653],[71.83436,21.48629],[71.83349,21.48611],[71.83294,21.48603]]]},"properties":{"Layer":"Drainage","Categories":"Stream","Feature_Co":"DRST","Validation":"Yes","Year_Updat":"2012-2013","Projtn_Dtm":"LCC_WGS1984","Cont_Offcr":null,"Cont_No":null,"Scale_mapi":"10000","Data_Sour":"Satellite Image","Proj_code":null,"Remarks":null}},
{"type":"Feature","geometry":{"type":"LineString","coordinates":[[71.84016,21.49208],[71.84053,21.49208]]},"properties":{"Layer":"Drainage","Categories":"Stream","Feature_Co":"DRST","Validation":"Yes","Year_Updat":"2012-2013","Projtn_Dtm":"LCC_WGS1984","Cont_Offcr":null,"Cont_No":null,"Scale_mapi":"10000","Data_Sour":"Satellite Image","Proj_code":null,"Remarks":null}},
{"type":"Feature","geometry":{"type":"LineString","coordinates":[[71.84046,21.49289],[71.8405,21.49289]]},"properties":{"Layer":"Drainage","Categories":"Stream","Feature_Co":"DRST","Validation":"Yes","Year_Updat":"2012-2013","Projtn_Dtm":"LCC_WGS1984","Cont_Offcr":null,"Cont_No":null,"Scale_mapi":"10000","Data_Sour":"Satellite Image","Proj_code":null,"Remarks":null}},
{"type":"Feature","geometry":{"type":"LineString","coordinates":[[71.83828,21.48392],[71.83806,21.48333],[71.83808,21.48321],[71.83794,21.48278],[71.83794,21.48253],[71.83806,21.48227],[71.83814,21.48209],[71.83849,21.48194],[71.83853,21.48175],[71.83822,21.48153],[71.83786,21.48126],[71.83798,21.48109],[71.8381,21.48086],[71.83796,21.48062],[71.83761,21.48049],[71.83741,21.4803],[71.83727,21.47988],[71.83696,21.47918],[71.8367,21.47876],[71.8368,21.47852],[71.83698,21.47829],[71.83712,21.47797],[71.83722,21.47766],[71.83726,21.47734],[71.837,21.47698],[71.83653,21.47679],[71.83653,21.47662],[71.83653,21.47638],[71.83653,21.47611],[71.83592,21.47516],[71.83551,21.4745],[71.83559,21.47424],[71.83577,21.47399],[71.83586,21.47374],[71.83581,21.4734],[71.83571,21.47319],[71.83579,21.47291],[71.83603,21.47268],[71.83606,21.47267]]},"properties":{"Layer":"Drainage","Categories":"Stream","Feature_Co":"DRST","Validation":"Yes","Year_Updat":"2012-2013","Projtn_Dtm":"LCC_WGS1984","Cont_Offcr":null,"Cont_No":null,"Scale_mapi":"10000","Data_Sour":"Satellite Image","Proj_code":null,"Remarks":null}},
{"type":"Feature","geometry":{"type":"LineString","coordinates":[[71.8337,21.47019],[71.8336,21.47034],[71.8333,21.47077],[71.83308,21.47127],[71.83306,21.47163],[71.83292,21.47227],[71.83288,21.47278],[71.83296,21.47367],[71.83308,21.47416],[71.83341,21.47439],[71.83367,21.47456],[71.83397,21.47485],[71.83422,21.47524],[71.83432,21.47575],[71.83434,21.47657],[71.83436,21.47693],[71.83372,21.47801],[71.83362,21.47869],[71.83362,21.47953]]},"properties":{"Layer":"Drainage","Categories":"Stream","Feature_Co":"DRST","Validation":"Yes","Year_Updat":"2012-2013","Projtn_Dtm":"LCC_WGS1984","Cont_Offcr":null,"Cont_No":null,"Scale_mapi":"10000","Data_Sour":"Satellite Image","Proj_code":null,"Remarks":null}},
{"type":"Feature","geometry":{"type":"MultiLineString","coordinates":[[[71.83084,21.46473],[71.8297,21.46534],[71.82867,21.46585],[71.8281,21.46641],[71.82766,21.46677],[71.82738,21.46711],[71.82722,21.46743],[71.82681,21.46762],[71.82661,21.46817],[71.82613,21.46863],[71.82598,21.46893],[71.82588,21.46935],[71.82601,21.47136],[71.82611,21.4728],[71.82648,21.47348],[71.82669,21.47423],[71.82654,21.47469],[71.8263,21.47507],[71.82572,21.47522],[71.82539,21.47551],[71.82452,21.47564],[71.82345,21.47598],[71.82258,21.47657],[71.82214,21.47709],[71.82204,21.47771],[71.82181,21.4782],[71.82167,21.47845],[71.82119,21.47862],[71.82101,21.47891],[71.82076,21.47902],[71.82024,21.479],[71.81977,21.47961],[71.81933,21.47993],[71.81886,21.48005],[71.8185,21.4803],[71.81834,21.48056],[71.81801,21.48073],[71.81759,21.48094],[71.81727,21.48104],[71.81706,21.48126],[71.81674,21.4814],[71.81642,21.48166],[71.81599,21.4822],[71.81549,21.48288],[71.81492,21.48337],[71.81436,21.48381],[71.81433,21.48388],[71.81414,21.48392],[71.81391,21.48396],[71.81366,21.48385],[71.81336,21.48387],[71.81306,21.48405],[71.81283,21.48413],[71.8125,21.48416],[71.81191,21.48424],[71.81169,21.48435],[71.81156,21.48453],[71.81157,21.48472],[71.81157,21.48489],[71.81143,21.48504],[71.81114,21.4853],[71.81058,21.48555],[71.81025,21.48578],[71.80985,21.48576]],[[71.80985,21.48576],[71.80965,21.48553],[71.80914,21.48541],[71.80859,21.48509],[71.8083,21.48495],[71.80811,21.48471],[71.80784,21.48454],[71.80755,21.48454],[71.80739,21.48444],[71.80714,21.48432],[71.80689,21.48419],[71.80629,21.48389],[71.80578,21.4838],[71.80493,21.48368],[71.80334,21.48293],[71.80252,21.48255],[71.80152,21.48196]]]},"properties":{"Layer":"Drainage","Categories":"Stream","Feature_Co":"DRST","Validation":"Yes","Year_Updat":"2012-2013","Projtn_Dtm":"LCC_WGS1984","Cont_Offcr":null,"Cont_No":null,"Scale_mapi":"10000","Data_Sour":"Satellite Image","Proj_code":null,"Remarks":null}},
{"type":"Feature","geometry":{"type":"MultiLineString","coordinates":[[[71.80985,21.48576],[71.80843,21.48563],[71.80723,21.48536]],[[71.80723,21.48536],[71.80714,21.48534],[71.80607,21.48502],[71.80451,21.48473],[71.80391,21.48454],[71.8037,21.48448]],[[71.8037,21.48448],[71.80243,21.48411],[71.80119,21.48357],[71.80114,21.48353]],[[71.80114,21.48353],[71.80071,21.48308],[71.80025,21.48272],[71.79982,21.48238],[71.79917,21.48206],[71.7987,21.4817]]]},"properties":{"Layer":"Drainage","Categories":"Stream","Feature_Co":"DRST","Validation":"Yes","Year_Updat":"2012-2013","Projtn_Dtm":"LCC_WGS1984","Cont_Offcr":null,"Cont_No":null,"Scale_mapi":"10000","Data_Sour":"Satellite Image","Proj_code":null,"Remarks":null}},
{"type":"Feature","geometry":{"type":"LineString","coordinates":[[71.7983,21.48336],[71.79902,21.48307],[71.7996,21.4831],[71.80005,21.48319],[71.80039,21.48327],[71.80075,21.48337],[71.80114,21.48353]]},"properties":{"Layer":"Drainage","Categories":"Stream","Feature_Co":"DRST","Validation":"Yes","Year_Updat":"2012-2013","Projtn_Dtm":"LCC_WGS1984","Cont_Offcr":null,"Cont_No":null,"Scale_mapi":"10000","Data_Sour":"Satellite Image","Proj_code":null,"Remarks":null}},
{"type":"Feature","geometry":{"type":"MultiLineString","coordinates":[[[71.80248,21.48557],[71.80231,21.48575],[71.80201,21.48588],[71.80148,21.48622],[71.80094,21.4866],[71.80068,21.48682],[71.80047,21.48694],[71.80028,21.48718],[71.80028,21.48734]],[[71.8037,21.48448],[71.80338,21.48478],[71.80308,21.48507],[71.80267,21.48537],[71.80248,21.48557]]]},"properties":{"Layer":"Drainage","Categories":"Stream","Feature_Co":"DRST","Validation":"Yes","Year_Updat":"2012-2013","Projtn_Dtm":"LCC_WGS1984","Cont_Offcr":null,"Cont_No":null,"Scale_mapi":"10000","Data_Sour":"Satellite Image","Proj_code":null,"Remarks":null}},
{"type":"Feature","geometry":{"type":"LineString","coordinates":[[71.8019,21.48862],[71.8024,21.48758],[71.80244,21.48706],[71.80247,21.48644],[71.8025,21.48614],[71.80248,21.48557]]},"properties":{"Layer":"Drainage","Categories":"Stream","Feature_Co":"DRST","Validation":"Yes","Year_Updat":"2012-2013","Projtn_Dtm":"LCC_WGS1984","Cont_Offcr":null,"Cont_No":null,"Scale_mapi":"10000","Data_Sour":"Satellite Image","Proj_code":null,"Remarks":null}},
{"type":"Feature","geometry":{"type":"LineString","coordinates":[[71.80276,21.48704],[71.8032,21.48689],[71.8035,21.48682],[71.80368,21.48686],[71.80389,21.48685],[71.80399,21.48679],[71.8041,21.48675],[71.80425,21.48683],[71.80441,21.48685],[71.80471,21.48683],[71.80491,21.48666],[71.80515,21.4864],[71.80536,21.48624],[71.80568,21.48603],[71.80617,21.48591],[71.80671,21.48571],[71.80723,21.48536]]},"properties":{"Layer":"Drainage","Categories":"Stream","Feature_Co":"DRST","Validation":"Yes","Year_Updat":"2012-2013","Projtn_Dtm":"LCC_WGS1984","Cont_Offcr":null,"Cont_No":null,"Scale_mapi":"10000","Data_Sour":"Satellite Image","Proj_code":null,"Remarks":null}},
{"type":"Feature","geometry":{"type":"MultiLineString","coordinates":[[[71.81162,21.47819],[71.81236,21.47754],[71.81378,21.47659],[71.81437,21.47638],[71.81501,21.47606],[71.81598,21.47585],[71.81677,21.47585],[71.81748,21.47547],[71.81795,21.47497],[71.81857,21.47446],[71.81894,21.47416],[71.81954,21.47406],[71.82045,21.47378],[71.82171,21.47339],[71.82252,21.47262],[71.82316,21.47169],[71.8234,21.47123],[71.82383,21.47083],[71.82389,21.47055],[71.82399,21.46998],[71.82407,21.46913],[71.82409,21.46806],[71.82408,21.46761],[71.82378,21.46725],[71.8238,21.46655],[71.82404,21.46571],[71.82446,21.46516],[71.82467,21.4646],[71.82458,21.46397],[71.82434,21.46317],[71.82404,21.46243]],[[71.79384,21.47761],[71.79728,21.47901],[71.80064,21.47893],[71.80506,21.47866],[71.80726,21.47833],[71.8084,21.47836],[71.8088,21.4785],[71.80967,21.47842],[71.81042,21.47819],[71.81071,21.47815],[71.81111,21.47826],[71.81162,21.47819]]]},"properties":{"Layer":"Drainage","Categories":"Stream","Feature_Co":"DRST","Validation":"Yes","Year_Updat":"2012-2013","Projtn_Dtm":"LCC_WGS1984","Cont_Offcr":null,"Cont_No":null,"Scale_mapi":"10000","Data_Sour":"Satellite Image","Proj_code":null,"Remarks":null}},
{"type":"Feature","geometry":{"type":"LineString","coordinates":[[71.81998,21.46139],[71.81976,21.46186],[71.81921,21.46227],[71.81826,21.46281],[71.818,21.4633],[71.81742,21.46402],[71.81685,21.4645],[71.81651,21.46488],[71.8162,21.46535],[71.81606,21.46584],[71.8159,21.46628],[71.81566,21.46673],[71.81546,21.46715],[71.81463,21.46784],[71.81407,21.46852],[71.81405,21.46895],[71.81395,21.46926],[71.8138,21.46968],[71.81368,21.47011],[71.81369,21.47047],[71.81352,21.47087],[71.81316,21.47123],[71.81304,21.47148],[71.81304,21.47169],[71.81304,21.47195],[71.81304,21.47222],[71.81312,21.4726],[71.81312,21.47296],[71.81288,21.47349],[71.81288,21.47392],[71.81288,21.47415]]},"properties":{"Layer":"Drainage","Categories":"Stream","Feature_Co":"DRST","Validation":"Yes","Year_Updat":"2012-2013","Projtn_Dtm":"LCC_WGS1984","Cont_Offcr":null,"Cont_No":null,"Scale_mapi":"10000","Data_Sour":"Satellite Image","Proj_code":null,"Remarks":null}},
{"type":"Feature","geometry":{"type":"LineString","coordinates":[[71.81653,21.46026],[71.81579,21.46094],[71.81462,21.46128],[71.81314,21.46181],[71.81255,21.46215],[71.81177,21.46272],[71.81112,21.46322],[71.81053,21.46358],[71.81029,21.46394],[71.81029,21.46421],[71.81029,21.4643],[71.81029,21.46438],[71.81029,21.46455],[71.81025,21.46481],[71.81025,21.46502],[71.81023,21.46523],[71.80995,21.46561],[71.80983,21.46578],[71.80955,21.46599],[71.80938,21.46616],[71.80902,21.46627],[71.80878,21.4665],[71.80862,21.46671],[71.80811,21.46709],[71.8075,21.46736],[71.80714,21.46747],[71.80661,21.46749],[71.80607,21.46764],[71.8057,21.46795],[71.80504,21.46859],[71.80348,21.46903]]},"properties":{"Layer":"Drainage","Categories":"Stream","Feature_Co":"DRST","Validation":"Yes","Year_Updat":"2012-2013","Projtn_Dtm":"LCC_WGS1984","Cont_Offcr":null,"Cont_No":null,"Scale_mapi":"10000","Data_Sour":"Satellite Image","Proj_code":null,"Remarks":null}},
{"type":"Feature","geometry":{"type":"MultiLineString","coordinates":[[[71.79843,21.47486],[71.79708,21.47302],[71.79656,21.47248],[71.79463,21.47127],[71.7942,21.47069],[71.79377,21.47042],[71.79314,21.46979],[71.79237,21.46903],[71.79189,21.46539],[71.79237,21.46325]],[[71.79237,21.46325],[71.7927,21.46184],[71.79325,21.46112],[71.79332,21.46058],[71.79371,21.45974],[71.79389,21.45933],[71.79389,21.45873],[71.794,21.45819],[71.7941,21.45778],[71.79468,21.4567],[71.79575,21.45573],[71.79604,21.45583],[71.79643,21.45567],[71.79708,21.45513],[71.79707,21.4546],[71.79734,21.45417],[71.79893,21.45329],[71.79947,21.45281],[71.80047,21.45207],[71.80087,21.45167],[71.80168,21.45058],[71.80218,21.44964]]]},"properties":{"Layer":"Drainage","Categories":"Stream","Feature_Co":"DRST","Validation":"Yes","Year_Updat":"2012-2013","Projtn_Dtm":"LCC_WGS1984","Cont_Offcr":null,"Cont_No":null,"Scale_mapi":"10000","Data_Sour":"Satellite Image","Proj_code":null,"Remarks":null}},
{"type":"Feature","geometry":{"type":"MultiLineString","coordinates":[[[71.79337,21.47669],[71.79175,21.47566],[71.79139,21.47538],[71.79123,21.4749],[71.79056,21.47473],[71.78996,21.4746],[71.78947,21.4739],[71.78888,21.47319],[71.78812,21.47258],[71.78742,21.4718],[71.78701,21.47069],[71.78669,21.46971],[71.78614,21.46915],[71.78523,21.46862],[71.78401,21.46673],[71.7833,21.46557]],[[71.7833,21.46557],[71.78314,21.46481],[71.7833,21.46451],[71.78349,21.46418],[71.78344,21.46401]],[[71.78344,21.46401],[71.78333,21.46365],[71.7833,21.46322],[71.78337,21.46285]],[[71.78337,21.46285],[71.78354,21.462],[71.78402,21.46117],[71.78424,21.46069],[71.7848,21.46023],[71.78572,21.46008],[71.78704,21.45975],[71.78783,21.45912],[71.78836,21.45712],[71.78858,21.45621],[71.78857,21.45565],[71.78841,21.45462],[71.78787,21.45278],[71.78695,21.45217],[71.7866,21.45177],[71.78587,21.45091],[71.78497,21.45003],[71.78427,21.44955],[71.78403,21.44879],[71.78408,21.44783],[71.78502,21.44505],[71.78715,21.44355]],[[71.78715,21.44355],[71.78861,21.44403],[71.7922,21.44435],[71.79497,21.44416]]]},"properties":{"Layer":"Drainage","Categories":"Stream","Feature_Co":"DRST","Validation":"Yes","Year_Updat":"2012-2013","Projtn_Dtm":"LCC_WGS1984","Cont_Offcr":null,"Cont_No":null,"Scale_mapi":"10000","Data_Sour":"Satellite Image","Proj_code":null,"Remarks":null}},
{"type":"Feature","geometry":{"type":"MultiLineString","coordinates":[[[71.79219,21.43862],[71.78554,21.43785],[71.78177,21.43808],[71.77926,21.43884],[71.77753,21.43948],[71.77691,21.43917],[71.77613,21.43915],[71.77613,21.43976],[71.77562,21.44041],[71.77351,21.44092],[71.77235,21.44039],[71.77135,21.44019],[71.77125,21.44055],[71.7706,21.44113],[71.76922,21.44131],[71.76785,21.44187],[71.76704,21.44174],[71.76501,21.4419],[71.76456,21.44225]],[[71.76456,21.44225],[71.76445,21.44233],[71.76327,21.44277],[71.76252,21.44287],[71.76183,21.4429],[71.76136,21.44285],[71.76051,21.44295],[71.75987,21.44295],[71.75972,21.44291],[71.75934,21.44308],[71.759,21.44333],[71.75809,21.44407],[71.75756,21.4444],[71.75655,21.44452],[71.75548,21.44455]]]},"properties":{"Layer":"Drainage","Categories":"Stream","Feature_Co":"DRST","Validation":"Yes","Year_Updat":"2012-2013","Projtn_Dtm":"LCC_WGS1984","Cont_Offcr":null,"Cont_No":null,"Scale_mapi":"10000","Data_Sour":"Satellite Image","Proj_code":null,"Remarks":null}},
{"type":"Feature","geometry":{"type":"MultiLineString","coordinates":[[[71.76115,21.44694],[71.76098,21.44701],[71.76063,21.44718],[71.76056,21.44745],[71.76056,21.44771],[71.76085,21.44804],[71.76105,21.44843],[71.76111,21.44882],[71.76108,21.44924],[71.76052,21.44983],[71.75974,21.45013],[71.75905,21.45033],[71.75874,21.45047],[71.75847,21.45087],[71.75795,21.45121]],[[71.75795,21.45121],[71.75762,21.45115],[71.75707,21.45108],[71.75675,21.45086],[71.75625,21.45089],[71.756,21.45095],[71.7557,21.45094],[71.75521,21.45089],[71.75488,21.45084],[71.75443,21.4508],[71.75413,21.45094],[71.75384,21.45112],[71.75365,21.45128],[71.7534,21.45142],[71.75325,21.45165],[71.75307,21.45194],[71.75293,21.45201],[71.7528,21.45198],[71.75266,21.4519],[71.75253,21.45189],[71.7523,21.45192],[71.75191,21.45204],[71.7515,21.45221],[71.75122,21.45228]],[[71.75122,21.45228],[71.75088,21.45238]],[[71.75088,21.45238],[71.7499,21.45266]],[[71.76456,21.44225],[71.76429,21.44333],[71.76385,21.44419],[71.76358,21.44488],[71.76358,21.44542],[71.76347,21.44584],[71.76308,21.4463],[71.7627,21.4465],[71.76171,21.44671],[71.76115,21.44694]]]},"properties":{"Layer":"Drainage","Categories":"Stream","Feature_Co":"DRST","Validation":"Yes","Year_Updat":"2012-2013","Projtn_Dtm":"LCC_WGS1984","Cont_Offcr":null,"Cont_No":null,"Scale_mapi":"10000","Data_Sour":"Satellite Image","Proj_code":null,"Remarks":null}},
{"type":"Feature","geometry":{"type":"LineString","coordinates":[[71.75122,21.45228],[71.75117,21.45246],[71.75093,21.45282],[71.75081,21.45324],[71.75074,21.45369],[71.75075,21.45416],[71.7509,21.45439],[71.75126,21.45473],[71.7516,21.45493],[71.75197,21.45511],[71.75237,21.45522],[71.75278,21.45532],[71.75286,21.45542],[71.75304,21.4556],[71.7532,21.45607],[71.75327,21.45654],[71.75328,21.45696],[71.75321,21.45708],[71.75322,21.45731],[71.75336,21.45758],[71.75365,21.4578],[71.75387,21.45812],[71.75416,21.45838],[71.75417,21.45852],[71.7541,21.45874],[71.754,21.45907],[71.75391,21.4595],[71.75375,21.45993],[71.75365,21.46026],[71.75374,21.46055],[71.75386,21.46094],[71.7537,21.4614],[71.7537,21.4618],[71.75364,21.46251],[71.75375,21.46327],[71.75377,21.46355]]},"properties":{"Layer":"Drainage","Categories":"Stream","Feature_Co":"DRST","Validation":"Yes","Year_Updat":"2012-2013","Projtn_Dtm":"LCC_WGS1984","Cont_Offcr":null,"Cont_No":null,"Scale_mapi":"10000","Data_Sour":"Satellite Image","Proj_code":null,"Remarks":null}},
{"type":"Feature","geometry":{"type":"LineString","coordinates":[[71.75024,21.449],[71.75038,21.44998],[71.75054,21.45127],[71.7506,21.45159],[71.75062,21.45186],[71.75063,21.45212],[71.75074,21.45225],[71.75088,21.45238]]},"properties":{"Layer":"Drainage","Categories":"Stream","Feature_Co":"DRST","Validation":"Yes","Year_Updat":"2012-2013","Projtn_Dtm":"LCC_WGS1984","Cont_Offcr":null,"Cont_No":null,"Scale_mapi":"10000","Data_Sour":"Satellite Image","Proj_code":null,"Remarks":null}},
{"type":"Feature","geometry":{"type":"MultiLineString","coordinates":[[[71.76649,21.45225],[71.76617,21.45307],[71.76593,21.45373],[71.76581,21.45458],[71.76593,21.45504],[71.76625,21.45546],[71.76625,21.45576],[71.76593,21.45599],[71.76587,21.45627],[71.76583,21.45663],[71.76583,21.4569],[71.76597,21.45729],[71.76599,21.45777],[71.76585,21.45836],[71.76545,21.45877],[71.76456,21.46076],[71.76442,21.46131],[71.76458,21.46169]],[[71.76115,21.44694],[71.76164,21.44748],[71.76215,21.44771],[71.76262,21.4479],[71.76336,21.44782],[71.76446,21.44782],[71.76525,21.44782],[71.76581,21.44812],[71.766,21.44833],[71.76612,21.4485],[71.76608,21.44884],[71.76594,21.44949],[71.76616,21.45004],[71.76626,21.45089],[71.76631,21.45163],[71.76649,21.45225]]]},"properties":{"Layer":"Drainage","Categories":"Stream","Feature_Co":"DRST","Validation":"Yes","Year_Updat":"2012-2013","Projtn_Dtm":"LCC_WGS1984","Cont_Offcr":null,"Cont_No":null,"Scale_mapi":"10000","Data_Sour":"Satellite Image","Proj_code":null,"Remarks":null}},
{"type":"Feature","geometry":{"type":"MultiLineString","coordinates":[[[71.7709,21.4632],[71.77115,21.46379],[71.77169,21.4643],[71.77198,21.46454],[71.77398,21.46581],[71.77419,21.46621],[71.77423,21.46677],[71.77423,21.4671],[71.77413,21.46757],[71.77411,21.46793],[71.77435,21.46818],[71.77476,21.46842],[71.77494,21.46857],[71.77535,21.4688],[71.77563,21.46901]],[[71.76649,21.45225],[71.76663,21.4528],[71.76657,21.45314],[71.76655,21.45362],[71.76692,21.45418],[71.76737,21.45515],[71.76757,21.45602],[71.76836,21.4575],[71.76879,21.45805],[71.7696,21.45981],[71.76972,21.4604],[71.76995,21.46058],[71.77035,21.46083],[71.77051,21.46083],[71.77084,21.46089],[71.77114,21.46109],[71.77141,21.4613],[71.77141,21.46166],[71.77122,21.46221],[71.77096,21.46272],[71.7709,21.4632]]]},"properties":{"Layer":"Drainage","Categories":"Stream","Feature_Co":"DRST","Validation":"Yes","Year_Updat":"2012-2013","Projtn_Dtm":"LCC_WGS1984","Cont_Offcr":null,"Cont_No":null,"Scale_mapi":"10000","Data_Sour":"Satellite Image","Proj_code":null,"Remarks":null}},
{"type":"Feature","geometry":{"type":"LineString","coordinates":[[71.76859,21.46983],[71.76818,21.4697],[71.7681,21.46891],[71.76828,21.46824],[71.76834,21.46756],[71.76822,21.46658],[71.76826,21.46565],[71.76864,21.46481],[71.76912,21.46415],[71.76965,21.46379],[71.7709,21.4632]]},"properties":{"Layer":"Drainage","Categories":"Stream","Feature_Co":"DRST","Validation":"Yes","Year_Updat":"2012-2013","Projtn_Dtm":"LCC_WGS1984","Cont_Offcr":null,"Cont_No":null,"Scale_mapi":"10000","Data_Sour":"Satellite Image","Proj_code":null,"Remarks":null}},
{"type":"Feature","geometry":{"type":"LineString","coordinates":[[71.77744,21.46559],[71.77921,21.46284],[71.78065,21.46087],[71.78102,21.45994],[71.78098,21.4593],[71.78058,21.45826],[71.78036,21.45722],[71.78036,21.45627],[71.77986,21.45533],[71.77971,21.45456],[71.77971,21.45408],[71.7794,21.45309],[71.77943,21.45251],[71.77967,21.45162],[71.77996,21.45071],[71.78021,21.45036],[71.78021,21.44991],[71.78015,21.44958],[71.77931,21.44877],[71.77864,21.44809],[71.77834,21.44728],[71.77831,21.44619],[71.7789,21.44521],[71.77957,21.44475],[71.78074,21.44462],[71.78141,21.4446],[71.78168,21.44397],[71.78192,21.44316],[71.78346,21.44194],[71.7847,21.44151],[71.78583,21.44168],[71.7868,21.44279],[71.78715,21.44355]]},"properties":{"Layer":"Drainage","Categories":"Stream","Feature_Co":"DRST","Validation":"Yes","Year_Updat":"2012-2013","Projtn_Dtm":"LCC_WGS1984","Cont_Offcr":null,"Cont_No":null,"Scale_mapi":"10000","Data_Sour":"Satellite Image","Proj_code":null,"Remarks":null}},
{"type":"Feature","geometry":{"type":"MultiLineString","coordinates":[[[71.80997,21.48001],[71.81035,21.47986],[71.81105,21.4793],[71.81143,21.4788],[71.81162,21.47819]],[[71.8076,21.48017],[71.80809,21.48029],[71.80892,21.48027],[71.80949,21.48017],[71.80997,21.48001]]]},"properties":{"Layer":"Drainage","Categories":"Stream","Feature_Co":"DRST","Validation":"Yes","Year_Updat":"2012-2013","Projtn_Dtm":"LCC_WGS1984","Cont_Offcr":null,"Cont_No":null,"Scale_mapi":"10000","Data_Sour":"Satellite Image","Proj_code":null,"Remarks":null}},
{"type":"Feature","geometry":{"type":"LineString","coordinates":[[71.80997,21.48001],[71.80965,21.48057],[71.80965,21.48113],[71.80963,21.48171],[71.80955,21.48201],[71.80931,21.48249],[71.8089,21.48282]]},"properties":{"Layer":"Drainage","Categories":"Stream","Feature_Co":"DRST","Validation":"Yes","Year_Updat":"2012-2013","Projtn_Dtm":"LCC_WGS1984","Cont_Offcr":null,"Cont_No":null,"Scale_mapi":"10000","Data_Sour":"Satellite Image","Proj_code":null,"Remarks":null}},
{"type":"Feature","geometry":{"type":"MultiLineString","coordinates":[[[71.82466,21.49869],[71.82485,21.499],[71.82487,21.49919],[71.8247,21.49926],[71.82438,21.49926],[71.82406,21.49923],[71.82372,21.49939],[71.82363,21.49959],[71.82361,21.49993]],[[71.81716,21.49486],[71.81744,21.49514],[71.81783,21.49541],[71.81813,21.4954],[71.81852,21.49542],[71.81907,21.49555],[71.81991,21.49594],[71.8204,21.49601],[71.82064,21.49617],[71.82099,21.49641],[71.82126,21.49664],[71.8213,21.49681],[71.82128,21.49696],[71.82142,21.4972],[71.82162,21.49739],[71.82163,21.49779],[71.82168,21.49793],[71.82186,21.49807],[71.82207,21.49817],[71.8223,21.49828],[71.82247,21.4984],[71.82297,21.49839],[71.82332,21.49835],[71.82353,21.49835],[71.82402,21.49841],[71.82443,21.49856],[71.82466,21.49869]],[[71.81302,21.49138],[71.81343,21.49195],[71.8142,21.49246],[71.81475,21.49281],[71.81544,21.49342],[71.81621,21.49376],[71.81675,21.49399],[71.81712,21.49431],[71.81716,21.49486]]]},"properties":{"Layer":"Drainage","Categories":"Stream","Feature_Co":"DRST","Validation":"Yes","Year_Updat":"2012-2013","Projtn_Dtm":"LCC_WGS1984","Cont_Offcr":null,"Cont_No":null,"Scale_mapi":"10000","Data_Sour":"Satellite Image","Proj_code":null,"Remarks":null}},
{"type":"Feature","geometry":{"type":"LineString","coordinates":[[71.82709,21.50003],[71.82768,21.49981],[71.82815,21.49982],[71.82858,21.49985],[71.82905,21.4997],[71.82926,21.49955],[71.82938,21.49939]]},"properties":{"Layer":"Drainage","Categories":"Stream","Feature_Co":"DRST","Validation":"Yes","Year_Updat":"2012-2013","Projtn_Dtm":"LCC_WGS1984","Cont_Offcr":null,"Cont_No":null,"Scale_mapi":"10000","Data_Sour":"Satellite Image","Proj_code":null,"Remarks":null}},
{"type":"Feature","geometry":{"type":"LineString","coordinates":[[71.8191,21.49881],[71.8192,21.49913],[71.81939,21.4994],[71.81963,21.49962],[71.81997,21.49979],[71.82065,21.49988],[71.82092,21.4999],[71.82123,21.49995]]},"properties":{"Layer":"Drainage","Categories":"Stream","Feature_Co":"DRST","Validation":"Yes","Year_Updat":"2012-2013","Projtn_Dtm":"LCC_WGS1984","Cont_Offcr":null,"Cont_No":null,"Scale_mapi":"10000","Data_Sour":"Satellite Image","Proj_code":null,"Remarks":null}},
{"type":"Feature","geometry":{"type":"MultiLineString","coordinates":[[[71.82466,21.49869],[71.82464,21.49852],[71.8245,21.49832],[71.82453,21.49808],[71.82467,21.49784],[71.82481,21.49764]],[[71.82527,21.49695],[71.82552,21.49684],[71.82576,21.49678],[71.82629,21.49684],[71.82652,21.49694],[71.82696,21.49701],[71.82711,21.49687],[71.82732,21.49675],[71.82758,21.49684],[71.82796,21.49678]],[[71.82481,21.49764],[71.82487,21.49741],[71.82499,21.49727],[71.82508,21.4971],[71.82527,21.49695]]]},"properties":{"Layer":"Drainage","Categories":"Stream","Feature_Co":"DRST","Validation":"Yes","Year_Updat":"2012-2013","Projtn_Dtm":"LCC_WGS1984","Cont_Offcr":null,"Cont_No":null,"Scale_mapi":"10000","Data_Sour":"Satellite Image","Proj_code":null,"Remarks":null}},
{"type":"Feature","geometry":{"type":"LineString","coordinates":[[71.82082,21.4944],[71.82112,21.49443],[71.82132,21.49449],[71.82147,21.49463],[71.82164,21.49483],[71.82188,21.49497],[71.8221,21.495],[71.82223,21.49506],[71.82263,21.49505],[71.82286,21.49514],[71.82316,21.49528],[71.82339,21.49534],[71.82359,21.49549],[71.82359,21.49581],[71.82356,21.49603],[71.82372,21.49616],[71.82398,21.49623],[71.82424,21.49639],[71.82433,21.49671],[71.8243,21.49716],[71.8244,21.49747],[71.82481,21.49764]]},"properties":{"Layer":"Drainage","Categories":"Stream","Feature_Co":"DRST","Validation":"Yes","Year_Updat":"2012-2013","Projtn_Dtm":"LCC_WGS1984","Cont_Offcr":null,"Cont_No":null,"Scale_mapi":"10000","Data_Sour":"Satellite Image","Proj_code":null,"Remarks":null}},
{"type":"Feature","geometry":{"type":"MultiLineString","coordinates":[[[71.82527,21.49695],[71.82512,21.49646],[71.82509,21.49592],[71.82512,21.49539],[71.82522,21.49508],[71.8251,21.49485],[71.82495,21.49471],[71.82478,21.49461],[71.82392,21.49454],[71.82378,21.49447],[71.82354,21.49399],[71.8232,21.49356],[71.8232,21.49335],[71.82294,21.49321],[71.82265,21.49307],[71.82259,21.49291],[71.82276,21.49251],[71.8228,21.49238],[71.8228,21.49191],[71.82251,21.4915],[71.82217,21.49115],[71.82203,21.49097],[71.82203,21.49081],[71.822,21.49062],[71.8218,21.49048],[71.82155,21.49036],[71.82138,21.49012],[71.82121,21.48996],[71.82095,21.4898],[71.82056,21.48966],[71.82022,21.48952],[71.81997,21.48939],[71.81975,21.48936],[71.81957,21.48932],[71.8194,21.48928],[71.81902,21.48913],[71.81878,21.48911],[71.81861,21.48893],[71.81847,21.48868],[71.8183,21.48855],[71.81808,21.48839],[71.81777,21.48823],[71.81756,21.48808],[71.81723,21.48795],[71.8168,21.48775],[71.81657,21.4876],[71.8163,21.48747],[71.8159,21.4873],[71.81554,21.48715],[71.81519,21.48702],[71.8149,21.48699],[71.81457,21.48701]],[[71.81457,21.48701],[71.81453,21.48713],[71.81439,21.4874],[71.81434,21.48771],[71.81434,21.48806],[71.81427,21.48823],[71.81409,21.48856],[71.81368,21.48891],[71.81339,21.48924],[71.81327,21.4893],[71.81289,21.4894],[71.81282,21.48955],[71.81268,21.48978],[71.81239,21.48999],[71.81222,21.49004],[71.81178,21.48997],[71.81151,21.49],[71.81135,21.49015],[71.81114,21.49031],[71.81072,21.49043],[71.81027,21.4905],[71.80971,21.49047],[71.8092,21.49022]],[[71.8092,21.49022],[71.80917,21.49001],[71.80917,21.48981],[71.80887,21.48955],[71.80863,21.48928],[71.80826,21.48917],[71.80766,21.48902]]]},"properties":{"Layer":"Drainage","Categories":"Stream","Feature_Co":"DRST","Validation":"Yes","Year_Updat":"2012-2013","Projtn_Dtm":"LCC_WGS1984","Cont_Offcr":null,"Cont_No":null,"Scale_mapi":"10000","Data_Sour":"Satellite Image","Proj_code":null,"Remarks":null}},
{"type":"Feature","geometry":{"type":"MultiLineString","coordinates":[[[71.8092,21.49022],[71.80897,21.49018],[71.80862,21.49022],[71.80829,21.49029],[71.80813,21.49042],[71.80802,21.49063],[71.80793,21.49082],[71.80776,21.49093],[71.80723,21.49099],[71.80681,21.49108],[71.80648,21.49117],[71.80619,21.49121],[71.80588,21.49136],[71.80564,21.49138],[71.80547,21.49121],[71.80546,21.49095]],[[71.80546,21.49095],[71.80539,21.4906],[71.80533,21.49047]],[[71.80533,21.49047],[71.80528,21.49036],[71.80497,21.48957],[71.80491,21.48941]]]},"properties":{"Layer":"Drainage","Categories":"Stream","Feature_Co":"DRST","Validation":"Yes","Year_Updat":"2012-2013","Projtn_Dtm":"LCC_WGS1984","Cont_Offcr":null,"Cont_No":null,"Scale_mapi":"10000","Data_Sour":"Satellite Image","Proj_code":null,"Remarks":null}},
{"type":"Feature","geometry":{"type":"LineString","coordinates":[[71.80384,21.48974],[71.80407,21.48968],[71.80422,21.48968],[71.80439,21.48972],[71.80458,21.48984],[71.80468,21.48997],[71.80479,21.49011],[71.80494,21.49026],[71.80505,21.49034],[71.80522,21.49043],[71.80533,21.49047]]},"properties":{"Layer":"Drainage","Categories":"Stream","Feature_Co":"DRST","Validation":"Yes","Year_Updat":"2012-2013","Projtn_Dtm":"LCC_WGS1984","Cont_Offcr":null,"Cont_No":null,"Scale_mapi":"10000","Data_Sour":"Satellite Image","Proj_code":null,"Remarks":null}},
{"type":"Feature","geometry":{"type":"LineString","coordinates":[[71.80325,21.49118],[71.80383,21.4912],[71.80437,21.49113],[71.80465,21.49109],[71.80497,21.49107],[71.80513,21.49105],[71.80546,21.49095]]},"properties":{"Layer":"Drainage","Categories":"Stream","Feature_Co":"DRST","Validation":"Yes","Year_Updat":"2012-2013","Projtn_Dtm":"LCC_WGS1984","Cont_Offcr":null,"Cont_No":null,"Scale_mapi":"10000","Data_Sour":"Satellite Image","Proj_code":null,"Remarks":null}},
{"type":"Feature","geometry":{"type":"LineString","coordinates":[[71.81139,21.48633],[71.81182,21.48659],[71.81245,21.4867],[71.81293,21.48676],[71.81366,21.48687],[71.81409,21.48714],[71.81457,21.48701]]},"properties":{"Layer":"Drainage","Categories":"Stream","Feature_Co":"DRST","Validation":"Yes","Year_Updat":"2012-2013","Projtn_Dtm":"LCC_WGS1984","Cont_Offcr":null,"Cont_No":null,"Scale_mapi":"10000","Data_Sour":"Satellite Image","Proj_code":null,"Remarks":null}},
{"type":"Feature","geometry":{"type":"LineString","coordinates":[[71.80472,21.49998],[71.80444,21.49968],[71.80429,21.49936],[71.80439,21.49889],[71.8045,21.49853],[71.80421,21.4983],[71.80391,21.498],[71.80356,21.49771],[71.80352,21.49747],[71.80322,21.49705]]},"properties":{"Layer":"Drainage","Categories":"Stream","Feature_Co":"DRST","Validation":"Yes","Year_Updat":"2012-2013","Projtn_Dtm":"LCC_WGS1984","Cont_Offcr":null,"Cont_No":null,"Scale_mapi":"10000","Data_Sour":"Satellite Image","Proj_code":null,"Remarks":null}},
{"type":"Feature","geometry":{"type":"LineString","coordinates":[[71.80338,21.49999],[71.80318,21.49938],[71.80259,21.49896],[71.80239,21.49838],[71.8021,21.49811],[71.80129,21.49743],[71.80105,21.49715],[71.80054,21.49698],[71.79951,21.497],[71.79886,21.49675],[71.7988,21.49649],[71.7989,21.49617]]},"properties":{"Layer":"Drainage","Categories":"Stream","Feature_Co":"DRST","Validation":"Yes","Year_Updat":"2012-2013","Projtn_Dtm":"LCC_WGS1984","Cont_Offcr":null,"Cont_No":null,"Scale_mapi":"10000","Data_Sour":"Satellite Image","Proj_code":null,"Remarks":null}},
{"type":"Feature","geometry":{"type":"MultiLineString","coordinates":[[[71.79707,21.50002],[71.79688,21.49962],[71.7963,21.49934],[71.79557,21.49903],[71.79522,21.49858],[71.79478,21.4982],[71.79409,21.49796],[71.79364,21.49765],[71.79315,21.49745]],[[71.79315,21.49745],[71.79291,21.49735],[71.79228,21.49688],[71.79163,21.49633]]]},"properties":{"Layer":"Drainage","Categories":"Stream","Feature_Co":"DRST","Validation":"Yes","Year_Updat":"2012-2013","Projtn_Dtm":"LCC_WGS1984","Cont_Offcr":null,"Cont_No":null,"Scale_mapi":"10000","Data_Sour":"Satellite Image","Proj_code":null,"Remarks":null}},
{"type":"Feature","geometry":{"type":"LineString","coordinates":[[71.79315,21.49745],[71.79364,21.49745],[71.7941,21.49729],[71.79447,21.49722],[71.79491,21.49705]]},"properties":{"Layer":"Drainage","Categories":"Stream","Feature_Co":"DRST","Validation":"Yes","Year_Updat":"2012-2013","Projtn_Dtm":"LCC_WGS1984","Cont_Offcr":null,"Cont_No":null,"Scale_mapi":"10000","Data_Sour":"Satellite Image","Proj_code":null,"Remarks":null}},
{"type":"Feature","geometry":{"type":"MultiLineString","coordinates":[[[71.77862,21.49766],[71.77989,21.49783],[71.78044,21.49794],[71.78086,21.49794],[71.78129,21.498],[71.78184,21.4979],[71.78222,21.49784],[71.78246,21.49779],[71.78275,21.49767],[71.78297,21.49748],[71.78329,21.49746],[71.78398,21.49748],[71.78467,21.4974],[71.78578,21.49736],[71.78645,21.49742],[71.78694,21.49746],[71.78728,21.49746],[71.78785,21.49719],[71.78825,21.49677],[71.78841,21.49639],[71.78868,21.49575],[71.78884,21.49535]],[[71.78884,21.49535],[71.78881,21.49425],[71.78822,21.49317],[71.78751,21.4924],[71.78697,21.49136],[71.78548,21.48907]],[[71.78548,21.48907],[71.78485,21.48833],[71.78352,21.48772],[71.78256,21.48695],[71.78157,21.48562],[71.78108,21.48418]]]},"properties":{"Layer":"Drainage","Categories":"Stream","Feature_Co":"DRST","Validation":"Yes","Year_Updat":"2012-2013","Projtn_Dtm":"LCC_WGS1984","Cont_Offcr":null,"Cont_No":null,"Scale_mapi":"10000","Data_Sour":"Satellite Image","Proj_code":null,"Remarks":null}},
{"type":"Feature","geometry":{"type":"MultiLineString","coordinates":[[[71.7944,21.49544],[71.79469,21.49561],[71.79495,21.49587],[71.79509,21.49608],[71.79518,21.49631],[71.79558,21.49655],[71.79587,21.49659],[71.79603,21.49661],[71.79615,21.4967],[71.79619,21.49697],[71.79619,21.49716]],[[71.79075,21.49527],[71.79102,21.49521],[71.79183,21.49519],[71.79278,21.49515],[71.79321,21.49521],[71.79386,21.4953],[71.7944,21.49544]],[[71.78884,21.49535],[71.78981,21.49542],[71.79052,21.49531],[71.79075,21.49527]]]},"properties":{"Layer":"Drainage","Categories":"Stream","Feature_Co":"DRST","Validation":"Yes","Year_Updat":"2012-2013","Projtn_Dtm":"LCC_WGS1984","Cont_Offcr":null,"Cont_No":null,"Scale_mapi":"10000","Data_Sour":"Satellite Image","Proj_code":null,"Remarks":null}},
{"type":"Feature","geometry":{"type":"MultiLineString","coordinates":[[[71.79631,21.49552],[71.79651,21.49553],[71.79714,21.49539],[71.79767,21.49547],[71.79809,21.49562],[71.79831,21.49579]],[[71.7944,21.49544],[71.79501,21.49547],[71.79544,21.49549],[71.796,21.49551],[71.79631,21.49552]]]},"properties":{"Layer":"Drainage","Categories":"Stream","Feature_Co":"DRST","Validation":"Yes","Year_Updat":"2012-2013","Projtn_Dtm":"LCC_WGS1984","Cont_Offcr":null,"Cont_No":null,"Scale_mapi":"10000","Data_Sour":"Satellite Image","Proj_code":null,"Remarks":null}},
{"type":"Feature","geometry":{"type":"LineString","coordinates":[[71.79631,21.49552],[71.79667,21.49583],[71.79724,21.49594],[71.79771,21.49613],[71.79787,21.49628]]},"properties":{"Layer":"Drainage","Categories":"Stream","Feature_Co":"DRST","Validation":"Yes","Year_Updat":"2012-2013","Projtn_Dtm":"LCC_WGS1984","Cont_Offcr":null,"Cont_No":null,"Scale_mapi":"10000","Data_Sour":"Satellite Image","Proj_code":null,"Remarks":null}},
{"type":"Feature","geometry":{"type":"MultiLineString","coordinates":[[[71.79321,21.49354],[71.79373,21.49366],[71.79444,21.49386],[71.79548,21.49392],[71.79663,21.49393],[71.79788,21.49401],[71.79892,21.49397],[71.79999,21.4938],[71.8007,21.49376],[71.80098,21.49368]],[[71.79075,21.49527],[71.79072,21.49489],[71.79064,21.49448],[71.79088,21.49412],[71.79141,21.49389],[71.79203,21.49368],[71.79258,21.49354],[71.79321,21.49354]]]},"properties":{"Layer":"Drainage","Categories":"Stream","Feature_Co":"DRST","Validation":"Yes","Year_Updat":"2012-2013","Projtn_Dtm":"LCC_WGS1984","Cont_Offcr":null,"Cont_No":null,"Scale_mapi":"10000","Data_Sour":"Satellite Image","Proj_code":null,"Remarks":null}},
{"type":"Feature","geometry":{"type":"MultiLineString","coordinates":[[[71.795,21.4932],[71.79533,21.49314],[71.79673,21.49287],[71.79766,21.49289],[71.79885,21.49279],[71.79979,21.49264],[71.80108,21.49252]],[[71.79321,21.49354],[71.795,21.4932]]]},"properties":{"Layer":"Drainage","Categories":"Stream","Feature_Co":"DRST","Validation":"Yes","Year_Updat":"2012-2013","Projtn_Dtm":"LCC_WGS1984","Cont_Offcr":null,"Cont_No":null,"Scale_mapi":"10000","Data_Sour":"Satellite Image","Proj_code":null,"Remarks":null}},
{"type":"Feature","geometry":{"type":"LineString","coordinates":[[71.79698,21.48829],[71.79696,21.48867],[71.79692,21.48895],[71.79682,21.48935],[71.797,21.48944],[71.79711,21.48954],[71.79713,21.48984],[71.79713,21.49003],[71.79711,21.49028],[71.79705,21.49056],[71.79687,21.49081],[71.79664,21.49109],[71.7966,21.4913],[71.79654,21.49149],[71.79638,21.4917],[71.79608,21.49196],[71.79596,21.49223],[71.79559,21.49269],[71.79519,21.49299],[71.795,21.4932]]},"properties":{"Layer":"Drainage","Categories":"Stream","Feature_Co":"DRST","Validation":"Yes","Year_Updat":"2012-2013","Projtn_Dtm":"LCC_WGS1984","Cont_Offcr":null,"Cont_No":null,"Scale_mapi":"10000","Data_Sour":"Satellite Image","Proj_code":null,"Remarks":null}},
{"type":"Feature","geometry":{"type":"LineString","coordinates":[[71.78548,21.48907],[71.78635,21.48867],[71.78682,21.48829],[71.787,21.48804],[71.78684,21.48789],[71.78647,21.48783],[71.78635,21.48755],[71.78647,21.48723],[71.78655,21.48679],[71.78681,21.48647],[71.7871,21.48641],[71.78777,21.48603],[71.78878,21.48555],[71.7892,21.48514],[71.78954,21.48472],[71.78987,21.48447],[71.7907,21.48413],[71.79159,21.48329],[71.79272,21.48259],[71.79335,21.48246]]},"properties":{"Layer":"Drainage","Categories":"Stream","Feature_Co":"DRST","Validation":"Yes","Year_Updat":"2012-2013","Projtn_Dtm":"LCC_WGS1984","Cont_Offcr":null,"Cont_No":null,"Scale_mapi":"10000","Data_Sour":"Satellite Image","Proj_code":null,"Remarks":null}},
{"type":"Feature","geometry":{"type":"MultiLineString","coordinates":[[[71.77821,21.49999],[71.77809,21.49857],[71.77823,21.49804],[71.77862,21.49766]],[[71.77862,21.49766],[71.77874,21.49709],[71.77847,21.49632],[71.77802,21.49563],[71.77776,21.49484],[71.77715,21.49306],[71.77667,21.49196]],[[71.77667,21.49196],[71.77654,21.49166],[71.77625,21.49103],[71.77607,21.4902],[71.7756,21.4898],[71.77538,21.48937],[71.77499,21.48882],[71.77497,21.48848],[71.77497,21.48825],[71.77511,21.48791],[71.77497,21.48759]],[[71.77497,21.48759],[71.77446,21.487],[71.77416,21.48662],[71.77408,21.4863]]]},"properties":{"Layer":"Drainage","Categories":"Stream","Feature_Co":"DRST","Validation":"Yes","Year_Updat":"2012-2013","Projtn_Dtm":"LCC_WGS1984","Cont_Offcr":null,"Cont_No":null,"Scale_mapi":"10000","Data_Sour":"Satellite Image","Proj_code":null,"Remarks":null}},
{"type":"Feature","geometry":{"type":"MultiLineString","coordinates":[[[71.77497,21.48759],[71.77635,21.48751],[71.77712,21.48737],[71.77762,21.48716],[71.7777,21.48671],[71.77752,21.48618],[71.77752,21.48559],[71.77786,21.48502],[71.77878,21.48421],[71.77903,21.48381],[71.77922,21.48347],[71.77935,21.48313],[71.77956,21.48279],[71.77991,21.48236],[71.78029,21.4822],[71.78049,21.48223],[71.78094,21.48205],[71.78135,21.48196],[71.78161,21.48182],[71.78161,21.48156],[71.78184,21.48109],[71.78229,21.48106],[71.78295,21.48092],[71.78375,21.48042],[71.78466,21.47995],[71.78498,21.47982]],[[71.78498,21.47982],[71.78624,21.48009],[71.78768,21.48049],[71.78849,21.48064],[71.79062,21.48128],[71.79172,21.48145],[71.79201,21.48159]]]},"properties":{"Layer":"Drainage","Categories":"Stream","Feature_Co":"DRST","Validation":"Yes","Year_Updat":"2012-2013","Projtn_Dtm":"LCC_WGS1984","Cont_Offcr":null,"Cont_No":null,"Scale_mapi":"10000","Data_Sour":"Satellite Image","Proj_code":null,"Remarks":null}},
{"type":"Feature","geometry":{"type":"LineString","coordinates":[[71.78498,21.47982],[71.78662,21.47914],[71.78812,21.47892],[71.78978,21.47889],[71.79102,21.47863]]},"properties":{"Layer":"Drainage","Categories":"Stream","Feature_Co":"DRST","Validation":"Yes","Year_Updat":"2012-2013","Projtn_Dtm":"LCC_WGS1984","Cont_Offcr":null,"Cont_No":null,"Scale_mapi":"10000","Data_Sour":"Satellite Image","Proj_code":null,"Remarks":null}},
{"type":"Feature","geometry":{"type":"LineString","coordinates":[[71.7686,21.49657],[71.76904,21.49682],[71.76906,21.49714],[71.76884,21.49761],[71.76888,21.49797],[71.76914,21.49828],[71.76934,21.49869],[71.76942,21.4992],[71.76947,21.50003]]},"properties":{"Layer":"Drainage","Categories":"Stream","Feature_Co":"DRST","Validation":"Yes","Year_Updat":"2012-2013","Projtn_Dtm":"LCC_WGS1984","Cont_Offcr":null,"Cont_No":null,"Scale_mapi":"10000","Data_Sour":"Satellite Image","Proj_code":null,"Remarks":null}},
{"type":"Feature","geometry":{"type":"MultiLineString","coordinates":[[[71.77312,21.49996],[71.77303,21.49933],[71.77297,21.49897],[71.77297,21.49871],[71.77303,21.4985],[71.77319,21.4984],[71.77346,21.49825],[71.77342,21.49802],[71.77317,21.49753],[71.77299,21.49719],[71.77283,21.49655],[71.77285,21.496],[71.77284,21.49528],[71.77276,21.49497],[71.77222,21.49408],[71.77169,21.4938]],[[71.77169,21.4938],[71.77082,21.49354],[71.77043,21.49312],[71.7697,21.49289],[71.76918,21.49289],[71.7683,21.49252],[71.7677,21.49216],[71.76705,21.49193],[71.76662,21.49174],[71.76595,21.49129],[71.76573,21.49083],[71.76532,21.49066],[71.76492,21.49059],[71.76472,21.4904],[71.76445,21.49017],[71.76413,21.48993],[71.7637,21.48949],[71.76399,21.48913],[71.76433,21.48887],[71.76467,21.4885],[71.76475,21.48813],[71.76471,21.48773],[71.76455,21.48731],[71.76424,21.48691],[71.76408,21.4864],[71.7637,21.48608],[71.76309,21.48544],[71.76319,21.48529],[71.76343,21.48493],[71.76385,21.48428],[71.76389,21.48398],[71.76355,21.48316]]]},"properties":{"Layer":"Drainage","Categories":"Stream","Feature_Co":"DRST","Validation":"Yes","Year_Updat":"2012-2013","Projtn_Dtm":"LCC_WGS1984","Cont_Offcr":null,"Cont_No":null,"Scale_mapi":"10000","Data_Sour":"Satellite Image","Proj_code":null,"Remarks":null}},
{"type":"Feature","geometry":{"type":"LineString","coordinates":[[71.76963,21.48672],[71.76977,21.48713],[71.76994,21.48791],[71.77006,21.48855],[71.77026,21.48861],[71.7705,21.48876],[71.77089,21.48891],[71.77093,21.48927],[71.77109,21.48969],[71.77113,21.49009],[71.77114,21.49067],[71.77087,21.49088],[71.77081,21.49134],[71.771,21.49187],[71.771,21.49232],[71.77106,21.49261],[71.77148,21.493],[71.77173,21.49327],[71.77169,21.4938]]},"properties":{"Layer":"Drainage","Categories":"Stream","Feature_Co":"DRST","Validation":"Yes","Year_Updat":"2012-2013","Projtn_Dtm":"LCC_WGS1984","Cont_Offcr":null,"Cont_No":null,"Scale_mapi":"10000","Data_Sour":"Satellite Image","Proj_code":null,"Remarks":null}},
{"type":"Feature","geometry":{"type":"LineString","coordinates":[[71.77667,21.49196],[71.7789,21.49172],[71.77985,21.49155],[71.78054,21.49129],[71.78104,21.4909],[71.78152,21.4906]]},"properties":{"Layer":"Drainage","Categories":"Stream","Feature_Co":"DRST","Validation":"Yes","Year_Updat":"2012-2013","Projtn_Dtm":"LCC_WGS1984","Cont_Offcr":null,"Cont_No":null,"Scale_mapi":"10000","Data_Sour":"Satellite Image","Proj_code":null,"Remarks":null}},
{"type":"Feature","geometry":{"type":"MultiLineString","coordinates":[[[71.75756,21.48596],[71.7549,21.48459]],[[71.7549,21.48459],[71.75377,21.48401]],[[71.75377,21.48401],[71.75359,21.48374],[71.75348,21.48317],[71.75377,21.48259],[71.7542,21.48229],[71.75438,21.48165],[71.75447,21.48111]],[[71.75447,21.48111],[71.75456,21.48057],[71.75517,21.47932],[71.75625,21.47821],[71.75794,21.477],[71.75884,21.47659],[71.75941,21.47632],[71.7598,21.47531],[71.75973,21.4742],[71.75973,21.47295],[71.75969,21.4716],[71.75918,21.47039],[71.75915,21.46891],[71.75868,21.4677],[71.75889,21.46672],[71.75945,21.46601]],[[71.75945,21.46601],[71.75972,21.46567],[71.75941,21.46494],[71.75919,21.46426],[71.75951,21.46345],[71.75967,21.46264],[71.75943,21.46191],[71.75892,21.46115],[71.75883,21.46034],[71.75862,21.45956],[71.75851,21.45883],[71.75845,21.45822],[71.75845,21.45779],[71.75845,21.45719],[71.75848,21.4564],[71.75834,21.45575],[71.7581,21.45501],[71.7582,21.45451],[71.75807,21.45365],[71.75798,21.45304],[71.75796,21.45239],[71.75787,21.45191],[71.75795,21.45121]]]},"properties":{"Layer":"Drainage","Categories":"Stream","Feature_Co":"DRST","Validation":"Yes","Year_Updat":"2012-2013","Projtn_Dtm":"LCC_WGS1984","Cont_Offcr":null,"Cont_No":null,"Scale_mapi":"10000","Data_Sour":"Satellite Image","Proj_code":null,"Remarks":null}},
{"type":"Feature","geometry":{"type":"LineString","coordinates":[[71.74991,21.49646],[71.75036,21.49604],[71.75056,21.49595],[71.75117,21.49584],[71.75141,21.4958],[71.75157,21.4958],[71.75178,21.496],[71.7518,21.49616],[71.75214,21.49636],[71.75253,21.49644],[71.75322,21.49661],[71.7539,21.49661],[71.75435,21.49649],[71.75492,21.49613],[71.7554,21.49581],[71.75595,21.49564],[71.75688,21.4952],[71.75732,21.49497],[71.75795,21.49478],[71.75831,21.49459]]},"properties":{"Layer":"Drainage","Categories":"Stream","Feature_Co":"DRST","Validation":"Yes","Year_Updat":"2012-2013","Projtn_Dtm":"LCC_WGS1984","Cont_Offcr":null,"Cont_No":null,"Scale_mapi":"10000","Data_Sour":"Satellite Image","Proj_code":null,"Remarks":null}},
{"type":"Feature","geometry":{"type":"LineString","coordinates":[[71.75498,21.49856],[71.75508,21.49894],[71.75516,21.49918],[71.75522,21.49943],[71.75523,21.49973],[71.75488,21.49987],[71.75423,21.49977],[71.75369,21.49998]]},"properties":{"Layer":"Drainage","Categories":"Stream","Feature_Co":"DRST","Validation":"Yes","Year_Updat":"2012-2013","Projtn_Dtm":"LCC_WGS1984","Cont_Offcr":null,"Cont_No":null,"Scale_mapi":"10000","Data_Sour":"Satellite Image","Proj_code":null,"Remarks":null}},
{"type":"Feature","geometry":{"type":"LineString","coordinates":[[71.7833,21.46557],[71.78389,21.46589],[71.78452,21.46592],[71.78487,21.46587],[71.78524,21.46599],[71.7857,21.46622]]},"properties":{"Layer":"Drainage","Categories":"Stream","Feature_Co":"DRST","Validation":"Yes","Year_Updat":"2012-2013","Projtn_Dtm":"LCC_WGS1984","Cont_Offcr":null,"Cont_No":null,"Scale_mapi":"10000","Data_Sour":"Satellite Image","Proj_code":null,"Remarks":null}},
{"type":"Feature","geometry":{"type":"LineString","coordinates":[[71.78344,21.46401],[71.78427,21.46418],[71.78473,21.46438],[71.78513,21.46463],[71.78535,21.46496],[71.78567,21.46526],[71.78621,21.46549],[71.78686,21.46576]]},"properties":{"Layer":"Drainage","Categories":"Stream","Feature_Co":"DRST","Validation":"Yes","Year_Updat":"2012-2013","Projtn_Dtm":"LCC_WGS1984","Cont_Offcr":null,"Cont_No":null,"Scale_mapi":"10000","Data_Sour":"Satellite Image","Proj_code":null,"Remarks":null}},
{"type":"Feature","geometry":{"type":"LineString","coordinates":[[71.78337,21.46285],[71.78408,21.46327],[71.78462,21.46342],[71.7851,21.46362],[71.78578,21.46384],[71.78627,21.46395],[71.78659,21.46417],[71.78729,21.46457]]},"properties":{"Layer":"Drainage","Categories":"Stream","Feature_Co":"DRST","Validation":"Yes","Year_Updat":"2012-2013","Projtn_Dtm":"LCC_WGS1984","Cont_Offcr":null,"Cont_No":null,"Scale_mapi":"10000","Data_Sour":"Satellite Image","Proj_code":null,"Remarks":null}},
{"type":"Feature","geometry":{"type":"LineString","coordinates":[[71.79237,21.46325],[71.79376,21.46416],[71.79472,21.46506],[71.79549,21.4656],[71.79619,21.46644],[71.79677,21.46673],[71.79735,21.46751]]},"properties":{"Layer":"Drainage","Categories":"Stream","Feature_Co":"DRST","Validation":"Yes","Year_Updat":"2012-2013","Projtn_Dtm":"LCC_WGS1984","Cont_Offcr":null,"Cont_No":null,"Scale_mapi":"10000","Data_Sour":"Satellite Image","Proj_code":null,"Remarks":null}},
{"type":"Feature","geometry":{"type":"LineString","coordinates":[[71.79937,21.44826],[71.80087,21.44496],[71.80202,21.44166],[71.80263,21.44038],[71.80252,21.43964],[71.80198,21.4391],[71.80226,21.43883],[71.80277,21.43893],[71.80309,21.439],[71.80349,21.43879],[71.80356,21.43829],[71.80338,21.43731],[71.80334,21.43723]]},"properties":{"Layer":"Drainage","Categories":"Stream","Feature_Co":"DRST","Validation":"Yes","Year_Updat":"2012-2013","Projtn_Dtm":"LCC_WGS1984","Cont_Offcr":null,"Cont_No":null,"Scale_mapi":"10000","Data_Sour":"Satellite Image","Proj_code":null,"Remarks":null}},
{"type":"Feature","geometry":{"type":"LineString","coordinates":[[71.82404,21.46243],[71.82653,21.4578],[71.82652,21.45593],[71.82675,21.45552]]},"properties":{"Layer":"Drainage","Categories":"Stream","Feature_Co":"DRST","Validation":"Yes","Year_Updat":"2012-2013","Projtn_Dtm":"LCC_WGS1984","Cont_Offcr":null,"Cont_No":null,"Scale_mapi":"10000","Data_Sour":"Satellite Image","Proj_code":null,"Remarks":null}},
{"type":"Feature","geometry":{"type":"LineString","coordinates":[[71.82536,21.45159],[71.82476,21.45214],[71.82385,21.45331],[71.82339,21.45462],[71.82299,21.45611],[71.81977,21.46134]]},"properties":{"Layer":"Drainage","Categories":"Stream","Feature_Co":"DRST","Validation":"Yes","Year_Updat":"2012-2013","Projtn_Dtm":"LCC_WGS1984","Cont_Offcr":null,"Cont_No":null,"Scale_mapi":"10000","Data_Sour":"Satellite Image","Proj_code":null,"Remarks":null}},
{"type":"Feature","geometry":{"type":"MultiLineString","coordinates":[[[71.81769,21.4608],[71.81856,21.45547]],[[71.81856,21.45547],[71.81861,21.45516],[71.81772,21.45178],[71.81731,21.44981],[71.8176,21.44905],[71.81768,21.44852],[71.81771,21.44758],[71.81763,21.44702]],[[71.81763,21.44702],[71.8176,21.4468],[71.8176,21.44604],[71.81751,21.44564]],[[71.81751,21.44564],[71.81784,21.44533],[71.81816,21.445],[71.81819,21.44455],[71.81827,21.44419],[71.81821,21.44384],[71.8182,21.4438]]]},"properties":{"Layer":"Drainage","Categories":"Stream","Feature_Co":"DRST","Validation":"Yes","Year_Updat":"2012-2013","Projtn_Dtm":"LCC_WGS1984","Cont_Offcr":null,"Cont_No":null,"Scale_mapi":"10000","Data_Sour":"Satellite Image","Proj_code":null,"Remarks":null}},
{"type":"Feature","geometry":{"type":"LineString","coordinates":[[71.81362,21.44173],[71.81357,21.44223],[71.81392,21.44254],[71.81454,21.44284],[71.81503,21.44337],[71.81578,21.44397],[71.81611,21.44473],[71.81649,21.44528],[71.8173,21.44559],[71.81751,21.44564]]},"properties":{"Layer":"Drainage","Categories":"Stream","Feature_Co":"DRST","Validation":"Yes","Year_Updat":"2012-2013","Projtn_Dtm":"LCC_WGS1984","Cont_Offcr":null,"Cont_No":null,"Scale_mapi":"10000","Data_Sour":"Satellite Image","Proj_code":null,"Remarks":null}},
{"type":"Feature","geometry":{"type":"LineString","coordinates":[[71.81763,21.44702],[71.81819,21.44654],[71.81876,21.44614],[71.81902,21.44571],[71.81983,21.44498]]},"properties":{"Layer":"Drainage","Categories":"Stream","Feature_Co":"DRST","Validation":"Yes","Year_Updat":"2012-2013","Projtn_Dtm":"LCC_WGS1984","Cont_Offcr":null,"Cont_No":null,"Scale_mapi":"10000","Data_Sour":"Satellite Image","Proj_code":null,"Remarks":null}},
{"type":"Feature","geometry":{"type":"MultiLineString","coordinates":[[[71.81856,21.45547],[71.82189,21.45139],[71.82272,21.45072],[71.82268,21.45027],[71.82272,21.4496],[71.82231,21.44928],[71.82225,21.44911],[71.82225,21.44886]],[[71.82225,21.44886],[71.82231,21.44852],[71.82176,21.44807],[71.82146,21.44782],[71.82158,21.4476],[71.82197,21.44752],[71.82242,21.44735]]]},"properties":{"Layer":"Drainage","Categories":"Stream","Feature_Co":"DRST","Validation":"Yes","Year_Updat":"2012-2013","Projtn_Dtm":"LCC_WGS1984","Cont_Offcr":null,"Cont_No":null,"Scale_mapi":"10000","Data_Sour":"Satellite Image","Proj_code":null,"Remarks":null}},
{"type":"Feature","geometry":{"type":"LineString","coordinates":[[71.82225,21.44886],[71.82247,21.44886],[71.82324,21.44852],[71.82337,21.44846]]},"properties":{"Layer":"Drainage","Categories":"Stream","Feature_Co":"DRST","Validation":"Yes","Year_Updat":"2012-2013","Projtn_Dtm":"LCC_WGS1984","Cont_Offcr":null,"Cont_No":null,"Scale_mapi":"10000","Data_Sour":"Satellite Image","Proj_code":null,"Remarks":null}},
{"type":"Feature","geometry":{"type":"LineString","coordinates":[[71.82801,21.46346],[71.829,21.46158]]},"properties":{"Layer":"Drainage","Categories":"Stream","Feature_Co":"DRST","Validation":"Yes","Year_Updat":"2012-2013","Projtn_Dtm":"LCC_WGS1984","Cont_Offcr":null,"Cont_No":null,"Scale_mapi":"10000","Data_Sour":"Satellite Image","Proj_code":null,"Remarks":null}},
{"type":"Feature","geometry":{"type":"LineString","coordinates":[[71.7499,21.48361],[71.75051,21.48341],[71.75099,21.48334],[71.75153,21.48332],[71.75198,21.48346],[71.75228,21.48362],[71.75244,21.48372],[71.75264,21.48362],[71.75293,21.48347],[71.75305,21.48352],[71.75312,21.48365],[71.75321,21.48382],[71.75334,21.48394],[71.75361,21.48407],[71.75377,21.48401]]},"properties":{"Layer":"Drainage","Categories":"Stream","Feature_Co":"DRST","Validation":"Yes","Year_Updat":"2012-2013","Projtn_Dtm":"LCC_WGS1984","Cont_Offcr":null,"Cont_No":null,"Scale_mapi":"10000","Data_Sour":"Satellite Image","Proj_code":null,"Remarks":null}},
{"type":"Feature","geometry":{"type":"LineString","coordinates":[[71.75447,21.48111],[71.75545,21.4812],[71.75579,21.48142],[71.75627,21.48155],[71.75665,21.48186],[71.75701,21.48212],[71.75751,21.48226],[71.75817,21.48229]]},"properties":{"Layer":"Drainage","Categories":"Stream","Feature_Co":"DRST","Validation":"Yes","Year_Updat":"2012-2013","Projtn_Dtm":"LCC_WGS1984","Cont_Offcr":null,"Cont_No":null,"Scale_mapi":"10000","Data_Sour":"Satellite Image","Proj_code":null,"Remarks":null}},
{"type":"Feature","geometry":{"type":"LineString","coordinates":[[71.7549,21.48459],[71.75579,21.48476],[71.75653,21.48456],[71.75707,21.48444],[71.75719,21.48444],[71.75753,21.48445]]},"properties":{"Layer":"Drainage","Categories":"Stream","Feature_Co":"DRST","Validation":"Yes","Year_Updat":"2012-2013","Projtn_Dtm":"LCC_WGS1984","Cont_Offcr":null,"Cont_No":null,"Scale_mapi":"10000","Data_Sour":"Satellite Image","Proj_code":null,"Remarks":null}},
{"type":"Feature","geometry":{"type":"LineString","coordinates":[[71.75945,21.46601],[71.75963,21.46688],[71.7599,21.46716],[71.76017,21.46748],[71.76033,21.46775],[71.76066,21.46812],[71.76087,21.46849],[71.76102,21.46885],[71.76123,21.46904],[71.76171,21.46934],[71.76195,21.47016],[71.76236,21.47048]]},"properties":{"Layer":"Drainage","Categories":"Stream","Feature_Co":"DRST","Validation":"Yes","Year_Updat":"2012-2013","Projtn_Dtm":"LCC_WGS1984","Cont_Offcr":null,"Cont_No":null,"Scale_mapi":"10000","Data_Sour":"Satellite Image","Proj_code":null,"Remarks":null}},
{"type":"Feature","geometry":{"type":"LineString","coordinates":[[71.81402,21.49365],[71.81502,21.49431],[71.81586,21.49446],[71.81681,21.49469],[71.81716,21.49486]]},"properties":{"Layer":"Drainage","Categories":"Stream","Feature_Co":"DRST","Validation":"Yes","Year_Updat":"2012-2013","Projtn_Dtm":"LCC_WGS1984","Cont_Offcr":null,"Cont_No":null,"Scale_mapi":"10000","Data_Sour":"Satellite Image","Proj_code":null,"Remarks":null}},
{"type":"Feature","geometry":{"type":"LineString","coordinates":[[71.7572,21.52366],[71.75786,21.52453],[71.75834,21.525],[71.75875,21.52535]]},"properties":{"Layer":"Drainage","Categories":"River","Feature_Co":"DRRV","Validation":"Yes","Year_Updat":"2012-2013","Projtn_Dtm":"LCC_WGS1984","Cont_Offcr":null,"Cont_No":null,"Scale_mapi":"10000","Data_Sour":"Satellite Image","Proj_code":null,"Remarks":null}},
{"type":"Feature","geometry":{"type":"LineString","coordinates":[[71.74477,21.51182],[71.74499,21.51186],[71.74533,21.51196],[71.74553,21.51206],[71.74581,21.51224],[71.74617,21.51242],[71.74645,21.51242],[71.74707,21.51242],[71.74745,21.51234],[71.74781,21.51226],[71.74817,21.51228],[71.74843,21.5123]]},"properties":{"Layer":"Drainage","Categories":"Stream","Feature_Co":"DRST","Validation":"Yes","Year_Updat":"2012-2013","Projtn_Dtm":"LCC_WGS1984","Cont_Offcr":null,"Cont_No":null,"Scale_mapi":"10000","Data_Sour":"Satellite Image","Proj_code":null,"Remarks":null}},
{"type":"Feature","geometry":{"type":"MultiLineString","coordinates":[[[71.75092,21.50835],[71.75086,21.50913],[71.75086,21.50932],[71.75097,21.50959],[71.75118,21.5101],[71.75119,21.51037],[71.75119,21.51066],[71.75113,21.51132],[71.75107,21.51259],[71.75097,21.51324],[71.75074,21.5136],[71.7507,21.51396],[71.75067,21.51463]],[[71.75368,21.50001],[71.75364,21.50057],[71.75349,21.50078],[71.75337,21.50091],[71.75329,21.50117],[71.75317,21.50154],[71.75302,21.50171],[71.75275,21.50181],[71.75229,21.50198],[71.75187,21.50223],[71.75167,21.50249],[71.7516,21.50295],[71.75155,21.50331],[71.75155,21.50375],[71.75164,21.50423],[71.75167,21.50454],[71.75166,21.50494],[71.75157,21.50518],[71.75151,21.50544],[71.75134,21.50581],[71.75113,21.50592],[71.75103,21.50602],[71.75097,21.50622],[71.75101,21.507],[71.75095,21.50763],[71.75092,21.50815],[71.75092,21.50835]]]},"properties":{"Layer":"Drainage","Categories":"Stream","Feature_Co":"DRST","Validation":"Yes","Year_Updat":"2012-2013","Projtn_Dtm":"LCC_WGS1984","Cont_Offcr":null,"Cont_No":null,"Scale_mapi":"10000","Data_Sour":"Satellite Image","Proj_code":null,"Remarks":null}},
{"type":"Feature","geometry":{"type":"LineString","coordinates":[[71.75461,21.50836],[71.75445,21.50836],[71.75428,21.50839],[71.75412,21.50853],[71.754,21.50874],[71.75383,21.50868],[71.75359,21.5085],[71.75338,21.50839],[71.75313,21.50836],[71.75284,21.50838],[71.75266,21.50845],[71.75254,21.50851],[71.75229,21.50854],[71.75185,21.50854],[71.75158,21.50853],[71.75128,21.50844],[71.75092,21.50835]]},"properties":{"Layer":"Drainage","Categories":"Stream","Feature_Co":"DRST","Validation":"Yes","Year_Updat":"2012-2013","Projtn_Dtm":"LCC_WGS1984","Cont_Offcr":null,"Cont_No":null,"Scale_mapi":"10000","Data_Sour":"Satellite Image","Proj_code":null,"Remarks":null}},
{"type":"Feature","geometry":{"type":"MultiLineString","coordinates":[[[71.77464,21.52174],[71.77467,21.52161],[71.77481,21.52127],[71.7749,21.52091],[71.77491,21.52067],[71.77487,21.52054],[71.77457,21.52009],[71.77442,21.51985],[71.77432,21.5196],[71.77445,21.51931],[71.77465,21.51916],[71.77495,21.51901],[71.77525,21.51896],[71.77544,21.5189],[71.77574,21.51878],[71.776,21.51845],[71.77626,21.51783],[71.77638,21.51747],[71.77653,21.51713],[71.77656,21.5169],[71.77666,21.51666],[71.77698,21.51644],[71.77717,21.5163],[71.7773,21.51612],[71.77746,21.51582],[71.77761,21.51556],[71.77779,21.51548],[71.77786,21.51527],[71.77775,21.515],[71.7775,21.51475],[71.77746,21.51453],[71.77754,21.51423],[71.77755,21.51405],[71.77764,21.51377],[71.77775,21.51357],[71.778,21.51328],[71.77798,21.51289],[71.77788,21.51264],[71.77788,21.51233],[71.77792,21.51215],[71.778,21.51199],[71.77804,21.51181],[71.77802,21.51167],[71.77773,21.51152],[71.77754,21.51143],[71.77758,21.51122],[71.77752,21.51107],[71.77735,21.51087],[71.77728,21.5107],[71.77735,21.51041],[71.77742,21.51019],[71.77729,21.51002],[71.77713,21.50983],[71.77701,21.50989],[71.77685,21.50992],[71.7768,21.50979],[71.77693,21.50969],[71.7772,21.50952],[71.77737,21.50942],[71.77779,21.50938],[71.77805,21.50938],[71.77831,21.50923],[71.77852,21.50877],[71.7786,21.50853],[71.77849,21.50826],[71.77838,21.50809],[71.77834,21.50796],[71.77829,21.50781],[71.77825,21.50772],[71.7783,21.50756],[71.7784,21.50744],[71.77846,21.50722],[71.7784,21.50705],[71.77824,21.50701],[71.77808,21.50706]],[[71.77808,21.50706],[71.77788,21.50708],[71.77775,21.50698],[71.77754,21.50689],[71.77726,21.50681],[71.77708,21.50675]],[[71.77708,21.50675],[71.77701,21.50673],[71.77688,21.50642],[71.77685,21.50619],[71.77701,21.50599],[71.77722,21.50583],[71.77741,21.50565],[71.77752,21.50555],[71.77754,21.50534],[71.77741,21.50507],[71.77731,21.50479],[71.7772,21.50468],[71.77707,21.50459],[71.77695,21.50441],[71.77695,21.50424],[71.77704,21.50403],[71.77719,21.50381],[71.77735,21.5036],[71.77755,21.50349],[71.7777,21.50324],[71.77784,21.50293],[71.77816,21.50236],[71.77824,21.50193],[71.7783,21.50151],[71.77833,21.50106],[71.77832,21.50055],[71.77826,21.50025],[71.77821,21.49999]]]},"properties":{"Layer":"Drainage","Categories":"Stream","Feature_Co":"DRST","Validation":"Yes","Year_Updat":"2012-2013","Projtn_Dtm":"LCC_WGS1984","Cont_Offcr":null,"Cont_No":null,"Scale_mapi":"10000","Data_Sour":"Satellite Image","Proj_code":null,"Remarks":null}},
{"type":"Feature","geometry":{"type":"LineString","coordinates":[[71.77446,21.50644],[71.77474,21.5065],[71.77514,21.50659],[71.77535,21.50662],[71.77554,21.50662],[71.77578,21.50664],[71.77612,21.50664],[71.77638,21.50663],[71.77685,21.50677],[71.77708,21.50675]]},"properties":{"Layer":"Drainage","Categories":"Stream","Feature_Co":"DRST","Validation":"Yes","Year_Updat":"2012-2013","Projtn_Dtm":"LCC_WGS1984","Cont_Offcr":null,"Cont_No":null,"Scale_mapi":"10000","Data_Sour":"Satellite Image","Proj_code":null,"Remarks":null}},
{"type":"Feature","geometry":{"type":"MultiLineString","coordinates":[[[71.78948,21.5064],[71.78907,21.50648],[71.78882,21.50658],[71.7885,21.50667],[71.78813,21.50674],[71.78795,21.50656],[71.78773,21.50649],[71.78738,21.50639],[71.78698,21.50636],[71.78677,21.50621],[71.78649,21.50604],[71.78606,21.50603],[71.78582,21.50589],[71.78529,21.50575],[71.78514,21.50565],[71.78496,21.50561],[71.78473,21.50551],[71.78454,21.50541],[71.78427,21.50535],[71.78396,21.50541],[71.78369,21.50548],[71.78355,21.50554],[71.78334,21.50579],[71.7831,21.50598]],[[71.7831,21.50598],[71.78287,21.50602],[71.78273,21.50596],[71.78256,21.50597],[71.78239,21.50604],[71.78199,21.50611],[71.78164,21.50614],[71.78138,21.50615],[71.78102,21.5061],[71.7807,21.50609],[71.78047,21.50609],[71.78012,21.50611],[71.77993,21.50612],[71.7796,21.50602],[71.77931,21.50601],[71.7788,21.50606],[71.77846,21.50617],[71.77832,21.50625],[71.77818,21.5064],[71.77814,21.50657],[71.77814,21.50671],[71.77808,21.50706]]]},"properties":{"Layer":"Drainage","Categories":"Stream","Feature_Co":"DRST","Validation":"Yes","Year_Updat":"2012-2013","Projtn_Dtm":"LCC_WGS1984","Cont_Offcr":null,"Cont_No":null,"Scale_mapi":"10000","Data_Sour":"Satellite Image","Proj_code":null,"Remarks":null}},
{"type":"Feature","geometry":{"type":"LineString","coordinates":[[71.78562,21.50732],[71.78553,21.50723],[71.78538,21.50707],[71.78523,21.50696],[71.78503,21.5068],[71.78488,21.50659],[71.78467,21.50647],[71.78443,21.50623],[71.78432,21.50617],[71.78417,21.50615],[71.78392,21.50615],[71.78381,21.50615],[71.78356,21.50597],[71.78349,21.50597],[71.7831,21.50598]]},"properties":{"Layer":"Drainage","Categories":"Stream","Feature_Co":"DRST","Validation":"Yes","Year_Updat":"2012-2013","Projtn_Dtm":"LCC_WGS1984","Cont_Offcr":null,"Cont_No":null,"Scale_mapi":"10000","Data_Sour":"Satellite Image","Proj_code":null,"Remarks":null}},
{"type":"Feature","geometry":{"type":"MultiLineString","coordinates":[[[71.76591,21.51733],[71.76584,21.5176],[71.76577,21.51786],[71.76552,21.51832],[71.76527,21.51866],[71.7651,21.51894],[71.76482,21.51916],[71.76451,21.51949],[71.7642,21.51971],[71.76396,21.52011],[71.76387,21.52036],[71.76387,21.52083],[71.76387,21.52123],[71.76387,21.52152],[71.76392,21.52178],[71.76419,21.52201],[71.76449,21.52218],[71.76455,21.52248],[71.76449,21.52308],[71.76434,21.52341],[71.76436,21.52373],[71.76411,21.52408],[71.76392,21.52429],[71.76359,21.52445],[71.76331,21.52464],[71.76315,21.52486],[71.76304,21.52523],[71.76294,21.5255],[71.76286,21.52571]],[[71.76567,21.51481],[71.76568,21.51492],[71.76587,21.51524],[71.766,21.51556],[71.76603,21.51581],[71.76598,21.51615],[71.76598,21.51643],[71.76596,21.51665],[71.76594,21.51693],[71.76591,21.51733]],[[71.76574,21.51436],[71.76572,21.51443],[71.76567,21.51469],[71.76567,21.51481]],[[71.76791,21.50601],[71.76774,21.50609],[71.76754,21.50645],[71.76732,21.50674],[71.76714,21.50695],[71.76681,21.50701],[71.7665,21.5069],[71.76628,21.50688],[71.76611,21.50693],[71.76602,21.50707],[71.76592,21.5073],[71.76582,21.50746],[71.76561,21.50755],[71.76542,21.50759],[71.76523,21.50783],[71.76511,21.50803],[71.76497,21.50845],[71.7649,21.50874],[71.76488,21.50899],[71.765,21.50916],[71.76539,21.50964],[71.76551,21.50999],[71.7655,21.5102],[71.76539,21.51047],[71.76516,21.51088],[71.76499,21.51112],[71.76492,21.51131],[71.7649,21.51155],[71.76497,21.51193],[71.76515,21.51224],[71.76542,21.51256],[71.76566,21.5128],[71.76575,21.51305],[71.76577,21.51331],[71.76574,21.51349],[71.76574,21.51357],[71.76582,21.51404],[71.76574,21.51436]],[[71.76962,21.50372],[71.76944,21.50387],[71.76937,21.50405],[71.76932,21.50426],[71.76931,21.50455],[71.76914,21.5048],[71.76889,21.50505],[71.76862,21.50559],[71.76839,21.50571],[71.76799,21.50597],[71.76791,21.50601]],[[71.77312,21.49996],[71.77315,21.50026],[71.77318,21.50049],[71.77315,21.50076],[71.7731,21.50095],[71.77299,21.50114],[71.77284,21.50114],[71.77259,21.50104],[71.7724,21.50096],[71.77215,21.50103],[71.77199,21.50117],[71.77186,21.50138],[71.7718,21.50159],[71.77171,21.50179],[71.77154,21.50203],[71.77145,21.50217],[71.77128,21.50226],[71.77119,21.50218],[71.77114,21.50201],[71.7709,21.50188],[71.77071,21.50203],[71.77073,21.50229],[71.77073,21.50261],[71.77076,21.50291],[71.77075,21.50317],[71.77064,21.50344],[71.77055,21.50364],[71.7704,21.50379],[71.77015,21.50379],[71.76987,21.50376],[71.76962,21.50372]]]},"properties":{"Layer":"Drainage","Categories":"Stream","Feature_Co":"DRST","Validation":"Yes","Year_Updat":"2012-2013","Projtn_Dtm":"LCC_WGS1984","Cont_Offcr":null,"Cont_No":null,"Scale_mapi":"10000","Data_Sour":"Satellite Image","Proj_code":null,"Remarks":null}},
{"type":"Feature","geometry":{"type":"LineString","coordinates":[[71.76947,21.50003],[71.76932,21.50072],[71.76931,21.50093],[71.76933,21.50107],[71.76936,21.50128],[71.76936,21.50143],[71.76948,21.50158],[71.76951,21.50176],[71.76946,21.50194],[71.76932,21.50211],[71.76922,21.50221],[71.76927,21.50236],[71.76943,21.50246],[71.76951,21.50254],[71.76961,21.50275],[71.76961,21.50295],[71.76963,21.50317],[71.76957,21.50328],[71.76955,21.50345],[71.76958,21.5036],[71.76962,21.50372]]},"properties":{"Layer":"Drainage","Categories":"Stream","Feature_Co":"DRST","Validation":"Yes","Year_Updat":"2012-2013","Projtn_Dtm":"LCC_WGS1984","Cont_Offcr":null,"Cont_No":null,"Scale_mapi":"10000","Data_Sour":"Satellite Image","Proj_code":null,"Remarks":null}},
{"type":"Feature","geometry":{"type":"LineString","coordinates":[[71.76526,21.5037],[71.76532,21.50383],[71.76536,21.50405],[71.76537,21.50423],[71.76547,21.50455],[71.7655,21.50479],[71.76559,21.50496],[71.7657,21.50505],[71.76598,21.50509],[71.76635,21.50512],[71.76665,21.50517],[71.76706,21.50518],[71.76728,21.50524],[71.76743,21.50535],[71.76755,21.50547],[71.76762,21.50566],[71.76772,21.50581],[71.76784,21.50588],[71.76791,21.50601]]},"properties":{"Layer":"Drainage","Categories":"Stream","Feature_Co":"DRST","Validation":"Yes","Year_Updat":"2012-2013","Projtn_Dtm":"LCC_WGS1984","Cont_Offcr":null,"Cont_No":null,"Scale_mapi":"10000","Data_Sour":"Satellite Image","Proj_code":null,"Remarks":null}},
{"type":"Feature","geometry":{"type":"LineString","coordinates":[[71.76591,21.51733],[71.7662,21.51721],[71.7663,21.51706],[71.76639,21.51682],[71.76646,21.51666],[71.76655,21.51643],[71.76655,21.51626],[71.76651,21.51608],[71.76652,21.51587],[71.76656,21.51543],[71.76663,21.51518],[71.76681,21.51505],[71.76694,21.51486],[71.76705,21.51461],[71.76717,21.51434],[71.76728,21.51394],[71.76741,21.5137],[71.76759,21.51348],[71.76767,21.51316],[71.76789,21.51266],[71.76807,21.51229],[71.76826,21.51187],[71.76826,21.51165],[71.76828,21.51142],[71.76837,21.51124],[71.76843,21.51102],[71.76847,21.51082],[71.76849,21.51059],[71.76849,21.5104],[71.76855,21.51017],[71.76861,21.50988],[71.76868,21.50966],[71.76875,21.50938],[71.76879,21.50915],[71.76881,21.50895],[71.76893,21.50883],[71.76903,21.5086],[71.76908,21.5084],[71.76908,21.50813],[71.76911,21.50787],[71.76917,21.50742],[71.76922,21.50712],[71.76928,21.50684],[71.76937,21.50653],[71.76945,21.50619],[71.76953,21.50597],[71.76969,21.50578],[71.76995,21.5056],[71.77029,21.5051],[71.77044,21.50486]]},"properties":{"Layer":"Drainage","Categories":"Stream","Feature_Co":"DRST","Validation":"Yes","Year_Updat":"2012-2013","Projtn_Dtm":"LCC_WGS1984","Cont_Offcr":null,"Cont_No":null,"Scale_mapi":"10000","Data_Sour":"Satellite Image","Proj_code":null,"Remarks":null}},
{"type":"Feature","geometry":{"type":"MultiLineString","coordinates":[[[71.81416,21.52132],[71.81464,21.52155],[71.81536,21.52174],[71.81582,21.52194],[71.81607,21.52213],[71.81634,21.52223],[71.81652,21.52237],[71.81699,21.52252],[71.81744,21.52258],[71.81779,21.52264],[71.8185,21.52266],[71.81869,21.52278]],[[71.81374,21.52126],[71.81407,21.52128],[71.81416,21.52132]],[[71.80546,21.51684],[71.80555,21.51688],[71.80589,21.51712],[71.80643,21.51731],[71.80672,21.51743],[71.80731,21.51764],[71.80772,21.51794],[71.8081,21.51813],[71.80856,21.51836],[71.80934,21.51883],[71.80994,21.51928],[71.81045,21.51958],[71.8107,21.51974],[71.81101,21.51991],[71.81132,21.5201],[71.8118,21.52023],[71.8121,21.52044],[71.81234,21.52058],[71.8125,21.52064],[71.8129,21.52088],[71.81321,21.52101],[71.81355,21.52112],[71.81374,21.52126]],[[71.7984,21.51242],[71.79835,21.51283],[71.79832,21.513],[71.79834,21.51321],[71.79852,21.51341],[71.79873,21.5135],[71.79898,21.51352],[71.79916,21.51368],[71.79928,21.51375],[71.79945,21.51383],[71.79958,21.51394],[71.7997,21.51404],[71.79982,21.51415],[71.79995,21.51425],[71.80018,21.51441],[71.80081,21.51469],[71.8015,21.51514],[71.80185,21.51534],[71.80211,21.51549],[71.80291,21.51586],[71.80332,21.51602],[71.80367,21.51618],[71.80418,21.51643],[71.80518,21.5167],[71.80546,21.51684]]]},"properties":{"Layer":"Drainage","Categories":"Stream","Feature_Co":"DRST","Validation":"Yes","Year_Updat":"2012-2013","Projtn_Dtm":"LCC_WGS1984","Cont_Offcr":null,"Cont_No":null,"Scale_mapi":"10000","Data_Sour":"Satellite Image","Proj_code":null,"Remarks":null}},
{"type":"Feature","geometry":{"type":"LineString","coordinates":[[71.80508,21.50102],[71.80517,21.50113],[71.80534,21.50124],[71.80549,21.50148],[71.80563,21.50164],[71.80567,21.50179],[71.80573,21.50213],[71.80578,21.50237],[71.80593,21.5026],[71.80601,21.50274],[71.80614,21.50301],[71.80618,21.50318],[71.80609,21.50355],[71.80593,21.50364],[71.80586,21.50376],[71.80588,21.50394],[71.80604,21.50411],[71.80621,21.50422],[71.80629,21.50442],[71.80632,21.50458],[71.80646,21.50473],[71.80657,21.50484],[71.80664,21.50505],[71.8066,21.50525],[71.80659,21.50546],[71.80664,21.50569],[71.8067,21.50589],[71.80686,21.50612],[71.80692,21.50627],[71.80703,21.50657],[71.80705,21.50682],[71.80715,21.50715],[71.80723,21.50732],[71.80737,21.50747],[71.80746,21.5076],[71.8075,21.50783],[71.80743,21.508],[71.80738,21.50814],[71.80738,21.5083],[71.80744,21.50856],[71.80747,21.50886],[71.80754,21.50901],[71.8076,21.50919],[71.80761,21.50932],[71.80752,21.50945],[71.80735,21.50956],[71.80731,21.50973],[71.80738,21.50987],[71.80752,21.50998],[71.8077,21.51008],[71.80778,21.51023],[71.80795,21.51048],[71.80803,21.51069],[71.80805,21.5108],[71.80808,21.51097],[71.80807,21.51115],[71.80811,21.51137],[71.80816,21.51156],[71.80827,21.51169],[71.80835,21.51183],[71.80842,21.51196],[71.80846,21.5122],[71.80854,21.51245],[71.80863,21.51265],[71.80874,21.51291],[71.80884,21.51314],[71.80903,21.51346],[71.80924,21.51355],[71.80947,21.51357],[71.80976,21.51358],[71.80994,21.51367],[71.81027,21.51383],[71.81042,21.51394],[71.81065,21.51407],[71.81087,21.51417],[71.81092,21.51429],[71.81101,21.51444],[71.81109,21.51461],[71.81128,21.51476],[71.81146,21.51487],[71.81165,21.51507],[71.8118,21.5153],[71.81195,21.51549],[71.8121,21.51561],[71.81226,21.51581],[71.81237,21.51599],[71.81244,21.51616],[71.8126,21.51639],[71.81275,21.5166],[71.8129,21.51668],[71.81313,21.51675],[71.81325,21.51679],[71.8134,21.5168],[71.81347,21.51684],[71.81354,21.51693],[71.81366,21.51707],[71.81374,21.51722],[71.81379,21.51739],[71.8138,21.5176],[71.8139,21.51785],[71.81398,21.51815],[71.81404,21.51831],[71.81404,21.51848],[71.81402,21.5186],[71.81402,21.51876],[71.81408,21.51885],[71.81419,21.51906],[71.81432,21.51931],[71.81433,21.51965],[71.81434,21.5201],[71.81432,21.52054],[71.81427,21.52072],[71.81422,21.52081],[71.81417,21.521],[71.81416,21.52117],[71.81416,21.52132]]},"properties":{"Layer":"Drainage","Categories":"Stream","Feature_Co":"DRST","Validation":"Yes","Year_Updat":"2012-2013","Projtn_Dtm":"LCC_WGS1984","Cont_Offcr":null,"Cont_No":null,"Scale_mapi":"10000","Data_Sour":"Satellite Image","Proj_code":null,"Remarks":null}},
{"type":"Feature","geometry":{"type":"MultiLineString","coordinates":[[[71.80786,21.52097],[71.80817,21.52091],[71.80865,21.5209],[71.80897,21.52095],[71.80926,21.52097],[71.80952,21.52101],[71.80992,21.52101],[71.81017,21.52105],[71.81027,21.52111],[71.81036,21.52126],[71.81068,21.52142],[71.81097,21.52153],[71.81118,21.52162],[71.81145,21.52166],[71.81162,21.5217],[71.8121,21.52163],[71.81244,21.52153],[71.81279,21.52145],[71.81332,21.52132],[71.81374,21.52126]],[[71.7827,21.50718],[71.78262,21.50746],[71.78252,21.5077],[71.78234,21.50794],[71.78224,21.50816],[71.7823,21.50838],[71.78241,21.50847],[71.78251,21.50873],[71.78254,21.50898],[71.78257,21.50934],[71.78261,21.50959],[71.78285,21.50972],[71.78297,21.5098],[71.78332,21.51007],[71.78346,21.5103],[71.7836,21.51063],[71.78389,21.51094],[71.78409,21.5112],[71.78437,21.51149],[71.78453,21.51162],[71.78465,21.51179],[71.78491,21.51223],[71.78504,21.51252],[71.78508,21.51273],[71.78508,21.51293],[71.78521,21.51316],[71.78527,21.51331],[71.78527,21.51358],[71.78534,21.51388],[71.78539,21.51412],[71.78542,21.51435],[71.78549,21.51453],[71.78572,21.51472],[71.78596,21.51477],[71.78642,21.51493],[71.78686,21.5151],[71.78711,21.51524],[71.78742,21.51548],[71.78755,21.51598],[71.78762,21.51617],[71.78776,21.51635],[71.78805,21.51659],[71.78818,21.51672],[71.78833,21.51678],[71.78857,21.51678],[71.7888,21.51681],[71.78894,21.51688],[71.78911,21.51709],[71.78923,21.51752],[71.78941,21.51771],[71.78971,21.51806],[71.79008,21.51834],[71.79038,21.51855],[71.79058,21.51867],[71.79076,21.51871],[71.79097,21.51875],[71.79114,21.51881],[71.79127,21.51886],[71.79141,21.51906],[71.79151,21.51925],[71.79163,21.51935],[71.79181,21.5195],[71.79195,21.51962],[71.79195,21.51982],[71.79201,21.51997],[71.79208,21.52004],[71.79217,21.52023],[71.79227,21.52051],[71.79256,21.52068],[71.79283,21.52075],[71.79303,21.52078],[71.79317,21.52095],[71.79323,21.52111],[71.79316,21.52131],[71.79313,21.52145],[71.79313,21.5217],[71.79319,21.52192],[71.79342,21.52199],[71.79353,21.52203],[71.79379,21.52207],[71.79408,21.52217],[71.79423,21.52226],[71.79434,21.5224],[71.79454,21.52247],[71.79469,21.52256],[71.79512,21.52264],[71.79545,21.52281],[71.79583,21.52294],[71.79616,21.52305],[71.79646,21.52318],[71.79674,21.52327],[71.79711,21.52327],[71.79739,21.52325],[71.79785,21.52322],[71.79827,21.52321],[71.79847,21.52312],[71.79885,21.52314],[71.79924,21.5232],[71.79965,21.52324],[71.80015,21.52325],[71.8005,21.52327],[71.80081,21.52327],[71.80124,21.52327],[71.80162,21.52327],[71.80196,21.52321],[71.80228,21.52308],[71.80255,21.5229],[71.80269,21.52271],[71.803,21.52261],[71.80341,21.52261],[71.8037,21.52261],[71.80402,21.5226],[71.80449,21.52251],[71.80466,21.5225],[71.80499,21.5225],[71.80515,21.5225],[71.80527,21.52236],[71.80559,21.52234],[71.80603,21.52232],[71.80624,21.52229],[71.80632,21.5221],[71.80649,21.52193],[71.80661,21.52173],[71.80672,21.52153],[71.80691,21.52138],[71.80719,21.52119],[71.80752,21.52107],[71.80786,21.52097]]]},"properties":{"Layer":"Drainage","Categories":"Stream","Feature_Co":"DRST","Validation":"Yes","Year_Updat":"2012-2013","Projtn_Dtm":"LCC_WGS1984","Cont_Offcr":null,"Cont_No":null,"Scale_mapi":"10000","Data_Sour":"Satellite Image","Proj_code":null,"Remarks":null}},
{"type":"Feature","geometry":{"type":"LineString","coordinates":[[71.80064,21.51824],[71.80081,21.51831],[71.80107,21.51845],[71.80134,21.51857],[71.80164,21.51874],[71.80196,21.51885],[71.80228,21.51889],[71.80256,21.51894],[71.80302,21.51903],[71.80344,21.51912],[71.80373,21.51916],[71.80405,21.51919],[71.80436,21.51923],[71.80471,21.51936],[71.8051,21.51948],[71.80547,21.51953],[71.80574,21.5196],[71.80604,21.51963],[71.80625,21.51967],[71.8064,21.51987],[71.80649,21.51996],[71.80691,21.52017],[71.80713,21.52031],[71.80733,21.52044],[71.8075,21.52057],[71.80786,21.52097]]},"properties":{"Layer":"Drainage","Categories":"Stream","Feature_Co":"DRST","Validation":"Yes","Year_Updat":"2012-2013","Projtn_Dtm":"LCC_WGS1984","Cont_Offcr":null,"Cont_No":null,"Scale_mapi":"10000","Data_Sour":"Satellite Image","Proj_code":null,"Remarks":null}},
{"type":"Feature","geometry":{"type":"LineString","coordinates":[[71.80286,21.50927],[71.80286,21.50946],[71.80293,21.50965],[71.80303,21.50999],[71.80304,21.5103],[71.80309,21.51059],[71.80311,21.51091],[71.8031,21.51114],[71.8031,21.51141],[71.8031,21.51174],[71.8031,21.51206],[71.8031,21.51232],[71.80321,21.51269],[71.8034,21.51297],[71.80363,21.51316],[71.80377,21.51333],[71.80419,21.51415],[71.80463,21.51513],[71.80495,21.51566],[71.80519,21.51612],[71.80532,21.51642],[71.80546,21.51684]]},"properties":{"Layer":"Drainage","Categories":"Stream","Feature_Co":"DRST","Validation":"Yes","Year_Updat":"2012-2013","Projtn_Dtm":"LCC_WGS1984","Cont_Offcr":null,"Cont_No":null,"Scale_mapi":"10000","Data_Sour":"Satellite Image","Proj_code":null,"Remarks":null}},
{"type":"Feature","geometry":{"type":"MultiLineString","coordinates":[[[71.82494,21.5125],[71.82492,21.51277],[71.82475,21.513],[71.82455,21.51335],[71.82442,21.51368],[71.82435,21.51399],[71.82434,21.51452],[71.82438,21.51504],[71.82451,21.51533],[71.82478,21.51545],[71.82512,21.51559],[71.82543,21.51572],[71.82567,21.51589],[71.82589,21.51621],[71.82595,21.51652],[71.82591,21.51695],[71.82583,21.51727],[71.82578,21.51745],[71.82592,21.51791],[71.82597,21.51816],[71.82614,21.51831],[71.82628,21.51869],[71.8264,21.51896],[71.82652,21.51926],[71.82666,21.51959],[71.82684,21.51999]],[[71.82541,21.50564],[71.82548,21.50576],[71.82554,21.50605],[71.82556,21.50627],[71.82549,21.50645],[71.82514,21.50679],[71.8248,21.50713],[71.82465,21.50728],[71.82459,21.5075],[71.82451,21.50772],[71.82447,21.50805],[71.82455,21.5085],[71.82464,21.50884],[71.82465,21.50924],[71.82468,21.50946],[71.8247,21.5101],[71.82466,21.51043],[71.82475,21.51083],[71.82488,21.5111],[71.82491,21.51128],[71.82482,21.51145],[71.82469,21.51164],[71.82469,21.51193],[71.82482,21.51225],[71.82494,21.5125]],[[71.82482,21.50304],[71.82494,21.5031],[71.8252,21.50344],[71.82528,21.5037],[71.82516,21.50382],[71.82491,21.50391],[71.82471,21.50402],[71.82461,21.50414],[71.82442,21.50433],[71.82451,21.50455],[71.82466,21.50462],[71.82483,21.50465],[71.82499,21.50484],[71.82518,21.50518],[71.82526,21.50538],[71.82541,21.50564]],[[71.82352,21.50107],[71.82351,21.50122],[71.82362,21.5014],[71.82371,21.5015],[71.82381,21.50176],[71.82406,21.50198],[71.82415,21.50222],[71.82415,21.50244],[71.82425,21.50272],[71.82438,21.50285],[71.82463,21.50295],[71.82482,21.50304]],[[71.82366,21.50001],[71.82363,21.50022],[71.82362,21.50045],[71.8236,21.50067],[71.82354,21.5009],[71.82352,21.50107]]]},"properties":{"Layer":"Drainage","Categories":"Stream","Feature_Co":"DRST","Validation":"Yes","Year_Updat":"2012-2013","Projtn_Dtm":"LCC_WGS1984","Cont_Offcr":null,"Cont_No":null,"Scale_mapi":"10000","Data_Sour":"Satellite Image","Proj_code":null,"Remarks":null}},
{"type":"Feature","geometry":{"type":"LineString","coordinates":[[71.82823,21.50447],[71.82824,21.50458],[71.82824,21.50472],[71.8282,21.50486],[71.82818,21.50506],[71.82815,21.50519],[71.82806,21.50533],[71.82799,21.50545],[71.82793,21.50558],[71.82786,21.50565],[71.82772,21.50566],[71.8276,21.50562],[71.82754,21.50548],[71.82751,21.50535],[71.82743,21.50525],[71.82727,21.50523],[71.82718,21.50526],[71.82713,21.50535],[71.8271,21.50548],[71.827,21.5056],[71.8269,21.50555],[71.82679,21.50543],[71.82663,21.50545],[71.82653,21.50553],[71.82639,21.50555],[71.8262,21.50557],[71.82612,21.50563],[71.82603,21.50566],[71.82586,21.50565],[71.82572,21.50561],[71.82553,21.50561],[71.82541,21.50564]]},"properties":{"Layer":"Drainage","Categories":"Stream","Feature_Co":"DRST","Validation":"Yes","Year_Updat":"2012-2013","Projtn_Dtm":"LCC_WGS1984","Cont_Offcr":null,"Cont_No":null,"Scale_mapi":"10000","Data_Sour":"Satellite Image","Proj_code":null,"Remarks":null}},
{"type":"Feature","geometry":{"type":"LineString","coordinates":[[71.82734,21.50003],[71.82707,21.50015],[71.82674,21.50025],[71.8266,21.50032],[71.82651,21.50045],[71.82641,21.50055],[71.82634,21.50061],[71.82633,21.50074],[71.82632,21.50088],[71.82632,21.50103],[71.82632,21.50121],[71.82632,21.50132],[71.82632,21.50147],[71.82632,21.50168],[71.82618,21.50179],[71.82599,21.5018],[71.82574,21.50176],[71.82555,21.50175],[71.82545,21.5018],[71.82536,21.50201],[71.82534,21.50224],[71.82528,21.50227],[71.82523,21.50252],[71.8252,21.50268],[71.82503,21.50282],[71.82483,21.50293],[71.82482,21.50304]]},"properties":{"Layer":"Drainage","Categories":"Stream","Feature_Co":"DRST","Validation":"Yes","Year_Updat":"2012-2013","Projtn_Dtm":"LCC_WGS1984","Cont_Offcr":null,"Cont_No":null,"Scale_mapi":"10000","Data_Sour":"Satellite Image","Proj_code":null,"Remarks":null}},
{"type":"Feature","geometry":{"type":"LineString","coordinates":[[71.82087,21.50002],[71.82099,21.50011],[71.8211,21.50018],[71.82134,21.50026],[71.8215,21.50028],[71.82158,21.50035],[71.82169,21.50042],[71.82177,21.50057],[71.82187,21.50071],[71.82204,21.50077],[71.82222,21.50078],[71.82252,21.50072],[71.82267,21.50073],[71.82281,21.5008],[71.82293,21.50089],[71.82313,21.50099],[71.82325,21.50103],[71.82352,21.50107]]},"properties":{"Layer":"Drainage","Categories":"Stream","Feature_Co":"DRST","Validation":"Yes","Year_Updat":"2012-2013","Projtn_Dtm":"LCC_WGS1984","Cont_Offcr":null,"Cont_No":null,"Scale_mapi":"10000","Data_Sour":"Satellite Image","Proj_code":null,"Remarks":null}},
{"type":"Feature","geometry":{"type":"LineString","coordinates":[[71.82777,21.50905],[71.82757,21.50911],[71.82727,21.50909],[71.82708,21.50904],[71.82674,21.50909],[71.82658,21.50915],[71.82642,21.50925],[71.82628,21.50936],[71.82618,21.5095],[71.82607,21.50966],[71.82603,21.50976],[71.82606,21.50989],[71.82609,21.51002],[71.82618,21.51017],[71.82624,21.51032],[71.82627,21.51045],[71.82623,21.51059],[71.82608,21.51065],[71.82596,21.51076],[71.8258,21.5109],[71.82574,21.51103],[71.82571,21.51121],[71.82569,21.51129],[71.82568,21.5115],[71.82563,21.51161],[71.82559,21.51174],[71.82554,21.51184],[71.82545,21.51205],[71.82536,21.51217],[71.82521,21.51233],[71.82511,21.51242],[71.82494,21.5125]]},"properties":{"Layer":"Drainage","Categories":"Stream","Feature_Co":"DRST","Validation":"Yes","Year_Updat":"2012-2013","Projtn_Dtm":"LCC_WGS1984","Cont_Offcr":null,"Cont_No":null,"Scale_mapi":"10000","Data_Sour":"Satellite Image","Proj_code":null,"Remarks":null}},
{"type":"Feature","geometry":{"type":"LineString","coordinates":[[71.83304,21.51515],[71.8331,21.51498],[71.83308,21.51455],[71.83304,21.51416],[71.83305,21.51373],[71.83289,21.51359],[71.83286,21.51342],[71.83286,21.51298],[71.83286,21.51259],[71.83277,21.51231]]},"properties":{"Layer":"Drainage","Categories":"Stream","Feature_Co":"DRST","Validation":"Yes","Year_Updat":"2012-2013","Projtn_Dtm":"LCC_WGS1984","Cont_Offcr":null,"Cont_No":null,"Scale_mapi":"10000","Data_Sour":"Satellite Image","Proj_code":null,"Remarks":null}},
{"type":"Feature","geometry":{"type":"LineString","coordinates":[[71.76226,21.50571],[71.76242,21.50603],[71.76247,21.50638],[71.76252,21.50668],[71.76259,21.50695],[71.76261,21.50729],[71.76268,21.50753],[71.76268,21.50784],[71.76266,21.50813],[71.76269,21.50843],[71.76278,21.50878],[71.76272,21.5093],[71.76272,21.50966],[71.76272,21.51004],[71.76272,21.51028],[71.76276,21.51055],[71.76292,21.51072],[71.76302,21.51088],[71.76309,21.51103],[71.76316,21.51138],[71.7633,21.51166],[71.76337,21.51191],[71.76344,21.51214],[71.76353,21.51228],[71.76365,21.51245],[71.76371,21.51259],[71.76378,21.51279],[71.76385,21.513],[71.76395,21.51317],[71.76402,21.5134],[71.76413,21.51355],[71.76434,21.51357],[71.76443,21.51369],[71.76449,21.51393],[71.76458,21.5141],[71.76501,21.51417],[71.7654,21.51422],[71.76556,21.51423],[71.76574,21.51436]]},"properties":{"Layer":"Drainage","Categories":"Stream","Feature_Co":"DRST","Validation":"Yes","Year_Updat":"2012-2013","Projtn_Dtm":"LCC_WGS1984","Cont_Offcr":null,"Cont_No":null,"Scale_mapi":"10000","Data_Sour":"Satellite Image","Proj_code":null,"Remarks":null}},
{"type":"Feature","geometry":{"type":"LineString","coordinates":[[71.74935,21.51515],[71.74958,21.51548],[71.74967,21.51586],[71.74978,21.51616],[71.74984,21.51651],[71.74991,21.51677],[71.74994,21.51705],[71.75009,21.51737],[71.75019,21.51747],[71.75041,21.51758],[71.75054,21.5178],[71.75058,21.51799],[71.75061,21.51822],[71.75062,21.51847],[71.7507,21.51881],[71.75086,21.5191],[71.75119,21.51941],[71.75141,21.51973],[71.75158,21.51994],[71.7518,21.52017],[71.75221,21.52063],[71.75249,21.5209],[71.75276,21.52115],[71.75301,21.52126],[71.75339,21.52136],[71.75385,21.52148],[71.7542,21.52175],[71.75452,21.52198],[71.75492,21.52227],[71.75544,21.52257],[71.75609,21.52282],[71.75654,21.52305],[71.75683,21.52324],[71.7572,21.52366]]},"properties":{"Layer":"Drainage","Categories":"Stream","Feature_Co":"DRST","Validation":"Yes","Year_Updat":"2012-2013","Projtn_Dtm":"LCC_WGS1984","Cont_Offcr":null,"Cont_No":null,"Scale_mapi":"10000","Data_Sour":"Satellite Image","Proj_code":null,"Remarks":null}},
{"type":"Feature","geometry":{"type":"LineString","coordinates":[[71.76567,21.51481],[71.76538,21.51479],[71.76498,21.51479],[71.76445,21.51483],[71.76415,21.51482],[71.76398,21.51479],[71.76381,21.51458],[71.76365,21.51457],[71.7634,21.51464],[71.7631,21.51474],[71.76288,21.51503],[71.76263,21.51533],[71.76233,21.51577],[71.7622,21.51597],[71.76204,21.51611],[71.7613,21.51596],[71.76055,21.51582],[71.75968,21.51567],[71.75925,21.51546],[71.75899,21.51537],[71.7589,21.51514],[71.75889,21.51502],[71.7583,21.51448]]},"properties":{"Layer":"Drainage","Categories":"Stream","Feature_Co":"DRST","Validation":"Yes","Year_Updat":"2012-2013","Projtn_Dtm":"LCC_WGS1984","Cont_Offcr":null,"Cont_No":null,"Scale_mapi":"10000","Data_Sour":"Satellite Image","Proj_code":null,"Remarks":null}},
{"type":"Feature","geometry":{"type":"MultiLineString","coordinates":[[[71.75067,21.51463],[71.75156,21.51554],[71.7523,21.51664],[71.75334,21.5174],[71.75406,21.5178],[71.75426,21.51806],[71.75502,21.51843],[71.75571,21.51887],[71.75612,21.51938],[71.7566,21.52003],[71.75682,21.52041],[71.75693,21.52109],[71.75678,21.52203],[71.75698,21.52284],[71.7572,21.52366]],[[71.74843,21.5123],[71.74859,21.51247],[71.74967,21.51367],[71.75031,21.51427],[71.75067,21.51463]],[[71.74318,21.49996],[71.74287,21.50037],[71.74263,21.50106],[71.74241,21.5013],[71.74205,21.50158],[71.74175,21.502],[71.74155,21.5025],[71.74155,21.50281],[71.74182,21.50327],[71.74206,21.50362],[71.74243,21.50388],[71.74263,21.50406],[71.74269,21.50435],[71.74269,21.50478],[71.74276,21.50529],[71.74304,21.50617],[71.74359,21.50722],[71.74408,21.50812],[71.74592,21.50977],[71.74712,21.51089],[71.74843,21.5123]]]},"properties":{"Layer":"Drainage","Categories":"Stream","Feature_Co":"DRST","Validation":"Yes","Year_Updat":"2012-2013","Projtn_Dtm":"LCC_WGS1984","Cont_Offcr":null,"Cont_No":null,"Scale_mapi":"10000","Data_Sour":"Satellite Image","Proj_code":null,"Remarks":null}},
{"type":"Feature","geometry":{"type":"MultiLineString","coordinates":[[[71.74765,21.45481],[71.74745,21.45494],[71.74729,21.45504],[71.74712,21.4551],[71.74694,21.45518],[71.74671,21.45525],[71.74652,21.45536],[71.74636,21.45542],[71.74619,21.45551],[71.74607,21.45554],[71.7458,21.45563],[71.74551,21.4557],[71.74542,21.4557],[71.74525,21.45574],[71.74511,21.45577],[71.745,21.45578],[71.74487,21.45582],[71.74474,21.45584],[71.74459,21.45587],[71.74451,21.45591],[71.74443,21.45594],[71.74432,21.45596],[71.74423,21.45597],[71.74402,21.45603],[71.74387,21.45607],[71.7437,21.45608],[71.74357,21.45608],[71.74345,21.45608],[71.74341,21.45607],[71.7432,21.45605],[71.74311,21.45603],[71.74299,21.45599],[71.74282,21.45596],[71.7427,21.45592],[71.74258,21.45586],[71.74244,21.45579],[71.74228,21.45574],[71.74214,21.45567],[71.74201,21.45563],[71.74192,21.45561],[71.7418,21.45557],[71.74168,21.45557],[71.74163,21.45564],[71.74151,21.45582],[71.74141,21.45602],[71.74123,21.4563],[71.74103,21.45651],[71.74085,21.45665],[71.74062,21.45676],[71.7403,21.45695],[71.73998,21.45725],[71.73983,21.4574],[71.7397,21.45752],[71.73947,21.45768],[71.73921,21.45781],[71.73879,21.45799],[71.73838,21.45814],[71.73812,21.45821],[71.73777,21.45832],[71.73749,21.45848],[71.73725,21.45865],[71.73715,21.45879]],[[71.75002,21.45349],[71.74974,21.45367],[71.74954,21.45382],[71.74932,21.45395],[71.74917,21.45405],[71.74899,21.45415],[71.74878,21.45427],[71.74858,21.4544],[71.74843,21.45448],[71.74819,21.45456],[71.748,21.45465],[71.74781,21.45475],[71.74765,21.45481]]]},"properties":{"Layer":"Drainage","Categories":"Stream","Feature_Co":"DRST","Validation":"Yes","Year_Updat":"2012-2013","Projtn_Dtm":"LCC_WGS1984","Cont_Offcr":null,"Cont_No":null,"Scale_mapi":"10000","Data_Sour":"Satellite Image","Proj_code":null,"Remarks":null}},
{"type":"Feature","geometry":{"type":"MultiLineString","coordinates":[[[71.74683,21.46508],[71.74672,21.46522],[71.74655,21.46538],[71.74629,21.46551],[71.74602,21.46583],[71.74594,21.46593]],[[71.74727,21.45956],[71.74727,21.45976],[71.74718,21.45989],[71.74704,21.46002],[71.74699,21.46018],[71.74691,21.46043],[71.74681,21.46059],[71.74667,21.46088],[71.74657,21.46101],[71.7464,21.46113],[71.74621,21.46129],[71.74602,21.46144],[71.74585,21.46167],[71.74577,21.46193],[71.74579,21.46216],[71.74583,21.46246],[71.74597,21.46288],[71.74609,21.46316],[71.74622,21.46334],[71.7464,21.46354],[71.7465,21.4637],[71.74662,21.46387],[71.74675,21.46403],[71.7469,21.4641],[71.74708,21.46425],[71.74717,21.46445],[71.7472,21.46471],[71.74709,21.46487],[71.74692,21.46498],[71.74683,21.46508]],[[71.74765,21.45481],[71.74769,21.45503],[71.74777,21.45521],[71.7479,21.45534],[71.74799,21.45548],[71.7481,21.45561],[71.74817,21.45575],[71.74822,21.45584],[71.74826,21.45594],[71.74824,21.45606],[71.74818,21.45629],[71.74815,21.45648],[71.74806,21.45674],[71.74788,21.45693],[71.74782,21.45701],[71.74774,21.45713],[71.74764,21.45734],[71.74763,21.45753],[71.74754,21.45769],[71.7475,21.45788],[71.74748,21.45806],[71.74748,21.45834],[71.74741,21.45859],[71.74733,21.45871],[71.74727,21.45888],[71.74723,21.45908],[71.74725,21.45923],[71.74727,21.45937],[71.74727,21.45956]]]},"properties":{"Layer":"Drainage","Categories":"Stream","Feature_Co":"DRST","Validation":"Yes","Year_Updat":"2012-2013","Projtn_Dtm":"LCC_WGS1984","Cont_Offcr":null,"Cont_No":null,"Scale_mapi":"10000","Data_Sour":"Satellite Image","Proj_code":null,"Remarks":null}},
{"type":"Feature","geometry":{"type":"LineString","coordinates":[[71.74683,21.46508],[71.74694,21.46537],[71.74715,21.46564],[71.7473,21.4658],[71.74754,21.46589],[71.74778,21.46617],[71.74789,21.46641],[71.74795,21.46669],[71.74795,21.46679],[71.74778,21.46695],[71.74768,21.46717],[71.74768,21.46737],[71.74766,21.46757],[71.74768,21.4678]]},"properties":{"Layer":"Drainage","Categories":"Stream","Feature_Co":"DRST","Validation":"Yes","Year_Updat":"2012-2013","Projtn_Dtm":"LCC_WGS1984","Cont_Offcr":null,"Cont_No":null,"Scale_mapi":"10000","Data_Sour":"Satellite Image","Proj_code":null,"Remarks":null}},
{"type":"Feature","geometry":{"type":"LineString","coordinates":[[71.74727,21.45956],[71.74735,21.45966],[71.74737,21.45979],[71.74742,21.45999],[71.74741,21.46023],[71.74739,21.46044],[71.74737,21.46068],[71.74735,21.46102],[71.74738,21.46135],[71.74737,21.46152],[71.74742,21.46168],[71.7475,21.46186],[71.74762,21.462],[71.74774,21.46216],[71.74782,21.46235],[71.74785,21.46256],[71.74785,21.46269],[71.74793,21.46296],[71.74793,21.46316],[71.74789,21.46358],[71.74781,21.46376],[71.74777,21.46392],[71.74774,21.46413],[71.74773,21.46422],[71.74772,21.46435],[71.74772,21.46455],[71.7478,21.46474],[71.74794,21.46492],[71.74814,21.46501],[71.74827,21.46512],[71.74845,21.46526],[71.7486,21.4653],[71.74873,21.46538],[71.74886,21.46548],[71.749,21.46551],[71.74919,21.46555],[71.74931,21.46571],[71.74935,21.46585],[71.74936,21.46599],[71.74937,21.46611],[71.74942,21.46625]]},"properties":{"Layer":"Drainage","Categories":"Stream","Feature_Co":"DRST","Validation":"Yes","Year_Updat":"2012-2013","Projtn_Dtm":"LCC_WGS1984","Cont_Offcr":null,"Cont_No":null,"Scale_mapi":"10000","Data_Sour":"Satellite Image","Proj_code":null,"Remarks":null}},
{"type":"Feature","geometry":{"type":"MultiLineString","coordinates":[[[71.72595,21.45635],[71.72614,21.45633],[71.72641,21.45626],[71.72664,21.45624],[71.72705,21.4561],[71.7273,21.45602],[71.72765,21.45604],[71.72779,21.45602],[71.728,21.456],[71.72826,21.45591],[71.72847,21.45587],[71.72884,21.45587],[71.72913,21.45587],[71.7295,21.45598],[71.72989,21.45614],[71.73018,21.45631],[71.73053,21.45629],[71.73105,21.45633],[71.7313,21.45658]],[[71.71853,21.45486],[71.71921,21.45501],[71.71958,21.45532],[71.72001,21.4556],[71.72042,21.45579],[71.72059,21.45591],[71.72092,21.45608],[71.72152,21.45631],[71.72212,21.45631],[71.72263,21.45631],[71.72319,21.45622],[71.72358,21.45606],[71.7241,21.45606],[71.72457,21.45624],[71.72478,21.45635],[71.72498,21.45633],[71.72521,21.45627],[71.72548,21.45626],[71.72567,21.45627],[71.72595,21.45635]],[[71.7172,21.45432],[71.71727,21.45435],[71.71764,21.45462],[71.71816,21.45486],[71.71853,21.45486]],[[71.71444,21.45305],[71.71487,21.45313],[71.71522,21.45313],[71.71555,21.45329],[71.71591,21.45356],[71.71646,21.45391],[71.71686,21.45414],[71.7172,21.45432]],[[71.71365,21.45224],[71.71405,21.45268],[71.71444,21.45305]]]},"properties":{"Layer":"Drainage","Categories":"Stream","Feature_Co":"DRST","Validation":"Yes","Year_Updat":"2012-2013","Projtn_Dtm":"LCC_WGS1984","Cont_Offcr":null,"Cont_No":null,"Scale_mapi":"10000","Data_Sour":"Satellite Image","Proj_code":null,"Remarks":null}},
{"type":"Feature","geometry":{"type":"LineString","coordinates":[[71.71853,21.45486],[71.71846,21.4554],[71.71824,21.45579],[71.71816,21.45629],[71.71811,21.4567],[71.71799,21.45695],[71.71791,21.45732],[71.71776,21.45779],[71.71776,21.45839],[71.71782,21.45889],[71.71803,21.45979],[71.71815,21.46019],[71.71824,21.46054],[71.7183,21.46087],[71.71838,21.46124],[71.71851,21.46161],[71.71871,21.46212]]},"properties":{"Layer":"Drainage","Categories":"Stream","Feature_Co":"DRST","Validation":"Yes","Year_Updat":"2012-2013","Projtn_Dtm":"LCC_WGS1984","Cont_Offcr":null,"Cont_No":null,"Scale_mapi":"10000","Data_Sour":"Satellite Image","Proj_code":null,"Remarks":null}},
{"type":"Feature","geometry":{"type":"LineString","coordinates":[[71.71444,21.45305],[71.71473,21.45327],[71.71492,21.45344],[71.71525,21.45371],[71.71562,21.45398],[71.71576,21.45418],[71.71589,21.45443],[71.71591,21.45464],[71.71591,21.45486],[71.71584,21.45501],[71.71578,21.45523],[71.7158,21.45536],[71.71586,21.4556],[71.71584,21.45583],[71.7158,21.45602],[71.71576,21.45616]]},"properties":{"Layer":"Drainage","Categories":"Stream","Feature_Co":"DRST","Validation":"Yes","Year_Updat":"2012-2013","Projtn_Dtm":"LCC_WGS1984","Cont_Offcr":null,"Cont_No":null,"Scale_mapi":"10000","Data_Sour":"Satellite Image","Proj_code":null,"Remarks":null}},
{"type":"Feature","geometry":{"type":"MultiLineString","coordinates":[[[71.72911,21.46411],[71.72934,21.46444],[71.72961,21.46493],[71.72979,21.46508],[71.72998,21.4652],[71.73029,21.46524],[71.73049,21.46532],[71.73074,21.46543],[71.73101,21.46576],[71.73113,21.46592],[71.73152,21.46621],[71.73194,21.46654],[71.73237,21.46677],[71.73274,21.46685]],[[71.72595,21.45635],[71.7261,21.45672],[71.72624,21.45709],[71.72637,21.45738],[71.72647,21.45761],[71.72657,21.45814],[71.72664,21.45853],[71.72684,21.45903],[71.72696,21.45928],[71.72717,21.45957],[71.72734,21.45992],[71.7275,21.46027],[71.7276,21.46078],[71.72773,21.46116],[71.72796,21.46155],[71.72808,21.46175],[71.72843,21.46235],[71.72862,21.46278],[71.72872,21.46303],[71.72882,21.46338],[71.72895,21.46376],[71.72911,21.46411]]]},"properties":{"Layer":"Drainage","Categories":"Stream","Feature_Co":"DRST","Validation":"Yes","Year_Updat":"2012-2013","Projtn_Dtm":"LCC_WGS1984","Cont_Offcr":null,"Cont_No":null,"Scale_mapi":"10000","Data_Sour":"Satellite Image","Proj_code":null,"Remarks":null}},
{"type":"Feature","geometry":{"type":"MultiLineString","coordinates":[[[71.73468,21.46551],[71.73509,21.46499],[71.73532,21.46427],[71.73544,21.46382],[71.73561,21.46336],[71.736,21.4627],[71.73643,21.46215],[71.73674,21.46167],[71.73695,21.46148],[71.73738,21.46124],[71.73763,21.46099]],[[71.73331,21.46557],[71.7335,21.46561],[71.73419,21.46561],[71.73468,21.46551]],[[71.72911,21.46411],[71.72946,21.46433],[71.72979,21.46433],[71.73016,21.46431],[71.73051,21.46431],[71.73086,21.4645],[71.73117,21.46454],[71.73148,21.46454],[71.73194,21.4646],[71.73229,21.46491],[71.73274,21.46524],[71.73309,21.46553],[71.73331,21.46557]]]},"properties":{"Layer":"Drainage","Categories":"Stream","Feature_Co":"DRST","Validation":"Yes","Year_Updat":"2012-2013","Projtn_Dtm":"LCC_WGS1984","Cont_Offcr":null,"Cont_No":null,"Scale_mapi":"10000","Data_Sour":"Satellite Image","Proj_code":null,"Remarks":null}},
{"type":"Feature","geometry":{"type":"MultiLineString","coordinates":[[[71.73331,21.46557],[71.73365,21.46512],[71.73382,21.4647],[71.73392,21.46421],[71.73396,21.46376],[71.73396,21.46318],[71.73392,21.46266]],[[71.73392,21.46266],[71.73371,21.46237],[71.73342,21.46229],[71.73315,21.46229],[71.73299,21.46231],[71.73268,21.46225],[71.73252,21.46221]]]},"properties":{"Layer":"Drainage","Categories":"Stream","Feature_Co":"DRST","Validation":"Yes","Year_Updat":"2012-2013","Projtn_Dtm":"LCC_WGS1984","Cont_Offcr":null,"Cont_No":null,"Scale_mapi":"10000","Data_Sour":"Satellite Image","Proj_code":null,"Remarks":null}},
{"type":"Feature","geometry":{"type":"LineString","coordinates":[[71.73392,21.46266],[71.7341,21.46262],[71.73429,21.4626],[71.73443,21.46256],[71.73468,21.46229],[71.73481,21.4621],[71.73495,21.46192],[71.7353,21.46177],[71.73557,21.46165],[71.73588,21.46149],[71.73596,21.46134],[71.73613,21.46078],[71.73619,21.46039]]},"properties":{"Layer":"Drainage","Categories":"Stream","Feature_Co":"DRST","Validation":"Yes","Year_Updat":"2012-2013","Projtn_Dtm":"LCC_WGS1984","Cont_Offcr":null,"Cont_No":null,"Scale_mapi":"10000","Data_Sour":"Satellite Image","Proj_code":null,"Remarks":null}},
{"type":"Feature","geometry":{"type":"LineString","coordinates":[[71.73468,21.46551],[71.73484,21.46596],[71.73528,21.46643],[71.73557,21.46663],[71.73606,21.46663]]},"properties":{"Layer":"Drainage","Categories":"Stream","Feature_Co":"DRST","Validation":"Yes","Year_Updat":"2012-2013","Projtn_Dtm":"LCC_WGS1984","Cont_Offcr":null,"Cont_No":null,"Scale_mapi":"10000","Data_Sour":"Satellite Image","Proj_code":null,"Remarks":null}},
{"type":"Feature","geometry":{"type":"LineString","coordinates":[[71.72243,21.44521],[71.72256,21.44549],[71.7227,21.44589],[71.7229,21.44637],[71.72305,21.44664],[71.72327,21.44698],[71.72344,21.44717],[71.7236,21.4472],[71.72388,21.44723],[71.72421,21.44725],[71.72445,21.44729],[71.72468,21.44736],[71.72497,21.44735],[71.72514,21.44735],[71.72538,21.4474],[71.7255,21.4474]]},"properties":{"Layer":"Drainage","Categories":"Stream","Feature_Co":"DRST","Validation":"Yes","Year_Updat":"2012-2013","Projtn_Dtm":"LCC_WGS1984","Cont_Offcr":null,"Cont_No":null,"Scale_mapi":"10000","Data_Sour":"Satellite Image","Proj_code":null,"Remarks":null}},
{"type":"Feature","geometry":{"type":"LineString","coordinates":[[71.71156,21.47851],[71.71178,21.47865],[71.71204,21.47882],[71.71226,21.47903],[71.71238,21.47915],[71.7125,21.47938],[71.71265,21.47953],[71.71283,21.47975],[71.71309,21.48002],[71.7133,21.4802],[71.7135,21.48042]]},"properties":{"Layer":"Drainage","Categories":"Stream","Feature_Co":"DRST","Validation":"Yes","Year_Updat":"2012-2013","Projtn_Dtm":"LCC_WGS1984","Cont_Offcr":null,"Cont_No":null,"Scale_mapi":"10000","Data_Sour":"Satellite Image","Proj_code":null,"Remarks":null}},
{"type":"Feature","geometry":{"type":"MultiLineString","coordinates":[[[71.73091,21.4981],[71.73112,21.49825],[71.7313,21.49847],[71.73162,21.4989],[71.73188,21.49918],[71.73209,21.49932],[71.73235,21.49945],[71.73253,21.49956],[71.73269,21.49973],[71.73291,21.49996],[71.73294,21.50004]],[[71.71729,21.48436],[71.71741,21.48466],[71.71752,21.48488],[71.71767,21.48512],[71.71784,21.48536],[71.71803,21.4856],[71.71815,21.48582],[71.71816,21.48606],[71.7181,21.48631],[71.71795,21.4865],[71.71791,21.48673],[71.71799,21.48706],[71.71811,21.48729],[71.71821,21.48748],[71.71834,21.4878],[71.71846,21.48808],[71.71867,21.48826],[71.71896,21.48845],[71.71927,21.48856],[71.7196,21.4887],[71.71981,21.4888],[71.72002,21.4889],[71.72044,21.48904],[71.72073,21.48928],[71.72095,21.4894],[71.72125,21.48957],[71.72152,21.4897],[71.72166,21.48994],[71.72172,21.49026],[71.72174,21.4905],[71.72174,21.49081],[71.72179,21.49112],[71.72204,21.49141],[71.72234,21.49165],[71.72256,21.49186],[71.72284,21.49216],[71.72315,21.4926],[71.72351,21.49295],[71.72384,21.49328],[71.72416,21.4936],[71.72446,21.49381],[71.72476,21.49401],[71.725,21.4941],[71.72517,21.49423],[71.7255,21.49444],[71.72575,21.49467],[71.72602,21.49498],[71.7262,21.49519],[71.7266,21.49545],[71.727,21.4957],[71.7274,21.49596],[71.72779,21.49622],[71.72813,21.49643],[71.72861,21.4967],[71.72906,21.49703],[71.72941,21.49719],[71.72974,21.49741],[71.73011,21.49761],[71.73055,21.49786],[71.73082,21.49804],[71.73091,21.4981]],[[71.71724,21.48429],[71.71729,21.48436]]]},"properties":{"Layer":"Drainage","Categories":"Stream","Feature_Co":"DRST","Validation":"Yes","Year_Updat":"2012-2013","Projtn_Dtm":"LCC_WGS1984","Cont_Offcr":null,"Cont_No":null,"Scale_mapi":"10000","Data_Sour":"Satellite Image","Proj_code":null,"Remarks":null}},
{"type":"Feature","geometry":{"type":"LineString","coordinates":[[71.73091,21.4981],[71.73085,21.49824],[71.7308,21.49842],[71.73064,21.49865],[71.73054,21.49889],[71.73042,21.49909],[71.73026,21.49934],[71.73008,21.49952],[71.72992,21.49975],[71.72972,21.49995],[71.72963,21.50002]]},"properties":{"Layer":"Drainage","Categories":"Stream","Feature_Co":"DRST","Validation":"Yes","Year_Updat":"2012-2013","Projtn_Dtm":"LCC_WGS1984","Cont_Offcr":null,"Cont_No":null,"Scale_mapi":"10000","Data_Sour":"Satellite Image","Proj_code":null,"Remarks":null}},
{"type":"Feature","geometry":{"type":"LineString","coordinates":[[71.74408,21.50002],[71.74454,21.49997],[71.74469,21.49993],[71.7449,21.49989],[71.7452,21.49975],[71.74551,21.49954],[71.74582,21.49923],[71.74608,21.499],[71.74644,21.49861],[71.74659,21.49841],[71.74663,21.49803],[71.74665,21.49787],[71.74678,21.49761],[71.74703,21.49727],[71.74733,21.49694],[71.74768,21.49695],[71.7479,21.49711],[71.74807,21.49721],[71.7483,21.49716],[71.74854,21.49705],[71.74887,21.49689],[71.74931,21.49677],[71.74966,21.49659],[71.74991,21.49639],[71.75001,21.49633]]},"properties":{"Layer":"Drainage","Categories":"Stream","Feature_Co":"DRST","Validation":"Yes","Year_Updat":"2012-2013","Projtn_Dtm":"LCC_WGS1984","Cont_Offcr":null,"Cont_No":null,"Scale_mapi":"10000","Data_Sour":"Satellite Image","Proj_code":null,"Remarks":null}},
{"type":"Feature","geometry":{"type":"LineString","coordinates":[[71.73694,21.48739],[71.73711,21.48764],[71.73706,21.48793],[71.73701,21.48832],[71.73701,21.48887],[71.73715,21.48942],[71.73735,21.48999],[71.73756,21.49059],[71.73768,21.49117],[71.73778,21.49177],[71.7379,21.49232],[71.73819,21.49263],[71.7384,21.49297]]},"properties":{"Layer":"Drainage","Categories":"Stream","Feature_Co":"DRST","Validation":"Yes","Year_Updat":"2012-2013","Projtn_Dtm":"LCC_WGS1984","Cont_Offcr":null,"Cont_No":null,"Scale_mapi":"10000","Data_Sour":"Satellite Image","Proj_code":null,"Remarks":null}},
{"type":"Feature","geometry":{"type":"MultiLineString","coordinates":[[[71.7348,21.48415],[71.73481,21.48415],[71.73504,21.48393],[71.73537,21.48377],[71.73551,21.48335],[71.73564,21.48289],[71.73569,21.48258],[71.73563,21.48205]],[[71.73563,21.48205],[71.7356,21.48179],[71.73546,21.48094],[71.73529,21.47978],[71.7352,21.47864],[71.7352,21.47814],[71.73515,21.47783],[71.73513,21.47745],[71.73506,21.47717],[71.73481,21.47692],[71.7347,21.47677],[71.73443,21.47663],[71.73425,21.47625],[71.73439,21.47575],[71.73454,21.47544],[71.73457,21.47506],[71.73459,21.47467],[71.73447,21.47434]]]},"properties":{"Layer":"Drainage","Categories":"Stream","Feature_Co":"DRST","Validation":"Yes","Year_Updat":"2012-2013","Projtn_Dtm":"LCC_WGS1984","Cont_Offcr":null,"Cont_No":null,"Scale_mapi":"10000","Data_Sour":"Satellite Image","Proj_code":null,"Remarks":null}},
{"type":"Feature","geometry":{"type":"MultiLineString","coordinates":[[[71.73874,21.482],[71.73884,21.48176],[71.73885,21.48146],[71.73879,21.48117],[71.73865,21.4809],[71.73869,21.48064]],[[71.73869,21.48064],[71.73872,21.48049],[71.73865,21.48018],[71.73842,21.47994],[71.73823,21.47961],[71.73816,21.47933],[71.73776,21.47913],[71.73731,21.47919],[71.73689,21.47919],[71.73653,21.47897],[71.73621,21.47851],[71.73601,21.47809],[71.73624,21.47751],[71.73657,21.47709]]]},"properties":{"Layer":"Drainage","Categories":"Stream","Feature_Co":"DRST","Validation":"Yes","Year_Updat":"2012-2013","Projtn_Dtm":"LCC_WGS1984","Cont_Offcr":null,"Cont_No":null,"Scale_mapi":"10000","Data_Sour":"Satellite Image","Proj_code":null,"Remarks":null}},
{"type":"Feature","geometry":{"type":"LineString","coordinates":[[71.73908,21.48653],[71.7392,21.48619],[71.73925,21.48595],[71.73932,21.4858],[71.73935,21.48564],[71.73946,21.48545],[71.73957,21.48533],[71.73973,21.4852],[71.73985,21.48502],[71.74002,21.48476],[71.74016,21.48459]]},"properties":{"Layer":"Drainage","Categories":"Stream","Feature_Co":"DRST","Validation":"Yes","Year_Updat":"2012-2013","Projtn_Dtm":"LCC_WGS1984","Cont_Offcr":null,"Cont_No":null,"Scale_mapi":"10000","Data_Sour":"Satellite Image","Proj_code":null,"Remarks":null}},
{"type":"Feature","geometry":{"type":"MultiLineString","coordinates":[[[71.74509,21.47923],[71.74523,21.47909],[71.74538,21.47905],[71.74552,21.47896],[71.74576,21.47893],[71.74597,21.47887],[71.74619,21.47873],[71.74639,21.47856],[71.7465,21.47839],[71.74663,21.47831],[71.74675,21.47814],[71.74687,21.47781],[71.74694,21.47755]],[[71.74694,21.47755],[71.74697,21.47744],[71.74704,21.47702],[71.74709,21.4768],[71.74718,21.47645],[71.7473,21.47621],[71.74741,21.47593],[71.74754,21.47578],[71.74762,21.47561],[71.74765,21.47536],[71.74767,21.47505],[71.74771,21.47477],[71.74786,21.47445],[71.74799,21.47413],[71.748,21.47384],[71.74818,21.47368],[71.74836,21.47346],[71.7485,21.47323],[71.74873,21.47298],[71.74892,21.47276],[71.74892,21.4726],[71.74877,21.47243],[71.74855,21.47222],[71.74835,21.47202],[71.74825,21.47183],[71.74814,21.47166],[71.74804,21.47154],[71.74805,21.47135],[71.74811,21.47125],[71.74808,21.47105],[71.74799,21.47086],[71.74781,21.47079],[71.74754,21.47062],[71.74739,21.47042],[71.74729,21.47027]]]},"properties":{"Layer":"Drainage","Categories":"Stream","Feature_Co":"DRST","Validation":"Yes","Year_Updat":"2012-2013","Projtn_Dtm":"LCC_WGS1984","Cont_Offcr":null,"Cont_No":null,"Scale_mapi":"10000","Data_Sour":"Satellite Image","Proj_code":null,"Remarks":null}},
{"type":"Feature","geometry":{"type":"LineString","coordinates":[[71.74694,21.47755],[71.74719,21.47749],[71.74732,21.47748],[71.74745,21.47745],[71.74764,21.47726],[71.74779,21.47712],[71.74797,21.47691],[71.74815,21.47681],[71.74826,21.47672],[71.74844,21.47667],[71.7487,21.47662],[71.74898,21.47652],[71.74917,21.47648],[71.7494,21.47637],[71.74954,21.47618],[71.74967,21.4759],[71.74977,21.4757],[71.75002,21.47542]]},"properties":{"Layer":"Drainage","Categories":"Stream","Feature_Co":"DRST","Validation":"Yes","Year_Updat":"2012-2013","Projtn_Dtm":"LCC_WGS1984","Cont_Offcr":null,"Cont_No":null,"Scale_mapi":"10000","Data_Sour":"Satellite Image","Proj_code":null,"Remarks":null}},
{"type":"Feature","geometry":{"type":"LineString","coordinates":[[71.73869,21.48064],[71.73898,21.48049],[71.73918,21.48027],[71.73925,21.4801],[71.7394,21.48003],[71.73935,21.47981],[71.73925,21.47939],[71.73891,21.47913],[71.73862,21.47874],[71.73847,21.47832],[71.73808,21.47796],[71.73804,21.47762],[71.73794,21.47733],[71.73794,21.47696],[71.73808,21.47672],[71.73818,21.4765],[71.73816,21.47621],[71.73787,21.47584],[71.7377,21.47536]]},"properties":{"Layer":"Drainage","Categories":"Stream","Feature_Co":"DRST","Validation":"Yes","Year_Updat":"2012-2013","Projtn_Dtm":"LCC_WGS1984","Cont_Offcr":null,"Cont_No":null,"Scale_mapi":"10000","Data_Sour":"Satellite Image","Proj_code":null,"Remarks":null}},
{"type":"Feature","geometry":{"type":"LineString","coordinates":[[71.7377,21.47536],[71.73743,21.47506],[71.7373,21.47461],[71.73727,21.4741],[71.73707,21.47335],[71.737,21.47289],[71.73694,21.47208],[71.73687,21.47082],[71.73713,21.47014],[71.73759,21.46958],[71.73791,21.46907],[71.73824,21.46858]]},"properties":{"Layer":"Drainage","Categories":"Stream","Feature_Co":"DRST","Validation":"Yes","Year_Updat":"2012-2013","Projtn_Dtm":"LCC_WGS1984","Cont_Offcr":null,"Cont_No":null,"Scale_mapi":"10000","Data_Sour":"Satellite Image","Proj_code":null,"Remarks":null}},
{"type":"Feature","geometry":{"type":"MultiLineString","coordinates":[[[71.73563,21.48205],[71.73591,21.48215],[71.73618,21.48226],[71.73646,21.48241],[71.73671,21.48262],[71.73688,21.48284],[71.73707,21.48295],[71.73726,21.48304],[71.73741,21.48291],[71.73756,21.48262],[71.7378,21.48231],[71.73816,21.48216],[71.7385,21.4821],[71.73874,21.482]],[[71.73874,21.482],[71.73982,21.48208],[71.74039,21.48194],[71.74084,21.48168],[71.7413,21.48123],[71.74172,21.48063],[71.74195,21.48018],[71.74215,21.47944],[71.7422,21.47876],[71.74212,21.47822]],[[71.74212,21.47822],[71.74183,21.47783],[71.74161,21.47726],[71.74169,21.47695],[71.742,21.47661],[71.74257,21.47623],[71.7428,21.47556],[71.74274,21.47456],[71.74283,21.47397],[71.74311,21.47351],[71.74345,21.47315],[71.74368,21.47298],[71.74405,21.47275],[71.74439,21.47249],[71.74467,21.47224],[71.74476,21.47204],[71.74481,21.47178],[71.74481,21.4715],[71.74481,21.47102],[71.7445,21.47054],[71.74427,21.47003],[71.74419,21.46957],[71.74396,21.46895],[71.74351,21.46804],[71.74328,21.46733],[71.74294,21.46685],[71.74257,21.46668],[71.7422,21.46611],[71.7422,21.46583]]]},"properties":{"Layer":"Drainage","Categories":"Stream","Feature_Co":"DRST","Validation":"Yes","Year_Updat":"2012-2013","Projtn_Dtm":"LCC_WGS1984","Cont_Offcr":null,"Cont_No":null,"Scale_mapi":"10000","Data_Sour":"Satellite Image","Proj_code":null,"Remarks":null}},
{"type":"Feature","geometry":{"type":"LineString","coordinates":[[71.74268,21.4864],[71.74285,21.48631],[71.74308,21.48624],[71.74327,21.48616],[71.74348,21.48594],[71.74371,21.4858],[71.74387,21.4858],[71.74418,21.48586],[71.74448,21.48583],[71.74486,21.4858],[71.74526,21.48577],[71.74541,21.48581],[71.74557,21.48583]]},"properties":{"Layer":"Drainage","Categories":"Stream","Feature_Co":"DRST","Validation":"Yes","Year_Updat":"2012-2013","Projtn_Dtm":"LCC_WGS1984","Cont_Offcr":null,"Cont_No":null,"Scale_mapi":"10000","Data_Sour":"Satellite Image","Proj_code":null,"Remarks":null}},
{"type":"Feature","geometry":{"type":"MultiLineString","coordinates":[[[71.74751,21.48601],[71.74764,21.48642],[71.74788,21.48683],[71.74794,21.48711]],[[71.74509,21.47923],[71.74537,21.47924],[71.74565,21.4794],[71.74588,21.47959],[71.746,21.47975],[71.74598,21.48009],[71.74582,21.4804],[71.74557,21.48079],[71.74541,21.48101],[71.74529,21.48138],[71.74525,21.4817],[71.74528,21.48202],[71.74539,21.48226],[71.74579,21.48249],[71.74606,21.48262],[71.74636,21.48281],[71.74659,21.48301],[71.74684,21.4834],[71.74695,21.48369],[71.74705,21.48406],[71.7471,21.48455],[71.74711,21.48503],[71.74718,21.48535],[71.74729,21.48573],[71.74751,21.48601]],[[71.74212,21.47822],[71.74244,21.47828],[71.74296,21.47836],[71.74333,21.47852],[71.74375,21.47867],[71.74415,21.4789],[71.74427,21.47906],[71.7445,21.47916],[71.74475,21.47916],[71.74509,21.47923]]]},"properties":{"Layer":"Drainage","Categories":"Stream","Feature_Co":"DRST","Validation":"Yes","Year_Updat":"2012-2013","Projtn_Dtm":"LCC_WGS1984","Cont_Offcr":null,"Cont_No":null,"Scale_mapi":"10000","Data_Sour":"Satellite Image","Proj_code":null,"Remarks":null}},
{"type":"Feature","geometry":{"type":"LineString","coordinates":[[71.74751,21.48601],[71.74786,21.48616],[71.74818,21.48636],[71.74849,21.48645],[71.74871,21.4865]]},"properties":{"Layer":"Drainage","Categories":"Stream","Feature_Co":"DRST","Validation":"Yes","Year_Updat":"2012-2013","Projtn_Dtm":"LCC_WGS1984","Cont_Offcr":null,"Cont_No":null,"Scale_mapi":"10000","Data_Sour":"Satellite Image","Proj_code":null,"Remarks":null}},
{"type":"Feature","geometry":{"type":"LineString","coordinates":[[71.7172,21.45432],[71.71723,21.45484],[71.71742,21.45548],[71.71753,21.45584],[71.71757,21.45629],[71.71733,21.45644],[71.71721,21.45673],[71.71723,21.45712],[71.71727,21.45756]]},"properties":{"Layer":"Drainage","Categories":"Stream","Feature_Co":"DRST","Validation":"Yes","Year_Updat":"2012-2013","Projtn_Dtm":"LCC_WGS1984","Cont_Offcr":null,"Cont_No":null,"Scale_mapi":"10000","Data_Sour":"Satellite Image","Proj_code":null,"Remarks":null}},
{"type":"Feature","geometry":{"type":"MultiLineString","coordinates":[[[71.73908,21.48653],[71.73926,21.48651],[71.73949,21.4865],[71.73974,21.48653],[71.73994,21.48655],[71.74018,21.48665],[71.74041,21.48678],[71.74054,21.48687],[71.74075,21.48695],[71.74092,21.48697],[71.74124,21.48694],[71.74143,21.4869],[71.74167,21.4868],[71.74181,21.48673],[71.742,21.48669],[71.74223,21.4866],[71.7424,21.48653],[71.74256,21.48649],[71.74268,21.4864]],[[71.73044,21.48634],[71.73059,21.48632],[71.73078,21.4863],[71.73098,21.48637],[71.73117,21.48658],[71.73138,21.48679],[71.73168,21.48688],[71.73195,21.4869],[71.73213,21.48696],[71.7323,21.48696],[71.73251,21.48699],[71.7327,21.48705],[71.73287,21.48708],[71.733,21.48706],[71.73317,21.48701],[71.73339,21.4869],[71.73355,21.48696],[71.73366,21.48708],[71.73375,21.48718],[71.73398,21.48723],[71.7342,21.48729],[71.73453,21.48733],[71.73477,21.48735],[71.73497,21.48733],[71.7351,21.48719],[71.73522,21.48708],[71.73532,21.48707],[71.73547,21.4871],[71.73562,21.48718],[71.73577,21.48729],[71.7359,21.48745],[71.73607,21.48759],[71.73622,21.48768],[71.73637,21.4878],[71.73652,21.48792],[71.73668,21.48796],[71.73681,21.48792],[71.73689,21.48778],[71.73694,21.4876],[71.73694,21.48739]],[[71.73694,21.48739],[71.73692,21.48716],[71.73694,21.487],[71.73704,21.48698],[71.73716,21.48694],[71.73736,21.48687],[71.73752,21.48682],[71.73771,21.4868],[71.73782,21.48683],[71.73792,21.48691],[71.73804,21.48698],[71.73819,21.487],[71.73834,21.48698],[71.73855,21.48695],[71.73869,21.48683],[71.73888,21.48668],[71.73908,21.48653]]]},"properties":{"Layer":"Drainage","Categories":"Stream","Feature_Co":"DRST","Validation":"Yes","Year_Updat":"2012-2013","Projtn_Dtm":"LCC_WGS1984","Cont_Offcr":null,"Cont_No":null,"Scale_mapi":"10000","Data_Sour":"Satellite Image","Proj_code":null,"Remarks":null}},
{"type":"Feature","geometry":{"type":"MultiLineString","coordinates":[[[71.71271,21.48224],[71.71286,21.48216],[71.71317,21.48204],[71.71349,21.48208],[71.71371,21.48225],[71.71387,21.48251],[71.71405,21.48274],[71.71433,21.48283],[71.71452,21.483],[71.7148,21.4833],[71.71496,21.48366],[71.71523,21.48401],[71.71552,21.48425],[71.71608,21.48433],[71.71643,21.4842],[71.71671,21.48411],[71.71696,21.48409],[71.71714,21.48416],[71.71724,21.48429]],[[71.71729,21.48436],[71.71746,21.48409],[71.71763,21.48366],[71.7178,21.4836],[71.71802,21.48362],[71.71833,21.48356],[71.71847,21.48351],[71.71867,21.48345],[71.71885,21.48337],[71.71905,21.48326],[71.71918,21.48336],[71.7193,21.48344],[71.71943,21.48358],[71.71954,21.48364],[71.71992,21.48358],[71.72013,21.48346],[71.72039,21.48335],[71.72065,21.48322],[71.72097,21.48305],[71.72133,21.48288],[71.7217,21.48281],[71.72192,21.4827],[71.72216,21.4826],[71.72241,21.48265],[71.72269,21.48269],[71.72289,21.48275],[71.72304,21.48277],[71.72311,21.48286],[71.72327,21.48309],[71.72338,21.48331],[71.72353,21.48336],[71.72381,21.48334],[71.72406,21.48332],[71.72422,21.4833],[71.72447,21.48329],[71.72478,21.48325],[71.72508,21.48329],[71.72521,21.4834],[71.72543,21.48342],[71.72582,21.48344],[71.72618,21.4834],[71.7264,21.48341],[71.72678,21.48337],[71.72702,21.48338],[71.72725,21.48345],[71.72738,21.48355],[71.7275,21.48375],[71.72755,21.48397],[71.72766,21.48435],[71.72781,21.48468],[71.72797,21.48502],[71.7282,21.48533],[71.72838,21.48556],[71.72857,21.48573],[71.72888,21.48581],[71.72916,21.48597],[71.72926,21.4861],[71.72947,21.48617],[71.72969,21.48618],[71.72991,21.4862],[71.73008,21.48632],[71.73024,21.48638]],[[71.73024,21.48638],[71.73044,21.48614],[71.73096,21.48596],[71.73141,21.48564],[71.73177,21.48555],[71.73202,21.48533],[71.73233,21.48519],[71.73281,21.4849],[71.7336,21.48461],[71.7342,21.48452],[71.73452,21.4844],[71.7348,21.48415]],[[71.73024,21.48638],[71.73044,21.48634]]]},"properties":{"Layer":"Drainage","Categories":"River","Feature_Co":"DRRV","Validation":"Yes","Year_Updat":"2012-2013","Projtn_Dtm":"LCC_WGS1984","Cont_Offcr":null,"Cont_No":null,"Scale_mapi":"10000","Data_Sour":"Satellite Image","Proj_code":null,"Remarks":null}}
]}