{"type":"FeatureCollection", "features": [
{"type":"Feature","geometry":{"type":"Polygon","coordinates":[[[72.25224,21.68692],[72.25246,21.68749],[72.25247,21.68751],[72.25261,21.68788],[72.25367,21.69075],[72.2539,21.69138],[72.25481,21.6928],[72.25518,21.69394],[72.25687,21.69454],[72.25968,21.6948],[72.26438,21.69527],[72.26648,21.69544],[72.27209,21.69812],[72.27409,21.6991],[72.27649,21.6999],[72.28256,21.70257],[72.27988,21.70691],[72.27593,21.71351],[72.26974,21.72208],[72.26609,21.72743],[72.25913,21.73702],[72.25412,21.74474],[72.25485,21.74754],[72.2519,21.7592],[72.24749,21.76961],[72.23755,21.77798],[72.22227,21.78964],[72.2116,21.79729],[72.20295,21.81661],[72.20546,21.8234],[72.20702,21.82278],[72.20841,21.82204],[72.20883,21.82198],[72.21116,21.81927],[72.21224,21.81809],[72.21308,21.81752],[72.21526,21.81976],[72.21833,21.81924],[72.2202,21.81862],[72.22411,21.81776],[72.22771,21.81571],[72.23786,21.81038],[72.24039,21.80947],[72.24142,21.8116],[72.24557,21.82137],[72.24626,21.82716],[72.24178,21.83343],[72.23328,21.84511],[72.22437,21.85718],[72.22143,21.86113],[72.22078,21.86232],[72.21844,21.86531],[72.21492,21.87213],[72.21176,21.87856],[72.20884,21.88487],[72.20446,21.88928],[72.20569,21.89461],[72.20452,21.90272],[72.20312,21.91122],[72.20459,21.91582],[72.20599,21.91964],[72.20613,21.92201],[72.20561,21.92645],[72.20623,21.93117],[72.20784,21.93887],[72.20833,21.94174],[72.20654,21.94462],[72.20462,21.94609],[72.20524,21.94957],[72.2075,21.95524],[72.20817,21.9576],[72.21115,21.9626],[72.21417,21.9641],[72.21954,21.96492],[72.22528,21.96658],[72.23489,21.9711],[72.23912,21.9731],[72.2386,21.97687],[72.23894,21.98357],[72.23907,21.98677],[72.23988,21.99054],[72.24037,21.99617],[72.239,21.99293],[72.23815,21.99171],[72.22982,21.98666],[72.22103,21.98584],[72.2183,21.98527],[72.21636,21.98489],[72.21192,21.98503],[72.20699,21.98547],[72.20583,21.98556],[72.2058,21.98556],[72.20362,21.98573],[72.20051,21.98644],[72.19942,21.98676],[72.19821,21.9871],[72.19698,21.98743],[72.19611,21.98772],[72.19458,21.98817],[72.19374,21.9884],[72.19299,21.98859],[72.1923,21.98874],[72.1908,21.98919],[72.18943,21.98958],[72.18686,21.99031],[72.1859,21.99058],[72.18435,21.99022],[72.18331,21.98996],[72.18239,21.98971],[72.18193,21.98983],[72.1804,21.99028],[72.17993,21.99043],[72.17889,21.9907],[72.17866,21.99069],[72.17723,21.99071],[72.17638,21.9907],[72.17544,21.99073],[72.17488,21.99073],[72.17472,21.99086],[72.17416,21.99134],[72.1738,21.99167],[72.17349,21.99195],[72.17287,21.99247],[72.17246,21.99282],[72.17201,21.9932],[72.17182,21.99331],[72.17136,21.99356],[72.17099,21.99379],[72.17061,21.99396],[72.17,21.99431],[72.16954,21.99455],[72.169,21.99486],[72.16828,21.99523],[72.16787,21.99541],[72.16751,21.99599],[72.1672,21.99652],[72.16681,21.99716],[72.16649,21.99767],[72.16619,21.99813],[72.16587,21.99861],[72.16554,21.99895],[72.16512,21.99932],[72.16447,21.99995],[72.16406,22.00031],[72.16329,22.001],[72.16286,22.00139],[72.16266,22.00161],[72.1625,22.0018],[72.16212,22.00222],[72.16177,22.0026],[72.16153,22.00286],[72.16138,22.00307],[72.16092,22.00375],[72.16072,22.00402],[72.16065,22.00414],[72.16012,22.00488],[72.15994,22.00509],[72.15972,22.0054],[72.15944,22.00573],[72.15926,22.00587],[72.15867,22.00646],[72.15845,22.00667],[72.1581,22.00699],[72.1577,22.00738],[72.15744,22.00762],[72.15708,22.00794],[72.157,22.00803],[72.15681,22.00825],[72.15628,22.00876],[72.15593,22.00913],[72.15582,22.00927],[72.15567,22.0094],[72.15528,22.00979],[72.15488,22.01015],[72.15478,22.01029],[72.15461,22.01045],[72.15423,22.01087],[72.15378,22.01132],[72.15348,22.01162],[72.15314,22.01192],[72.153,22.01201],[72.15193,22.01334],[72.15121,22.01416],[72.15053,22.01495],[72.14979,22.01577],[72.14964,22.01607],[72.14926,22.01679],[72.14895,22.01739],[72.14879,22.01775],[72.14861,22.01806],[72.14832,22.01857],[72.1481,22.01887],[72.1479,22.01923],[72.14752,22.01987],[72.14722,22.02035],[72.14668,22.02125],[72.1463,22.02191],[72.1458,22.02262],[72.14523,22.02355],[72.14518,22.02365],[72.14458,22.02459],[72.14419,22.02513],[72.14373,22.02582],[72.14349,22.02618],[72.14313,22.0267],[72.14281,22.0272],[72.14226,22.02803],[72.14189,22.02858],[72.1415,22.02918],[72.14107,22.02986],[72.14044,22.03091],[72.14002,22.03155],[72.13935,22.03256],[72.13882,22.03341],[72.13852,22.0338],[72.13835,22.03405],[72.13761,22.03516],[72.13739,22.03549],[72.13676,22.03643],[72.13631,22.03715],[72.13581,22.03794],[72.13541,22.0385],[72.13417,22.04035],[72.13394,22.04073],[72.13342,22.04152],[72.13302,22.04217],[72.13243,22.04309],[72.13188,22.04393],[72.13125,22.04489],[72.13088,22.04544],[72.13077,22.04551],[72.13005,22.04655],[72.12963,22.04722],[72.12936,22.04753],[72.12882,22.04835],[72.12842,22.04899],[72.1281,22.04941],[72.12701,22.05111],[72.12648,22.05192],[72.12578,22.05297],[72.1252,22.05389],[72.12446,22.055],[72.12382,22.05596],[72.1236,22.05629],[72.12307,22.05705],[72.12212,22.05716],[72.12133,22.05689],[72.12107,22.05681],[72.11959,22.05661],[72.11889,22.0565],[72.11815,22.05637],[72.11769,22.05642],[72.1169,22.05669],[72.11674,22.05673],[72.11556,22.05701],[72.11489,22.05687],[72.11465,22.05687],[72.1142,22.0569],[72.11251,22.0571],[72.11212,22.05715],[72.11197,22.05718],[72.11186,22.05746],[72.11079,22.05751],[72.10941,22.05752],[72.10887,22.05815],[72.10785,22.0581],[72.1076,22.05819],[72.10724,22.05828],[72.10667,22.05832],[72.10631,22.05836],[72.1058,22.05846],[72.10564,22.05777],[72.10524,22.05696],[72.1051,22.05664],[72.10485,22.05624],[72.10447,22.05563],[72.10409,22.05495],[72.10389,22.05494],[72.10331,22.05515],[72.1032,22.05518],[72.10182,22.05503],[72.10141,22.05518],[72.10031,22.05515],[72.09928,22.05508],[72.09864,22.05504],[72.09781,22.05511],[72.09677,22.05519],[72.09564,22.05531],[72.09423,22.05543],[72.09238,22.05557],[72.09175,22.05563],[72.09055,22.05577],[72.09008,22.05581],[72.08897,22.05587],[72.08862,22.05591],[72.0881,22.05585],[72.08585,22.05534],[72.08477,22.05512],[72.08344,22.05456],[72.08173,22.05385],[72.08132,22.05367],[72.08038,22.05476],[72.07991,22.05536],[72.07886,22.0566],[72.07824,22.05735],[72.07778,22.05791],[72.07739,22.05834],[72.07676,22.05914],[72.07636,22.05963],[72.07619,22.05984],[72.07534,22.06115],[72.07475,22.06205],[72.07396,22.06319],[72.07346,22.06396],[72.07265,22.06509],[72.07227,22.06568],[72.07188,22.06618],[72.07168,22.06663],[72.07132,22.06745],[72.07089,22.06845],[72.07037,22.06964],[72.07021,22.06997],[72.06974,22.07105],[72.06959,22.07145],[72.06944,22.07181],[72.06937,22.07201],[72.06916,22.07268],[72.06874,22.07385],[72.06842,22.07471],[72.06772,22.07652],[72.06749,22.07714],[72.06636,22.07845],[72.06566,22.07926],[72.06546,22.07949],[72.06463,22.08046],[72.06367,22.08155],[72.06334,22.08198],[72.06228,22.08336],[72.06199,22.08375],[72.06123,22.08477],[72.06089,22.08594],[72.06062,22.08679],[72.06032,22.0879],[72.06006,22.08884],[72.05976,22.0894],[72.05913,22.09072],[72.05857,22.09193],[72.058,22.09307],[72.05758,22.09392],[72.0571,22.09497],[72.05701,22.0952],[72.05721,22.09579],[72.05744,22.09655],[72.05774,22.09749],[72.05791,22.09802],[72.05823,22.09904],[72.05849,22.0998],[72.05878,22.10058],[72.05905,22.10144],[72.05949,22.10264],[72.0597,22.10321],[72.05824,22.10263],[72.05707,22.10217],[72.05652,22.10197],[72.05626,22.10186],[72.05583,22.10171],[72.05467,22.10268],[72.05395,22.10326],[72.05269,22.10424],[72.05234,22.10456],[72.05103,22.10572],[72.05035,22.10632],[72.04983,22.10677],[72.04959,22.10698],[72.04898,22.10752],[72.04883,22.10757],[72.04861,22.10777],[72.04761,22.10852],[72.04653,22.10936],[72.04545,22.11021],[72.04459,22.11089],[72.04368,22.11159],[72.04287,22.11226],[72.04212,22.11288],[72.04134,22.1135],[72.04043,22.11432],[72.04,22.11471],[72.03945,22.1152],[72.03884,22.11568],[72.03822,22.11618],[72.03757,22.11668],[72.03635,22.11765],[72.03513,22.11858],[72.03411,22.11935],[72.03327,22.11995],[72.03255,22.12045],[72.03202,22.12084],[72.03167,22.12104],[72.03161,22.12094],[72.0309,22.11966],[72.02963,22.11774],[72.028,22.11556],[72.02711,22.11427],[72.02623,22.11287],[72.02471,22.11048],[72.02251,22.1071],[72.02153,22.10572],[72.02078,22.10455],[72.02032,22.10421],[72.02028,22.10418],[72.01987,22.10387],[72.01577,22.10245],[72.0136,22.10171],[72.00969,22.10025],[72.00865,22.09983],[72.0056,22.09862],[72.00227,22.09807],[71.99831,22.09871],[71.99769,22.09659],[71.99707,22.09453],[71.99586,22.09246],[71.99185,22.09284],[71.9911,22.09313],[71.98794,22.09437],[71.98661,22.09474],[71.98322,22.09557],[71.98049,22.09621],[71.9783,22.09665],[71.97588,22.09731],[71.97326,22.09353],[71.96891,22.08807],[71.96904,22.08556],[71.96966,22.08159],[71.96993,22.08074],[71.97023,22.07953],[71.97269,22.07498],[71.97662,22.06781],[71.97765,22.06351],[71.97786,22.06142],[71.97769,22.05957],[71.97632,22.05861],[71.97525,22.05723],[71.97411,22.05591],[71.9734,22.05412],[71.97278,22.04939],[71.97167,22.04896],[71.97036,22.04975],[71.97042,22.04851],[71.97055,22.048],[71.97087,22.04668],[71.97096,22.0461],[71.97096,22.04609],[71.97109,22.04514],[71.9688,22.04449],[71.96675,22.04394],[71.96435,22.0431],[71.96389,22.04284],[71.96216,22.04182],[71.96204,22.04191],[71.95888,22.04238],[71.95662,22.04269],[71.95396,22.04313],[71.95203,22.0447],[71.94969,22.04468],[71.94918,22.04477],[71.94753,22.04556],[71.94546,22.04511],[71.94542,22.04593],[71.94302,22.04488],[71.94301,22.04404],[71.94148,22.04372],[71.93981,22.04357],[71.93851,22.04358],[71.93711,22.04413],[71.93551,22.04492],[71.93377,22.04582],[71.93342,22.04592],[71.93331,22.04282],[71.93325,22.0401],[71.93317,22.03762],[71.93303,22.03448],[71.9331,22.03167],[71.93312,22.0283],[71.93333,22.02625],[71.93279,22.02326],[71.93179,22.02169],[71.93148,22.01924],[71.93163,22.01924],[71.93354,22.01916],[71.93377,22.01912],[71.93497,22.01918],[71.93665,22.01927],[71.93678,22.01923],[71.93947,22.01909],[71.93954,22.01905],[71.94065,22.01766],[71.94173,22.01609],[71.94269,22.01568],[71.94335,22.01541],[71.94505,22.01464],[71.94548,22.01443],[71.94618,22.01412],[71.94698,22.01379],[71.94762,22.0138],[71.94878,22.01346],[71.95028,22.01292],[71.95141,22.01254],[71.95325,22.01186],[71.95455,22.01137],[71.95463,22.01133],[71.95634,22.01071],[71.95806,22.0101],[71.95947,22.00961],[71.96076,22.00909],[71.96205,22.00862],[71.96245,22.00854],[71.96284,22.00842],[71.96354,22.00819],[71.96568,22.00743],[71.9678,22.00655],[71.96866,22.00631],[71.96924,22.00612],[71.96977,22.00593],[71.9702,22.00582],[71.97107,22.00554],[71.97182,22.00521],[71.9726,22.0049],[71.9745,22.00414],[71.97505,22.00388],[71.97677,22.00317],[71.97851,22.00239],[71.97851,22.00087],[71.97839,21.99974],[71.97829,21.99912],[71.97824,21.99784],[71.9784,21.99796],[71.98004,21.99887],[71.9811,21.9995],[71.98293,21.99989],[71.98281,22.00148],[71.98279,22.00175],[71.98378,22.00234],[71.98422,22.0026],[71.98498,22.0024],[71.98561,22.00222],[71.98684,22.00189],[71.98754,22.00081],[71.98764,22.0001],[71.98876,21.99977],[71.99012,21.99935],[71.99145,21.99971],[71.99155,21.99974],[71.99275,22.00009],[71.99386,22.00054],[71.99417,22.00136],[71.99423,22.00141],[71.99455,22.00229],[71.99537,22.00286],[71.99569,22.0039],[71.99633,22.00474],[71.99647,22.00392],[71.9974,22.00366],[71.9983,22.00414],[71.99876,22.00439],[71.99901,22.0045],[72.00038,22.0052],[72.00048,22.00528],[72.001,22.00615],[72.00138,22.0068],[72.00279,22.00686],[72.00375,22.00626],[72.00446,22.00582],[72.00509,22.00541],[72.00624,22.00568],[72.00722,22.00595],[72.00785,22.0068],[72.00864,22.00732],[72.00953,22.00786],[72.01063,22.00787],[72.01148,22.00748],[72.01246,22.00703],[72.01339,22.00722],[72.01402,22.00669],[72.01496,22.00587],[72.01624,22.00483],[72.0168,22.00438],[72.01765,22.00353],[72.01843,22.00283],[72.01907,22.00248],[72.0196,22.00233],[72.02061,22.00255],[72.0215,22.00306],[72.02262,22.00426],[72.02339,22.00497],[72.02388,22.00508],[72.02477,22.00516],[72.02598,22.00503],[72.0275,22.00463],[72.02958,22.00384],[72.03028,22.00319],[72.03095,22.0012],[72.03113,22.00019],[72.03186,21.99781],[72.03218,21.99696],[72.03251,21.99544],[72.03272,21.99473],[72.03333,21.99314],[72.03356,21.99246],[72.03366,21.99108],[72.03401,21.98997],[72.03442,21.98872],[72.03487,21.98704],[72.03544,21.9858],[72.03564,21.98451],[72.0358,21.98406],[72.03628,21.983],[72.03636,21.98204],[72.03677,21.98055],[72.03724,21.97891],[72.03748,21.97763],[72.03783,21.97674],[72.03802,21.9753],[72.03832,21.97464],[72.03858,21.97369],[72.03867,21.97258],[72.03911,21.97157],[72.03955,21.96997],[72.03976,21.96905],[72.03991,21.96813],[72.04049,21.9665],[72.04077,21.96546],[72.04103,21.96382],[72.04159,21.96168],[72.04252,21.95791],[72.04297,21.9567],[72.04301,21.95597],[72.04341,21.95507],[72.04346,21.95402],[72.0436,21.95339],[72.04384,21.95226],[72.04431,21.94923],[72.04436,21.9488],[72.04436,21.94825],[72.04436,21.9482],[72.04437,21.94577],[72.04434,21.94387],[72.04413,21.94284],[72.04402,21.94203],[72.04404,21.94017],[72.04169,21.94177],[72.03846,21.9436],[72.03623,21.94484],[72.03431,21.94557],[72.03203,21.94658],[72.03003,21.94746],[72.02602,21.94826],[72.02296,21.94878],[72.02243,21.94848],[72.02101,21.9463],[72.02038,21.94521],[72.01979,21.94439],[72.01901,21.94324],[72.01864,21.94272],[72.01822,21.94217],[72.01753,21.94122],[72.01631,21.93942],[72.01548,21.93826],[72.01454,21.93692],[72.01411,21.93636],[72.01373,21.93575],[72.01341,21.93523],[72.01314,21.93498],[72.01199,21.93344],[72.01118,21.93233],[72.01102,21.93203],[72.01049,21.93135],[72.0101,21.93072],[72.0093,21.92961],[72.00876,21.92884],[72.00794,21.92773],[72.00686,21.92622],[72.00587,21.92475],[72.00487,21.92343],[72.0035,21.92151],[72.00255,21.92009],[71.99867,21.92024],[71.99711,21.9193],[71.99558,21.91881],[71.99348,21.91815],[71.99126,21.91795],[71.98951,21.91848],[71.98621,21.91968],[71.98374,21.92056],[71.98387,21.92014],[71.98417,21.91978],[71.98526,21.91957],[71.98597,21.91936],[71.98642,21.91895],[71.98684,21.91808],[71.98629,21.91753],[71.98478,21.91594],[71.9846,21.91577],[71.98604,21.91531],[71.98644,21.91531],[71.98846,21.91585],[71.98941,21.9163],[71.99038,21.91676],[71.99081,21.91689],[71.99284,21.9163],[71.99218,21.91481],[71.99144,21.91305],[71.99058,21.91106],[71.99037,21.91057],[71.98981,21.90908],[71.98933,21.90781],[71.98881,21.90672],[71.98873,21.90653],[71.98833,21.9056],[71.98799,21.90485],[71.98736,21.90331],[71.98693,21.90225],[71.98601,21.90017],[71.98578,21.89964],[71.98536,21.89869],[71.98476,21.89741],[71.9843,21.89642],[71.98394,21.89549],[71.98334,21.89399],[71.98286,21.89284],[71.98267,21.89236],[71.98262,21.89193],[71.98251,21.89064],[71.98238,21.88908],[71.98225,21.88777],[71.9821,21.88638],[71.98193,21.88469],[71.98182,21.88377],[71.98176,21.88229],[71.9817,21.88122],[71.98168,21.88021],[71.98163,21.87844],[71.98164,21.87753],[71.98168,21.87733],[71.98175,21.8769],[71.98193,21.87626],[71.98214,21.87547],[71.98235,21.8746],[71.98263,21.87311],[71.98296,21.87184],[71.98335,21.87015],[71.98405,21.86729],[71.98461,21.8649],[71.98468,21.86409],[71.98416,21.86397],[71.98133,21.86249],[71.98017,21.86178],[71.97887,21.86098],[71.9755,21.85894],[71.97368,21.8578],[71.97241,21.85685],[71.97127,21.85613],[71.97009,21.85546],[71.9677,21.85401],[71.96669,21.8534],[71.96606,21.853],[71.96586,21.85239],[71.96677,21.8526],[71.96706,21.85269],[71.96748,21.85288],[71.96812,21.85303],[71.96876,21.85284],[71.96923,21.85279],[71.96989,21.85294],[71.96958,21.85215],[71.96845,21.85194],[71.96792,21.85182],[71.96719,21.85164],[71.96653,21.85156],[71.966,21.85147],[71.9652,21.85132],[71.96451,21.85115],[71.96422,21.85109],[71.9642,21.8509],[71.96395,21.85096],[71.96349,21.85086],[71.96305,21.85074],[71.96279,21.8507],[71.96269,21.85048],[71.96245,21.85046],[71.9622,21.85067],[71.96157,21.85125],[71.96136,21.85186],[71.96137,21.85209],[71.96117,21.85239],[71.96056,21.8524],[71.96041,21.8517],[71.96013,21.85059],[71.95968,21.8498],[71.95927,21.84845],[71.95938,21.84706],[71.9589,21.84694],[71.9558,21.84783],[71.95528,21.848],[71.9546,21.84826],[71.95429,21.84853],[71.95387,21.84877],[71.95373,21.8492],[71.95343,21.84927],[71.95229,21.84944],[71.95215,21.84962],[71.95209,21.84981],[71.95137,21.84989],[71.9516,21.84938],[71.95195,21.84869],[71.95242,21.84747],[71.95271,21.84681],[71.95322,21.84607],[71.95352,21.84554],[71.95525,21.84405],[71.95557,21.84376],[71.95609,21.84299],[71.95637,21.84268],[71.95642,21.84263],[71.95647,21.84256],[71.95667,21.8422],[71.95747,21.84111],[71.95825,21.84016],[71.95819,21.83986],[71.95813,21.83906],[71.95779,21.83729],[71.95719,21.83551],[71.95729,21.83545],[71.95708,21.83446],[71.95672,21.83283],[71.95649,21.83074],[71.95624,21.82915],[71.95602,21.82802],[71.95574,21.82695],[71.95563,21.82672],[71.95524,21.82555],[71.95478,21.82472],[71.95466,21.82374],[71.95459,21.82327],[71.95451,21.82238],[71.95425,21.82122],[71.9542,21.82071],[71.95403,21.81998],[71.95378,21.81922],[71.95368,21.81854],[71.956,21.81881],[71.95745,21.81855],[71.95855,21.81803],[71.96262,21.81744],[71.96586,21.81731],[71.96675,21.8175],[71.96944,21.81775],[71.976,21.81805],[71.97938,21.81836],[71.98165,21.81868],[71.98276,21.81867],[71.98469,21.81796],[71.98593,21.8177],[71.99002,21.81702],[71.98839,21.814],[71.98874,21.81217],[71.98863,21.81057],[71.98854,21.80921],[71.9885,21.80793],[71.99032,21.80657],[71.99126,21.80573],[71.99146,21.80185],[71.99159,21.79947],[71.99161,21.79842],[71.99161,21.79624],[71.99149,21.79434],[71.99137,21.79227],[71.99119,21.79011],[71.99109,21.78821],[71.99098,21.78674],[71.99092,21.78486],[71.99079,21.78345],[71.99071,21.78136],[71.99062,21.77957],[71.99077,21.77613],[71.99035,21.77346],[71.99006,21.7718],[71.98982,21.77068],[71.98947,21.76887],[71.98926,21.7678],[71.98776,21.76689],[71.98666,21.76623],[71.98653,21.76503],[71.98819,21.76472],[71.98989,21.76433],[71.99076,21.76438],[71.99158,21.76444],[71.99146,21.7631],[71.99247,21.76281],[71.99232,21.76181],[71.9921,21.7604],[71.99254,21.76012],[71.99266,21.75967],[71.99334,21.75947],[71.9942,21.75929],[71.99359,21.75849],[71.99321,21.75726],[71.99282,21.75632],[71.99234,21.7557],[71.99219,21.75551],[71.99171,21.75527],[71.99147,21.75502],[71.99129,21.75483],[71.991,21.75439],[71.99093,21.75349],[71.99095,21.75284],[71.99095,21.75259],[71.99164,21.75138],[71.99233,21.75002],[71.99303,21.74866],[71.99358,21.74764],[71.99411,21.74618],[71.99451,21.7457],[71.99486,21.74459],[71.99477,21.74361],[71.99458,21.74298],[71.99451,21.74206],[71.99484,21.74175],[71.99523,21.74172],[71.99627,21.74158],[71.99747,21.74045],[71.99593,21.7394],[71.99589,21.739],[71.99585,21.73863],[71.99598,21.73839],[71.99619,21.73795],[71.99699,21.73704],[71.99906,21.73631],[71.99943,21.73691],[71.99938,21.73705],[71.99965,21.73719],[71.99991,21.73719],[72.00002,21.73775],[72.00064,21.73795],[72.00211,21.73737],[72.00238,21.73728],[72.00334,21.73698],[72.00357,21.73702],[72.00336,21.73789],[72.00321,21.73898],[72.00552,21.73946],[72.00563,21.73945],[72.00564,21.73945],[72.0062,21.73941],[72.00628,21.7381],[72.0073,21.7381],[72.00733,21.73772],[72.00745,21.737],[72.00806,21.73689],[72.00802,21.73666],[72.0077,21.73567],[72.00727,21.73378],[72.00703,21.73254],[72.00699,21.73232],[72.00634,21.73214],[72.00658,21.73069],[72.00633,21.72921],[72.00628,21.72906],[72.00896,21.72909],[72.0119,21.72915],[72.01216,21.72914],[72.01219,21.72888],[72.01203,21.72783],[72.01247,21.72689],[72.01253,21.72608],[72.01251,21.72569],[72.01273,21.72537],[72.01282,21.72385],[72.01295,21.72249],[72.01336,21.71988],[72.01346,21.71883],[72.01449,21.71744],[72.01489,21.71693],[72.01582,21.71522],[72.01591,21.71489],[72.01758,21.71548],[72.01965,21.71486],[72.02,21.71476],[72.02058,21.71458],[72.02224,21.71366],[72.02395,21.71359],[72.02552,21.71319],[72.0263,21.71289],[72.02696,21.71262],[72.02766,21.71235],[72.02767,21.71234],[72.02817,21.71214],[72.02791,21.71121],[72.02803,21.71033],[72.02825,21.71002],[72.02781,21.70948],[72.02784,21.7086],[72.02723,21.70806],[72.02848,21.70618],[72.02943,21.70579],[72.02982,21.70518],[72.0302,21.70409],[72.0301,21.70324],[72.03054,21.70275],[72.03029,21.7002],[72.03001,21.70009],[72.03001,21.69963],[72.02986,21.69922],[72.02946,21.69794],[72.0293,21.6974],[72.02912,21.69654],[72.02896,21.69596],[72.02883,21.6952],[72.02886,21.69445],[72.02887,21.69425],[72.02926,21.69278],[72.02969,21.69193],[72.02989,21.6915],[72.03174,21.69123],[72.0322,21.6907],[72.03279,21.69038],[72.03479,21.68916],[72.03696,21.68895],[72.03782,21.68861],[72.03915,21.68806],[72.03923,21.68825],[72.04088,21.68753],[72.04216,21.68667],[72.04234,21.68676],[72.04283,21.68631],[72.04293,21.68599],[72.04325,21.68592],[72.04453,21.68542],[72.04568,21.68497],[72.04692,21.68442],[72.04768,21.6839],[72.04938,21.68266],[72.04979,21.68341],[72.05146,21.68335],[72.05158,21.68342],[72.05356,21.68362],[72.05441,21.6837],[72.05589,21.68392],[72.0562,21.68465],[72.05653,21.68548],[72.05766,21.68587],[72.05788,21.68598],[72.05866,21.68693],[72.05915,21.68756],[72.06105,21.68802],[72.06215,21.6897],[72.06264,21.69054],[72.06321,21.69105],[72.06323,21.69106],[72.06331,21.69114],[72.06477,21.693],[72.06609,21.69499],[72.06727,21.69516],[72.06768,21.69527],[72.06954,21.69354],[72.06988,21.69359],[72.07102,21.69375],[72.07175,21.69404],[72.07258,21.69397],[72.07403,21.69386],[72.07619,21.69353],[72.07794,21.69331],[72.07894,21.69363],[72.0796,21.69384],[72.08046,21.69391],[72.08179,21.69402],[72.08206,21.69481],[72.08262,21.69672],[72.0826,21.6968],[72.08406,21.69733],[72.08506,21.69764],[72.08549,21.6977],[72.08656,21.69787],[72.08744,21.69792],[72.08895,21.69829],[72.08982,21.69849],[72.09222,21.69869],[72.09242,21.69885],[72.09436,21.69898],[72.09553,21.69994],[72.09565,21.7001],[72.09569,21.70018],[72.09812,21.69951],[72.09909,21.69916],[72.09996,21.69903],[72.10136,21.6987],[72.10172,21.69859],[72.10173,21.69859],[72.10206,21.6985],[72.1033,21.69834],[72.10409,21.69819],[72.10433,21.69822],[72.10484,21.69782],[72.10511,21.69781],[72.10682,21.69757],[72.10728,21.69752],[72.10883,21.69737],[72.11077,21.69702],[72.11123,21.69701],[72.11232,21.69683],[72.11242,21.69648],[72.11274,21.6964],[72.11394,21.69633],[72.11503,21.69622],[72.11703,21.69623],[72.11794,21.69613],[72.11886,21.69614],[72.12019,21.69602],[72.12099,21.696],[72.12228,21.69591],[72.12396,21.69597],[72.12427,21.69604],[72.1254,21.69601],[72.12648,21.69598],[72.1281,21.69595],[72.12875,21.69571],[72.1295,21.69571],[72.1306,21.69575],[72.13351,21.69578],[72.13402,21.69585],[72.13533,21.69578],[72.13655,21.69574],[72.13884,21.6957],[72.13887,21.69448],[72.13888,21.69334],[72.13893,21.69234],[72.13898,21.6917],[72.13912,21.69043],[72.13923,21.68972],[72.13942,21.68861],[72.13975,21.68728],[72.13979,21.68692],[72.14002,21.68513],[72.14012,21.68449],[72.14044,21.68289],[72.14047,21.68239],[72.14101,21.67999],[72.14166,21.67731],[72.14234,21.67744],[72.14254,21.67651],[72.14287,21.6751],[72.14307,21.67406],[72.14319,21.67321],[72.14335,21.67246],[72.14339,21.67217],[72.14251,21.67213],[72.14256,21.67191],[72.14307,21.67048],[72.14384,21.66942],[72.14436,21.66871],[72.14454,21.66858],[72.14456,21.66857],[72.14465,21.6685],[72.14486,21.66928],[72.14599,21.66902],[72.14754,21.66942],[72.14807,21.66989],[72.14944,21.67048],[72.152,21.67156],[72.15277,21.67185],[72.15281,21.67188],[72.15491,21.67389],[72.15515,21.674],[72.1565,21.67426],[72.15762,21.67559],[72.15878,21.67629],[72.15996,21.67704],[72.16098,21.67759],[72.16153,21.67789],[72.16304,21.67884],[72.16346,21.67911],[72.16422,21.67955],[72.16521,21.68018],[72.16596,21.68059],[72.16659,21.68094],[72.16797,21.68174],[72.16869,21.68236],[72.16891,21.6827],[72.16971,21.68368],[72.17021,21.68429],[72.17103,21.68513],[72.172,21.68614],[72.17335,21.68748],[72.17414,21.6883],[72.1747,21.68885],[72.17555,21.68941],[72.17631,21.68993],[72.17833,21.69161],[72.17924,21.69235],[72.17912,21.6927],[72.17888,21.69337],[72.17853,21.69521],[72.17836,21.69668],[72.17812,21.69937],[72.17825,21.69974],[72.17869,21.70128],[72.1786,21.70179],[72.17868,21.70255],[72.1787,21.70272],[72.17877,21.70291],[72.1788,21.70373],[72.17887,21.70498],[72.17892,21.70511],[72.17891,21.70542],[72.1788,21.70608],[72.1787,21.70677],[72.17859,21.70726],[72.1785,21.70824],[72.17838,21.70918],[72.17825,21.70986],[72.17802,21.71072],[72.17764,21.71207],[72.17759,21.71239],[72.17788,21.7125],[72.17964,21.71364],[72.18174,21.71501],[72.18342,21.7163],[72.18401,21.71686],[72.18458,21.71754],[72.18536,21.71865],[72.18573,21.71916],[72.18639,21.72017],[72.18671,21.72126],[72.18673,21.72126],[72.18757,21.72101],[72.18772,21.72096],[72.18792,21.7209],[72.18896,21.72054],[72.18941,21.72032],[72.1899,21.72044],[72.19087,21.72084],[72.19225,21.72129],[72.19404,21.72201],[72.19486,21.72234],[72.19609,21.72292],[72.19632,21.72301],[72.19879,21.72394],[72.20113,21.7248],[72.20135,21.72492],[72.20247,21.7254],[72.20313,21.72578],[72.20381,21.72613],[72.20477,21.72658],[72.20594,21.72714],[72.20673,21.72752],[72.20746,21.72798],[72.20807,21.72853],[72.20876,21.7291],[72.20877,21.72911],[72.20894,21.72925],[72.20966,21.73007],[72.21038,21.73101],[72.21106,21.73177],[72.21153,21.73232],[72.2125,21.73318],[72.21265,21.73326],[72.21382,21.73351],[72.21488,21.73371],[72.21566,21.73481],[72.2158,21.7349],[72.21699,21.73562],[72.21795,21.73622],[72.21829,21.7365],[72.21854,21.7367],[72.21919,21.73693],[72.22058,21.73762],[72.22152,21.73799],[72.22291,21.73869],[72.22292,21.7387],[72.22298,21.73873],[72.22452,21.73919],[72.22702,21.74006],[72.232,21.74212],[72.23444,21.74321],[72.23779,21.74485],[72.23883,21.74585],[72.24112,21.74709],[72.24328,21.74814],[72.24504,21.74897],[72.24633,21.746],[72.24716,21.74363],[72.24859,21.73905],[72.24909,21.73752],[72.25079,21.73197],[72.25111,21.73074],[72.25198,21.72794],[72.25272,21.72528],[72.25427,21.72024],[72.25491,21.71815],[72.25619,21.71405],[72.25762,21.70968],[72.25637,21.70894],[72.25507,21.70823],[72.25331,21.70737],[72.25215,21.70675],[72.25037,21.70584],[72.24922,21.70529],[72.24748,21.70446],[72.24607,21.70376],[72.24498,21.70324],[72.24375,21.70255],[72.24324,21.70226],[72.23856,21.69982],[72.23706,21.69902],[72.23557,21.69833],[72.23486,21.69795],[72.23424,21.69758],[72.2334,21.69707],[72.23176,21.69596],[72.23142,21.69579],[72.23003,21.69512],[72.22825,21.6943],[72.22694,21.69373],[72.22663,21.69362],[72.22546,21.69375],[72.22445,21.69379],[72.22408,21.69382],[72.22317,21.69385],[72.22291,21.69387],[72.2223,21.69391],[72.22137,21.69388],[72.22083,21.69391],[72.22054,21.69386],[72.2198,21.69375],[72.21876,21.69355],[72.21815,21.69345],[72.21715,21.69329],[72.21604,21.69314],[72.21527,21.69305],[72.21482,21.69296],[72.21372,21.6925],[72.21271,21.69193],[72.21169,21.69138],[72.21055,21.69089],[72.20957,21.69046],[72.20858,21.69005],[72.20731,21.68953],[72.20621,21.68909],[72.20483,21.68846],[72.2038,21.68791],[72.20335,21.68769],[72.20266,21.6873],[72.2015,21.68659],[72.20042,21.68584],[72.19963,21.68533],[72.19935,21.68515],[72.19791,21.68405],[72.19781,21.68391],[72.19873,21.68397],[72.19883,21.68384],[72.19902,21.68262],[72.19921,21.68152],[72.19852,21.68142],[72.19878,21.68075],[72.19888,21.68041],[72.19898,21.68043],[72.19927,21.68056],[72.19956,21.68077],[72.19994,21.68072],[72.20065,21.68057],[72.20073,21.68023],[72.20101,21.67962],[72.20106,21.67822],[72.20113,21.67743],[72.20123,21.67663],[72.20131,21.67582],[72.20145,21.67406],[72.20175,21.67295],[72.20216,21.67153],[72.20245,21.67056],[72.20273,21.67051],[72.20319,21.66945],[72.20127,21.66992],[72.20113,21.66986],[72.20041,21.66906],[72.19957,21.66881],[72.19933,21.66908],[72.19918,21.66956],[72.1977,21.66953],[72.19771,21.66904],[72.19693,21.66864],[72.19673,21.66774],[72.19642,21.66669],[72.19608,21.66571],[72.19433,21.66603],[72.19406,21.66597],[72.19243,21.66537],[72.19174,21.6655],[72.19104,21.6649],[72.18924,21.66338],[72.18894,21.66339],[72.18753,21.6633],[72.18704,21.6629],[72.18728,21.6624],[72.18677,21.66208],[72.18693,21.66184],[72.18668,21.66167],[72.18589,21.66075],[72.18568,21.66061],[72.1846,21.65986],[72.18391,21.65936],[72.18266,21.65853],[72.18233,21.65831],[72.18115,21.65724],[72.18021,21.65636],[72.17971,21.6559],[72.17935,21.65574],[72.17891,21.6552],[72.17834,21.65448],[72.17801,21.65388],[72.17729,21.6527],[72.17705,21.65262],[72.17662,21.6526],[72.1759,21.65287],[72.17466,21.65307],[72.17426,21.65314],[72.17405,21.65301],[72.17355,21.65214],[72.1733,21.65154],[72.17291,21.65113],[72.17222,21.65045],[72.17151,21.64964],[72.17079,21.64888],[72.17012,21.64793],[72.16962,21.6474],[72.16863,21.64735],[72.16746,21.64724],[72.16712,21.64721],[72.16711,21.64721],[72.16669,21.64717],[72.16537,21.64726],[72.16458,21.64727],[72.16462,21.64704],[72.16465,21.64586],[72.16468,21.6454],[72.16473,21.64423],[72.16474,21.64382],[72.1647,21.64214],[72.16474,21.64171],[72.16444,21.64026],[72.16427,21.64026],[72.16395,21.64027],[72.16353,21.64015],[72.16255,21.63978],[72.16156,21.63968],[72.16084,21.63955],[72.16075,21.64057],[72.16033,21.64076],[72.16022,21.64065],[72.15876,21.64049],[72.1569,21.64032],[72.15561,21.64004],[72.15538,21.64245],[72.15514,21.6436],[72.15484,21.64489],[72.15454,21.64558],[72.15437,21.64723],[72.15433,21.64776],[72.15299,21.64799],[72.1523,21.64799],[72.15161,21.64799],[72.15056,21.64806],[72.14963,21.64808],[72.14933,21.64812],[72.14831,21.64963],[72.14819,21.64985],[72.1477,21.65085],[72.1473,21.65164],[72.14723,21.6519],[72.14721,21.652],[72.14562,21.65159],[72.14435,21.65165],[72.14463,21.65016],[72.14264,21.64986],[72.14297,21.64829],[72.14328,21.64738],[72.14334,21.64672],[72.1427,21.64657],[72.14277,21.64567],[72.14308,21.64382],[72.14306,21.64352],[72.14309,21.64264],[72.14308,21.64196],[72.14321,21.6409],[72.14251,21.64064],[72.14211,21.64048],[72.14235,21.63808],[72.14228,21.63724],[72.14203,21.63568],[72.14219,21.63557],[72.14216,21.63471],[72.14213,21.63363],[72.14202,21.63348],[72.14209,21.63299],[72.14207,21.63233],[72.14215,21.6314],[72.14213,21.63086],[72.14178,21.62966],[72.14137,21.62962],[72.14029,21.63013],[72.13958,21.63037],[72.1391,21.63031],[72.13943,21.62953],[72.13929,21.62869],[72.13936,21.62805],[72.13968,21.62782],[72.14082,21.62723],[72.14328,21.62607],[72.1429,21.62416],[72.14255,21.62194],[72.14251,21.62167],[72.14233,21.62069],[72.14207,21.61942],[72.14186,21.61823],[72.14176,21.6176],[72.14184,21.61745],[72.14189,21.6155],[72.14197,21.61526],[72.14368,21.61337],[72.14169,21.61323],[72.13924,21.61313],[72.13687,21.61301],[72.13534,21.61292],[72.13308,21.61286],[72.13176,21.61274],[72.13119,21.6116],[72.12929,21.6115],[72.12845,21.61185],[72.12704,21.61177],[72.12535,21.61176],[72.12356,21.61092],[72.12244,21.6105],[72.12185,21.61028],[72.12069,21.60999],[72.12032,21.60998],[72.11892,21.60996],[72.11874,21.61011],[72.11846,21.61007],[72.11823,21.61024],[72.1182,21.61016],[72.11809,21.61008],[72.11777,21.60974],[72.1177,21.60941],[72.11767,21.60938],[72.11743,21.60934],[72.11734,21.6094],[72.11711,21.60964],[72.11694,21.60956],[72.11659,21.60953],[72.1166,21.60906],[72.11634,21.60903],[72.11591,21.6094],[72.11551,21.60971],[72.11541,21.60975],[72.11472,21.60967],[72.11435,21.60932],[72.11328,21.60961],[72.1131,21.60932],[72.11289,21.60921],[72.11218,21.60894],[72.11159,21.6087],[72.1114,21.60811],[72.11124,21.60793],[72.1106,21.60694],[72.11016,21.60669],[72.10871,21.60578],[72.10846,21.60553],[72.10736,21.60561],[72.10591,21.60525],[72.10478,21.60468],[72.10454,21.60456],[72.10403,21.60494],[72.10268,21.606],[72.1026,21.6064],[72.10205,21.60731],[72.10186,21.60735],[72.10126,21.60685],[72.09966,21.60816],[72.09904,21.60871],[72.09816,21.60979],[72.09853,21.60875],[72.09837,21.60796],[72.09791,21.60719],[72.09751,21.60618],[72.09728,21.60558],[72.09653,21.60444],[72.09578,21.60332],[72.09512,21.60206],[72.09496,21.60174],[72.09503,21.60154],[72.0951,21.6013],[72.0952,21.60097],[72.09518,21.60053],[72.0953,21.60026],[72.09636,21.59899],[72.09697,21.59854],[72.09716,21.59843],[72.09811,21.59842],[72.09857,21.5983],[72.09867,21.59793],[72.09941,21.5975],[72.0999,21.59643],[72.0999,21.59613],[72.09891,21.59496],[72.09866,21.59461],[72.09913,21.59401],[72.0994,21.59379],[72.09957,21.59374],[72.09936,21.5921],[72.09925,21.59169],[72.09906,21.59152],[72.09883,21.59123],[72.0987,21.59105],[72.0989,21.59034],[72.09878,21.59014],[72.09794,21.58975],[72.09782,21.58955],[72.09746,21.58866],[72.09679,21.58845],[72.09571,21.58806],[72.09445,21.58742],[72.09428,21.58725],[72.09411,21.58667],[72.09448,21.58637],[72.0951,21.58603],[72.09524,21.58582],[72.09501,21.58539],[72.0949,21.58427],[72.09514,21.58366],[72.09512,21.58331],[72.09522,21.58322],[72.09535,21.58287],[72.09553,21.58261],[72.09579,21.58241],[72.09612,21.58228],[72.0962,21.58204],[72.09607,21.58193],[72.09572,21.58177],[72.09503,21.58123],[72.09496,21.58098],[72.09461,21.58036],[72.09463,21.57893],[72.09488,21.57887],[72.0949,21.57857],[72.09532,21.5782],[72.09542,21.57783],[72.09532,21.5773],[72.09535,21.5771],[72.09556,21.57686],[72.0956,21.57609],[72.09585,21.57593],[72.09599,21.57571],[72.09556,21.57433],[72.09529,21.57411],[72.0953,21.57373],[72.09559,21.57353],[72.09581,21.57317],[72.09588,21.57283],[72.09605,21.57233],[72.09639,21.57198],[72.09656,21.5719],[72.09728,21.5716],[72.09788,21.57049],[72.09808,21.57038],[72.09855,21.57027],[72.09961,21.56979],[72.10263,21.56892],[72.10293,21.56659],[72.10461,21.56593],[72.10506,21.5656],[72.10547,21.56519],[72.10654,21.56481],[72.10752,21.56422],[72.10771,21.56442],[72.10816,21.56517],[72.10896,21.56447],[72.10855,21.56353],[72.109,21.56341],[72.10977,21.56334],[72.1117,21.56302],[72.11194,21.56234],[72.11351,21.56265],[72.11409,21.56277],[72.1148,21.56309],[72.11518,21.56318],[72.11541,21.5634],[72.11562,21.56353],[72.11581,21.56347],[72.11591,21.563],[72.11608,21.56295],[72.11633,21.56318],[72.11691,21.56316],[72.11713,21.56311],[72.11757,21.56284],[72.11841,21.56292],[72.11861,21.56292],[72.11902,21.5628],[72.11969,21.56275],[72.12098,21.56191],[72.12195,21.56204],[72.12305,21.56222],[72.12399,21.563],[72.1253,21.56207],[72.12541,21.56283],[72.12537,21.56343],[72.12535,21.56417],[72.12535,21.56452],[72.12542,21.56519],[72.1263,21.5672],[72.12698,21.56858],[72.1275,21.56945],[72.12817,21.57085],[72.12842,21.57182],[72.12843,21.57221],[72.12882,21.57261],[72.12886,21.5729],[72.12984,21.57347],[72.13044,21.57343],[72.13091,21.57337],[72.13151,21.57364],[72.13168,21.57339],[72.13221,21.57331],[72.13296,21.57362],[72.13333,21.57396],[72.13388,21.57424],[72.134,21.57463],[72.13445,21.57472],[72.13561,21.57541],[72.13631,21.57493],[72.13671,21.57471],[72.13714,21.5749],[72.13903,21.57468],[72.13949,21.57536],[72.1397,21.57563],[72.14024,21.57579],[72.14081,21.57616],[72.14156,21.57639],[72.14228,21.57639],[72.14266,21.57617],[72.14324,21.57612],[72.14352,21.57611],[72.14381,21.57598],[72.14538,21.57674],[72.14653,21.57722],[72.14721,21.57727],[72.14727,21.57743],[72.14741,21.57798],[72.14806,21.57826],[72.14808,21.57894],[72.14693,21.57911],[72.14713,21.5799],[72.14808,21.58023],[72.14862,21.58038],[72.14868,21.58045],[72.14838,21.58111],[72.14849,21.58129],[72.14986,21.58109],[72.14999,21.58063],[72.15105,21.58073],[72.15133,21.58039],[72.15169,21.5798],[72.15239,21.58024],[72.15393,21.57985],[72.15497,21.5797],[72.15538,21.58078],[72.15532,21.58177],[72.1553,21.58226],[72.15589,21.58332],[72.15713,21.58309],[72.15824,21.58294],[72.15839,21.583],[72.15929,21.583],[72.1602,21.58304],[72.16095,21.58307],[72.16122,21.58399],[72.1616,21.58399],[72.16242,21.58403],[72.16347,21.58396],[72.16419,21.58377],[72.16559,21.58415],[72.16664,21.58425],[72.16745,21.58429],[72.16777,21.58447],[72.16907,21.58491],[72.17015,21.58461],[72.1701,21.58402],[72.17044,21.58395],[72.17095,21.58391],[72.17448,21.58389],[72.17666,21.58426],[72.17924,21.58467],[72.17936,21.58496],[72.17968,21.58659],[72.17982,21.58734],[72.18026,21.58937],[72.18029,21.58959],[72.18026,21.58972],[72.18042,21.59105],[72.18043,21.59138],[72.18059,21.59225],[72.18083,21.59323],[72.1809,21.59354],[72.18086,21.59395],[72.1808,21.59414],[72.18072,21.5944],[72.18086,21.59583],[72.1809,21.59627],[72.18088,21.59632],[72.18085,21.59695],[72.18102,21.59693],[72.18115,21.59746],[72.18128,21.59816],[72.18133,21.59895],[72.18135,21.59961],[72.18131,21.60003],[72.1812,21.60092],[72.18113,21.60153],[72.18105,21.60228],[72.181,21.60279],[72.18105,21.60322],[72.18109,21.60421],[72.18116,21.60499],[72.18122,21.60604],[72.18124,21.60634],[72.1809,21.60633],[72.17949,21.60631],[72.17943,21.60871],[72.1783,21.60867],[72.17675,21.60855],[72.17597,21.60847],[72.17581,21.60921],[72.17659,21.61001],[72.1783,21.61173],[72.17886,21.61212],[72.17998,21.61283],[72.18103,21.61331],[72.1822,21.61386],[72.18362,21.61478],[72.18534,21.61604],[72.18586,21.61608],[72.187,21.61655],[72.18829,21.61729],[72.18904,21.61688],[72.18964,21.61658],[72.19068,21.61747],[72.19121,21.61788],[72.19208,21.61809],[72.19294,21.61887],[72.19376,21.61988],[72.19409,21.62055],[72.19531,21.62297],[72.19557,21.62346],[72.19579,21.62361],[72.19581,21.62362],[72.19692,21.62437],[72.19771,21.625],[72.19853,21.6264],[72.1996,21.62695],[72.20045,21.62759],[72.20159,21.62885],[72.20365,21.62943],[72.20515,21.63095],[72.20676,21.63234],[72.20787,21.63337],[72.20884,21.63422],[72.21005,21.63546],[72.21135,21.6366],[72.21224,21.63705],[72.21276,21.63673],[72.2128,21.6367],[72.21298,21.63659],[72.21419,21.63558],[72.21463,21.63521],[72.21552,21.63477],[72.216,21.63458],[72.21783,21.63374],[72.21913,21.63323],[72.22022,21.63265],[72.22177,21.63233],[72.22273,21.63243],[72.22289,21.63237],[72.22326,21.63232],[72.22336,21.63229],[72.22337,21.63229],[72.22472,21.6318],[72.22502,21.63173],[72.22554,21.63133],[72.22646,21.63067],[72.2267,21.63049],[72.22759,21.62985],[72.22776,21.62973],[72.22794,21.62956],[72.22875,21.62907],[72.22948,21.62851],[72.23022,21.62806],[72.2313,21.62735],[72.23137,21.62746],[72.23247,21.62677],[72.23322,21.62631],[72.23427,21.62747],[72.23539,21.62842],[72.23664,21.62917],[72.23693,21.62936],[72.23752,21.62985],[72.2386,21.6309],[72.23913,21.63165],[72.23989,21.63202],[72.24004,21.63224],[72.24119,21.63323],[72.24147,21.63349],[72.24208,21.63395],[72.24289,21.63457],[72.24386,21.63513],[72.24393,21.63515],[72.24394,21.63516],[72.2444,21.63531],[72.24561,21.63637],[72.24592,21.63665],[72.24684,21.6374],[72.2471,21.63762],[72.24786,21.63831],[72.24894,21.63946],[72.24953,21.63943],[72.25068,21.63934],[72.2516,21.63929],[72.25231,21.63928],[72.25321,21.63927],[72.25394,21.63927],[72.25463,21.63928],[72.25523,21.6393],[72.25701,21.63938],[72.25723,21.6393],[72.25734,21.63918],[72.25674,21.6383],[72.25639,21.63776],[72.25722,21.6377],[72.25718,21.63679],[72.25709,21.63614],[72.25697,21.63527],[72.25696,21.63462],[72.25691,21.63405],[72.25688,21.63389],[72.25674,21.63296],[72.25662,21.63197],[72.25649,21.63112],[72.2565,21.63067],[72.25639,21.63005],[72.25622,21.62914],[72.25611,21.62862],[72.25609,21.62848],[72.25583,21.62725],[72.25571,21.62671],[72.25564,21.62632],[72.25544,21.6255],[72.25522,21.62467],[72.255,21.62388],[72.25456,21.6229],[72.25396,21.6216],[72.25363,21.62077],[72.25331,21.61935],[72.25298,21.61791],[72.25285,21.61735],[72.25295,21.61679],[72.25295,21.61654],[72.25295,21.61508],[72.25293,21.61464],[72.25269,21.6141],[72.25233,21.61321],[72.25214,21.61297],[72.2533,21.61235],[72.25464,21.61224],[72.25666,21.61215],[72.25825,21.61193],[72.26061,21.61143],[72.26121,21.61119],[72.26088,21.61077],[72.26008,21.61051],[72.25978,21.6104],[72.2595,21.61041],[72.25915,21.60988],[72.25877,21.60979],[72.25844,21.60964],[72.2581,21.60946],[72.25786,21.60937],[72.25777,21.60923],[72.25727,21.6085],[72.2563,21.60695],[72.25583,21.60618],[72.25525,21.60534],[72.25459,21.60448],[72.25365,21.60322],[72.25339,21.60256],[72.25278,21.60113],[72.25265,21.60081],[72.25255,21.60048],[72.25209,21.59971],[72.25173,21.59873],[72.25155,21.59838],[72.2514,21.59765],[72.2512,21.59709],[72.25082,21.59629],[72.25074,21.59611],[72.24993,21.59618],[72.24965,21.59625],[72.24943,21.59632],[72.2484,21.59652],[72.24808,21.59739],[72.24802,21.59833],[72.247,21.59857],[72.24498,21.59897],[72.24407,21.59913],[72.2426,21.59935],[72.24181,21.59948],[72.24093,21.59953],[72.23913,21.59946],[72.23799,21.59949],[72.23724,21.59959],[72.23524,21.60011],[72.23519,21.59999],[72.23447,21.59912],[72.23452,21.59851],[72.23444,21.5971],[72.2339,21.59554],[72.23364,21.59485],[72.23361,21.59465],[72.23325,21.59429],[72.23301,21.59364],[72.23324,21.59271],[72.23284,21.59163],[72.23215,21.59141],[72.23222,21.59072],[72.23181,21.58919],[72.23158,21.58835],[72.23148,21.5864],[72.23055,21.58606],[72.23017,21.58518],[72.22997,21.58365],[72.22975,21.58272],[72.23066,21.58156],[72.23061,21.58072],[72.22998,21.58066],[72.22839,21.57863],[72.2282,21.57845],[72.22632,21.57654],[72.22525,21.57545],[72.22515,21.57534],[72.22456,21.57368],[72.22287,21.57281],[72.22219,21.57209],[72.22203,21.57086],[72.22248,21.57052],[72.22269,21.57005],[72.22377,21.56774],[72.22418,21.56731],[72.22461,21.56627],[72.2256,21.56528],[72.22601,21.56449],[72.2262,21.56388],[72.22642,21.56249],[72.2269,21.56116],[72.22627,21.5605],[72.22566,21.55968],[72.22559,21.55855],[72.22479,21.55847],[72.22473,21.55794],[72.22468,21.55737],[72.22467,21.55688],[72.2254,21.55623],[72.22483,21.55355],[72.22395,21.55343],[72.22417,21.55269],[72.22428,21.55242],[72.22481,21.55199],[72.22531,21.55076],[72.22587,21.55076],[72.22578,21.5498],[72.22844,21.54855],[72.22959,21.54815],[72.23032,21.54845],[72.2311,21.54863],[72.23139,21.54903],[72.23213,21.54913],[72.23157,21.54779],[72.23128,21.54733],[72.23124,21.54726],[72.23107,21.54698],[72.23009,21.54548],[72.22971,21.54457],[72.22934,21.54329],[72.22886,21.54162],[72.22888,21.54148],[72.22875,21.54102],[72.22856,21.54061],[72.22813,21.53991],[72.22718,21.53846],[72.22686,21.53784],[72.22646,21.53668],[72.22632,21.53552],[72.22611,21.53453],[72.22579,21.53305],[72.22577,21.53297],[72.22572,21.53275],[72.2249,21.53074],[72.2247,21.53029],[72.22452,21.52936],[72.22378,21.52768],[72.22441,21.52573],[72.22476,21.52467],[72.2261,21.52237],[72.22717,21.52149],[72.22755,21.51956],[72.2273,21.51815],[72.22559,21.51848],[72.22612,21.5179],[72.22665,21.51719],[72.22736,21.51534],[72.2277,21.51433],[72.22794,21.5137],[72.22843,21.51178],[72.22814,21.51036],[72.22895,21.50997],[72.22968,21.50959],[72.2302,21.50962],[72.23094,21.50983],[72.23253,21.50981],[72.23433,21.50954],[72.23558,21.50941],[72.23732,21.50876],[72.2386,21.50779],[72.2395,21.50707],[72.23976,21.50653],[72.24001,21.50638],[72.23997,21.50611],[72.24052,21.50558],[72.24137,21.5052],[72.24181,21.50481],[72.24228,21.50451],[72.24252,21.5043],[72.24308,21.50404],[72.24374,21.50369],[72.24433,21.50344],[72.24515,21.50308],[72.24559,21.50264],[72.24641,21.50211],[72.24652,21.50183],[72.24717,21.50152],[72.24803,21.50106],[72.24862,21.50075],[72.2492,21.50038],[72.24943,21.49924],[72.25052,21.49834],[72.25103,21.49877],[72.25125,21.49883],[72.252,21.49913],[72.25258,21.50004],[72.25293,21.50063],[72.25324,21.50113],[72.25356,21.50202],[72.25381,21.50273],[72.2538,21.5036],[72.25381,21.50422],[72.25382,21.50474],[72.25371,21.50525],[72.25356,21.50595],[72.25368,21.50646],[72.2538,21.50695],[72.2539,21.50749],[72.25405,21.50828],[72.25418,21.50892],[72.25428,21.50914],[72.2545,21.50964],[72.2546,21.51038],[72.25472,21.51089],[72.2548,21.51136],[72.25485,21.51167],[72.25491,21.51232],[72.25539,21.51338],[72.25575,21.51415],[72.2563,21.51533],[72.25657,21.51582],[72.25704,21.51661],[72.25736,21.51719],[72.25769,21.51777],[72.2577,21.51808],[72.25766,21.51872],[72.25763,21.51956],[72.25759,21.52031],[72.25756,21.52087],[72.25752,21.52142],[72.2576,21.52159],[72.25802,21.5226],[72.25823,21.52305],[72.25853,21.5237],[72.2588,21.52432],[72.2591,21.52499],[72.2593,21.52547],[72.25961,21.52628],[72.25978,21.52674],[72.25995,21.5272],[72.26003,21.52747],[72.26094,21.52885],[72.26156,21.52988],[72.262,21.53059],[72.26201,21.53127],[72.26196,21.53301],[72.26195,21.53392],[72.26199,21.53492],[72.26233,21.53551],[72.26317,21.53697],[72.26343,21.53744],[72.26355,21.53827],[72.26365,21.53893],[72.26377,21.53986],[72.26388,21.5404],[72.26399,21.5411],[72.26416,21.54208],[72.26429,21.54311],[72.26437,21.54349],[72.26457,21.54508],[72.26461,21.54564],[72.26448,21.54634],[72.26422,21.54785],[72.26407,21.54941],[72.26397,21.55189],[72.26345,21.55293],[72.26312,21.55448],[72.26291,21.55537],[72.2632,21.55637],[72.26344,21.55717],[72.26357,21.55767],[72.26371,21.55785],[72.26445,21.55899],[72.26509,21.56001],[72.26565,21.56088],[72.26643,21.56205],[72.26677,21.56257],[72.26719,21.56328],[72.26685,21.56432],[72.26722,21.56473],[72.26737,21.56506],[72.26767,21.56543],[72.2678,21.56558],[72.26788,21.5659],[72.26811,21.56619],[72.26838,21.56676],[72.26852,21.56708],[72.26862,21.56725],[72.26883,21.56774],[72.26893,21.56814],[72.26899,21.56875],[72.26901,21.56939],[72.26903,21.56971],[72.26902,21.57019],[72.26905,21.57073],[72.26897,21.57097],[72.26897,21.57149],[72.26901,21.57186],[72.26916,21.57225],[72.26932,21.57261],[72.26951,21.57279],[72.26964,21.57305],[72.26985,21.57347],[72.26998,21.57369],[72.27014,21.57394],[72.27026,21.57437],[72.27049,21.57459],[72.27071,21.57497],[72.27152,21.57592],[72.27197,21.57652],[72.27234,21.57693],[72.27293,21.57759],[72.27349,21.57824],[72.27414,21.5789],[72.27432,21.57925],[72.27444,21.57982],[72.27458,21.58025],[72.27498,21.58059],[72.27551,21.58123],[72.27663,21.58232],[72.27703,21.58321],[72.27729,21.58354],[72.27772,21.5843],[72.27815,21.58512],[72.27841,21.58543],[72.27867,21.58627],[72.27906,21.58723],[72.2794,21.58771],[72.27949,21.58803],[72.27977,21.58856],[72.28006,21.5899],[72.28022,21.5904],[72.28023,21.59159],[72.28082,21.59163],[72.28112,21.59156],[72.28426,21.59419],[72.2859,21.59571],[72.28762,21.59729],[72.28796,21.59794],[72.28917,21.60002],[72.29009,21.60173],[72.29151,21.60405],[72.29256,21.60582],[72.29172,21.60766],[72.28918,21.60834],[72.28893,21.60858],[72.28779,21.60891],[72.28697,21.60924],[72.28709,21.60951],[72.28488,21.6101],[72.28479,21.61098],[72.28476,21.61112],[72.28472,21.612],[72.28454,21.61314],[72.28433,21.61317],[72.28385,21.61493],[72.28351,21.61608],[72.28315,21.61735],[72.2831,21.61754],[72.28281,21.6197],[72.28181,21.62142],[72.28163,21.62167],[72.28082,21.62369],[72.28003,21.6257],[72.27953,21.62713],[72.27915,21.62808],[72.27902,21.6285],[72.27886,21.63006],[72.2787,21.63162],[72.27863,21.63317],[72.27852,21.63523],[72.27853,21.63722],[72.27843,21.63839],[72.27839,21.63895],[72.28051,21.63917],[72.28231,21.6399],[72.28401,21.64054],[72.28558,21.64121],[72.28721,21.64188],[72.28864,21.64249],[72.28889,21.64257],[72.28925,21.64265],[72.29133,21.64316],[72.29321,21.64365],[72.29433,21.64383],[72.29452,21.64373],[72.2958,21.64396],[72.29695,21.64416],[72.29877,21.64451],[72.29954,21.64463],[72.30019,21.64474],[72.30142,21.645],[72.30128,21.6452],[72.30086,21.64563],[72.30063,21.64587],[72.30035,21.64615],[72.29989,21.64657],[72.29933,21.64708],[72.29855,21.64776],[72.29837,21.64817],[72.29816,21.64865],[72.29776,21.64966],[72.29737,21.65061],[72.29721,21.65083],[72.29656,21.65165],[72.29616,21.65215],[72.29568,21.65275],[72.29498,21.65366],[72.29458,21.65417],[72.29432,21.65448],[72.29403,21.6547],[72.29334,21.65529],[72.29275,21.6558],[72.29229,21.6562],[72.29185,21.65658],[72.29117,21.65716],[72.29065,21.65759],[72.29012,21.65808],[72.2893,21.65829],[72.28863,21.65866],[72.28785,21.65916],[72.28719,21.65957],[72.28687,21.65977],[72.2859,21.66037],[72.28587,21.66036],[72.28359,21.65959],[72.27834,21.65773],[72.27755,21.65669],[72.27719,21.65665],[72.27686,21.65579],[72.27579,21.65573],[72.27372,21.65588],[72.27357,21.65607],[72.27352,21.65648],[72.27367,21.65699],[72.27348,21.65697],[72.27064,21.65777],[72.27048,21.65797],[72.27116,21.65939],[72.27144,21.65973],[72.27149,21.66031],[72.27164,21.66057],[72.26978,21.65993],[72.26853,21.66007],[72.26829,21.661],[72.26812,21.6616],[72.26789,21.66191],[72.26762,21.66196],[72.26764,21.66219],[72.26806,21.66299],[72.26829,21.66343],[72.2689,21.66448],[72.26766,21.66455],[72.26545,21.66474],[72.2652,21.66724],[72.26345,21.66764],[72.26124,21.66814],[72.25842,21.66824],[72.25731,21.6682],[72.2571,21.66699],[72.25528,21.66673],[72.25542,21.66557],[72.25414,21.66553],[72.25401,21.66564],[72.25327,21.66632],[72.25285,21.66676],[72.2527,21.66709],[72.25267,21.66733],[72.25255,21.66789],[72.25258,21.66824],[72.25331,21.66844],[72.25342,21.6686],[72.25358,21.66944],[72.2537,21.66967],[72.25402,21.66976],[72.25441,21.6697],[72.2548,21.66959],[72.25498,21.66976],[72.25496,21.67015],[72.25478,21.67072],[72.25456,21.67138],[72.25422,21.67267],[72.2538,21.67445],[72.25382,21.67514],[72.25374,21.67574],[72.25365,21.67582],[72.25339,21.67665],[72.25362,21.67683],[72.25328,21.67731],[72.25368,21.67812],[72.25348,21.67811],[72.25189,21.67966],[72.25176,21.67989],[72.25184,21.68217],[72.25204,21.68455],[72.25224,21.68692]]]},"properties":{"Taluka":"Bhavnagar","District":"Bhavnagar","Dist_Id":"14","Taluka_Id":"14005"}},
{"type":"Feature","geometry":{"type":"Polygon","coordinates":[[[71.64141,21.70282],[71.64052,21.70284],[71.64044,21.70284],[71.64034,21.70283],[71.63993,21.70285],[71.63927,21.70286],[71.63914,21.70271],[71.63871,21.70266],[71.63848,21.70271],[71.63796,21.70276],[71.63781,21.70278],[71.63716,21.70277],[71.6363,21.70273],[71.63607,21.70276],[71.63549,21.70275],[71.6343,21.70271],[71.63391,21.70275],[71.63337,21.70275],[71.6332,21.7028],[71.63249,21.70287],[71.63206,21.7029],[71.63155,21.70294],[71.6309,21.70298],[71.63064,21.70303],[71.62943,21.70305],[71.62795,21.70306],[71.62724,21.7031],[71.62687,21.70311],[71.62608,21.70306],[71.62587,21.70306],[71.6252,21.70298],[71.62493,21.70291],[71.6242,21.70271],[71.62385,21.70262],[71.6235,21.70247],[71.62312,21.70237],[71.62288,21.70228],[71.62269,21.70211],[71.62189,21.70174],[71.62149,21.70153],[71.6214,21.70123],[71.62109,21.70051],[71.62078,21.69995],[71.62065,21.69972],[71.62045,21.69932],[71.62004,21.6987],[71.61973,21.69829],[71.61952,21.69792],[71.6189,21.69704],[71.61855,21.6965],[71.61819,21.69574],[71.61798,21.69527],[71.61803,21.69505],[71.61792,21.69487],[71.61816,21.69403],[71.61806,21.69396],[71.61773,21.69384],[71.61751,21.69379],[71.61639,21.69334],[71.61646,21.69308],[71.61651,21.69272],[71.61646,21.69247],[71.61649,21.69219],[71.61647,21.69198],[71.61642,21.69175],[71.61622,21.69168],[71.61576,21.69151],[71.61551,21.69141],[71.61522,21.69136],[71.61475,21.69123],[71.61453,21.69121],[71.61447,21.69095],[71.61429,21.69089],[71.6142,21.69096],[71.61384,21.69115],[71.61346,21.69133],[71.61299,21.69159],[71.61289,21.69167],[71.61262,21.69191],[71.61205,21.6917],[71.61127,21.6914],[71.61087,21.69126],[71.61071,21.69122],[71.61029,21.69105],[71.61013,21.69104],[71.60888,21.69082],[71.60852,21.69078],[71.60829,21.69072],[71.60814,21.6907],[71.60758,21.69066],[71.60721,21.69064],[71.60667,21.69071],[71.60645,21.69073],[71.60556,21.69084],[71.60525,21.69086],[71.605,21.69088],[71.60457,21.6909],[71.60442,21.69092],[71.60396,21.69105],[71.60385,21.69113],[71.60338,21.69136],[71.60295,21.69167],[71.6026,21.69192],[71.60233,21.69214],[71.60174,21.69258],[71.60135,21.69278],[71.60089,21.69302],[71.60066,21.69313],[71.60011,21.6935],[71.59992,21.69359],[71.5994,21.69385],[71.59922,21.69393],[71.59829,21.69445],[71.59798,21.6946],[71.59768,21.69477],[71.59731,21.695],[71.59713,21.69515],[71.59681,21.69532],[71.59627,21.69548],[71.59554,21.69579],[71.5951,21.69595],[71.59411,21.69652],[71.5935,21.69685],[71.5926,21.6973],[71.59239,21.69739],[71.59236,21.69729],[71.59292,21.69685],[71.59318,21.6966],[71.59363,21.69634],[71.59438,21.6959],[71.595,21.69555],[71.59448,21.69515],[71.59409,21.6949],[71.59348,21.69434],[71.59296,21.69377],[71.5923,21.69317],[71.59153,21.69279],[71.59151,21.69267],[71.59098,21.69211],[71.5903,21.6916],[71.58951,21.69097],[71.58925,21.69073],[71.58902,21.69058],[71.58892,21.69005],[71.58877,21.68972],[71.58856,21.68892],[71.5885,21.68832],[71.58838,21.68783],[71.58812,21.68706],[71.58795,21.68622],[71.58798,21.68525],[71.588,21.68398],[71.58795,21.6832],[71.58782,21.68222],[71.58775,21.68172],[71.58772,21.68083],[71.58765,21.67945],[71.58766,21.67921],[71.5878,21.6784],[71.5879,21.67802],[71.58802,21.67763],[71.58824,21.67691],[71.58832,21.67608],[71.58829,21.67562],[71.58834,21.67523],[71.58854,21.67391],[71.58863,21.67351],[71.58876,21.673],[71.58894,21.67228],[71.58923,21.67199],[71.5894,21.67155],[71.58949,21.67118],[71.58966,21.67062],[71.59008,21.66951],[71.5904,21.66859],[71.59049,21.66834],[71.59082,21.66842],[71.59125,21.66735],[71.59153,21.6666],[71.59156,21.6665],[71.59174,21.66575],[71.59189,21.66502],[71.59196,21.6646],[71.59202,21.66414],[71.59216,21.66318],[71.5922,21.66225],[71.59223,21.66124],[71.59227,21.66111],[71.59157,21.66075],[71.59092,21.66028],[71.5904,21.65992],[71.59058,21.65957],[71.5908,21.65936],[71.59108,21.65933],[71.5919,21.6592],[71.59279,21.65922],[71.59329,21.65921],[71.5944,21.65917],[71.5963,21.65919],[71.59706,21.65921],[71.59799,21.65924],[71.59942,21.65935],[71.60053,21.65933],[71.60132,21.65942],[71.60191,21.65951],[71.60212,21.65894],[71.60215,21.65851],[71.60236,21.65834],[71.60361,21.65673],[71.60417,21.65606],[71.60429,21.65596],[71.60469,21.65562],[71.60558,21.65529],[71.60579,21.65456],[71.60595,21.65407],[71.60695,21.65386],[71.60762,21.65376],[71.60853,21.65356],[71.60856,21.65356],[71.60863,21.65301],[71.60894,21.65298],[71.60898,21.65251],[71.60918,21.65175],[71.60902,21.65171],[71.60909,21.65095],[71.60914,21.65094],[71.61028,21.65085],[71.61136,21.6508],[71.61123,21.6497],[71.61273,21.64961],[71.61256,21.64902],[71.61267,21.64815],[71.61268,21.64812],[71.61311,21.6481],[71.61411,21.64817],[71.61418,21.64843],[71.61587,21.6486],[71.61605,21.6474],[71.61571,21.64729],[71.61574,21.64661],[71.61578,21.64583],[71.61578,21.64494],[71.6176,21.64511],[71.61876,21.64527],[71.61905,21.64532],[71.61978,21.64536],[71.62063,21.64546],[71.62162,21.64515],[71.62168,21.64461],[71.62161,21.64409],[71.62165,21.64389],[71.62179,21.64279],[71.62164,21.64164],[71.62164,21.64042],[71.62174,21.63935],[71.6218,21.63738],[71.62186,21.63712],[71.6219,21.63653],[71.62253,21.63656],[71.62304,21.63326],[71.6228,21.63312],[71.62182,21.63284],[71.62042,21.63211],[71.62029,21.63206],[71.6187,21.63167],[71.6176,21.63111],[71.61573,21.63182],[71.61507,21.6322],[71.61479,21.63239],[71.61401,21.63292],[71.61367,21.63313],[71.61312,21.63298],[71.6123,21.63285],[71.61112,21.63281],[71.6102,21.63277],[71.6091,21.63264],[71.60838,21.63252],[71.60802,21.63239],[71.60681,21.63217],[71.60559,21.63193],[71.60454,21.63178],[71.60253,21.63157],[71.60249,21.63156],[71.60127,21.63144],[71.59976,21.63104],[71.59808,21.63065],[71.59781,21.63055],[71.59636,21.63017],[71.59446,21.62964],[71.59425,21.62956],[71.59354,21.62939],[71.59268,21.62915],[71.59153,21.6289],[71.59077,21.62879],[71.59021,21.62869],[71.58947,21.62847],[71.58862,21.62822],[71.58801,21.62934],[71.58781,21.62978],[71.58744,21.63072],[71.58673,21.6318],[71.58597,21.63315],[71.58553,21.63377],[71.58497,21.63442],[71.58382,21.6357],[71.58366,21.63564],[71.58296,21.63528],[71.58223,21.63484],[71.58163,21.63444],[71.58147,21.63434],[71.58101,21.63395],[71.58093,21.63391],[71.57994,21.63361],[71.57869,21.6333],[71.5784,21.63323],[71.57773,21.63314],[71.57671,21.6331],[71.57526,21.633],[71.57497,21.63295],[71.57343,21.63261],[71.5727,21.63247],[71.57207,21.63233],[71.57114,21.63211],[71.57057,21.632],[71.57048,21.63199],[71.57016,21.63193],[71.56946,21.63175],[71.56843,21.63158],[71.5683,21.63154],[71.56752,21.63129],[71.56712,21.63114],[71.56678,21.63107],[71.5667,21.63106],[71.56655,21.63102],[71.56533,21.63077],[71.56529,21.6308],[71.56454,21.63062],[71.5636,21.63009],[71.56235,21.62963],[71.56124,21.62922],[71.56009,21.62895],[71.55919,21.62878],[71.55868,21.62873],[71.55832,21.6287],[71.55745,21.62852],[71.55717,21.62848],[71.5569,21.62768],[71.55689,21.62764],[71.55676,21.62679],[71.55669,21.62642],[71.5564,21.62585],[71.5564,21.62579],[71.55637,21.62555],[71.5564,21.62545],[71.55627,21.6251],[71.55629,21.62475],[71.55623,21.6243],[71.55606,21.62381],[71.55603,21.62351],[71.55588,21.62301],[71.55555,21.62243],[71.55493,21.62182],[71.55491,21.62177],[71.55456,21.62131],[71.55428,21.62081],[71.55414,21.62048],[71.55406,21.62018],[71.55399,21.61993],[71.55399,21.61987],[71.55397,21.61958],[71.55387,21.61945],[71.55333,21.6182],[71.55298,21.61815],[71.552,21.61795],[71.5517,21.61786],[71.55214,21.61705],[71.55252,21.61649],[71.55269,21.61616],[71.55302,21.61555],[71.55306,21.6153],[71.55316,21.61368],[71.55316,21.61317],[71.55323,21.61276],[71.55338,21.61221],[71.55351,21.61165],[71.55379,21.61051],[71.55311,21.61041],[71.55314,21.61026],[71.55305,21.61015],[71.55297,21.60955],[71.55296,21.60912],[71.55296,21.60875],[71.55297,21.60852],[71.55308,21.60789],[71.55339,21.60678],[71.55366,21.6068],[71.55366,21.60578],[71.55368,21.60535],[71.55376,21.60477],[71.55393,21.60336],[71.55404,21.6026],[71.55296,21.60254],[71.55303,21.60212],[71.55308,21.60122],[71.55319,21.60023],[71.55318,21.59989],[71.55318,21.59895],[71.55286,21.59854],[71.55262,21.59834],[71.55241,21.59764],[71.55241,21.59719],[71.55258,21.59615],[71.55286,21.59505],[71.55292,21.59467],[71.55313,21.59406],[71.55326,21.59351],[71.55343,21.59354],[71.55376,21.5927],[71.55401,21.59224],[71.55448,21.59133],[71.55451,21.59119],[71.55529,21.58992],[71.55553,21.58949],[71.55631,21.58839],[71.55699,21.58733],[71.55742,21.58669],[71.55755,21.5865],[71.55782,21.58542],[71.55818,21.58373],[71.55777,21.5831],[71.55739,21.58263],[71.55665,21.58179],[71.55608,21.58108],[71.55547,21.58037],[71.55526,21.58004],[71.55521,21.57996],[71.55465,21.57918],[71.55462,21.57899],[71.55462,21.57897],[71.55451,21.5782],[71.55362,21.57741],[71.55293,21.57686],[71.55226,21.57627],[71.55181,21.57567],[71.55099,21.5748],[71.55036,21.57329],[71.5498,21.57248],[71.54946,21.57182],[71.54873,21.57048],[71.54823,21.56947],[71.54771,21.56754],[71.54749,21.56654],[71.54729,21.56538],[71.54722,21.56444],[71.54687,21.56397],[71.54654,21.56342],[71.54638,21.56262],[71.54558,21.56254],[71.54554,21.56242],[71.54576,21.56117],[71.54594,21.56051],[71.54598,21.56036],[71.54584,21.55964],[71.54561,21.55878],[71.54527,21.55864],[71.54423,21.55799],[71.54249,21.55697],[71.54051,21.55591],[71.53922,21.55525],[71.53657,21.55376],[71.53647,21.55371],[71.53562,21.55352],[71.53559,21.55351],[71.53526,21.55344],[71.53394,21.55317],[71.53349,21.5531],[71.53226,21.55271],[71.53215,21.55223],[71.5317,21.55218],[71.53111,21.5521],[71.52933,21.5518],[71.52924,21.55179],[71.52861,21.55166],[71.52811,21.55163],[71.52738,21.55155],[71.5273,21.55155],[71.52646,21.55126],[71.52533,21.55082],[71.52446,21.55048],[71.52381,21.55022],[71.52372,21.55019],[71.52313,21.54991],[71.52236,21.54954],[71.52157,21.54919],[71.52081,21.54885],[71.52024,21.54891],[71.51969,21.54892],[71.51831,21.54894],[71.51748,21.54902],[71.5167,21.54912],[71.5161,21.54915],[71.51597,21.54916],[71.51497,21.54925],[71.51471,21.54933],[71.51349,21.54964],[71.51194,21.54985],[71.51087,21.55003],[71.51019,21.55013],[71.50977,21.55012],[71.50882,21.55012],[71.50844,21.54969],[71.50808,21.54927],[71.50758,21.5486],[71.50734,21.54831],[71.50715,21.54807],[71.5068,21.54781],[71.50643,21.5477],[71.50629,21.54764],[71.50617,21.54753],[71.50611,21.54727],[71.50498,21.54676],[71.50386,21.54625],[71.5028,21.54577],[71.50203,21.54544],[71.50177,21.54522],[71.50161,21.54485],[71.50147,21.54462],[71.5012,21.54417],[71.50065,21.54331],[71.49992,21.5422],[71.49912,21.54104],[71.4987,21.54031],[71.49857,21.53999],[71.49842,21.53956],[71.49821,21.53909],[71.49828,21.53889],[71.49835,21.53878],[71.49837,21.53877],[71.49806,21.53816],[71.49789,21.5379],[71.49703,21.53685],[71.49663,21.53632],[71.49622,21.53584],[71.4955,21.535],[71.49522,21.53392],[71.49482,21.53244],[71.49461,21.53166],[71.49445,21.53107],[71.49442,21.53097],[71.4943,21.53081],[71.49406,21.53046],[71.49373,21.53009],[71.49308,21.52847],[71.49267,21.5275],[71.49238,21.52679],[71.49197,21.52576],[71.49169,21.52495],[71.49129,21.52393],[71.49091,21.523],[71.49086,21.52281],[71.49036,21.52156],[71.48981,21.52017],[71.48954,21.51936],[71.48942,21.51892],[71.48936,21.51869],[71.48914,21.51807],[71.48904,21.51782],[71.48784,21.51494],[71.48724,21.51343],[71.48715,21.51279],[71.48713,21.51136],[71.48713,21.51011],[71.48719,21.50747],[71.48715,21.50542],[71.48712,21.50312],[71.48715,21.50207],[71.48708,21.50136],[71.48689,21.49944],[71.48681,21.49826],[71.48667,21.49773],[71.48673,21.49681],[71.48683,21.49578],[71.48689,21.49546],[71.48729,21.49416],[71.4863,21.49303],[71.48468,21.49103],[71.48402,21.4901],[71.48336,21.48909],[71.48217,21.4876],[71.4818,21.48696],[71.48146,21.48641],[71.48082,21.48554],[71.48028,21.48485],[71.47976,21.48446],[71.47955,21.48434],[71.4791,21.48351],[71.47851,21.48264],[71.4784,21.48194],[71.47793,21.48128],[71.47746,21.48038],[71.47789,21.48028],[71.47823,21.47994],[71.47879,21.47938],[71.47898,21.47906],[71.4795,21.47851],[71.47983,21.47812],[71.48005,21.47785],[71.48034,21.47746],[71.48097,21.47691],[71.48128,21.47652],[71.48152,21.47619],[71.48182,21.47575],[71.48198,21.4755],[71.48235,21.47518],[71.48259,21.47482],[71.483,21.47441],[71.48321,21.47412],[71.48361,21.47353],[71.48417,21.47285],[71.48436,21.47232],[71.48451,21.47206],[71.4846,21.4718],[71.48471,21.47153],[71.48512,21.47096],[71.48529,21.47058],[71.48544,21.47026],[71.48556,21.46997],[71.48581,21.46965],[71.48613,21.46935],[71.48645,21.46906],[71.48661,21.46884],[71.48728,21.46846],[71.48797,21.46797],[71.48863,21.46749],[71.48937,21.46697],[71.48988,21.4664],[71.48999,21.46602],[71.49008,21.46565],[71.49032,21.46516],[71.49037,21.46489],[71.49053,21.46448],[71.49075,21.46399],[71.49083,21.46365],[71.49092,21.46316],[71.49134,21.4625],[71.49158,21.46161],[71.49173,21.46135],[71.49213,21.46118],[71.49294,21.46121],[71.49399,21.46113],[71.49521,21.46116],[71.49733,21.46121],[71.49794,21.46121],[71.49871,21.46128],[71.50056,21.46124],[71.5024,21.46116],[71.5049,21.46113],[71.50636,21.46118],[71.50745,21.46118],[71.50971,21.46113],[71.51075,21.46116],[71.51187,21.46119],[71.51314,21.46124],[71.51448,21.46138],[71.51532,21.46149],[71.51587,21.46161],[71.51678,21.46173],[71.51897,21.46193],[71.52083,21.46208],[71.52256,21.46216],[71.52386,21.46223],[71.52433,21.46221],[71.52486,21.46229],[71.52488,21.46223],[71.52505,21.46177],[71.52541,21.46139],[71.52559,21.46107],[71.5259,21.46035],[71.52615,21.45984],[71.5266,21.45913],[71.52691,21.45842],[71.52703,21.45814],[71.52714,21.45721],[71.52717,21.45686],[71.52728,21.45661],[71.52739,21.45557],[71.52745,21.45454],[71.52759,21.45332],[71.52765,21.45286],[71.52774,21.45227],[71.52783,21.45185],[71.52801,21.45146],[71.52806,21.45137],[71.52843,21.45066],[71.52874,21.44992],[71.52895,21.44958],[71.52924,21.44928],[71.52928,21.44906],[71.52923,21.44896],[71.52929,21.44878],[71.5294,21.44867],[71.52974,21.44761],[71.53011,21.44685],[71.53013,21.4466],[71.53041,21.44586],[71.53061,21.44545],[71.53095,21.44534],[71.53106,21.44531],[71.53119,21.4449],[71.53201,21.44449],[71.53278,21.44407],[71.53281,21.44385],[71.53293,21.44363],[71.53307,21.44328],[71.53433,21.44354],[71.53608,21.44363],[71.53708,21.44323],[71.53784,21.44295],[71.53944,21.44281],[71.54089,21.44286],[71.54255,21.44306],[71.54349,21.44315],[71.54476,21.44278],[71.54682,21.44272],[71.54878,21.44391],[71.54935,21.44382],[71.55005,21.44371],[71.55084,21.44354],[71.55199,21.44298],[71.55495,21.44272],[71.55604,21.44272],[71.55746,21.44336],[71.55875,21.44367],[71.56148,21.44425],[71.56466,21.44541],[71.56638,21.44584],[71.56898,21.44602],[71.57125,21.44584],[71.57182,21.44512],[71.57267,21.4444],[71.57373,21.44399],[71.57595,21.44407],[71.5792,21.44381],[71.58011,21.44391],[71.58374,21.44442],[71.58623,21.44491],[71.58702,21.44509],[71.58801,21.44452],[71.58962,21.44396],[71.59058,21.44388],[71.59167,21.44409],[71.59225,21.44447],[71.59272,21.4449],[71.59409,21.44497],[71.59573,21.4448],[71.59702,21.44409],[71.59831,21.44369],[71.59994,21.44347],[71.60107,21.44322],[71.60192,21.4425],[71.60315,21.44174],[71.60394,21.44134],[71.60455,21.44117],[71.60518,21.44105],[71.607,21.44169],[71.60861,21.44109],[71.60919,21.4409],[71.61019,21.4407],[71.61214,21.43991],[71.61366,21.4405],[71.61444,21.4409],[71.61555,21.4412],[71.61708,21.44118],[71.61935,21.44081],[71.62096,21.44071],[71.62392,21.44037],[71.6276,21.44025],[71.63006,21.44006],[71.63105,21.44015],[71.63201,21.44101],[71.6335,21.44179],[71.6342,21.44149],[71.63645,21.44092],[71.63751,21.44068],[71.639,21.44068],[71.64056,21.44087],[71.6423,21.44103],[71.64439,21.44089],[71.64659,21.44002],[71.64715,21.43963],[71.64796,21.43942],[71.64917,21.4397],[71.65047,21.43973],[71.65264,21.43949],[71.65515,21.43945],[71.65687,21.43954],[71.65995,21.43959],[71.66154,21.43943],[71.66261,21.43893],[71.66373,21.43818],[71.66501,21.43735],[71.66639,21.43719],[71.66731,21.43724],[71.66922,21.43786],[71.66923,21.43786],[71.67151,21.43865],[71.67264,21.43873],[71.67349,21.43863],[71.67514,21.4379],[71.67653,21.43721],[71.67695,21.43713],[71.67826,21.43751],[71.68033,21.4383],[71.68071,21.43826],[71.68156,21.43787],[71.68176,21.43667],[71.68154,21.4346],[71.68196,21.43431],[71.68417,21.43351],[71.68553,21.43252],[71.68627,21.4312],[71.68724,21.43023],[71.68757,21.4303],[71.6898,21.43174],[71.6919,21.4324],[71.69299,21.43236],[71.69446,21.43155],[71.69623,21.42982],[71.69741,21.42941],[71.69745,21.4294],[71.69752,21.42937],[71.69763,21.42996],[71.69767,21.43031],[71.69775,21.43082],[71.69793,21.43157],[71.69809,21.43238],[71.69813,21.43263],[71.69814,21.43309],[71.69823,21.43384],[71.69905,21.43405],[71.6995,21.43416],[71.69981,21.43427],[71.70061,21.43437],[71.70152,21.43449],[71.70191,21.43459],[71.70211,21.43463],[71.70273,21.4348],[71.70322,21.43488],[71.70362,21.43496],[71.70395,21.43503],[71.70475,21.43517],[71.70511,21.43525],[71.70533,21.4353],[71.70471,21.43581],[71.70432,21.43658],[71.70449,21.4371],[71.70465,21.43732],[71.70468,21.43826],[71.70514,21.43912],[71.70499,21.43937],[71.70453,21.43989],[71.70444,21.44025],[71.70428,21.44071],[71.70417,21.441],[71.70409,21.44179],[71.70394,21.44249],[71.70351,21.44333],[71.70354,21.44418],[71.70361,21.44459],[71.70403,21.44483],[71.70459,21.44513],[71.70465,21.44585],[71.70459,21.4463],[71.70425,21.447],[71.70407,21.44728],[71.70363,21.44738],[71.70328,21.44738],[71.70308,21.44725],[71.70287,21.44725],[71.70265,21.44753],[71.70232,21.44789],[71.70226,21.4483],[71.70232,21.4492],[71.70238,21.44957],[71.70264,21.44976],[71.70279,21.45001],[71.70286,21.45055],[71.70286,21.45104],[71.70287,21.45144],[71.7028,21.4516],[71.70244,21.45179],[71.70201,21.45197],[71.7018,21.45224],[71.70179,21.45262],[71.70182,21.45307],[71.70182,21.45458],[71.70201,21.45644],[71.70207,21.45713],[71.70252,21.45786],[71.70295,21.45808],[71.70468,21.45844],[71.70486,21.4586],[71.70489,21.4589],[71.70442,21.4597],[71.70337,21.46138],[71.70328,21.46186],[71.70336,21.46266],[71.70371,21.46428],[71.70413,21.46667],[71.70341,21.46662],[71.70321,21.46652],[71.70253,21.46638],[71.70063,21.46604],[71.69941,21.46576],[71.6991,21.46694],[71.69906,21.46729],[71.699,21.46803],[71.69879,21.46864],[71.69857,21.46999],[71.69839,21.4708],[71.69818,21.47194],[71.69792,21.47309],[71.69771,21.4742],[71.6983,21.47433],[71.69931,21.47395],[71.69944,21.47483],[71.69985,21.47749],[71.70021,21.4798],[71.70029,21.48051],[71.70061,21.48203],[71.70068,21.48221],[71.70088,21.48323],[71.70082,21.484],[71.70066,21.48521],[71.70038,21.48615],[71.70031,21.48694],[71.70016,21.48777],[71.7001,21.48808],[71.69996,21.48884],[71.69983,21.49025],[71.69976,21.49115],[71.69965,21.49172],[71.69959,21.49209],[71.69936,21.49283],[71.69937,21.49315],[71.69922,21.49383],[71.69906,21.49451],[71.699,21.49492],[71.69883,21.49549],[71.69865,21.49619],[71.69847,21.49704],[71.69818,21.49801],[71.69812,21.49818],[71.69907,21.49851],[71.70054,21.49923],[71.70077,21.49936],[71.70137,21.49964],[71.70201,21.49993],[71.70282,21.5003],[71.70369,21.50084],[71.70446,21.50175],[71.70495,21.50247],[71.70525,21.5029],[71.70523,21.5032],[71.70521,21.5035],[71.70489,21.50419],[71.70452,21.50541],[71.70436,21.50594],[71.70411,21.50679],[71.70408,21.50694],[71.70399,21.50742],[71.70377,21.50792],[71.7036,21.50831],[71.7034,21.50883],[71.70315,21.50926],[71.70298,21.50983],[71.70284,21.51029],[71.7027,21.51079],[71.70265,21.51097],[71.70255,21.51131],[71.70218,21.51222],[71.70187,21.51284],[71.70164,21.51355],[71.70154,21.51373],[71.70114,21.51471],[71.70095,21.5152],[71.70052,21.51641],[71.70039,21.51675],[71.70018,21.51739],[71.69993,21.51804],[71.69981,21.5186],[71.69965,21.51918],[71.6995,21.51956],[71.69925,21.52074],[71.69911,21.52117],[71.69875,21.5229],[71.69863,21.52363],[71.69824,21.52548],[71.69782,21.52744],[71.69748,21.52916],[71.69723,21.5302],[71.69609,21.53018],[71.69607,21.53095],[71.69562,21.53104],[71.69561,21.53125],[71.69539,21.53126],[71.69533,21.53154],[71.69421,21.53147],[71.69404,21.53229],[71.69296,21.53222],[71.69224,21.53252],[71.69092,21.533],[71.69078,21.53317],[71.69097,21.53328],[71.69096,21.53414],[71.69087,21.53485],[71.69087,21.53532],[71.69082,21.5358],[71.69082,21.53588],[71.69078,21.53626],[71.69067,21.53688],[71.69042,21.53749],[71.69002,21.53835],[71.68944,21.5394],[71.68937,21.5403],[71.68826,21.54109],[71.68719,21.54177],[71.68595,21.54259],[71.68474,21.54341],[71.68396,21.54392],[71.68324,21.54441],[71.682,21.54523],[71.68027,21.5453],[71.67938,21.54532],[71.67918,21.5467],[71.67905,21.54767],[71.67892,21.54866],[71.67873,21.55014],[71.68033,21.55005],[71.68208,21.54996],[71.68351,21.54984],[71.68481,21.54957],[71.68622,21.54925],[71.68728,21.54904],[71.68844,21.54874],[71.68889,21.54864],[71.68887,21.54935],[71.68873,21.55048],[71.68874,21.55119],[71.68875,21.55181],[71.68877,21.55199],[71.68884,21.55205],[71.68914,21.55126],[71.68924,21.55092],[71.68953,21.55062],[71.68975,21.55021],[71.68996,21.55],[71.69018,21.54981],[71.69035,21.54972],[71.6908,21.54934],[71.69144,21.54935],[71.69229,21.54941],[71.69226,21.54957],[71.69226,21.54975],[71.69296,21.5499],[71.69311,21.54945],[71.69318,21.54916],[71.69319,21.54876],[71.69331,21.54864],[71.69354,21.54831],[71.69357,21.54807],[71.69331,21.54804],[71.69345,21.54779],[71.69353,21.5474],[71.69406,21.54725],[71.69435,21.54727],[71.69465,21.54733],[71.69489,21.5474],[71.69511,21.54719],[71.69553,21.54717],[71.69574,21.54638],[71.69616,21.54644],[71.69629,21.54629],[71.69675,21.54632],[71.69649,21.54593],[71.69553,21.5449],[71.69508,21.54436],[71.69483,21.5437],[71.69897,21.54302],[71.70335,21.54257],[71.70721,21.54273],[71.71041,21.5432],[71.71049,21.54393],[71.71067,21.54513],[71.71071,21.54538],[71.71088,21.54633],[71.71091,21.54652],[71.71075,21.54768],[71.71067,21.54804],[71.71061,21.5491],[71.71058,21.55008],[71.71058,21.55026],[71.71079,21.55025],[71.71112,21.55023],[71.71123,21.5522],[71.71131,21.554],[71.71139,21.55609],[71.71146,21.55696],[71.71156,21.55859],[71.71213,21.55846],[71.71262,21.55846],[71.71281,21.55846],[71.71295,21.55845],[71.71354,21.55845],[71.71392,21.55843],[71.71415,21.55854],[71.71434,21.55854],[71.71489,21.55854],[71.71512,21.55858],[71.71543,21.55863],[71.71591,21.55864],[71.71633,21.55868],[71.71675,21.55862],[71.71714,21.55853],[71.71701,21.55896],[71.71796,21.55895],[71.71822,21.55899],[71.71811,21.55934],[71.71805,21.55956],[71.71798,21.5599],[71.71794,21.56045],[71.71783,21.56099],[71.71783,21.56153],[71.71784,21.56233],[71.71776,21.56299],[71.71798,21.5635],[71.71753,21.56359],[71.71692,21.56392],[71.71592,21.56446],[71.71592,21.56557],[71.71588,21.56625],[71.71588,21.56685],[71.71586,21.56727],[71.71589,21.56819],[71.71591,21.56856],[71.71594,21.56929],[71.71598,21.57029],[71.71568,21.57086],[71.71567,21.57104],[71.71567,21.57106],[71.71567,21.57107],[71.71566,21.57154],[71.71559,21.5719],[71.7154,21.57256],[71.7153,21.57288],[71.71514,21.57377],[71.71501,21.57448],[71.71477,21.57558],[71.71421,21.57562],[71.71407,21.57636],[71.71396,21.57701],[71.71387,21.57762],[71.71384,21.57808],[71.71373,21.57847],[71.71352,21.57906],[71.71342,21.57949],[71.71332,21.57994],[71.71307,21.58067],[71.71278,21.58098],[71.71256,21.58135],[71.71239,21.58223],[71.71208,21.58328],[71.71204,21.58382],[71.71197,21.5849],[71.71195,21.58606],[71.71196,21.58628],[71.71177,21.58745],[71.71154,21.5889],[71.71157,21.58911],[71.71134,21.58992],[71.71148,21.59053],[71.71163,21.59149],[71.71162,21.59222],[71.71157,21.59294],[71.71151,21.59337],[71.71143,21.59403],[71.71142,21.5948],[71.71136,21.59528],[71.71132,21.59665],[71.71131,21.59696],[71.7111,21.59865],[71.7111,21.59867],[71.71108,21.59888],[71.71091,21.60006],[71.71065,21.60118],[71.71052,21.60176],[71.71044,21.60216],[71.7104,21.60286],[71.71032,21.60384],[71.70987,21.60544],[71.70969,21.60627],[71.70953,21.60703],[71.70883,21.60792],[71.7086,21.60824],[71.70746,21.6093],[71.70685,21.60987],[71.70664,21.60985],[71.70548,21.60986],[71.70363,21.60988],[71.70233,21.60986],[71.70059,21.60989],[71.69932,21.60986],[71.69802,21.60985],[71.69703,21.60985],[71.69528,21.60987],[71.69532,21.61056],[71.69531,21.61123],[71.69529,21.61199],[71.69531,21.61303],[71.69537,21.61411],[71.69549,21.61525],[71.69545,21.61584],[71.69535,21.61614],[71.6953,21.61642],[71.69616,21.61642],[71.6962,21.61716],[71.69625,21.61776],[71.69627,21.6182],[71.69631,21.6192],[71.69637,21.62002],[71.69644,21.62108],[71.69646,21.62181],[71.69562,21.62175],[71.69509,21.6217],[71.69444,21.62171],[71.69421,21.62169],[71.69255,21.62169],[71.69162,21.62171],[71.69037,21.62176],[71.69042,21.62031],[71.68965,21.62021],[71.68901,21.62021],[71.68874,21.62022],[71.68862,21.62024],[71.68836,21.62021],[71.68768,21.62021],[71.68698,21.61978],[71.68631,21.61909],[71.68537,21.61824],[71.68467,21.61782],[71.6842,21.61741],[71.68368,21.61703],[71.68317,21.61653],[71.68272,21.61635],[71.68204,21.61611],[71.6813,21.61581],[71.68065,21.6156],[71.68032,21.61547],[71.67948,21.61522],[71.67784,21.61466],[71.67772,21.61466],[71.6773,21.6145],[71.67683,21.61429],[71.67651,21.61414],[71.67612,21.61469],[71.67549,21.6158],[71.67407,21.61853],[71.67318,21.6204],[71.67298,21.6207],[71.67246,21.62177],[71.6715,21.62365],[71.67107,21.62444],[71.6704,21.6258],[71.66924,21.62815],[71.6675,21.63122],[71.66731,21.63165],[71.66678,21.63314],[71.66607,21.63307],[71.66597,21.63317],[71.66578,21.6332],[71.6665,21.6339],[71.66668,21.63405],[71.66719,21.63451],[71.66834,21.635],[71.66997,21.6358],[71.67022,21.63596],[71.67069,21.63635],[71.67101,21.63663],[71.67124,21.63767],[71.67138,21.63856],[71.67231,21.6397],[71.67259,21.64004],[71.67292,21.64058],[71.67291,21.64057],[71.67322,21.64138],[71.6734,21.64176],[71.67355,21.64231],[71.67382,21.64284],[71.67418,21.64377],[71.67448,21.64436],[71.67477,21.64493],[71.67577,21.64711],[71.67644,21.6484],[71.67675,21.64893],[71.67755,21.65069],[71.67763,21.65116],[71.67788,21.65169],[71.67806,21.65226],[71.67831,21.65297],[71.67838,21.65317],[71.67864,21.65425],[71.67865,21.65491],[71.67868,21.6558],[71.67872,21.65643],[71.67862,21.65787],[71.67874,21.6581],[71.67847,21.65876],[71.67802,21.65942],[71.67768,21.65995],[71.6776,21.66028],[71.67748,21.66063],[71.67711,21.66163],[71.67707,21.66219],[71.67694,21.66243],[71.67691,21.66308],[71.67691,21.66333],[71.67692,21.66378],[71.67692,21.66423],[71.6769,21.66451],[71.67682,21.66475],[71.67661,21.66495],[71.6758,21.66553],[71.67603,21.66643],[71.67604,21.66663],[71.67592,21.66669],[71.67612,21.66764],[71.67597,21.66883],[71.67615,21.66992],[71.67618,21.67095],[71.67618,21.67135],[71.6762,21.67165],[71.67631,21.6723],[71.6767,21.67242],[71.6772,21.67252],[71.6776,21.67261],[71.67775,21.67317],[71.67746,21.67358],[71.67713,21.67412],[71.67701,21.67455],[71.6771,21.67485],[71.67738,21.67507],[71.67798,21.67543],[71.67817,21.6756],[71.67803,21.67592],[71.67764,21.67683],[71.67747,21.67718],[71.67733,21.67758],[71.67713,21.67801],[71.67701,21.67832],[71.67687,21.67877],[71.67675,21.67922],[71.67668,21.67973],[71.67667,21.68007],[71.67662,21.68033],[71.67657,21.68081],[71.67655,21.68119],[71.67647,21.68189],[71.67629,21.68284],[71.67617,21.68346],[71.67599,21.68429],[71.67586,21.685],[71.67576,21.68559],[71.67555,21.68641],[71.67549,21.68764],[71.67541,21.68841],[71.67538,21.68883],[71.67537,21.68942],[71.67529,21.69005],[71.67518,21.69073],[71.67508,21.69143],[71.67501,21.69172],[71.67503,21.69262],[71.67502,21.6934],[71.67504,21.69403],[71.67507,21.69503],[71.67504,21.69533],[71.67503,21.69598],[71.67507,21.69665],[71.6751,21.69726],[71.67517,21.69798],[71.67514,21.69867],[71.67514,21.69919],[71.675,21.70039],[71.67416,21.69988],[71.67375,21.70065],[71.67312,21.70212],[71.67292,21.70282],[71.67193,21.70256],[71.6706,21.70233],[71.66978,21.70213],[71.66871,21.70178],[71.66741,21.70141],[71.66625,21.70106],[71.66531,21.70077],[71.66487,21.7006],[71.66429,21.70044],[71.66425,21.70043],[71.66348,21.70003],[71.66239,21.69957],[71.66164,21.69925],[71.6609,21.69893],[71.65959,21.69846],[71.65914,21.69824],[71.65805,21.69768],[71.65687,21.69712],[71.65668,21.69704],[71.65618,21.69677],[71.65545,21.69641],[71.65535,21.69711],[71.65528,21.69737],[71.65518,21.69751],[71.65489,21.69749],[71.65441,21.69745],[71.65396,21.69748],[71.65331,21.69755],[71.6528,21.69768],[71.65242,21.69778],[71.65217,21.6979],[71.65182,21.6981],[71.65096,21.69855],[71.65035,21.69852],[71.64951,21.69854],[71.64946,21.69914],[71.64846,21.69921],[71.64802,21.69918],[71.64771,21.6992],[71.64766,21.69904],[71.64717,21.69909],[71.64676,21.69918],[71.64669,21.69924],[71.6463,21.6993],[71.64577,21.69942],[71.64492,21.69968],[71.64462,21.69987],[71.64489,21.70068],[71.64513,21.7013],[71.64525,21.70137],[71.64536,21.70162],[71.64554,21.70216],[71.64539,21.70218],[71.64478,21.70223],[71.64412,21.70228],[71.64372,21.70237],[71.6433,21.70248],[71.64326,21.70259],[71.64175,21.70274],[71.64141,21.70282]]]},"properties":{"Taluka":"Gariadhar","District":"Bhavnagar","Dist_Id":"14","Taluka_Id":"14008"}},
{"type":"Feature","geometry":{"type":"MultiPolygon","coordinates":[[[[72.10114,21.47293],[72.10122,21.47373],[72.10124,21.47413],[72.10127,21.47466],[72.10144,21.47655],[72.10145,21.47672],[72.10129,21.47675],[72.10085,21.4767],[72.10057,21.47672],[72.10013,21.47674],[72.09863,21.47671],[72.09668,21.47675],[72.09604,21.47676],[72.09517,21.47685],[72.09479,21.4769],[72.09314,21.47672],[72.09232,21.47661],[72.09178,21.47651],[72.09133,21.47634],[72.09043,21.47578],[72.08891,21.47526],[72.08795,21.47539],[72.08689,21.47561],[72.08629,21.47524],[72.0862,21.47471],[72.08518,21.47352],[72.08422,21.47311],[72.08261,21.47266],[72.0811,21.47177],[72.07957,21.47177],[72.07908,21.47218],[72.07882,21.47225],[72.07857,21.47227],[72.07743,21.4717],[72.07706,21.47081],[72.07614,21.47045],[72.07583,21.47037],[72.07486,21.46929],[72.07379,21.46829],[72.07304,21.46709],[72.07275,21.46698],[72.07202,21.46663],[72.07105,21.46628],[72.07073,21.46656],[72.07054,21.46639],[72.07052,21.46609],[72.07039,21.46609],[72.06957,21.46602],[72.0694,21.46594],[72.06882,21.4655],[72.0682,21.46539],[72.06783,21.46485],[72.06648,21.46433],[72.06629,21.46423],[72.06364,21.46312],[72.06328,21.46312],[72.06295,21.46289],[72.06242,21.46258],[72.06179,21.46204],[72.06164,21.46188],[72.05989,21.46073],[72.06073,21.45955],[72.06279,21.45972],[72.06332,21.45977],[72.0638,21.45934],[72.06461,21.45797],[72.06538,21.45779],[72.06544,21.4575],[72.06671,21.45688],[72.06686,21.45673],[72.06662,21.45628],[72.06566,21.45495],[72.06556,21.45316],[72.06496,21.45253],[72.06447,21.45247],[72.06424,21.45235],[72.0635,21.45132],[72.06294,21.45134],[72.06231,21.45153],[72.06179,21.4516],[72.06154,21.45138],[72.06155,21.4513],[72.06179,21.45098],[72.06208,21.44975],[72.0621,21.44915],[72.06247,21.4481],[72.06264,21.44777],[72.06319,21.44642],[72.0637,21.44444],[72.0642,21.44382],[72.06506,21.4428],[72.0654,21.44253],[72.0654,21.44213],[72.06585,21.44122],[72.0666,21.43973],[72.06659,21.43908],[72.06662,21.43779],[72.06649,21.43665],[72.06733,21.43754],[72.06874,21.43773],[72.07044,21.43816],[72.07176,21.43863],[72.0728,21.43899],[72.07437,21.43951],[72.07458,21.43961],[72.07552,21.43968],[72.07568,21.43969],[72.0758,21.43974],[72.07629,21.44012],[72.07793,21.44131],[72.07851,21.44171],[72.0801,21.44279],[72.08036,21.44293],[72.0808,21.44315],[72.08106,21.44319],[72.08146,21.44308],[72.0817,21.44299],[72.08263,21.4431],[72.08354,21.44345],[72.08381,21.44355],[72.08449,21.44383],[72.08637,21.44461],[72.08809,21.44528],[72.08855,21.44547],[72.08972,21.44593],[72.09107,21.44645],[72.09204,21.44693],[72.09328,21.44749],[72.09471,21.44784],[72.09572,21.44824],[72.09616,21.44839],[72.09648,21.44848],[72.09672,21.44855],[72.09751,21.44878],[72.09822,21.4486],[72.09989,21.44932],[72.10107,21.44984],[72.10079,21.45063],[72.10058,21.45067],[72.10011,21.45134],[72.09981,21.45144],[72.09955,21.45189],[72.10052,21.45197],[72.10123,21.45229],[72.10208,21.45263],[72.10275,21.45289],[72.10317,21.45296],[72.10419,21.45317],[72.10429,21.45384],[72.10432,21.45405],[72.10428,21.45452],[72.10421,21.45461],[72.10415,21.45485],[72.10395,21.45546],[72.10385,21.45581],[72.10369,21.45626],[72.10331,21.45743],[72.10309,21.45825],[72.10301,21.45899],[72.10293,21.45976],[72.10286,21.46021],[72.10275,21.46084],[72.10264,21.46151],[72.10246,21.46228],[72.10227,21.46326],[72.10221,21.46348],[72.10215,21.46386],[72.10193,21.46553],[72.10173,21.46664],[72.10153,21.46774],[72.10149,21.46798],[72.10122,21.46902],[72.10119,21.47003],[72.10118,21.47145],[72.10117,21.47202],[72.10114,21.47293]]],[[[72.35998,21.59297],[72.3602,21.59357],[72.36029,21.59495],[72.36012,21.59649],[72.35919,21.59744],[72.35825,21.59899],[72.35725,21.59995],[72.35557,21.60155],[72.35395,21.60259],[72.35316,21.60293],[72.35235,21.60414],[72.35158,21.60552],[72.35046,21.60696],[72.3502,21.6074],[72.34936,21.60878],[72.34904,21.60906],[72.34869,21.60909],[72.34858,21.6088],[72.34824,21.60812],[72.34792,21.60724],[72.34764,21.60666],[72.34824,21.60564],[72.34848,21.60443],[72.34911,21.60289],[72.35018,21.6013],[72.35163,21.60008],[72.35207,21.59923],[72.3527,21.59796],[72.35343,21.59598],[72.3536,21.59453],[72.35437,21.59345],[72.3556,21.5932],[72.35682,21.59282],[72.35797,21.59268],[72.35998,21.59297]]],[[[72.30142,21.645],[72.30019,21.64474],[72.29954,21.64463],[72.29877,21.64451],[72.29695,21.64416],[72.2958,21.64396],[72.29452,21.64373],[72.29433,21.64383],[72.29321,21.64365],[72.29133,21.64316],[72.28925,21.64265],[72.28889,21.64257],[72.28864,21.64249],[72.28721,21.64188],[72.28558,21.64121],[72.28401,21.64054],[72.28231,21.6399],[72.28051,21.63917],[72.27839,21.63895],[72.27853,21.63722],[72.27852,21.63523],[72.27863,21.63317],[72.2787,21.63162],[72.27886,21.63006],[72.27902,21.6285],[72.27915,21.62808],[72.27953,21.62713],[72.28003,21.6257],[72.28082,21.62369],[72.28163,21.62167],[72.28181,21.62142],[72.28281,21.6197],[72.2831,21.61754],[72.28315,21.61735],[72.28351,21.61608],[72.28385,21.61493],[72.28433,21.61317],[72.28454,21.61314],[72.28472,21.612],[72.28476,21.61112],[72.28479,21.61098],[72.28488,21.6101],[72.28709,21.60951],[72.28697,21.60924],[72.28779,21.60891],[72.28893,21.60858],[72.28918,21.60834],[72.29172,21.60766],[72.2923,21.60826],[72.29495,21.6111],[72.29681,21.61304],[72.29774,21.61404],[72.29989,21.61678],[72.30201,21.61952],[72.30263,21.62095],[72.30402,21.624],[72.30513,21.62649],[72.3056,21.62901],[72.30548,21.63059],[72.30523,21.63357],[72.30464,21.63468],[72.30356,21.63674],[72.30252,21.63889],[72.30213,21.64112],[72.30171,21.64343],[72.30142,21.645]]],[[[72.28359,21.65959],[72.28672,21.66065],[72.2878,21.66104],[72.28689,21.66575],[72.28684,21.671],[72.28674,21.67661],[72.28493,21.68136],[72.28334,21.68762],[72.28042,21.69339],[72.27776,21.69645],[72.27656,21.6991],[72.27409,21.6991],[72.27209,21.69812],[72.26648,21.69544],[72.26438,21.69527],[72.25968,21.6948],[72.25687,21.69454],[72.25518,21.69394],[72.25481,21.6928],[72.2539,21.69138],[72.25367,21.69075],[72.25261,21.68788],[72.25224,21.68692],[72.25204,21.68455],[72.25184,21.68217],[72.25176,21.67989],[72.25189,21.67966],[72.25348,21.67811],[72.25368,21.67812],[72.25328,21.67731],[72.25362,21.67683],[72.25339,21.67665],[72.25365,21.67582],[72.25374,21.67574],[72.25382,21.67514],[72.2538,21.67445],[72.25422,21.67267],[72.25456,21.67138],[72.25478,21.67072],[72.25496,21.67015],[72.25498,21.66976],[72.2548,21.66959],[72.25441,21.6697],[72.25402,21.66976],[72.2537,21.66967],[72.25358,21.66944],[72.25342,21.6686],[72.25331,21.66844],[72.25258,21.66824],[72.25255,21.66789],[72.25267,21.66733],[72.2527,21.66709],[72.25285,21.66676],[72.25327,21.66632],[72.25414,21.66553],[72.25542,21.66557],[72.25528,21.66673],[72.2571,21.66699],[72.25731,21.6682],[72.25842,21.66824],[72.26124,21.66814],[72.26345,21.66764],[72.2652,21.66724],[72.26545,21.66474],[72.26766,21.66455],[72.2689,21.66448],[72.26829,21.66343],[72.26806,21.66299],[72.26764,21.66219],[72.26762,21.66196],[72.26789,21.66191],[72.26812,21.6616],[72.26829,21.661],[72.26853,21.66007],[72.26978,21.65993],[72.27164,21.66057],[72.27149,21.66031],[72.27144,21.65973],[72.27116,21.65939],[72.27048,21.65797],[72.27064,21.65777],[72.27348,21.65697],[72.27367,21.65699],[72.27352,21.65648],[72.27357,21.65607],[72.27372,21.65588],[72.27579,21.65573],[72.27686,21.65579],[72.27719,21.65665],[72.27755,21.65669],[72.27834,21.65773],[72.28359,21.65959]]],[[[72.18411,21.4936],[72.18413,21.49404],[72.18432,21.49409],[72.18424,21.49469],[72.18419,21.49562],[72.18542,21.49582],[72.18603,21.49592],[72.18618,21.49498],[72.18624,21.49423],[72.1867,21.49425],[72.18673,21.49406],[72.18788,21.49425],[72.19018,21.4943],[72.19075,21.49409],[72.19052,21.49475],[72.19056,21.4964],[72.19053,21.49776],[72.18931,21.49772],[72.18847,21.49763],[72.18694,21.49753],[72.18689,21.49861],[72.1869,21.50008],[72.18674,21.50117],[72.18542,21.50128],[72.18493,21.5029],[72.18515,21.50372],[72.18551,21.50465],[72.18556,21.50507],[72.18572,21.50579],[72.18583,21.50619],[72.18592,21.50665],[72.18603,21.50732],[72.18607,21.50776],[72.18614,21.50828],[72.18624,21.50883],[72.18628,21.50929],[72.18648,21.51036],[72.18658,21.51077],[72.18661,21.51088],[72.18781,21.51069],[72.18883,21.51054],[72.18913,21.51048],[72.18982,21.51038],[72.19009,21.51035],[72.19012,21.51019],[72.19111,21.50957],[72.19138,21.50947],[72.19226,21.5089],[72.19267,21.50858],[72.19283,21.50835],[72.19473,21.50844],[72.19477,21.50715],[72.19487,21.5056],[72.19564,21.50549],[72.19597,21.50516],[72.19668,21.50479],[72.19745,21.50435],[72.19738,21.5032],[72.19729,21.50171],[72.19803,21.50154],[72.19859,21.50136],[72.19906,21.50099],[72.19926,21.50081],[72.20042,21.50063],[72.20062,21.50061],[72.20107,21.50067],[72.20232,21.50117],[72.20301,21.50143],[72.20347,21.50157],[72.2042,21.50184],[72.20471,21.50195],[72.20575,21.5018],[72.20656,21.50161],[72.20743,21.50147],[72.20855,21.50118],[72.20877,21.5015],[72.20934,21.50347],[72.20942,21.50362],[72.21004,21.50382],[72.21073,21.50401],[72.21113,21.50408],[72.21237,21.50424],[72.21345,21.50448],[72.21319,21.50647],[72.21315,21.50718],[72.21313,21.50738],[72.2126,21.5072],[72.21254,21.50737],[72.21281,21.50886],[72.2126,21.50918],[72.21271,21.50956],[72.21263,21.51079],[72.21252,21.51106],[72.2124,21.51263],[72.212,21.51441],[72.21145,21.51677],[72.2111,21.51794],[72.21048,21.51893],[72.21171,21.51902],[72.21244,21.51915],[72.21384,21.51915],[72.21677,21.51914],[72.21887,21.51971],[72.2207,21.51943],[72.2273,21.51815],[72.22755,21.51956],[72.22717,21.52149],[72.2261,21.52237],[72.22476,21.52467],[72.22441,21.52573],[72.22378,21.52768],[72.22452,21.52936],[72.2247,21.53029],[72.2249,21.53074],[72.22572,21.53275],[72.22611,21.53453],[72.22632,21.53552],[72.22646,21.53668],[72.22686,21.53784],[72.22718,21.53846],[72.22813,21.53991],[72.22856,21.54061],[72.22875,21.54102],[72.22888,21.54148],[72.22886,21.54162],[72.22934,21.54329],[72.22971,21.54457],[72.23009,21.54548],[72.23107,21.54698],[72.23157,21.54779],[72.23213,21.54913],[72.23139,21.54903],[72.2311,21.54863],[72.23032,21.54845],[72.22959,21.54815],[72.22844,21.54855],[72.22578,21.5498],[72.22587,21.55076],[72.22531,21.55076],[72.22481,21.55199],[72.22428,21.55242],[72.22417,21.55269],[72.22395,21.55343],[72.22483,21.55355],[72.2254,21.55623],[72.22467,21.55688],[72.22468,21.55737],[72.22473,21.55794],[72.22479,21.55847],[72.22559,21.55855],[72.22566,21.55968],[72.22627,21.5605],[72.2269,21.56116],[72.22642,21.56249],[72.2262,21.56388],[72.22601,21.56449],[72.2256,21.56528],[72.22461,21.56627],[72.22418,21.56731],[72.22377,21.56774],[72.22269,21.57005],[72.22248,21.57052],[72.22203,21.57086],[72.22219,21.57209],[72.22287,21.57281],[72.22456,21.57368],[72.22515,21.57534],[72.22525,21.57545],[72.22632,21.57654],[72.2282,21.57845],[72.22839,21.57863],[72.22998,21.58066],[72.23061,21.58072],[72.23066,21.58156],[72.22975,21.58272],[72.22997,21.58365],[72.23017,21.58518],[72.23055,21.58606],[72.23148,21.5864],[72.23158,21.58835],[72.23181,21.58919],[72.23222,21.59072],[72.23215,21.59141],[72.23284,21.59163],[72.23324,21.59271],[72.23301,21.59364],[72.23325,21.59429],[72.23361,21.59465],[72.23364,21.59485],[72.2339,21.59554],[72.23444,21.5971],[72.23452,21.59851],[72.23447,21.59912],[72.23519,21.59999],[72.23524,21.60011],[72.23724,21.59959],[72.23799,21.59949],[72.23913,21.59946],[72.24093,21.59953],[72.24181,21.59948],[72.2426,21.59935],[72.24407,21.59913],[72.24498,21.59897],[72.247,21.59857],[72.24802,21.59833],[72.24808,21.59739],[72.2484,21.59652],[72.24943,21.59632],[72.24965,21.59625],[72.24993,21.59618],[72.25074,21.59611],[72.25082,21.59629],[72.2512,21.59709],[72.2514,21.59765],[72.25155,21.59838],[72.25173,21.59873],[72.25209,21.59971],[72.25255,21.60048],[72.25265,21.60081],[72.25278,21.60113],[72.25339,21.60256],[72.25365,21.60322],[72.25459,21.60448],[72.25525,21.60534],[72.25583,21.60618],[72.2563,21.60695],[72.25727,21.6085],[72.25777,21.60923],[72.25786,21.60937],[72.2581,21.60946],[72.25844,21.60964],[72.25877,21.60979],[72.25915,21.60988],[72.2595,21.61041],[72.25978,21.6104],[72.26008,21.61051],[72.26088,21.61077],[72.26121,21.61119],[72.26061,21.61143],[72.25825,21.61193],[72.25666,21.61215],[72.25464,21.61224],[72.2533,21.61235],[72.25214,21.61297],[72.25233,21.61321],[72.25269,21.6141],[72.25293,21.61464],[72.25295,21.61508],[72.25295,21.61654],[72.25295,21.61679],[72.25285,21.61735],[72.25298,21.61791],[72.25331,21.61935],[72.25363,21.62077],[72.25396,21.6216],[72.25456,21.6229],[72.255,21.62388],[72.25522,21.62467],[72.25544,21.6255],[72.25564,21.62632],[72.25571,21.62671],[72.25583,21.62725],[72.25609,21.62848],[72.25611,21.62862],[72.25622,21.62914],[72.25639,21.63005],[72.2565,21.63067],[72.25649,21.63112],[72.25662,21.63197],[72.25674,21.63296],[72.25688,21.63389],[72.25691,21.63405],[72.25696,21.63462],[72.25697,21.63527],[72.25709,21.63614],[72.25718,21.63679],[72.25722,21.6377],[72.25639,21.63776],[72.25674,21.6383],[72.25734,21.63918],[72.25723,21.6393],[72.25701,21.63938],[72.25523,21.6393],[72.25463,21.63928],[72.25394,21.63927],[72.25321,21.63927],[72.25231,21.63928],[72.2516,21.63929],[72.25068,21.63934],[72.24953,21.63943],[72.24894,21.63946],[72.24786,21.63831],[72.2471,21.63762],[72.24684,21.6374],[72.24592,21.63665],[72.24561,21.63637],[72.2444,21.63531],[72.24386,21.63513],[72.24289,21.63457],[72.24208,21.63395],[72.24147,21.63349],[72.24119,21.63323],[72.24004,21.63224],[72.23989,21.63202],[72.23913,21.63165],[72.2386,21.6309],[72.23752,21.62985],[72.23693,21.62936],[72.23664,21.62917],[72.23539,21.62842],[72.23427,21.62747],[72.23322,21.62631],[72.23247,21.62677],[72.23137,21.62746],[72.2313,21.62735],[72.23022,21.62806],[72.22948,21.62851],[72.22875,21.62907],[72.22794,21.62956],[72.22776,21.62973],[72.22759,21.62985],[72.2267,21.63049],[72.22646,21.63067],[72.22554,21.63133],[72.22502,21.63173],[72.22472,21.6318],[72.22326,21.63232],[72.22289,21.63237],[72.22273,21.63243],[72.22177,21.63233],[72.22022,21.63265],[72.21913,21.63323],[72.21783,21.63374],[72.216,21.63458],[72.21552,21.63477],[72.21463,21.63521],[72.21419,21.63558],[72.21298,21.63659],[72.21224,21.63705],[72.21135,21.6366],[72.21005,21.63546],[72.20884,21.63422],[72.20787,21.63337],[72.20676,21.63234],[72.20515,21.63095],[72.20365,21.62943],[72.20159,21.62885],[72.20045,21.62759],[72.1996,21.62695],[72.19853,21.6264],[72.19771,21.625],[72.19692,21.62437],[72.19557,21.62346],[72.19531,21.62297],[72.19409,21.62055],[72.19376,21.61988],[72.19294,21.61887],[72.19208,21.61809],[72.19121,21.61788],[72.19068,21.61747],[72.18964,21.61658],[72.18904,21.61688],[72.18829,21.61729],[72.187,21.61655],[72.18586,21.61608],[72.18534,21.61604],[72.18362,21.61478],[72.1822,21.61386],[72.18103,21.61331],[72.17998,21.61283],[72.17886,21.61212],[72.1783,21.61173],[72.17659,21.61001],[72.17581,21.60921],[72.17597,21.60847],[72.17675,21.60855],[72.1783,21.60867],[72.17943,21.60871],[72.17949,21.60631],[72.1809,21.60633],[72.18124,21.60634],[72.18122,21.60604],[72.18116,21.60499],[72.18109,21.60421],[72.18105,21.60322],[72.181,21.60279],[72.18105,21.60228],[72.18113,21.60153],[72.1812,21.60092],[72.18131,21.60003],[72.18135,21.59961],[72.18133,21.59895],[72.18128,21.59816],[72.18115,21.59746],[72.18102,21.59693],[72.18085,21.59695],[72.18088,21.59632],[72.1809,21.59627],[72.18086,21.59583],[72.18072,21.5944],[72.1808,21.59414],[72.18086,21.59395],[72.1809,21.59354],[72.18083,21.59323],[72.18059,21.59225],[72.18043,21.59138],[72.18042,21.59105],[72.18026,21.58972],[72.18029,21.58959],[72.18026,21.58937],[72.17982,21.58734],[72.17968,21.58659],[72.17936,21.58496],[72.17924,21.58467],[72.17666,21.58426],[72.17448,21.58389],[72.17095,21.58391],[72.17044,21.58395],[72.1701,21.58402],[72.17015,21.58461],[72.16907,21.58491],[72.16777,21.58447],[72.16745,21.58429],[72.16664,21.58425],[72.16559,21.58415],[72.16419,21.58377],[72.16347,21.58396],[72.16242,21.58403],[72.1616,21.58399],[72.16122,21.58399],[72.16095,21.58307],[72.1602,21.58304],[72.15929,21.583],[72.15839,21.583],[72.15824,21.58294],[72.15713,21.58309],[72.15589,21.58332],[72.1553,21.58226],[72.15532,21.58177],[72.15538,21.58078],[72.15497,21.5797],[72.15393,21.57985],[72.15239,21.58024],[72.15169,21.5798],[72.15133,21.58039],[72.15105,21.58073],[72.14999,21.58063],[72.14986,21.58109],[72.14849,21.58129],[72.14838,21.58111],[72.14868,21.58045],[72.14862,21.58038],[72.14808,21.58023],[72.14713,21.5799],[72.14693,21.57911],[72.14808,21.57894],[72.14806,21.57826],[72.14741,21.57798],[72.14727,21.57743],[72.14721,21.57727],[72.14653,21.57722],[72.14538,21.57674],[72.14381,21.57598],[72.14352,21.57611],[72.14324,21.57612],[72.14266,21.57617],[72.14228,21.57639],[72.14156,21.57639],[72.14081,21.57616],[72.14024,21.57579],[72.1397,21.57563],[72.13949,21.57536],[72.13903,21.57468],[72.13714,21.5749],[72.13671,21.57471],[72.13631,21.57493],[72.13561,21.57541],[72.13445,21.57472],[72.134,21.57463],[72.13388,21.57424],[72.13333,21.57396],[72.13296,21.57362],[72.13221,21.57331],[72.13168,21.57339],[72.13151,21.57364],[72.13091,21.57337],[72.13044,21.57343],[72.12984,21.57347],[72.12886,21.5729],[72.12882,21.57261],[72.12843,21.57221],[72.12842,21.57182],[72.12817,21.57085],[72.1275,21.56945],[72.12698,21.56858],[72.1263,21.5672],[72.12542,21.56519],[72.12535,21.56452],[72.12535,21.56417],[72.12537,21.56343],[72.12541,21.56283],[72.1253,21.56207],[72.12399,21.563],[72.12305,21.56222],[72.12195,21.56204],[72.12098,21.56191],[72.11969,21.56275],[72.11902,21.5628],[72.11861,21.56292],[72.11841,21.56292],[72.11757,21.56284],[72.11713,21.56311],[72.11691,21.56316],[72.11633,21.56318],[72.11608,21.56295],[72.11591,21.563],[72.11581,21.56347],[72.11562,21.56353],[72.11541,21.5634],[72.11518,21.56318],[72.1148,21.56309],[72.11409,21.56277],[72.11351,21.56265],[72.11194,21.56234],[72.1117,21.56302],[72.10977,21.56334],[72.109,21.56341],[72.10855,21.56353],[72.10896,21.56447],[72.10816,21.56517],[72.10771,21.56442],[72.10752,21.56422],[72.10654,21.56481],[72.10547,21.56519],[72.10506,21.5656],[72.10461,21.56593],[72.10293,21.56659],[72.10263,21.56892],[72.09961,21.56979],[72.09855,21.57027],[72.09808,21.57038],[72.09788,21.57049],[72.09728,21.5716],[72.09656,21.5719],[72.09639,21.57198],[72.09605,21.57233],[72.09588,21.57283],[72.09581,21.57317],[72.09559,21.57353],[72.0953,21.57373],[72.09529,21.57411],[72.09556,21.57433],[72.09599,21.57571],[72.09585,21.57593],[72.0956,21.57609],[72.09556,21.57686],[72.09535,21.5771],[72.09532,21.5773],[72.09542,21.57783],[72.09532,21.5782],[72.0949,21.57857],[72.09488,21.57887],[72.09463,21.57893],[72.09461,21.58036],[72.09496,21.58098],[72.09503,21.58123],[72.09572,21.58177],[72.09607,21.58193],[72.0962,21.58204],[72.09612,21.58228],[72.09579,21.58241],[72.09553,21.58261],[72.09535,21.58287],[72.09522,21.58322],[72.09512,21.58331],[72.09514,21.58366],[72.0949,21.58427],[72.09501,21.58539],[72.09524,21.58582],[72.0951,21.58603],[72.09448,21.58637],[72.09411,21.58667],[72.09428,21.58725],[72.09445,21.58742],[72.09571,21.58806],[72.09679,21.58845],[72.09746,21.58866],[72.09782,21.58955],[72.09794,21.58975],[72.09878,21.59014],[72.0989,21.59034],[72.0987,21.59105],[72.09883,21.59123],[72.09906,21.59152],[72.09925,21.59169],[72.09936,21.5921],[72.09957,21.59374],[72.0994,21.59379],[72.09913,21.59401],[72.09866,21.59461],[72.09891,21.59496],[72.0999,21.59613],[72.0999,21.59643],[72.09941,21.5975],[72.09867,21.59793],[72.09857,21.5983],[72.09811,21.59842],[72.09716,21.59843],[72.09697,21.59854],[72.09636,21.59899],[72.0953,21.60026],[72.09518,21.60053],[72.0952,21.60097],[72.0951,21.6013],[72.09503,21.60154],[72.09496,21.60174],[72.09512,21.60206],[72.09578,21.60332],[72.09653,21.60444],[72.09728,21.60558],[72.09751,21.60618],[72.09791,21.60719],[72.09837,21.60796],[72.09853,21.60875],[72.09816,21.60979],[72.09904,21.60871],[72.09966,21.60816],[72.10126,21.60685],[72.10186,21.60735],[72.10205,21.60731],[72.1026,21.6064],[72.10268,21.606],[72.10403,21.60494],[72.10454,21.60456],[72.10591,21.60525],[72.10736,21.60561],[72.10846,21.60553],[72.10871,21.60578],[72.11016,21.60669],[72.1106,21.60694],[72.11124,21.60793],[72.1114,21.60811],[72.11159,21.6087],[72.11218,21.60894],[72.11289,21.60921],[72.1131,21.60932],[72.11328,21.60961],[72.11435,21.60932],[72.11472,21.60967],[72.11541,21.60975],[72.11551,21.60971],[72.11591,21.6094],[72.11634,21.60903],[72.1166,21.60906],[72.11659,21.60953],[72.11694,21.60956],[72.11711,21.60964],[72.11734,21.6094],[72.11743,21.60934],[72.11767,21.60938],[72.1177,21.60941],[72.11777,21.60974],[72.11809,21.61008],[72.1182,21.61016],[72.11823,21.61024],[72.11846,21.61007],[72.11874,21.61011],[72.11892,21.60996],[72.12032,21.60998],[72.12069,21.60999],[72.12185,21.61028],[72.12244,21.6105],[72.12356,21.61092],[72.12535,21.61176],[72.12704,21.61177],[72.12845,21.61185],[72.12929,21.6115],[72.13119,21.6116],[72.13176,21.61274],[72.13308,21.61286],[72.13534,21.61292],[72.13687,21.61301],[72.13924,21.61313],[72.14169,21.61323],[72.14368,21.61337],[72.14197,21.61526],[72.14189,21.6155],[72.14184,21.61745],[72.14176,21.6176],[72.14186,21.61823],[72.14207,21.61942],[72.14233,21.62069],[72.14255,21.62194],[72.1429,21.62416],[72.14328,21.62607],[72.14082,21.62723],[72.13968,21.62782],[72.13936,21.62805],[72.13929,21.62869],[72.13943,21.62953],[72.1391,21.63031],[72.13958,21.63037],[72.14029,21.63013],[72.14137,21.62962],[72.14178,21.62966],[72.14213,21.63086],[72.14215,21.6314],[72.14207,21.63233],[72.14209,21.63299],[72.14202,21.63348],[72.14213,21.63363],[72.14216,21.63471],[72.14219,21.63557],[72.14203,21.63568],[72.14228,21.63724],[72.14235,21.63808],[72.14211,21.64048],[72.14251,21.64064],[72.14321,21.6409],[72.14308,21.64196],[72.14309,21.64264],[72.14306,21.64352],[72.14308,21.64382],[72.14277,21.64567],[72.1427,21.64657],[72.14334,21.64672],[72.14328,21.64738],[72.14297,21.64829],[72.14264,21.64986],[72.14463,21.65016],[72.14435,21.65165],[72.14562,21.65159],[72.14721,21.652],[72.1473,21.65164],[72.1477,21.65085],[72.14819,21.64985],[72.14831,21.64963],[72.14933,21.64812],[72.14963,21.64808],[72.15056,21.64806],[72.15161,21.64799],[72.1523,21.64799],[72.15299,21.64799],[72.15433,21.64776],[72.15437,21.64723],[72.15454,21.64558],[72.15484,21.64489],[72.15514,21.6436],[72.15538,21.64245],[72.15561,21.64004],[72.1569,21.64032],[72.15876,21.64049],[72.16022,21.64065],[72.16033,21.64076],[72.16075,21.64057],[72.16084,21.63955],[72.16156,21.63968],[72.16255,21.63978],[72.16353,21.64015],[72.16395,21.64027],[72.16444,21.64026],[72.16474,21.64171],[72.1647,21.64214],[72.16474,21.64382],[72.16473,21.64423],[72.16468,21.6454],[72.16465,21.64586],[72.16462,21.64704],[72.16458,21.64727],[72.16537,21.64726],[72.16669,21.64717],[72.16746,21.64724],[72.16863,21.64735],[72.16962,21.6474],[72.17012,21.64793],[72.17079,21.64888],[72.17151,21.64964],[72.17222,21.65045],[72.17291,21.65113],[72.1733,21.65154],[72.17355,21.65214],[72.17405,21.65301],[72.17426,21.65314],[72.17466,21.65307],[72.1759,21.65287],[72.17662,21.6526],[72.17705,21.65262],[72.17729,21.6527],[72.17801,21.65388],[72.17834,21.65448],[72.17891,21.6552],[72.17935,21.65574],[72.17971,21.6559],[72.18021,21.65636],[72.18115,21.65724],[72.18233,21.65831],[72.18266,21.65853],[72.18391,21.65936],[72.1846,21.65986],[72.18568,21.66061],[72.18589,21.66075],[72.18668,21.66167],[72.18693,21.66184],[72.18677,21.66208],[72.18728,21.6624],[72.18704,21.6629],[72.18753,21.6633],[72.18894,21.66339],[72.18924,21.66338],[72.19104,21.6649],[72.19174,21.6655],[72.19243,21.66537],[72.19406,21.66597],[72.19433,21.66603],[72.19608,21.66571],[72.19642,21.66669],[72.19673,21.66774],[72.19693,21.66864],[72.19771,21.66904],[72.1977,21.66953],[72.19918,21.66956],[72.19933,21.66908],[72.19957,21.66881],[72.20041,21.66906],[72.20113,21.66986],[72.20127,21.66992],[72.20319,21.66945],[72.20273,21.67051],[72.20245,21.67056],[72.20216,21.67153],[72.20175,21.67295],[72.20145,21.67406],[72.20131,21.67582],[72.20123,21.67663],[72.20113,21.67743],[72.20106,21.67822],[72.20101,21.67962],[72.20073,21.68023],[72.20065,21.68057],[72.19994,21.68072],[72.19956,21.68077],[72.19927,21.68056],[72.19898,21.68043],[72.19888,21.68041],[72.19878,21.68075],[72.19852,21.68142],[72.19921,21.68152],[72.19902,21.68262],[72.19883,21.68384],[72.19873,21.68397],[72.19781,21.68391],[72.19791,21.68405],[72.19935,21.68515],[72.19963,21.68533],[72.20042,21.68584],[72.2015,21.68659],[72.20266,21.6873],[72.20335,21.68769],[72.2038,21.68791],[72.20483,21.68846],[72.20621,21.68909],[72.20731,21.68953],[72.20858,21.69005],[72.20957,21.69046],[72.21055,21.69089],[72.21169,21.69138],[72.21271,21.69193],[72.21372,21.6925],[72.21482,21.69296],[72.21527,21.69305],[72.21604,21.69314],[72.21715,21.69329],[72.21815,21.69345],[72.21876,21.69355],[72.2198,21.69375],[72.22054,21.69386],[72.22083,21.69391],[72.22137,21.69388],[72.2223,21.69391],[72.22291,21.69387],[72.22317,21.69385],[72.22408,21.69382],[72.22445,21.69379],[72.22546,21.69375],[72.22663,21.69362],[72.22694,21.69373],[72.22825,21.6943],[72.23003,21.69512],[72.23142,21.69579],[72.23176,21.69596],[72.2334,21.69707],[72.23486,21.69795],[72.23557,21.69833],[72.23706,21.69902],[72.23856,21.69982],[72.24324,21.70226],[72.24375,21.70255],[72.24498,21.70324],[72.24607,21.70376],[72.24748,21.70446],[72.24922,21.70529],[72.25037,21.70584],[72.25215,21.70675],[72.25331,21.70737],[72.25507,21.70823],[72.25637,21.70894],[72.25762,21.70968],[72.25619,21.71405],[72.25491,21.71815],[72.25427,21.72024],[72.25272,21.72528],[72.25198,21.72794],[72.25111,21.73074],[72.25079,21.73197],[72.24909,21.73752],[72.24859,21.73905],[72.24716,21.74363],[72.24633,21.746],[72.24504,21.74897],[72.24328,21.74814],[72.24112,21.74709],[72.23883,21.74585],[72.23779,21.74485],[72.23444,21.74321],[72.232,21.74212],[72.22702,21.74006],[72.22452,21.73919],[72.22298,21.73873],[72.22152,21.73799],[72.22058,21.73762],[72.21919,21.73693],[72.21854,21.7367],[72.21829,21.7365],[72.21795,21.73622],[72.21699,21.73562],[72.2158,21.7349],[72.21566,21.73481],[72.21488,21.73371],[72.21382,21.73351],[72.21265,21.73326],[72.2125,21.73318],[72.21153,21.73232],[72.21106,21.73177],[72.21038,21.73101],[72.20966,21.73007],[72.20894,21.72925],[72.20877,21.72911],[72.20876,21.7291],[72.20807,21.72853],[72.20746,21.72798],[72.20673,21.72752],[72.20594,21.72714],[72.20477,21.72658],[72.20381,21.72613],[72.20313,21.72578],[72.20247,21.7254],[72.20135,21.72492],[72.20113,21.7248],[72.19879,21.72394],[72.19632,21.72301],[72.19609,21.72292],[72.19486,21.72234],[72.19404,21.72201],[72.19225,21.72129],[72.19087,21.72084],[72.1899,21.72044],[72.18941,21.72032],[72.18896,21.72054],[72.18792,21.7209],[72.18671,21.72126],[72.18639,21.72017],[72.18573,21.71916],[72.18536,21.71865],[72.18458,21.71754],[72.18401,21.71686],[72.18342,21.7163],[72.18174,21.71501],[72.17964,21.71364],[72.17788,21.7125],[72.17759,21.71239],[72.17764,21.71207],[72.17802,21.71072],[72.17825,21.70986],[72.17838,21.70918],[72.1785,21.70824],[72.17859,21.70726],[72.1787,21.70677],[72.1788,21.70608],[72.17891,21.70542],[72.17892,21.70511],[72.17887,21.70498],[72.1788,21.70373],[72.17877,21.70291],[72.1787,21.70272],[72.1786,21.70179],[72.17869,21.70128],[72.17825,21.69974],[72.17812,21.69937],[72.17836,21.69668],[72.17853,21.69521],[72.17888,21.69337],[72.17912,21.6927],[72.17924,21.69235],[72.17833,21.69161],[72.17631,21.68993],[72.17555,21.68941],[72.1747,21.68885],[72.17414,21.6883],[72.17335,21.68748],[72.172,21.68614],[72.17103,21.68513],[72.17021,21.68429],[72.16971,21.68368],[72.16891,21.6827],[72.16869,21.68236],[72.16797,21.68174],[72.16659,21.68094],[72.16596,21.68059],[72.16521,21.68018],[72.16422,21.67955],[72.16346,21.67911],[72.16304,21.67884],[72.16153,21.67789],[72.16098,21.67759],[72.15996,21.67704],[72.15878,21.67629],[72.15762,21.67559],[72.1565,21.67426],[72.15515,21.674],[72.15491,21.67389],[72.15281,21.67188],[72.15277,21.67185],[72.152,21.67156],[72.14944,21.67048],[72.14807,21.66989],[72.14754,21.66942],[72.14599,21.66902],[72.14486,21.66928],[72.14465,21.6685],[72.14456,21.66857],[72.14454,21.66858],[72.14436,21.66871],[72.14384,21.66942],[72.14307,21.67048],[72.14256,21.67191],[72.14251,21.67213],[72.14339,21.67217],[72.14335,21.67246],[72.14319,21.67321],[72.14307,21.67406],[72.14287,21.6751],[72.14254,21.67651],[72.14234,21.67744],[72.14166,21.67731],[72.14101,21.67999],[72.14047,21.68239],[72.14044,21.68289],[72.14012,21.68449],[72.14002,21.68513],[72.13979,21.68692],[72.13975,21.68728],[72.13942,21.68861],[72.13923,21.68972],[72.13912,21.69043],[72.13898,21.6917],[72.13893,21.69234],[72.13888,21.69334],[72.13887,21.69448],[72.13884,21.6957],[72.13655,21.69574],[72.13533,21.69578],[72.13402,21.69585],[72.13351,21.69578],[72.1306,21.69575],[72.1295,21.69571],[72.12875,21.69571],[72.1281,21.69595],[72.12648,21.69598],[72.1254,21.69601],[72.12427,21.69604],[72.12396,21.69597],[72.12228,21.69591],[72.12099,21.696],[72.12019,21.69602],[72.11886,21.69614],[72.11794,21.69613],[72.11703,21.69623],[72.11503,21.69622],[72.11394,21.69633],[72.11274,21.6964],[72.11242,21.69648],[72.11232,21.69683],[72.11123,21.69701],[72.11077,21.69702],[72.10883,21.69737],[72.10728,21.69752],[72.10682,21.69757],[72.10511,21.69781],[72.10484,21.69782],[72.10433,21.69822],[72.10409,21.69819],[72.1033,21.69834],[72.10206,21.6985],[72.10173,21.69859],[72.10172,21.69859],[72.10136,21.6987],[72.09996,21.69903],[72.09909,21.69916],[72.09812,21.69951],[72.09569,21.70018],[72.09565,21.7001],[72.09553,21.69994],[72.09436,21.69898],[72.09242,21.69885],[72.09222,21.69869],[72.08982,21.69849],[72.08895,21.69829],[72.08744,21.69792],[72.08656,21.69787],[72.08549,21.6977],[72.08506,21.69764],[72.08406,21.69733],[72.0826,21.6968],[72.08262,21.69672],[72.08206,21.69481],[72.08179,21.69402],[72.08046,21.69391],[72.0796,21.69384],[72.07894,21.69363],[72.07794,21.69331],[72.07619,21.69353],[72.07403,21.69386],[72.07258,21.69397],[72.07175,21.69404],[72.07102,21.69375],[72.06988,21.69359],[72.06954,21.69354],[72.06768,21.69527],[72.06727,21.69516],[72.06609,21.69499],[72.06477,21.693],[72.06331,21.69114],[72.06264,21.69054],[72.06215,21.6897],[72.06105,21.68802],[72.05915,21.68756],[72.05866,21.68693],[72.05788,21.68598],[72.05766,21.68587],[72.05653,21.68548],[72.0562,21.68465],[72.05589,21.68392],[72.05441,21.6837],[72.05356,21.68362],[72.05158,21.68342],[72.05146,21.68335],[72.04979,21.68341],[72.04938,21.68266],[72.04768,21.6839],[72.04692,21.68442],[72.04568,21.68497],[72.04453,21.68542],[72.04325,21.68592],[72.04293,21.68599],[72.04283,21.68631],[72.04234,21.68676],[72.04216,21.68667],[72.04088,21.68753],[72.03923,21.68825],[72.03915,21.68806],[72.03782,21.68861],[72.03696,21.68895],[72.03479,21.68916],[72.03279,21.69038],[72.0322,21.6907],[72.03174,21.69123],[72.02989,21.6915],[72.02965,21.69108],[72.02711,21.68931],[72.02555,21.68652],[72.0256,21.68617],[72.02644,21.68499],[72.02748,21.68283],[72.02767,21.68206],[72.02704,21.68154],[72.02684,21.68077],[72.02496,21.67922],[72.0261,21.67809],[72.02722,21.67739],[72.02752,21.67619],[72.02787,21.67533],[72.02862,21.67434],[72.02916,21.67363],[72.02968,21.67306],[72.03009,21.67243],[72.031,21.67137],[72.03135,21.67091],[72.03229,21.6697],[72.03289,21.66881],[72.03326,21.66789],[72.03376,21.66682],[72.03414,21.66566],[72.03506,21.66463],[72.03561,21.66338],[72.03511,21.66265],[72.03394,21.661],[72.03342,21.66024],[72.03279,21.65977],[72.03264,21.65914],[72.03169,21.65812],[72.03151,21.65769],[72.03164,21.65697],[72.03142,21.65631],[72.03042,21.65505],[72.02969,21.65534],[72.02835,21.65478],[72.02698,21.65302],[72.02826,21.65037],[72.02879,21.649],[72.02888,21.64737],[72.02837,21.64557],[72.02952,21.64474],[72.03047,21.6439],[72.03066,21.64382],[72.03151,21.6435],[72.03219,21.64303],[72.03328,21.64209],[72.0342,21.64128],[72.03472,21.64083],[72.0357,21.64024],[72.03637,21.63985],[72.03742,21.63825],[72.03759,21.63788],[72.03767,21.63704],[72.03773,21.63656],[72.03786,21.636],[72.03799,21.6356],[72.0378,21.63534],[72.0374,21.63504],[72.03635,21.63481],[72.03548,21.63422],[72.03502,21.63398],[72.0345,21.63405],[72.03314,21.63315],[72.03245,21.6325],[72.03237,21.63216],[72.03178,21.63195],[72.03191,21.6315],[72.03218,21.63003],[72.0325,21.62986],[72.03267,21.62931],[72.03289,21.62841],[72.03188,21.62852],[72.03178,21.62826],[72.0322,21.62791],[72.03288,21.6278],[72.03288,21.62798],[72.03321,21.62798],[72.0332,21.62787],[72.03387,21.6278],[72.03364,21.62597],[72.0336,21.62553],[72.03363,21.62505],[72.03372,21.62474],[72.03358,21.62446],[72.03337,21.62353],[72.03346,21.62262],[72.03349,21.62223],[72.03353,21.62075],[72.03359,21.62032],[72.03379,21.61976],[72.03396,21.61944],[72.03413,21.61888],[72.03442,21.61839],[72.03481,21.61748],[72.03547,21.61657],[72.03584,21.61557],[72.03622,21.6145],[72.03651,21.61335],[72.03594,21.61248],[72.03608,21.61109],[72.03617,21.61009],[72.03681,21.60924],[72.03755,21.6079],[72.03781,21.6075],[72.03886,21.60643],[72.03943,21.60556],[72.0399,21.60384],[72.04032,21.60245],[72.04082,21.60213],[72.04157,21.6016],[72.04221,21.60114],[72.04315,21.60108],[72.04351,21.59852],[72.04371,21.59743],[72.04405,21.59695],[72.04371,21.59692],[72.04381,21.59659],[72.04421,21.59643],[72.04388,21.59609],[72.04625,21.59397],[72.04649,21.59321],[72.04633,21.59283],[72.04556,21.59262],[72.044,21.59206],[72.04314,21.59131],[72.04342,21.59009],[72.04364,21.58959],[72.04409,21.58886],[72.04474,21.58772],[72.04493,21.58712],[72.045,21.58683],[72.0452,21.5866],[72.04561,21.58546],[72.04607,21.58469],[72.0465,21.58376],[72.04665,21.58298],[72.04684,21.58243],[72.04685,21.58203],[72.0468,21.58195],[72.04715,21.58104],[72.04737,21.58033],[72.04737,21.5801],[72.04787,21.57914],[72.04813,21.57879],[72.04806,21.5784],[72.04825,21.57752],[72.04891,21.57594],[72.04869,21.57426],[72.04848,21.57395],[72.04852,21.57253],[72.04851,21.57104],[72.04903,21.57082],[72.04992,21.56895],[72.05217,21.56871],[72.05342,21.56822],[72.0558,21.56855],[72.05784,21.56882],[72.05912,21.56978],[72.06018,21.57003],[72.06041,21.57027],[72.06035,21.57061],[72.06069,21.57072],[72.06127,21.57087],[72.06187,21.57094],[72.06229,21.57099],[72.06321,21.57133],[72.06433,21.57172],[72.06574,21.57231],[72.06662,21.57173],[72.06677,21.57161],[72.06741,21.57114],[72.06768,21.571],[72.06779,21.57085],[72.06775,21.57042],[72.0683,21.57001],[72.06849,21.56979],[72.06863,21.56945],[72.06888,21.56874],[72.06916,21.56875],[72.07034,21.56919],[72.07149,21.56965],[72.07301,21.57025],[72.07357,21.57049],[72.07425,21.57058],[72.07481,21.57062],[72.07535,21.57075],[72.07695,21.57104],[72.07697,21.5709],[72.07763,21.56921],[72.07881,21.56705],[72.07898,21.56672],[72.07971,21.56636],[72.08076,21.56361],[72.08005,21.56405],[72.07967,21.56453],[72.07828,21.56437],[72.07786,21.56376],[72.07629,21.563],[72.07543,21.56258],[72.07394,21.56182],[72.07334,21.56235],[72.07309,21.5621],[72.07234,21.56172],[72.07162,21.56116],[72.07129,21.56156],[72.07074,21.5616],[72.07008,21.56133],[72.06987,21.56085],[72.06989,21.56056],[72.06964,21.56049],[72.06949,21.55985],[72.06887,21.55949],[72.06836,21.55965],[72.06811,21.55952],[72.06808,21.55927],[72.06764,21.55903],[72.067,21.55887],[72.06673,21.55876],[72.06682,21.55851],[72.06692,21.55829],[72.06692,21.55818],[72.06639,21.55761],[72.06614,21.55799],[72.06584,21.55795],[72.06527,21.55751],[72.06493,21.55756],[72.06464,21.55748],[72.06459,21.55729],[72.06445,21.55721],[72.06421,21.55735],[72.06361,21.55748],[72.06321,21.55759],[72.06281,21.55754],[72.06178,21.55745],[72.06061,21.5574],[72.05941,21.55725],[72.05876,21.55717],[72.05711,21.55692],[72.05579,21.55767],[72.05495,21.5583],[72.05445,21.55839],[72.05418,21.55884],[72.05264,21.56058],[72.0506,21.564],[72.05023,21.56632],[72.04866,21.56752],[72.04855,21.56765],[72.04839,21.56773],[72.04754,21.5677],[72.04721,21.56732],[72.04691,21.56741],[72.04677,21.56771],[72.04513,21.56771],[72.04447,21.56803],[72.04398,21.56845],[72.04349,21.56908],[72.04294,21.56909],[72.04216,21.56963],[72.04145,21.57035],[72.04115,21.57017],[72.04057,21.5699],[72.04062,21.5691],[72.04024,21.56845],[72.03827,21.56974],[72.03772,21.57167],[72.03603,21.57129],[72.03513,21.57107],[72.03453,21.57113],[72.0339,21.57119],[72.03345,21.5712],[72.03282,21.57093],[72.03248,21.57104],[72.03219,21.57117],[72.03199,21.57132],[72.03177,21.57162],[72.03142,21.57195],[72.03084,21.57209],[72.02883,21.57163],[72.02711,21.57116],[72.0259,21.57084],[72.02539,21.57066],[72.02516,21.57056],[72.0231,21.56965],[72.02236,21.56938],[72.02135,21.56898],[72.02122,21.56786],[72.02117,21.56748],[72.02112,21.56717],[72.0212,21.56652],[72.021,21.56629],[72.02096,21.56588],[72.02114,21.56564],[72.02111,21.5651],[72.02069,21.565],[72.02084,21.56476],[72.02084,21.56425],[72.02023,21.5637],[72.01991,21.56199],[72.01891,21.56065],[72.01938,21.55972],[72.01956,21.55929],[72.02009,21.55848],[72.02036,21.55813],[72.02144,21.55672],[72.02155,21.55611],[72.02141,21.5558],[72.02223,21.55445],[72.02272,21.55359],[72.02312,21.55294],[72.0232,21.55202],[72.02387,21.55104],[72.02426,21.55045],[72.02515,21.54977],[72.02563,21.54858],[72.0265,21.54731],[72.02667,21.54669],[72.02671,21.54647],[72.0274,21.54513],[72.02878,21.54556],[72.0312,21.54564],[72.03292,21.54668],[72.03424,21.5463],[72.03472,21.54606],[72.03524,21.54593],[72.0359,21.54576],[72.03709,21.54571],[72.0388,21.54576],[72.03908,21.54595],[72.04082,21.54623],[72.04163,21.54618],[72.0429,21.54641],[72.04441,21.54678],[72.04568,21.54665],[72.04706,21.54694],[72.04789,21.54719],[72.04904,21.54752],[72.05035,21.54811],[72.05143,21.54857],[72.05228,21.54867],[72.05241,21.54849],[72.05231,21.54786],[72.05292,21.54772],[72.05255,21.54713],[72.05269,21.54676],[72.05289,21.54661],[72.05266,21.54619],[72.05241,21.5453],[72.05252,21.5449],[72.05255,21.54476],[72.05225,21.54472],[72.05221,21.54427],[72.05242,21.54403],[72.05302,21.54375],[72.05307,21.54297],[72.05337,21.54273],[72.05386,21.54323],[72.05427,21.54276],[72.05472,21.54268],[72.05482,21.54231],[72.05459,21.54215],[72.05473,21.54177],[72.0562,21.54179],[72.05736,21.54066],[72.05748,21.54022],[72.0572,21.54011],[72.05759,21.53899],[72.05772,21.53736],[72.05775,21.53651],[72.05761,21.53518],[72.05802,21.53426],[72.0582,21.53416],[72.05853,21.53398],[72.05945,21.53371],[72.05972,21.53355],[72.06028,21.53342],[72.06046,21.53327],[72.06167,21.53339],[72.06207,21.53352],[72.0623,21.53359],[72.06443,21.53411],[72.06469,21.53425],[72.06497,21.53433],[72.06572,21.53443],[72.06747,21.53425],[72.06837,21.53419],[72.06926,21.53446],[72.07049,21.53503],[72.07201,21.53551],[72.07187,21.53618],[72.07402,21.53678],[72.0741,21.53646],[72.07423,21.53566],[72.07509,21.53574],[72.07581,21.53577],[72.07593,21.53577],[72.07608,21.53589],[72.07672,21.53646],[72.07701,21.53697],[72.07731,21.53701],[72.07757,21.537],[72.07926,21.53741],[72.08125,21.53785],[72.08178,21.53764],[72.08267,21.53782],[72.08373,21.5381],[72.08558,21.53821],[72.08605,21.53795],[72.08641,21.53783],[72.08688,21.53787],[72.08798,21.53793],[72.08877,21.53825],[72.08969,21.53816],[72.08984,21.53811],[72.09052,21.53796],[72.09263,21.53824],[72.09274,21.538],[72.09392,21.53771],[72.09541,21.53671],[72.09601,21.53635],[72.09554,21.53644],[72.09376,21.53641],[72.09372,21.53575],[72.09363,21.53435],[72.09378,21.53365],[72.0942,21.53301],[72.09362,21.53239],[72.09343,21.53178],[72.09342,21.53159],[72.09338,21.53139],[72.09343,21.5305],[72.09347,21.53],[72.0934,21.52986],[72.09306,21.52927],[72.09299,21.52864],[72.09265,21.52763],[72.09259,21.52673],[72.09242,21.52621],[72.09229,21.52601],[72.09219,21.52552],[72.0924,21.52524],[72.09208,21.5239],[72.09171,21.52215],[72.09193,21.52044],[72.09163,21.51821],[72.09207,21.51752],[72.09212,21.5164],[72.09231,21.51547],[72.093,21.51526],[72.09351,21.51476],[72.09443,21.51385],[72.09549,21.5125],[72.0956,21.51205],[72.09573,21.51111],[72.09606,21.50964],[72.09587,21.50976],[72.09577,21.50961],[72.09601,21.50841],[72.09602,21.50811],[72.09608,21.50689],[72.09603,21.50621],[72.09627,21.50534],[72.0963,21.50458],[72.0963,21.50416],[72.09619,21.50314],[72.09625,21.50211],[72.0968,21.50102],[72.09696,21.50078],[72.09726,21.50015],[72.0973,21.50008],[72.09753,21.49998],[72.09781,21.4998],[72.09812,21.49947],[72.09837,21.49916],[72.09889,21.49754],[72.09922,21.4965],[72.09895,21.49555],[72.09888,21.49503],[72.09964,21.49445],[72.10004,21.49405],[72.10072,21.49385],[72.10078,21.4932],[72.10094,21.49246],[72.10137,21.49246],[72.10256,21.4929],[72.10386,21.49271],[72.10382,21.4926],[72.10396,21.49206],[72.1041,21.49188],[72.10441,21.49181],[72.10454,21.4917],[72.10472,21.49164],[72.10538,21.49142],[72.10572,21.49107],[72.10581,21.49112],[72.10618,21.49086],[72.10667,21.49041],[72.10681,21.49024],[72.10739,21.48998],[72.10832,21.48954],[72.10966,21.48901],[72.11067,21.48866],[72.11153,21.48847],[72.11183,21.48828],[72.11268,21.4881],[72.11329,21.48785],[72.11347,21.48782],[72.11379,21.48783],[72.11469,21.48747],[72.11483,21.48747],[72.11539,21.48743],[72.11559,21.48735],[72.11601,21.48753],[72.11627,21.48762],[72.11659,21.48768],[72.1174,21.4877],[72.11754,21.48769],[72.11872,21.48755],[72.11934,21.48742],[72.12076,21.48707],[72.12097,21.48779],[72.12098,21.4887],[72.12121,21.48902],[72.12174,21.48946],[72.12316,21.4907],[72.12324,21.49094],[72.12345,21.49162],[72.12352,21.49201],[72.1236,21.4923],[72.12381,21.49259],[72.12429,21.49273],[72.12482,21.4929],[72.12593,21.49315],[72.12605,21.49321],[72.12707,21.49365],[72.12764,21.49375],[72.12772,21.49381],[72.12857,21.49449],[72.12953,21.49546],[72.13013,21.49592],[72.13071,21.49687],[72.13086,21.49698],[72.13256,21.49711],[72.1334,21.49707],[72.13512,21.49775],[72.13619,21.49818],[72.13659,21.49822],[72.13715,21.49854],[72.13842,21.4991],[72.13993,21.49965],[72.14012,21.49973],[72.14,21.4989],[72.14185,21.49761],[72.14278,21.49699],[72.143,21.49679],[72.1432,21.49652],[72.14463,21.49456],[72.1454,21.49412],[72.14567,21.493],[72.14616,21.49279],[72.14679,21.49203],[72.14675,21.49114],[72.14671,21.4902],[72.14652,21.4881],[72.14649,21.48777],[72.14617,21.486],[72.14505,21.48501],[72.145,21.4845],[72.1448,21.48273],[72.14483,21.48156],[72.14497,21.48078],[72.14481,21.4803],[72.14466,21.48032],[72.1445,21.4803],[72.14415,21.48018],[72.14274,21.47973],[72.14202,21.4795],[72.14155,21.47933],[72.14044,21.47914],[72.13989,21.47903],[72.13839,21.47862],[72.13692,21.47819],[72.13556,21.47789],[72.13199,21.47706],[72.13177,21.47691],[72.13179,21.47584],[72.1316,21.47542],[72.13155,21.47517],[72.13146,21.47484],[72.13119,21.47454],[72.13032,21.47595],[72.12812,21.4752],[72.12821,21.4749],[72.12677,21.47467],[72.1266,21.47411],[72.12646,21.47397],[72.12604,21.47455],[72.12585,21.47454],[72.12487,21.47427],[72.12464,21.47428],[72.12399,21.47444],[72.12342,21.47451],[72.12289,21.47445],[72.12262,21.47431],[72.12204,21.47392],[72.12092,21.4737],[72.12012,21.47369],[72.11926,21.4737],[72.11848,21.47367],[72.11729,21.47357],[72.11615,21.47331],[72.11433,21.4729],[72.11439,21.47248],[72.11445,21.472],[72.11449,21.47131],[72.11439,21.47111],[72.11427,21.47067],[72.11434,21.47021],[72.11432,21.47003],[72.11437,21.46954],[72.11439,21.46918],[72.11454,21.46849],[72.11453,21.46835],[72.11467,21.46807],[72.11483,21.46736],[72.11561,21.46674],[72.11585,21.46656],[72.11654,21.46667],[72.11701,21.46666],[72.1178,21.46663],[72.11807,21.46643],[72.11857,21.46603],[72.11926,21.46566],[72.12011,21.46537],[72.12065,21.46463],[72.12157,21.4641],[72.12144,21.46355],[72.1217,21.46334],[72.12225,21.46297],[72.12234,21.46261],[72.12242,21.46252],[72.12277,21.4624],[72.12295,21.46239],[72.12325,21.46236],[72.12333,21.46228],[72.12339,21.46201],[72.12325,21.46176],[72.12342,21.46042],[72.12346,21.46034],[72.12375,21.46036],[72.12465,21.46011],[72.12492,21.46003],[72.12567,21.4596],[72.12597,21.45945],[72.12613,21.45941],[72.12733,21.45934],[72.12726,21.45924],[72.12678,21.45884],[72.12608,21.45827],[72.12553,21.45792],[72.12502,21.45742],[72.12485,21.45718],[72.12476,21.45701],[72.12394,21.4556],[72.12337,21.45462],[72.12238,21.45323],[72.12224,21.45295],[72.12219,21.4527],[72.12317,21.45281],[72.12506,21.45299],[72.12694,21.45323],[72.12826,21.45338],[72.12933,21.45347],[72.13052,21.45365],[72.13098,21.45371],[72.13133,21.45373],[72.13147,21.453],[72.13166,21.45155],[72.13176,21.45078],[72.13188,21.44972],[72.13215,21.44853],[72.13231,21.4475],[72.1327,21.44658],[72.13286,21.44615],[72.13364,21.44363],[72.13368,21.44338],[72.13417,21.44214],[72.13464,21.44082],[72.13503,21.44011],[72.13541,21.43944],[72.13591,21.43839],[72.13628,21.43771],[72.13649,21.4369],[72.13668,21.43604],[72.13693,21.43519],[72.13842,21.43515],[72.14221,21.43532],[72.14394,21.43552],[72.14581,21.43615],[72.14654,21.43521],[72.14843,21.4326],[72.14901,21.43188],[72.1506,21.43002],[72.15087,21.42983],[72.1515,21.42857],[72.1524,21.42688],[72.15359,21.42637],[72.15367,21.42635],[72.15528,21.42496],[72.15538,21.42485],[72.15679,21.42307],[72.15935,21.42398],[72.16126,21.42454],[72.1631,21.42495],[72.16479,21.42531],[72.16611,21.42556],[72.16667,21.42434],[72.16764,21.42418],[72.16941,21.42407],[72.16963,21.42407],[72.17181,21.42441],[72.17307,21.42297],[72.17411,21.42349],[72.17564,21.42373],[72.17712,21.42396],[72.17735,21.42402],[72.17767,21.42524],[72.1779,21.4261],[72.17801,21.42638],[72.17817,21.42681],[72.17864,21.42827],[72.17963,21.42999],[72.17974,21.43053],[72.1798,21.43098],[72.18006,21.43098],[72.18142,21.43098],[72.1824,21.43094],[72.18288,21.43097],[72.18313,21.43213],[72.18364,21.43248],[72.18418,21.43282],[72.18431,21.43357],[72.18454,21.43478],[72.18465,21.43517],[72.18448,21.43611],[72.18779,21.43902],[72.18905,21.43974],[72.18948,21.4403],[72.19089,21.44122],[72.19175,21.44204],[72.19268,21.44283],[72.19339,21.44343],[72.19404,21.44375],[72.19433,21.44402],[72.19538,21.44492],[72.19605,21.44574],[72.19673,21.44645],[72.19743,21.44718],[72.19755,21.44733],[72.19697,21.45056],[72.19712,21.45106],[72.19703,21.45267],[72.19672,21.45549],[72.1966,21.45701],[72.19646,21.45786],[72.19584,21.46256],[72.19534,21.46656],[72.19549,21.4674],[72.19529,21.46745],[72.19526,21.46795],[72.19553,21.46867],[72.19584,21.46945],[72.19602,21.46978],[72.19621,21.47022],[72.19633,21.47058],[72.1964,21.47091],[72.19645,21.47115],[72.19648,21.47193],[72.19656,21.47228],[72.19677,21.47265],[72.19701,21.47289],[72.19709,21.47321],[72.19734,21.47385],[72.198,21.47555],[72.19806,21.47577],[72.19832,21.47705],[72.19844,21.47747],[72.19873,21.47712],[72.19907,21.47704],[72.19986,21.4772],[72.19975,21.47771],[72.19909,21.47947],[72.1979,21.47898],[72.19659,21.47902],[72.19515,21.47903],[72.1946,21.47902],[72.1943,21.48009],[72.19466,21.48011],[72.19455,21.48094],[72.19373,21.48086],[72.19319,21.48102],[72.1932,21.48197],[72.19167,21.48211],[72.19106,21.48224],[72.18977,21.48247],[72.18931,21.48252],[72.1894,21.48358],[72.18943,21.48411],[72.18788,21.48371],[72.18744,21.48503],[72.18759,21.48513],[72.18788,21.4852],[72.18938,21.48532],[72.1892,21.48608],[72.18923,21.48621],[72.18893,21.48684],[72.1894,21.48693],[72.18946,21.48755],[72.18966,21.4888],[72.18826,21.48869],[72.18765,21.48861],[72.18691,21.48922],[72.18709,21.48969],[72.18744,21.49081],[72.18898,21.49085],[72.18898,21.49092],[72.18853,21.49177],[72.18802,21.49228],[72.1845,21.49252],[72.18411,21.49265],[72.18411,21.4936]],[[72.18419,21.49562],[72.18316,21.49538],[72.18246,21.4954],[72.18236,21.4959],[72.18255,21.49594],[72.18254,21.49682],[72.18317,21.49686],[72.1844,21.49673],[72.18419,21.49562]]]]},"properties":{"Taluka":"Ghogha","District":"Bhavnagar","Dist_Id":"14","Taluka_Id":"14006"}},
{"type":"Feature","geometry":{"type":"Polygon","coordinates":[[[71.57267,21.4444],[71.57182,21.44512],[71.57125,21.44584],[71.56898,21.44602],[71.56638,21.44584],[71.56466,21.44541],[71.56148,21.44425],[71.55875,21.44367],[71.55746,21.44336],[71.55604,21.44272],[71.55495,21.44272],[71.55199,21.44298],[71.55084,21.44354],[71.55084,21.44326],[71.55084,21.44272],[71.55096,21.44048],[71.55113,21.43806],[71.55118,21.43753],[71.55129,21.43622],[71.55136,21.43486],[71.55136,21.43386],[71.55136,21.43258],[71.55125,21.43165],[71.55118,21.43027],[71.55134,21.42851],[71.55143,21.42726],[71.5514,21.42634],[71.55138,21.42541],[71.55138,21.42524],[71.55142,21.42458],[71.55156,21.42373],[71.55154,21.42305],[71.55156,21.42233],[71.55156,21.42002],[71.55142,21.41921],[71.5514,21.41857],[71.55133,21.41781],[71.55126,21.41734],[71.55129,21.41713],[71.55126,21.41685],[71.55086,21.41602],[71.54958,21.41437],[71.54922,21.41392],[71.54913,21.41373],[71.54913,21.41362],[71.54856,21.41337],[71.54775,21.41303],[71.54743,21.41297],[71.54648,21.41282],[71.54578,21.41263],[71.54482,21.41262],[71.54374,21.41256],[71.54383,21.41199],[71.54426,21.41107],[71.54425,21.41091],[71.54474,21.40999],[71.54483,21.40915],[71.54494,21.40912],[71.54549,21.40816],[71.54548,21.40803],[71.54589,21.40744],[71.54644,21.40737],[71.54724,21.40627],[71.5479,21.40547],[71.54812,21.40508],[71.54829,21.4049],[71.54843,21.40436],[71.54873,21.40371],[71.5489,21.40323],[71.54955,21.40168],[71.54972,21.40107],[71.55009,21.40048],[71.55033,21.39966],[71.55041,21.39901],[71.55068,21.39759],[71.55167,21.39782],[71.55222,21.39805],[71.55208,21.39841],[71.55188,21.39913],[71.55176,21.39972],[71.55182,21.40001],[71.5521,21.40087],[71.5525,21.40149],[71.55301,21.40186],[71.55313,21.40186],[71.55399,21.40185],[71.55447,21.40219],[71.55502,21.40258],[71.55538,21.40268],[71.55539,21.40291],[71.55553,21.40361],[71.55596,21.40407],[71.5561,21.4044],[71.55618,21.40464],[71.55622,21.40486],[71.55647,21.40506],[71.5567,21.40549],[71.55692,21.40587],[71.55719,21.40592],[71.55791,21.40574],[71.55884,21.40592],[71.55996,21.40611],[71.5609,21.40634],[71.56173,21.4066],[71.56245,21.40692],[71.56284,21.40668],[71.56302,21.40668],[71.56382,21.40644],[71.5651,21.40583],[71.56568,21.40585],[71.56788,21.40599],[71.56932,21.4059],[71.57088,21.40583],[71.57123,21.40587],[71.57303,21.4061],[71.57415,21.40628],[71.57526,21.40628],[71.57615,21.40639],[71.57711,21.40645],[71.57855,21.40658],[71.57934,21.40655],[71.58092,21.40656],[71.58127,21.40638],[71.58131,21.40554],[71.58127,21.40505],[71.58126,21.40394],[71.58129,21.40325],[71.58122,21.40278],[71.58116,21.40237],[71.5811,21.40141],[71.58115,21.40112],[71.58135,21.40074],[71.58152,21.40032],[71.58169,21.39991],[71.58189,21.39963],[71.58152,21.39898],[71.5812,21.39868],[71.58033,21.39753],[71.58053,21.39689],[71.58084,21.39603],[71.58093,21.39566],[71.58093,21.39505],[71.58098,21.39435],[71.5809,21.39385],[71.58066,21.39326],[71.58049,21.39277],[71.58036,21.39248],[71.58037,21.39179],[71.58044,21.39131],[71.5805,21.3911],[71.5805,21.3909],[71.58048,21.39031],[71.58043,21.38949],[71.58039,21.38855],[71.58039,21.38847],[71.58043,21.38789],[71.58055,21.38711],[71.58067,21.38664],[71.58075,21.3861],[71.58075,21.3856],[71.58071,21.38539],[71.58088,21.38486],[71.58109,21.38409],[71.58114,21.3834],[71.58127,21.38307],[71.58136,21.38287],[71.58138,21.3824],[71.58143,21.38141],[71.58154,21.38038],[71.58195,21.38035],[71.58193,21.37974],[71.582,21.37937],[71.5821,21.37921],[71.58219,21.37875],[71.58219,21.37819],[71.58223,21.37792],[71.58182,21.37659],[71.58169,21.3762],[71.58172,21.37605],[71.58247,21.37606],[71.58293,21.37597],[71.58344,21.37585],[71.58361,21.37575],[71.58382,21.37528],[71.58375,21.37501],[71.58349,21.37483],[71.58342,21.37416],[71.58318,21.3739],[71.58316,21.37352],[71.58331,21.37342],[71.58298,21.37331],[71.58285,21.37286],[71.58268,21.37248],[71.58307,21.37211],[71.58296,21.37182],[71.58319,21.37125],[71.58289,21.37127],[71.58288,21.37109],[71.58268,21.37084],[71.58263,21.37051],[71.58259,21.36989],[71.58254,21.36966],[71.58244,21.36964],[71.58231,21.36964],[71.58207,21.36959],[71.57938,21.36923],[71.57871,21.36913],[71.57842,21.36904],[71.57838,21.36892],[71.57766,21.36893],[71.57751,21.36889],[71.57678,21.36867],[71.5754,21.36837],[71.57535,21.36828],[71.57535,21.36813],[71.57482,21.36796],[71.57338,21.36757],[71.57288,21.36747],[71.57278,21.36728],[71.57264,21.36738],[71.57224,21.36723],[71.57076,21.36666],[71.57014,21.36666],[71.5689,21.36665],[71.56856,21.36641],[71.56727,21.36596],[71.56579,21.36588],[71.56571,21.36569],[71.5653,21.36573],[71.56507,21.36574],[71.56474,21.36578],[71.56434,21.36575],[71.5633,21.36529],[71.56258,21.3651],[71.56211,21.365],[71.56163,21.36506],[71.56137,21.36495],[71.56068,21.36527],[71.56027,21.36556],[71.55985,21.36591],[71.55972,21.36593],[71.5596,21.36609],[71.55955,21.36636],[71.5595,21.3668],[71.55914,21.36739],[71.55814,21.36747],[71.55791,21.36772],[71.55786,21.36778],[71.55805,21.36827],[71.55721,21.36831],[71.55699,21.36835],[71.55675,21.36835],[71.55622,21.3686],[71.55546,21.36887],[71.55489,21.36908],[71.55473,21.36908],[71.55448,21.36948],[71.55434,21.3698],[71.55442,21.37004],[71.55408,21.37027],[71.55303,21.37051],[71.55267,21.37058],[71.55224,21.37086],[71.55166,21.37098],[71.5513,21.37106],[71.55061,21.37192],[71.55022,21.37232],[71.54978,21.37289],[71.54936,21.37344],[71.54895,21.37402],[71.54834,21.37495],[71.54772,21.37568],[71.54756,21.37585],[71.54693,21.37582],[71.54623,21.37581],[71.54586,21.37573],[71.54503,21.37579],[71.54379,21.37583],[71.54348,21.37585],[71.54266,21.37586],[71.54269,21.37546],[71.54107,21.37521],[71.53963,21.37492],[71.53871,21.37481],[71.53809,21.37488],[71.53761,21.37477],[71.53732,21.37469],[71.537,21.3746],[71.53488,21.374],[71.53416,21.37389],[71.53333,21.3738],[71.53191,21.37358],[71.53129,21.37334],[71.52998,21.37322],[71.5297,21.3732],[71.52863,21.37322],[71.52799,21.37255],[71.52769,21.37168],[71.52766,21.37137],[71.52764,21.3708],[71.52783,21.37047],[71.52789,21.37036],[71.52821,21.36979],[71.52869,21.36888],[71.52849,21.3685],[71.52882,21.36785],[71.52907,21.36751],[71.52941,21.36657],[71.52941,21.36639],[71.52921,21.36581],[71.52958,21.36463],[71.5296,21.36453],[71.52929,21.36423],[71.52931,21.36348],[71.5294,21.3622],[71.52917,21.36179],[71.52945,21.36086],[71.5292,21.36024],[71.52917,21.35952],[71.52912,21.35936],[71.52817,21.35877],[71.52832,21.3585],[71.52897,21.35856],[71.52892,21.35805],[71.52827,21.35755],[71.52855,21.35704],[71.52814,21.3555],[71.5276,21.35489],[71.52718,21.35474],[71.52706,21.35366],[71.527,21.35155],[71.52741,21.35085],[71.52665,21.35055],[71.52531,21.35048],[71.52569,21.34926],[71.52547,21.34756],[71.52514,21.34748],[71.52486,21.3476],[71.52477,21.34787],[71.52447,21.34791],[71.52445,21.34705],[71.52384,21.34678],[71.52376,21.34567],[71.52295,21.34511],[71.52236,21.34455],[71.52229,21.34366],[71.52185,21.34354],[71.52168,21.34299],[71.52127,21.34226],[71.52146,21.34181],[71.52162,21.34142],[71.52134,21.34099],[71.5216,21.34002],[71.52213,21.33947],[71.52095,21.33931],[71.52103,21.33894],[71.52127,21.33879],[71.52148,21.33877],[71.52138,21.33768],[71.52125,21.33759],[71.52106,21.33809],[71.52081,21.33777],[71.52077,21.3376],[71.52085,21.33734],[71.52075,21.33696],[71.52081,21.33671],[71.52086,21.33652],[71.52119,21.33633],[71.52094,21.33619],[71.52105,21.33594],[71.52094,21.33568],[71.5212,21.33551],[71.52101,21.33517],[71.52132,21.33514],[71.52124,21.3347],[71.52173,21.33412],[71.52173,21.33385],[71.52191,21.33347],[71.52215,21.33339],[71.52186,21.33282],[71.52228,21.33278],[71.52232,21.33241],[71.52267,21.33223],[71.52259,21.33189],[71.52285,21.33173],[71.52278,21.33158],[71.5229,21.33132],[71.52327,21.33111],[71.52313,21.33084],[71.52314,21.33049],[71.52344,21.32983],[71.52362,21.32916],[71.52358,21.32851],[71.52367,21.32778],[71.52383,21.32752],[71.52399,21.32714],[71.52414,21.32683],[71.52457,21.32632],[71.52472,21.32578],[71.52515,21.32538],[71.52534,21.32477],[71.52564,21.32361],[71.5261,21.32275],[71.52629,21.32263],[71.52639,21.31916],[71.52647,21.31781],[71.52562,21.31685],[71.52574,21.31665],[71.52643,21.31611],[71.5269,21.31562],[71.52731,21.3153],[71.52786,21.31525],[71.52878,21.31484],[71.52976,21.3148],[71.53012,21.31451],[71.53045,21.31471],[71.53235,21.31429],[71.53266,21.31421],[71.53304,21.31423],[71.53358,21.3136],[71.53312,21.31293],[71.53282,21.31209],[71.53268,21.31152],[71.5325,21.31106],[71.53241,21.31092],[71.53293,21.3105],[71.53321,21.31024],[71.53346,21.30981],[71.53338,21.30958],[71.53359,21.30932],[71.53373,21.30918],[71.53444,21.30865],[71.53467,21.30875],[71.53498,21.30858],[71.53534,21.3083],[71.53581,21.30794],[71.53606,21.30757],[71.53659,21.30704],[71.53631,21.3067],[71.536,21.30631],[71.53552,21.30561],[71.53504,21.30451],[71.53494,21.30434],[71.53494,21.30351],[71.53508,21.30291],[71.53552,21.30227],[71.53563,21.30178],[71.53567,21.30134],[71.53546,21.30038],[71.5353,21.29996],[71.5361,21.29945],[71.53689,21.29896],[71.53667,21.29879],[71.53643,21.2985],[71.53589,21.29839],[71.53546,21.298],[71.5354,21.29799],[71.53514,21.29774],[71.53503,21.29753],[71.53498,21.29677],[71.53506,21.29629],[71.53527,21.29498],[71.53469,21.2946],[71.53435,21.2945],[71.5339,21.29431],[71.5337,21.29405],[71.53309,21.29324],[71.53209,21.2922],[71.53235,21.29188],[71.53261,21.29163],[71.53236,21.29105],[71.53241,21.28957],[71.53239,21.28946],[71.53235,21.2893],[71.53226,21.28892],[71.53194,21.28796],[71.53163,21.28698],[71.53149,21.28671],[71.5312,21.28542],[71.53122,21.28524],[71.53118,21.28441],[71.53106,21.28332],[71.53101,21.28288],[71.53106,21.2823],[71.5311,21.28181],[71.53122,21.28135],[71.53143,21.28097],[71.53166,21.28065],[71.53151,21.28051],[71.53107,21.28039],[71.53118,21.28014],[71.53066,21.27975],[71.52966,21.27891],[71.52857,21.27801],[71.52774,21.27748],[71.52782,21.27735],[71.52834,21.27712],[71.52888,21.27608],[71.5289,21.2753],[71.52903,21.27406],[71.52919,21.27341],[71.52937,21.27316],[71.52942,21.27301],[71.52963,21.27278],[71.52966,21.27252],[71.52976,21.27225],[71.52992,21.27153],[71.53004,21.27108],[71.53025,21.27063],[71.53051,21.27075],[71.53057,21.27008],[71.53083,21.26992],[71.53123,21.26983],[71.53139,21.26963],[71.53202,21.26934],[71.53238,21.26934],[71.53246,21.26942],[71.53268,21.26948],[71.53277,21.26942],[71.53281,21.26936],[71.53295,21.26927],[71.53299,21.26919],[71.5332,21.26914],[71.53338,21.2692],[71.53352,21.26923],[71.53385,21.26801],[71.53367,21.26801],[71.53271,21.26813],[71.53215,21.26809],[71.53201,21.26804],[71.53209,21.26722],[71.53219,21.26693],[71.5322,21.26681],[71.53219,21.26656],[71.53224,21.26645],[71.53233,21.26615],[71.53238,21.26597],[71.53253,21.26584],[71.53251,21.26554],[71.53269,21.26467],[71.53281,21.26438],[71.53276,21.26402],[71.53281,21.2626],[71.53289,21.2625],[71.53114,21.26147],[71.53085,21.26133],[71.53142,21.26086],[71.53169,21.26038],[71.53197,21.26044],[71.53215,21.26016],[71.53225,21.26013],[71.53301,21.25938],[71.53347,21.25886],[71.53393,21.25848],[71.53496,21.25879],[71.53539,21.2593],[71.53576,21.25939],[71.53605,21.25959],[71.536,21.25979],[71.53678,21.26034],[71.53679,21.26051],[71.53745,21.26094],[71.53776,21.26097],[71.53847,21.2607],[71.53892,21.26053],[71.53927,21.25966],[71.5394,21.25964],[71.54001,21.258],[71.5405,21.25811],[71.54069,21.25792],[71.54163,21.25813],[71.54185,21.25768],[71.54223,21.25712],[71.54266,21.25621],[71.54351,21.25611],[71.54367,21.25586],[71.54374,21.2558],[71.54364,21.2554],[71.54437,21.25518],[71.54459,21.25455],[71.545,21.25346],[71.54541,21.25363],[71.54601,21.25393],[71.54697,21.25436],[71.54739,21.25362],[71.54766,21.25296],[71.54789,21.25296],[71.54793,21.25287],[71.54833,21.25303],[71.54875,21.25317],[71.54891,21.25328],[71.54931,21.25345],[71.54995,21.25371],[71.55081,21.25414],[71.55164,21.25444],[71.55187,21.25445],[71.55239,21.25472],[71.55224,21.25522],[71.55162,21.25624],[71.55211,21.25692],[71.55277,21.25755],[71.55331,21.25786],[71.55341,21.25828],[71.55373,21.25825],[71.55385,21.25856],[71.55428,21.25876],[71.55496,21.25917],[71.55554,21.25934],[71.55692,21.25909],[71.55734,21.25868],[71.5577,21.25737],[71.55751,21.25669],[71.55749,21.25643],[71.55761,21.2561],[71.5578,21.2557],[71.55816,21.2553],[71.55853,21.2554],[71.55928,21.25588],[71.55989,21.25637],[71.56049,21.25675],[71.56064,21.25562],[71.56079,21.25485],[71.56089,21.25452],[71.56069,21.25404],[71.56006,21.25365],[71.55982,21.25346],[71.55916,21.25268],[71.55876,21.25219],[71.55871,21.25182],[71.55842,21.25158],[71.55756,21.25085],[71.55721,21.25048],[71.55781,21.24954],[71.55729,21.24878],[71.5571,21.24869],[71.55693,21.24843],[71.55679,21.2481],[71.55634,21.24737],[71.55622,21.24728],[71.55583,21.24692],[71.55534,21.2469],[71.55522,21.24661],[71.55511,21.24645],[71.55525,21.24627],[71.55525,21.2459],[71.55541,21.24547],[71.55549,21.24508],[71.55562,21.24461],[71.55569,21.2441],[71.55576,21.24368],[71.55573,21.24271],[71.5557,21.24203],[71.5556,21.24098],[71.55554,21.24052],[71.55531,21.2398],[71.55536,21.23909],[71.55505,21.2386],[71.55518,21.23824],[71.55532,21.23764],[71.55555,21.2367],[71.5556,21.23634],[71.55572,21.23556],[71.55631,21.23554],[71.55657,21.23491],[71.55691,21.23412],[71.55731,21.23342],[71.55763,21.2326],[71.55736,21.23238],[71.55644,21.23179],[71.55575,21.23125],[71.55567,21.2307],[71.55521,21.2302],[71.5552,21.22946],[71.55503,21.22916],[71.55514,21.22849],[71.55498,21.22863],[71.55479,21.22853],[71.55486,21.22841],[71.5546,21.22795],[71.55413,21.22769],[71.5541,21.22754],[71.55423,21.22738],[71.55437,21.22741],[71.55508,21.2276],[71.55606,21.22786],[71.55633,21.22805],[71.55678,21.22823],[71.55878,21.22893],[71.55981,21.22898],[71.56004,21.22803],[71.56017,21.22755],[71.55972,21.22748],[71.55982,21.22709],[71.56021,21.22585],[71.56043,21.22564],[71.5612,21.22595],[71.56141,21.22597],[71.56141,21.22616],[71.56175,21.22633],[71.56235,21.22647],[71.56292,21.22451],[71.56316,21.22448],[71.56329,21.22433],[71.56322,21.22425],[71.56333,21.22397],[71.56338,21.22365],[71.56349,21.22349],[71.56388,21.22358],[71.56401,21.22323],[71.56448,21.22304],[71.56448,21.22284],[71.56459,21.22236],[71.56478,21.22241],[71.565,21.2224],[71.56551,21.22229],[71.56621,21.22204],[71.56668,21.22202],[71.56686,21.22178],[71.56744,21.22098],[71.56817,21.22013],[71.56922,21.21929],[71.56967,21.21927],[71.56992,21.21928],[71.57008,21.21917],[71.57116,21.21907],[71.57204,21.21905],[71.57265,21.21907],[71.57324,21.21936],[71.57389,21.21933],[71.57461,21.21934],[71.57611,21.22023],[71.57624,21.22026],[71.57652,21.22006],[71.57628,21.21975],[71.57598,21.21945],[71.57591,21.21931],[71.5755,21.21891],[71.57542,21.21879],[71.57487,21.21828],[71.57473,21.2181],[71.5742,21.21764],[71.57376,21.21721],[71.57338,21.21689],[71.57318,21.21664],[71.57253,21.21608],[71.57206,21.21565],[71.57132,21.21505],[71.57113,21.21493],[71.57054,21.21439],[71.56996,21.2139],[71.56977,21.21378],[71.56938,21.21355],[71.56916,21.21341],[71.56868,21.2129],[71.56824,21.21251],[71.56852,21.21218],[71.56901,21.21167],[71.56895,21.21158],[71.56869,21.21133],[71.56842,21.21076],[71.56876,21.21071],[71.56934,21.21075],[71.56983,21.21067],[71.57026,21.21058],[71.57043,21.21066],[71.57053,21.21039],[71.57099,21.21053],[71.57112,21.21071],[71.57138,21.21101],[71.57167,21.21108],[71.57181,21.21091],[71.57227,21.2111],[71.57252,21.2112],[71.57269,21.21127],[71.57317,21.2112],[71.57347,21.21095],[71.5735,21.21074],[71.57405,21.21063],[71.57481,21.21029],[71.57486,21.21006],[71.57514,21.21001],[71.57527,21.20983],[71.57556,21.20976],[71.57593,21.20963],[71.576,21.20945],[71.57614,21.20913],[71.57669,21.20889],[71.57708,21.20881],[71.57742,21.2089],[71.57763,21.20871],[71.57797,21.20886],[71.57815,21.20889],[71.57832,21.20847],[71.57843,21.20808],[71.57852,21.20781],[71.57824,21.20774],[71.57796,21.20761],[71.57765,21.20741],[71.57742,21.20734],[71.57758,21.20695],[71.57761,21.2067],[71.57778,21.20645],[71.57791,21.20624],[71.57763,21.20623],[71.57763,21.20574],[71.57761,21.20561],[71.57765,21.2054],[71.57773,21.20534],[71.57823,21.20548],[71.57883,21.20575],[71.57934,21.20589],[71.57967,21.20525],[71.57983,21.20478],[71.58005,21.20429],[71.58033,21.20374],[71.58042,21.20357],[71.58028,21.20347],[71.5806,21.20274],[71.58085,21.20225],[71.58117,21.20167],[71.5813,21.20132],[71.58151,21.20077],[71.58173,21.20021],[71.58192,21.19977],[71.58217,21.1991],[71.58229,21.19885],[71.58195,21.19877],[71.5818,21.19873],[71.58166,21.19855],[71.58121,21.19839],[71.58086,21.19827],[71.58097,21.1978],[71.58106,21.19746],[71.58117,21.1972],[71.58143,21.19725],[71.58163,21.19686],[71.58168,21.19647],[71.58174,21.19627],[71.58194,21.19608],[71.58213,21.19556],[71.58252,21.19484],[71.58292,21.19403],[71.5832,21.19337],[71.58351,21.19307],[71.58373,21.19276],[71.58395,21.19235],[71.58366,21.19214],[71.58339,21.19187],[71.58335,21.19164],[71.58359,21.19166],[71.58437,21.19173],[71.58483,21.1919],[71.58582,21.19218],[71.58614,21.19198],[71.58666,21.19221],[71.58768,21.19261],[71.58804,21.1928],[71.58837,21.19308],[71.5891,21.19303],[71.58934,21.19256],[71.58949,21.19243],[71.58958,21.19224],[71.5901,21.1923],[71.5904,21.19207],[71.5907,21.19178],[71.59093,21.19153],[71.59147,21.19119],[71.5918,21.19081],[71.59205,21.19047],[71.59249,21.18976],[71.59304,21.19048],[71.59356,21.19113],[71.59408,21.19168],[71.59452,21.19207],[71.59495,21.19246],[71.59563,21.19256],[71.596,21.19251],[71.59675,21.19238],[71.59729,21.19227],[71.59767,21.19255],[71.59815,21.19268],[71.59831,21.19221],[71.59883,21.19242],[71.59967,21.19252],[71.59993,21.19205],[71.60028,21.19155],[71.60043,21.19134],[71.60075,21.19118],[71.60135,21.19159],[71.6022,21.19218],[71.60279,21.19257],[71.60313,21.19279],[71.6034,21.19318],[71.6042,21.19382],[71.60453,21.19314],[71.60487,21.19273],[71.60538,21.19255],[71.6056,21.19248],[71.60601,21.19203],[71.60639,21.19184],[71.60689,21.19174],[71.60717,21.19189],[71.60749,21.19229],[71.60786,21.19237],[71.60816,21.19236],[71.60857,21.19263],[71.60856,21.19286],[71.60845,21.19329],[71.60832,21.19357],[71.60812,21.19377],[71.60786,21.19367],[71.6076,21.19399],[71.60722,21.19443],[71.60667,21.19518],[71.60625,21.19575],[71.60604,21.196],[71.60612,21.1964],[71.60623,21.19655],[71.60689,21.19705],[71.60761,21.19766],[71.60828,21.19819],[71.60884,21.19864],[71.60905,21.19873],[71.6092,21.19878],[71.60955,21.19906],[71.6102,21.19958],[71.61077,21.20006],[71.61106,21.20025],[71.61132,21.20002],[71.61175,21.20038],[71.61246,21.20093],[71.61275,21.20115],[71.61302,21.20129],[71.6135,21.20121],[71.61353,21.20141],[71.61356,21.20197],[71.61361,21.20234],[71.61377,21.20276],[71.61395,21.20306],[71.61418,21.20314],[71.6143,21.20322],[71.6141,21.20353],[71.61398,21.20381],[71.61393,21.20398],[71.61435,21.20425],[71.61462,21.2045],[71.61501,21.20482],[71.61532,21.20507],[71.61568,21.2053],[71.61592,21.20539],[71.61617,21.20551],[71.6166,21.20578],[71.61668,21.20587],[71.61686,21.20613],[71.61716,21.20642],[71.61765,21.20689],[71.61818,21.20724],[71.61875,21.20762],[71.61914,21.20796],[71.61933,21.20816],[71.61946,21.20835],[71.61981,21.20848],[71.61999,21.20865],[71.6205,21.20906],[71.62106,21.20954],[71.62168,21.21007],[71.62242,21.21059],[71.62309,21.21103],[71.62347,21.2113],[71.62361,21.21137],[71.62367,21.21166],[71.62414,21.21199],[71.62487,21.21254],[71.62541,21.21287],[71.62614,21.21334],[71.62574,21.21397],[71.62559,21.21419],[71.62553,21.21442],[71.62542,21.21465],[71.6252,21.21488],[71.62498,21.21523],[71.6254,21.21543],[71.62563,21.21572],[71.62535,21.21595],[71.62492,21.21609],[71.62488,21.21625],[71.62478,21.21681],[71.62456,21.21667],[71.62453,21.21746],[71.62457,21.21855],[71.62462,21.2192],[71.62434,21.21992],[71.62407,21.21998],[71.6249,21.22053],[71.62554,21.22106],[71.62563,21.22096],[71.62614,21.22124],[71.6269,21.22209],[71.62807,21.22293],[71.62819,21.22329],[71.62788,21.22321],[71.62771,21.22338],[71.62753,21.22392],[71.62787,21.22461],[71.62866,21.22501],[71.63014,21.22506],[71.63381,21.22489],[71.63491,21.22483],[71.63523,21.22375],[71.63575,21.222],[71.63633,21.22207],[71.63707,21.22225],[71.63802,21.22257],[71.63931,21.22313],[71.64027,21.22366],[71.6407,21.22395],[71.64146,21.22416],[71.64344,21.22474],[71.64454,21.22516],[71.6456,21.22557],[71.6464,21.22591],[71.64674,21.22585],[71.64694,21.227],[71.64701,21.22742],[71.64728,21.22801],[71.64722,21.22841],[71.64748,21.22911],[71.64787,21.22914],[71.64823,21.22964],[71.64876,21.23005],[71.64912,21.23031],[71.64976,21.23067],[71.64975,21.23132],[71.64992,21.23182],[71.6502,21.23219],[71.65021,21.23253],[71.65004,21.23295],[71.6492,21.23284],[71.649,21.23347],[71.65004,21.23433],[71.65141,21.23562],[71.65289,21.23694],[71.65422,21.23816],[71.65557,21.23945],[71.6559,21.23979],[71.65693,21.24062],[71.65725,21.2409],[71.65899,21.24243],[71.65951,21.2428],[71.65956,21.24288],[71.6604,21.2426],[71.66145,21.24266],[71.66183,21.24285],[71.66241,21.24306],[71.66324,21.24314],[71.66404,21.2435],[71.66445,21.2438],[71.66476,21.24391],[71.66727,21.24512],[71.668,21.24523],[71.66955,21.24597],[71.67133,21.24671],[71.6722,21.24681],[71.67274,21.24698],[71.67314,21.24718],[71.67359,21.2473],[71.67395,21.24743],[71.67443,21.24721],[71.67467,21.24696],[71.67541,21.24701],[71.67578,21.247],[71.67633,21.247],[71.67677,21.24722],[71.67687,21.24705],[71.67719,21.24718],[71.67746,21.24727],[71.67755,21.24724],[71.67853,21.24748],[71.67913,21.24755],[71.67932,21.24766],[71.67931,21.24781],[71.68025,21.24812],[71.68087,21.24821],[71.68119,21.24831],[71.68175,21.24859],[71.68241,21.2488],[71.68274,21.249],[71.68354,21.24944],[71.68355,21.24965],[71.68409,21.24984],[71.68455,21.25003],[71.685,21.25016],[71.68532,21.2502],[71.68551,21.2502],[71.68546,21.25081],[71.68619,21.25127],[71.68699,21.25153],[71.68797,21.25233],[71.68891,21.25238],[71.68929,21.2528],[71.68945,21.25318],[71.68981,21.25452],[71.6898,21.25508],[71.68977,21.2563],[71.69059,21.25739],[71.69056,21.25751],[71.68973,21.2592],[71.69005,21.26014],[71.68982,21.2615],[71.68958,21.26171],[71.68909,21.2621],[71.68845,21.26242],[71.68788,21.26267],[71.68801,21.26314],[71.68822,21.26383],[71.68824,21.26397],[71.68825,21.264],[71.68845,21.26435],[71.68884,21.26455],[71.68905,21.26476],[71.68896,21.26503],[71.68852,21.26513],[71.68846,21.26532],[71.68875,21.26564],[71.68925,21.26559],[71.68939,21.26568],[71.68988,21.26629],[71.69028,21.267],[71.69076,21.26746],[71.69155,21.26817],[71.69138,21.26864],[71.69103,21.26932],[71.6921,21.27019],[71.69187,21.27069],[71.69145,21.27138],[71.69146,21.27196],[71.69254,21.27135],[71.69354,21.2704],[71.69392,21.27032],[71.69445,21.26961],[71.69492,21.26907],[71.69555,21.26853],[71.69583,21.26876],[71.69596,21.26898],[71.69676,21.26933],[71.69741,21.26962],[71.6978,21.26985],[71.69913,21.27056],[71.70041,21.26968],[71.70127,21.26925],[71.70205,21.26886],[71.70331,21.26957],[71.70376,21.26982],[71.70403,21.27019],[71.70414,21.2705],[71.70464,21.2707],[71.7064,21.27145],[71.70701,21.27174],[71.70799,21.27225],[71.70898,21.27275],[71.70952,21.27296],[71.71049,21.27328],[71.71139,21.27357],[71.7131,21.27436],[71.71374,21.27471],[71.71379,21.27501],[71.71364,21.27544],[71.71337,21.27562],[71.71387,21.27607],[71.71379,21.27683],[71.71415,21.27716],[71.7142,21.27729],[71.71404,21.27807],[71.71415,21.27821],[71.71444,21.27855],[71.71475,21.27897],[71.71545,21.27938],[71.71583,21.27946],[71.71628,21.2796],[71.71681,21.28],[71.71736,21.28043],[71.7174,21.28096],[71.71786,21.28123],[71.71841,21.28147],[71.71892,21.28197],[71.71983,21.28233],[71.72115,21.28293],[71.72157,21.28365],[71.72235,21.28388],[71.72313,21.28405],[71.72333,21.28463],[71.72543,21.28533],[71.72577,21.28552],[71.72717,21.28669],[71.72801,21.28732],[71.72913,21.28826],[71.73023,21.2894],[71.73144,21.2904],[71.73307,21.29132],[71.73458,21.29137],[71.73569,21.29198],[71.73642,21.29222],[71.73699,21.29238],[71.73706,21.29225],[71.7373,21.2917],[71.73775,21.29045],[71.73815,21.2899],[71.7388,21.2894],[71.73961,21.28888],[71.73984,21.28863],[71.74006,21.28858],[71.74059,21.28823],[71.74127,21.28808],[71.74241,21.28791],[71.74282,21.28786],[71.74317,21.28724],[71.74275,21.28733],[71.74232,21.28748],[71.74165,21.28703],[71.74165,21.2866],[71.74167,21.28624],[71.74198,21.28559],[71.74145,21.28459],[71.74124,21.28429],[71.74112,21.2837],[71.74146,21.28326],[71.7415,21.2829],[71.74182,21.28238],[71.74246,21.28253],[71.74255,21.28092],[71.74253,21.28057],[71.74309,21.28059],[71.74329,21.27996],[71.74334,21.27939],[71.74347,21.27899],[71.74424,21.27752],[71.74448,21.27732],[71.74443,21.277],[71.74456,21.27681],[71.745,21.27654],[71.7458,21.27637],[71.74664,21.27621],[71.7473,21.2761],[71.74823,21.27582],[71.74848,21.27565],[71.74869,21.27553],[71.74915,21.27549],[71.74959,21.27522],[71.75027,21.27482],[71.75136,21.27413],[71.75193,21.27337],[71.75238,21.2732],[71.75262,21.27307],[71.75332,21.27281],[71.75401,21.27252],[71.75459,21.27227],[71.75493,21.27206],[71.75508,21.27193],[71.75569,21.27181],[71.75638,21.27167],[71.75665,21.2715],[71.75715,21.27135],[71.75731,21.27142],[71.75763,21.27146],[71.75827,21.27167],[71.75837,21.27103],[71.75912,21.27068],[71.75969,21.27039],[71.76051,21.26997],[71.76131,21.27038],[71.76198,21.27118],[71.76215,21.27196],[71.76233,21.27322],[71.76353,21.27476],[71.76442,21.27547],[71.76511,21.27625],[71.7653,21.27671],[71.76624,21.27747],[71.76617,21.27763],[71.76556,21.27793],[71.76547,21.27861],[71.76585,21.27893],[71.76645,21.27934],[71.76676,21.27959],[71.76692,21.27959],[71.76731,21.2801],[71.76785,21.28097],[71.76823,21.28139],[71.76847,21.28184],[71.76893,21.28253],[71.76923,21.28296],[71.76979,21.28365],[71.77081,21.28491],[71.77147,21.28574],[71.77202,21.28632],[71.77263,21.28688],[71.77319,21.28749],[71.77362,21.28804],[71.77428,21.28873],[71.77497,21.28921],[71.77555,21.28974],[71.77638,21.29012],[71.77698,21.29046],[71.77762,21.29089],[71.7781,21.29099],[71.7773,21.29225],[71.77708,21.29251],[71.77632,21.29353],[71.77504,21.29524],[71.77455,21.29582],[71.77443,21.29596],[71.77342,21.2971],[71.77218,21.29803],[71.77186,21.29874],[71.77148,21.29948],[71.77021,21.30084],[71.7702,21.30095],[71.77008,21.30125],[71.76951,21.30209],[71.76916,21.3023],[71.76873,21.3026],[71.76773,21.3042],[71.76734,21.30567],[71.76729,21.30648],[71.76723,21.30749],[71.76696,21.30865],[71.76649,21.3104],[71.76766,21.3111],[71.76903,21.31234],[71.77027,21.31295],[71.77158,21.31396],[71.77217,21.31442],[71.77374,21.31505],[71.77482,21.3158],[71.77591,21.31626],[71.7776,21.31717],[71.7785,21.31782],[71.77862,21.31864],[71.77889,21.32063],[71.77894,21.32075],[71.77855,21.32124],[71.77817,21.32292],[71.77808,21.32362],[71.77818,21.32367],[71.77798,21.32393],[71.77785,21.32425],[71.77716,21.32597],[71.77704,21.32626],[71.777,21.32662],[71.77703,21.32685],[71.77721,21.32763],[71.77739,21.32863],[71.77743,21.32929],[71.77739,21.33064],[71.77737,21.33084],[71.77615,21.33158],[71.77456,21.33244],[71.77436,21.3326],[71.77416,21.33282],[71.77379,21.33308],[71.77282,21.33362],[71.77219,21.33341],[71.77164,21.33367],[71.77125,21.33352],[71.77013,21.33352],[71.76963,21.33339],[71.76676,21.33273],[71.76599,21.33259],[71.76539,21.33262],[71.76237,21.33269],[71.75786,21.33269],[71.75674,21.33325],[71.75421,21.33413],[71.75185,21.33387],[71.74928,21.33361],[71.74671,21.33185],[71.74517,21.33159],[71.74285,21.33114],[71.74211,21.33142],[71.74193,21.33193],[71.74204,21.33227],[71.74365,21.33452],[71.74434,21.33523],[71.74467,21.3367],[71.74419,21.33801],[71.74509,21.33835],[71.74591,21.33931],[71.7465,21.34021],[71.74685,21.34262],[71.746,21.34285],[71.74698,21.34356],[71.74711,21.34421],[71.74717,21.34482],[71.74716,21.3463],[71.74704,21.3471],[71.74722,21.34792],[71.74764,21.34945],[71.74733,21.34981],[71.74852,21.35147],[71.74887,21.35232],[71.74929,21.35305],[71.74964,21.35382],[71.74992,21.35479],[71.75008,21.35528],[71.75051,21.35494],[71.75103,21.35455],[71.7522,21.35352],[71.75347,21.35402],[71.75369,21.35484],[71.75489,21.35525],[71.75775,21.35613],[71.76049,21.35703],[71.76211,21.35749],[71.76539,21.35848],[71.76789,21.35924],[71.77011,21.35988],[71.77259,21.36052],[71.77563,21.3613],[71.77764,21.36183],[71.77929,21.36223],[71.77961,21.36234],[71.78074,21.36375],[71.78152,21.36354],[71.78236,21.36316],[71.78273,21.3631],[71.78418,21.36333],[71.78522,21.36347],[71.78645,21.36362],[71.78827,21.36394],[71.78979,21.36383],[71.79094,21.36378],[71.79195,21.36382],[71.79291,21.36494],[71.79387,21.36572],[71.7942,21.3666],[71.7941,21.36736],[71.79401,21.36767],[71.79463,21.36846],[71.79502,21.3691],[71.79526,21.36973],[71.79569,21.37012],[71.79599,21.37074],[71.79686,21.37109],[71.79784,21.37159],[71.79832,21.37213],[71.79905,21.37242],[71.80001,21.37257],[71.80069,21.37276],[71.80096,21.37302],[71.80134,21.37314],[71.80228,21.37338],[71.80302,21.37322],[71.80364,21.37324],[71.80425,21.37337],[71.80484,21.3735],[71.80533,21.37412],[71.80612,21.37431],[71.80679,21.37402],[71.80731,21.37433],[71.80805,21.37508],[71.80857,21.37562],[71.80872,21.37612],[71.80859,21.37661],[71.80847,21.3772],[71.8084,21.37766],[71.80827,21.37802],[71.80805,21.37844],[71.80787,21.37892],[71.80735,21.37953],[71.80612,21.38029],[71.80605,21.38021],[71.80583,21.38004],[71.80488,21.37943],[71.80447,21.37934],[71.80228,21.37946],[71.80157,21.37889],[71.79991,21.37835],[71.79984,21.37841],[71.79908,21.37902],[71.7988,21.37939],[71.79691,21.37897],[71.79532,21.3798],[71.79487,21.38016],[71.79127,21.38151],[71.79013,21.38227],[71.78772,21.38383],[71.78663,21.38482],[71.78618,21.38551],[71.78548,21.38671],[71.78533,21.38695],[71.78515,21.38707],[71.78462,21.38768],[71.7845,21.38792],[71.78379,21.38865],[71.78321,21.38929],[71.78245,21.39025],[71.782,21.39082],[71.78181,21.39111],[71.78116,21.39172],[71.78093,21.39198],[71.7799,21.39258],[71.77965,21.39235],[71.77921,21.3924],[71.77879,21.39269],[71.77694,21.39389],[71.7767,21.39407],[71.77648,21.39454],[71.7763,21.39499],[71.77616,21.39516],[71.77602,21.39575],[71.77518,21.39522],[71.77465,21.39477],[71.77414,21.39434],[71.77401,21.3942],[71.77367,21.39394],[71.77342,21.39366],[71.7726,21.39306],[71.77218,21.3927],[71.77185,21.39253],[71.77118,21.39199],[71.77064,21.39158],[71.77046,21.3914],[71.76975,21.39085],[71.76938,21.39063],[71.76926,21.39048],[71.76887,21.3901],[71.76808,21.38934],[71.7677,21.38896],[71.76777,21.38948],[71.76755,21.38957],[71.76708,21.38891],[71.76705,21.38873],[71.76698,21.38875],[71.76658,21.3887],[71.76607,21.38864],[71.76559,21.38857],[71.76497,21.38851],[71.76442,21.38844],[71.76389,21.38842],[71.76372,21.38912],[71.76318,21.38923],[71.76279,21.38954],[71.76278,21.38983],[71.76283,21.39013],[71.7628,21.39031],[71.76288,21.39043],[71.76281,21.39078],[71.76334,21.39132],[71.76314,21.39223],[71.76306,21.39245],[71.76301,21.39372],[71.76331,21.39405],[71.76378,21.39442],[71.76383,21.39468],[71.76396,21.39557],[71.76404,21.39593],[71.76426,21.39645],[71.76444,21.39677],[71.76448,21.39741],[71.76449,21.39856],[71.76531,21.39849],[71.76652,21.3985],[71.76846,21.39849],[71.77108,21.39861],[71.77278,21.39846],[71.7737,21.39838],[71.77397,21.39822],[71.77491,21.3984],[71.77537,21.39836],[71.77619,21.39847],[71.77668,21.39909],[71.77695,21.39927],[71.77712,21.39962],[71.7773,21.40055],[71.77706,21.40101],[71.77697,21.40129],[71.77717,21.40136],[71.77751,21.40149],[71.78034,21.40318],[71.78087,21.4035],[71.78164,21.40389],[71.78192,21.40397],[71.78424,21.40511],[71.78474,21.40522],[71.78506,21.40531],[71.78707,21.40608],[71.78926,21.40671],[71.79285,21.40778],[71.79347,21.40793],[71.79316,21.4088],[71.79321,21.40941],[71.79293,21.41048],[71.79288,21.41092],[71.79332,21.41097],[71.79308,21.41134],[71.7931,21.41189],[71.79307,21.4122],[71.79281,21.41226],[71.79244,21.41326],[71.79247,21.41346],[71.79243,21.41356],[71.79256,21.41365],[71.79257,21.41416],[71.7928,21.41426],[71.7925,21.41472],[71.79197,21.41525],[71.79178,21.41552],[71.79143,21.41549],[71.79111,21.41605],[71.79065,21.41598],[71.79029,21.41661],[71.7899,21.41708],[71.78924,21.41728],[71.78936,21.4175],[71.78913,21.41807],[71.78876,21.41833],[71.78868,21.41807],[71.78818,21.41796],[71.78767,21.41837],[71.78761,21.4183],[71.78726,21.41824],[71.7872,21.41836],[71.78703,21.41896],[71.78712,21.41968],[71.78717,21.42048],[71.78699,21.42058],[71.78691,21.42081],[71.7864,21.42109],[71.78683,21.42126],[71.78686,21.42143],[71.78634,21.42142],[71.78635,21.42144],[71.78569,21.4234],[71.78587,21.42383],[71.78551,21.42394],[71.78478,21.42408],[71.78593,21.42496],[71.78631,21.42496],[71.7863,21.42618],[71.78672,21.42722],[71.78622,21.42764],[71.78654,21.4281],[71.78691,21.42877],[71.7869,21.42876],[71.78676,21.42867],[71.78607,21.42793],[71.78471,21.42699],[71.78446,21.4273],[71.78374,21.4282],[71.78313,21.42906],[71.78277,21.42968],[71.78201,21.4309],[71.78132,21.43202],[71.78134,21.43212],[71.78104,21.4325],[71.78024,21.43367],[71.77991,21.43449],[71.77937,21.4357],[71.77903,21.43591],[71.77913,21.43617],[71.78004,21.43717],[71.77961,21.43755],[71.77981,21.43777],[71.77931,21.43776],[71.77911,21.4377],[71.77854,21.4378],[71.77792,21.43755],[71.77762,21.43744],[71.77734,21.4372],[71.77665,21.43687],[71.77467,21.43701],[71.77333,21.43704],[71.77175,21.43679],[71.77169,21.43674],[71.77168,21.43592],[71.77067,21.43578],[71.76921,21.43571],[71.76866,21.43563],[71.76789,21.43541],[71.76732,21.4354],[71.76662,21.43546],[71.7658,21.43555],[71.76476,21.43557],[71.76429,21.43557],[71.76383,21.4355],[71.76347,21.43548],[71.76257,21.43548],[71.76144,21.43556],[71.76049,21.43535],[71.75959,21.4355],[71.75757,21.43548],[71.75666,21.43558],[71.75617,21.43557],[71.75488,21.43543],[71.75377,21.43537],[71.75331,21.43534],[71.75195,21.43502],[71.75161,21.43502],[71.74973,21.43504],[71.74865,21.43516],[71.74831,21.43523],[71.74813,21.43502],[71.7473,21.43438],[71.74708,21.43424],[71.74602,21.43406],[71.74533,21.43385],[71.74484,21.43372],[71.74447,21.43344],[71.74428,21.43299],[71.74411,21.4326],[71.74424,21.43235],[71.74456,21.43079],[71.74556,21.42655],[71.74564,21.42631],[71.74558,21.42583],[71.74644,21.42343],[71.7467,21.42283],[71.74689,21.42259],[71.74749,21.42095],[71.74788,21.42021],[71.7488,21.41846],[71.74885,21.41825],[71.75009,21.41452],[71.74919,21.41396],[71.74597,21.41354],[71.74194,21.4131],[71.7399,21.41319],[71.73861,21.41327],[71.73501,21.4139],[71.73318,21.41378],[71.73046,21.41373],[71.73027,21.41326],[71.72965,21.4131],[71.72885,21.41307],[71.72841,21.41276],[71.72834,21.41243],[71.72801,21.41226],[71.72759,21.41206],[71.72696,21.4116],[71.72764,21.41145],[71.72826,21.41092],[71.72812,21.41057],[71.72798,21.40973],[71.72752,21.40976],[71.72708,21.40966],[71.72689,21.40906],[71.72692,21.4089],[71.72727,21.40885],[71.72748,21.40902],[71.72768,21.40903],[71.728,21.40892],[71.72802,21.40817],[71.72796,21.40799],[71.72781,21.40752],[71.72745,21.40749],[71.72695,21.40729],[71.72661,21.40733],[71.72616,21.40712],[71.7256,21.40695],[71.72505,21.4067],[71.72479,21.40631],[71.72474,21.40606],[71.72468,21.40593],[71.72454,21.40545],[71.72458,21.40511],[71.72467,21.40493],[71.72447,21.40452],[71.72389,21.40427],[71.72356,21.40408],[71.7234,21.40386],[71.72337,21.40368],[71.72336,21.40332],[71.7236,21.40275],[71.72335,21.40242],[71.72335,21.40218],[71.72352,21.40183],[71.72363,21.4018],[71.72404,21.40146],[71.72401,21.40118],[71.72405,21.40078],[71.72391,21.40039],[71.72376,21.40007],[71.72377,21.39975],[71.72374,21.39948],[71.72379,21.39862],[71.72368,21.39836],[71.72373,21.39798],[71.72388,21.39694],[71.72397,21.3962],[71.72392,21.39542],[71.72372,21.39471],[71.72357,21.39482],[71.72335,21.39449],[71.72319,21.39422],[71.72297,21.39404],[71.72258,21.39364],[71.72238,21.39333],[71.72199,21.39263],[71.72179,21.39222],[71.72123,21.39187],[71.72085,21.39156],[71.72034,21.3912],[71.71921,21.39052],[71.71918,21.39068],[71.71905,21.3911],[71.7186,21.39113],[71.71835,21.39109],[71.71739,21.39071],[71.71727,21.39078],[71.71648,21.39153],[71.71611,21.39194],[71.71543,21.39258],[71.71486,21.39312],[71.71393,21.39394],[71.71297,21.3948],[71.71234,21.39535],[71.71114,21.39628],[71.71094,21.39645],[71.70991,21.39688],[71.70976,21.3972],[71.71011,21.39855],[71.71024,21.39913],[71.70997,21.40095],[71.70932,21.40173],[71.70826,21.40262],[71.70796,21.40283],[71.70728,21.40322],[71.70671,21.40362],[71.70603,21.40401],[71.70578,21.40407],[71.70524,21.40436],[71.70487,21.40441],[71.70371,21.40485],[71.70328,21.40499],[71.70347,21.40519],[71.70337,21.40577],[71.70307,21.4071],[71.70307,21.40767],[71.70304,21.4085],[71.70303,21.40914],[71.70302,21.40986],[71.70301,21.41044],[71.70308,21.41095],[71.70318,21.41141],[71.70331,21.41182],[71.70344,21.41217],[71.70343,21.4124],[71.70345,21.41284],[71.70358,21.41361],[71.7037,21.41516],[71.7039,21.41539],[71.70415,21.41605],[71.70449,21.4169],[71.70472,21.41769],[71.70478,21.41795],[71.70482,21.41814],[71.70502,21.41892],[71.70475,21.41906],[71.7048,21.41932],[71.70339,21.41975],[71.70367,21.42052],[71.70312,21.42067],[71.70325,21.42092],[71.70356,21.42172],[71.70403,21.42169],[71.7042,21.42194],[71.70441,21.42195],[71.70471,21.42269],[71.70512,21.42372],[71.70536,21.42428],[71.70554,21.42468],[71.70371,21.42517],[71.70271,21.42568],[71.70141,21.42769],[71.70021,21.42872],[71.69808,21.42919],[71.69623,21.42982],[71.69446,21.43155],[71.69299,21.43236],[71.6919,21.4324],[71.6898,21.43174],[71.68757,21.4303],[71.68724,21.43023],[71.68627,21.4312],[71.68553,21.43252],[71.68417,21.43351],[71.68196,21.43431],[71.68154,21.4346],[71.68176,21.43667],[71.68156,21.43787],[71.68071,21.43826],[71.68033,21.4383],[71.67826,21.43751],[71.67695,21.43713],[71.67653,21.43721],[71.67514,21.4379],[71.67349,21.43863],[71.67264,21.43873],[71.67151,21.43865],[71.66922,21.43786],[71.66731,21.43724],[71.66639,21.43719],[71.66501,21.43735],[71.66373,21.43818],[71.66261,21.43893],[71.66154,21.43943],[71.65995,21.43959],[71.65687,21.43954],[71.65515,21.43945],[71.65264,21.43949],[71.65047,21.43973],[71.64917,21.4397],[71.64796,21.43942],[71.64715,21.43963],[71.64659,21.44002],[71.64439,21.44089],[71.6423,21.44103],[71.64056,21.44087],[71.639,21.44068],[71.63751,21.44068],[71.63645,21.44092],[71.6342,21.44149],[71.6335,21.44179],[71.63201,21.44101],[71.63105,21.44015],[71.63006,21.44006],[71.6276,21.44025],[71.62392,21.44037],[71.62096,21.44071],[71.61935,21.44081],[71.61708,21.44118],[71.61555,21.4412],[71.61444,21.4409],[71.61366,21.4405],[71.61214,21.43991],[71.61019,21.4407],[71.60919,21.4409],[71.60861,21.44109],[71.607,21.44169],[71.60518,21.44105],[71.60455,21.44117],[71.60394,21.44134],[71.60315,21.44174],[71.60192,21.4425],[71.60107,21.44322],[71.59994,21.44347],[71.59831,21.44369],[71.59702,21.44409],[71.59573,21.4448],[71.59409,21.44497],[71.59272,21.4449],[71.59225,21.44447],[71.59167,21.44409],[71.59058,21.44388],[71.58962,21.44396],[71.58801,21.44452],[71.58702,21.44509],[71.58623,21.44491],[71.58374,21.44442],[71.58011,21.44391],[71.5792,21.44381],[71.57595,21.44407],[71.57373,21.44399],[71.57267,21.4444]]]},"properties":{"Taluka":"Jesar","District":"Bhavnagar","Dist_Id":"14","Taluka_Id":"14012"}},
{"type":"Feature","geometry":{"type":"Polygon","coordinates":[[[71.85792,21.62443],[71.85843,21.62552],[71.85892,21.62583],[71.8593,21.62658],[71.85968,21.62814],[71.86029,21.62918],[71.86048,21.62981],[71.86071,21.63034],[71.8609,21.63135],[71.86099,21.63184],[71.86193,21.63323],[71.8624,21.63431],[71.8628,21.63495],[71.86291,21.63563],[71.86309,21.63636],[71.86325,21.63671],[71.86389,21.63788],[71.86436,21.63887],[71.86441,21.63894],[71.86483,21.63905],[71.86545,21.63932],[71.86592,21.63923],[71.86714,21.63889],[71.86879,21.63926],[71.86915,21.63924],[71.8689,21.63998],[71.8685,21.64108],[71.8683,21.64188],[71.86822,21.64231],[71.86806,21.64297],[71.86771,21.6438],[71.86765,21.64477],[71.86781,21.6471],[71.86846,21.64849],[71.86895,21.64984],[71.86919,21.6506],[71.86925,21.65187],[71.86936,21.65204],[71.86898,21.65237],[71.8673,21.65324],[71.86597,21.65332],[71.86442,21.65306],[71.86347,21.65313],[71.86218,21.65335],[71.86047,21.65371],[71.85956,21.65395],[71.85914,21.65421],[71.85818,21.65478],[71.85563,21.65601],[71.85559,21.65658],[71.85483,21.6579],[71.85451,21.65838],[71.85254,21.65892],[71.85029,21.65928],[71.84917,21.65954],[71.84739,21.66006],[71.84496,21.65945],[71.84196,21.65881],[71.83968,21.65794],[71.83899,21.65759],[71.83708,21.65697],[71.83585,21.65659],[71.83551,21.65646],[71.83657,21.65936],[71.83744,21.66159],[71.83821,21.66291],[71.83889,21.66404],[71.83898,21.66426],[71.83902,21.66533],[71.83867,21.66726],[71.83852,21.66813],[71.83814,21.6694],[71.83884,21.6705],[71.83962,21.67183],[71.8413,21.67468],[71.84197,21.67574],[71.84387,21.6764],[71.84486,21.67666],[71.84605,21.67694],[71.84831,21.67734],[71.84909,21.67824],[71.85094,21.67876],[71.85206,21.67907],[71.85464,21.67966],[71.85542,21.67982],[71.85493,21.68162],[71.85477,21.68242],[71.85439,21.68355],[71.85406,21.68513],[71.85387,21.68599],[71.85324,21.68714],[71.85291,21.68728],[71.8524,21.68805],[71.85211,21.68818],[71.85101,21.68908],[71.85056,21.68986],[71.85044,21.69007],[71.85023,21.69085],[71.84956,21.69185],[71.84923,21.69215],[71.84914,21.69239],[71.84939,21.693],[71.84874,21.69386],[71.84808,21.69436],[71.84614,21.69399],[71.84479,21.69426],[71.84316,21.6943],[71.84216,21.69426],[71.84044,21.69405],[71.83832,21.69265],[71.83795,21.69236],[71.83742,21.69115],[71.83699,21.69017],[71.83576,21.68743],[71.83547,21.68764],[71.83482,21.68686],[71.8348,21.68646],[71.83432,21.68571],[71.83357,21.68519],[71.83304,21.68505],[71.83238,21.68512],[71.8317,21.68601],[71.83139,21.68601],[71.83115,21.68702],[71.83069,21.68802],[71.83008,21.68893],[71.82948,21.68963],[71.82876,21.69013],[71.82848,21.69025],[71.82767,21.69005],[71.82593,21.69001],[71.82502,21.68938],[71.82405,21.68857],[71.82324,21.6876],[71.82278,21.68717],[71.82224,21.68745],[71.82171,21.68708],[71.8204,21.68682],[71.81974,21.68689],[71.81905,21.68802],[71.81824,21.68916],[71.81708,21.68972],[71.81692,21.68978],[71.81691,21.69008],[71.81665,21.69034],[71.81613,21.6904],[71.81582,21.69048],[71.81528,21.69102],[71.8148,21.69154],[71.81413,21.69168],[71.8135,21.69235],[71.81292,21.69288],[71.81263,21.69311],[71.81214,21.69312],[71.81193,21.69302],[71.81199,21.6926],[71.81212,21.69173],[71.81206,21.69098],[71.81202,21.69048],[71.81234,21.68973],[71.81229,21.68935],[71.81203,21.68885],[71.81163,21.68844],[71.81125,21.68807],[71.81101,21.68785],[71.81046,21.6876],[71.80976,21.6873],[71.80961,21.68722],[71.8085,21.68751],[71.8076,21.68771],[71.80687,21.68788],[71.80647,21.68789],[71.80598,21.68764],[71.80535,21.68727],[71.80514,21.68726],[71.80524,21.68663],[71.8063,21.68547],[71.80707,21.68405],[71.80708,21.68339],[71.80783,21.68249],[71.80867,21.68142],[71.8094,21.68062],[71.80871,21.67991],[71.80817,21.67867],[71.80773,21.67749],[71.80719,21.67718],[71.80552,21.67584],[71.80423,21.67487],[71.80263,21.67377],[71.80178,21.67315],[71.80045,21.67237],[71.79926,21.67144],[71.79906,21.6693],[71.79895,21.66809],[71.79905,21.66739],[71.79909,21.66711],[71.79896,21.66567],[71.79898,21.66504],[71.79858,21.66364],[71.79818,21.66323],[71.79758,21.66288],[71.79621,21.66244],[71.79547,21.66218],[71.79505,21.66192],[71.79416,21.66177],[71.79291,21.66122],[71.79178,21.66071],[71.79146,21.66066],[71.79088,21.6605],[71.78986,21.6601],[71.78852,21.65929],[71.78779,21.65841],[71.78794,21.65686],[71.78752,21.65608],[71.78737,21.65565],[71.78709,21.65588],[71.78657,21.65648],[71.78595,21.65696],[71.78537,21.6581],[71.78481,21.6598],[71.78394,21.66139],[71.78376,21.66171],[71.783,21.66218],[71.78134,21.66183],[71.77956,21.6614],[71.77912,21.66091],[71.77791,21.65974],[71.77675,21.65846],[71.77587,21.65716],[71.77486,21.65546],[71.77401,21.65495],[71.77284,21.65428],[71.77147,21.65346],[71.77062,21.65304],[71.76985,21.65297],[71.76907,21.65258],[71.76837,21.65268],[71.76772,21.65258],[71.76739,21.65276],[71.76741,21.65314],[71.76724,21.65317],[71.76654,21.6538],[71.76617,21.65383],[71.76564,21.65393],[71.76496,21.65406],[71.76482,21.65411],[71.76476,21.65399],[71.76432,21.65306],[71.7645,21.65263],[71.76499,21.65207],[71.7654,21.65186],[71.76548,21.65155],[71.76534,21.65106],[71.76513,21.65047],[71.76459,21.6505],[71.76451,21.64977],[71.76447,21.6495],[71.76428,21.64895],[71.76402,21.6482],[71.7639,21.6481],[71.7636,21.64831],[71.76345,21.64841],[71.76326,21.6484],[71.76199,21.64863],[71.76129,21.64879],[71.76003,21.64893],[71.75883,21.64902],[71.75772,21.64909],[71.75698,21.64913],[71.75654,21.64918],[71.75559,21.64915],[71.75518,21.64931],[71.75429,21.64944],[71.75337,21.6496],[71.75246,21.64971],[71.75142,21.64977],[71.75081,21.64982],[71.75011,21.64986],[71.74917,21.64987],[71.74819,21.65],[71.74813,21.64921],[71.74693,21.64929],[71.74494,21.64938],[71.74471,21.65097],[71.74467,21.65191],[71.74456,21.65275],[71.74443,21.65354],[71.74435,21.65438],[71.74436,21.65508],[71.7441,21.65605],[71.74388,21.6569],[71.7437,21.65775],[71.74367,21.65783],[71.74313,21.65723],[71.74282,21.6574],[71.7416,21.65814],[71.74084,21.65876],[71.73992,21.65939],[71.73936,21.65979],[71.73887,21.66017],[71.73873,21.66041],[71.73844,21.66039],[71.7385,21.66089],[71.73839,21.66127],[71.7378,21.6613],[71.73788,21.66273],[71.73799,21.6634],[71.73799,21.66401],[71.73808,21.66503],[71.73828,21.66661],[71.73832,21.66752],[71.7388,21.66769],[71.73926,21.66811],[71.73976,21.66857],[71.74009,21.66889],[71.74091,21.66955],[71.74129,21.66988],[71.74184,21.67039],[71.74268,21.67117],[71.74305,21.67148],[71.74351,21.67212],[71.74411,21.67267],[71.74458,21.67325],[71.74524,21.67405],[71.74532,21.67413],[71.74525,21.6745],[71.74507,21.67532],[71.74482,21.67613],[71.74398,21.6773],[71.74319,21.67823],[71.74298,21.67768],[71.74247,21.67683],[71.74175,21.67561],[71.74125,21.67501],[71.74068,21.67433],[71.73995,21.67365],[71.73897,21.67259],[71.73763,21.6712],[71.73604,21.66945],[71.73582,21.66833],[71.73567,21.66771],[71.73489,21.66578],[71.73337,21.6651],[71.73173,21.66431],[71.73067,21.66378],[71.72972,21.66341],[71.72917,21.66229],[71.72895,21.66184],[71.72787,21.6618],[71.72619,21.66188],[71.72506,21.662],[71.72391,21.66216],[71.72312,21.66229],[71.72196,21.66265],[71.72151,21.6628],[71.72034,21.66316],[71.71898,21.66373],[71.71816,21.66422],[71.71786,21.66442],[71.71672,21.66514],[71.71572,21.66561],[71.71502,21.66587],[71.71384,21.66631],[71.7119,21.66621],[71.71068,21.66604],[71.70995,21.66585],[71.70914,21.66569],[71.70791,21.66491],[71.7058,21.66435],[71.7038,21.66324],[71.70362,21.66233],[71.70247,21.66233],[71.70195,21.66181],[71.70162,21.66144],[71.7016,21.66127],[71.70161,21.66041],[71.70173,21.6594],[71.70187,21.65833],[71.70215,21.65731],[71.70228,21.65638],[71.70235,21.65607],[71.70263,21.65527],[71.70283,21.65465],[71.70143,21.65453],[71.70121,21.65452],[71.70126,21.65439],[71.70035,21.65426],[71.70022,21.6542],[71.70043,21.65359],[71.70051,21.65302],[71.70004,21.65289],[71.69918,21.65153],[71.69904,21.65162],[71.69843,21.65199],[71.69839,21.65182],[71.69744,21.65185],[71.69575,21.6519],[71.69443,21.65197],[71.69362,21.65197],[71.69368,21.65252],[71.6938,21.65291],[71.69399,21.6539],[71.69329,21.65381],[71.69333,21.655],[71.69331,21.6556],[71.69256,21.65618],[71.69227,21.65607],[71.6919,21.65599],[71.69115,21.65592],[71.69085,21.6557],[71.69051,21.65556],[71.68998,21.65554],[71.68987,21.65557],[71.68973,21.65613],[71.68935,21.65645],[71.68887,21.6567],[71.68844,21.6569],[71.68807,21.65704],[71.68782,21.65725],[71.68735,21.6573],[71.68681,21.65738],[71.68629,21.65714],[71.68603,21.65699],[71.68552,21.65697],[71.68542,21.65669],[71.68502,21.65651],[71.68456,21.6563],[71.68409,21.65603],[71.68378,21.65587],[71.68327,21.65569],[71.68249,21.65551],[71.68224,21.65641],[71.68206,21.65691],[71.68177,21.65728],[71.68127,21.65769],[71.68104,21.65778],[71.68083,21.6579],[71.68069,21.65806],[71.68042,21.65838],[71.68012,21.65889],[71.67969,21.65882],[71.67931,21.65858],[71.67874,21.6581],[71.67862,21.65787],[71.67872,21.65643],[71.67868,21.6558],[71.67865,21.65491],[71.67864,21.65425],[71.67838,21.65317],[71.67806,21.65226],[71.67788,21.65169],[71.67763,21.65116],[71.67755,21.65069],[71.67675,21.64893],[71.67644,21.6484],[71.67577,21.64711],[71.67477,21.64493],[71.67448,21.64436],[71.67418,21.64377],[71.67382,21.64284],[71.67355,21.64231],[71.6734,21.64176],[71.67322,21.64138],[71.67291,21.64057],[71.67292,21.64058],[71.67259,21.64004],[71.67231,21.6397],[71.67138,21.63856],[71.67124,21.63767],[71.67101,21.63663],[71.67069,21.63635],[71.67022,21.63596],[71.66997,21.6358],[71.66834,21.635],[71.66719,21.63451],[71.66668,21.63405],[71.6665,21.6339],[71.66578,21.6332],[71.66597,21.63317],[71.66607,21.63307],[71.66678,21.63314],[71.66731,21.63165],[71.6675,21.63122],[71.66924,21.62815],[71.6704,21.6258],[71.67107,21.62444],[71.6715,21.62365],[71.67246,21.62177],[71.67298,21.6207],[71.67318,21.6204],[71.67407,21.61853],[71.67549,21.6158],[71.67612,21.61469],[71.67651,21.61414],[71.67683,21.61429],[71.6773,21.6145],[71.67772,21.61466],[71.67784,21.61466],[71.67948,21.61522],[71.68032,21.61547],[71.68065,21.6156],[71.6813,21.61581],[71.68204,21.61611],[71.68272,21.61635],[71.68317,21.61653],[71.68368,21.61703],[71.6842,21.61741],[71.68467,21.61782],[71.68537,21.61824],[71.68631,21.61909],[71.68698,21.61978],[71.68768,21.62021],[71.68836,21.62021],[71.68862,21.62024],[71.68874,21.62022],[71.68901,21.62021],[71.68965,21.62021],[71.69042,21.62031],[71.69037,21.62176],[71.69162,21.62171],[71.69255,21.62169],[71.69421,21.62169],[71.69444,21.62171],[71.69509,21.6217],[71.69562,21.62175],[71.69646,21.62181],[71.69644,21.62108],[71.69637,21.62002],[71.69631,21.6192],[71.69627,21.6182],[71.69625,21.61776],[71.6962,21.61716],[71.69616,21.61642],[71.6953,21.61642],[71.69535,21.61614],[71.69545,21.61584],[71.69549,21.61525],[71.69537,21.61411],[71.69531,21.61303],[71.69529,21.61199],[71.69531,21.61123],[71.69532,21.61056],[71.69528,21.60987],[71.69703,21.60985],[71.69802,21.60985],[71.69932,21.60986],[71.70059,21.60989],[71.70233,21.60986],[71.70363,21.60988],[71.70548,21.60986],[71.70664,21.60985],[71.70685,21.60987],[71.70746,21.6093],[71.7086,21.60824],[71.70883,21.60792],[71.70953,21.60703],[71.70969,21.60627],[71.70987,21.60544],[71.71032,21.60384],[71.7104,21.60286],[71.71044,21.60216],[71.71052,21.60176],[71.71065,21.60118],[71.71091,21.60006],[71.71108,21.59888],[71.71131,21.59696],[71.71132,21.59665],[71.71136,21.59528],[71.71142,21.5948],[71.71143,21.59403],[71.71151,21.59337],[71.71157,21.59294],[71.71162,21.59222],[71.71163,21.59149],[71.71148,21.59053],[71.71134,21.58992],[71.71157,21.58911],[71.71154,21.5889],[71.71177,21.58745],[71.71196,21.58628],[71.71195,21.58606],[71.71197,21.5849],[71.71204,21.58382],[71.71208,21.58328],[71.71239,21.58223],[71.71256,21.58135],[71.71278,21.58098],[71.71307,21.58067],[71.71332,21.57994],[71.71342,21.57949],[71.71352,21.57906],[71.71373,21.57847],[71.71384,21.57808],[71.71387,21.57762],[71.71396,21.57701],[71.71407,21.57636],[71.71421,21.57562],[71.71477,21.57558],[71.71501,21.57448],[71.71514,21.57377],[71.7153,21.57288],[71.7154,21.57256],[71.71559,21.5719],[71.71566,21.57154],[71.71568,21.57086],[71.71598,21.57029],[71.71594,21.56929],[71.71591,21.56856],[71.71589,21.56819],[71.71586,21.56727],[71.71588,21.56685],[71.71588,21.56625],[71.71592,21.56557],[71.71592,21.56446],[71.71692,21.56392],[71.71753,21.56359],[71.71798,21.5635],[71.71776,21.56299],[71.71784,21.56233],[71.71783,21.56153],[71.71783,21.56099],[71.71794,21.56045],[71.71798,21.5599],[71.71805,21.55956],[71.71811,21.55934],[71.71822,21.55899],[71.71796,21.55895],[71.71701,21.55896],[71.71714,21.55853],[71.71675,21.55862],[71.71633,21.55868],[71.71591,21.55864],[71.71543,21.55863],[71.71512,21.55858],[71.71489,21.55854],[71.71434,21.55854],[71.71415,21.55854],[71.71392,21.55843],[71.71354,21.55845],[71.71295,21.55845],[71.71281,21.55846],[71.71262,21.55846],[71.71213,21.55846],[71.71156,21.55859],[71.71146,21.55696],[71.71139,21.55609],[71.71131,21.554],[71.71123,21.5522],[71.71112,21.55023],[71.71079,21.55025],[71.71058,21.55026],[71.71058,21.55008],[71.71061,21.5491],[71.71067,21.54804],[71.71075,21.54768],[71.71091,21.54652],[71.71088,21.54633],[71.71071,21.54538],[71.71067,21.54513],[71.71049,21.54393],[71.71041,21.5432],[71.70721,21.54273],[71.70335,21.54257],[71.69897,21.54302],[71.69493,21.54368],[71.69483,21.5437],[71.69508,21.54436],[71.69553,21.5449],[71.69649,21.54593],[71.69675,21.54632],[71.69629,21.54629],[71.69616,21.54644],[71.69574,21.54638],[71.69553,21.54717],[71.69511,21.54719],[71.69489,21.5474],[71.69465,21.54733],[71.69435,21.54727],[71.69406,21.54725],[71.69353,21.5474],[71.69345,21.54779],[71.69331,21.54804],[71.69357,21.54807],[71.69354,21.54831],[71.69331,21.54864],[71.69319,21.54876],[71.69318,21.54916],[71.69311,21.54945],[71.69296,21.5499],[71.69226,21.54975],[71.69226,21.54957],[71.69229,21.54941],[71.69144,21.54935],[71.6908,21.54934],[71.69035,21.54972],[71.69018,21.54981],[71.68996,21.55],[71.68975,21.55021],[71.68953,21.55062],[71.68924,21.55092],[71.68914,21.55126],[71.68884,21.55205],[71.68877,21.55199],[71.68875,21.55181],[71.68874,21.55119],[71.68873,21.55048],[71.68887,21.54935],[71.68889,21.54864],[71.68844,21.54874],[71.68728,21.54904],[71.68622,21.54925],[71.68481,21.54957],[71.68351,21.54984],[71.68208,21.54996],[71.68033,21.55005],[71.67873,21.55014],[71.67892,21.54866],[71.67905,21.54767],[71.67918,21.5467],[71.67938,21.54532],[71.68027,21.5453],[71.682,21.54523],[71.68324,21.54441],[71.68396,21.54392],[71.68474,21.54341],[71.68595,21.54259],[71.68719,21.54177],[71.68826,21.54109],[71.68937,21.5403],[71.68944,21.5394],[71.69002,21.53835],[71.69042,21.53749],[71.69067,21.53688],[71.69078,21.53626],[71.69087,21.53532],[71.69087,21.53485],[71.69096,21.53414],[71.69097,21.53328],[71.69078,21.53317],[71.69092,21.533],[71.69224,21.53252],[71.69296,21.53222],[71.69404,21.53229],[71.69421,21.53147],[71.69533,21.53154],[71.69539,21.53126],[71.69561,21.53125],[71.69562,21.53104],[71.69607,21.53095],[71.69609,21.53018],[71.69723,21.5302],[71.69748,21.52916],[71.69782,21.52744],[71.69824,21.52548],[71.69863,21.52363],[71.69875,21.5229],[71.69911,21.52117],[71.69925,21.52074],[71.6995,21.51956],[71.69965,21.51918],[71.69981,21.5186],[71.69993,21.51804],[71.70018,21.51739],[71.70039,21.51675],[71.70052,21.51641],[71.70095,21.5152],[71.70114,21.51471],[71.70154,21.51373],[71.70164,21.51355],[71.70187,21.51284],[71.70218,21.51222],[71.70255,21.51131],[71.70265,21.51097],[71.7027,21.51079],[71.70284,21.51029],[71.70315,21.50926],[71.7034,21.50883],[71.7036,21.50831],[71.70377,21.50792],[71.70399,21.50742],[71.70408,21.50694],[71.70411,21.50679],[71.70436,21.50594],[71.70452,21.50541],[71.70489,21.50419],[71.70521,21.5035],[71.70523,21.5032],[71.70525,21.5029],[71.70495,21.50247],[71.70446,21.50175],[71.70369,21.50084],[71.70282,21.5003],[71.70201,21.49993],[71.70137,21.49964],[71.70077,21.49936],[71.70054,21.49923],[71.69907,21.49851],[71.69812,21.49818],[71.69818,21.49801],[71.69847,21.49704],[71.69865,21.49619],[71.69883,21.49549],[71.699,21.49492],[71.69906,21.49451],[71.69922,21.49383],[71.69937,21.49315],[71.69936,21.49283],[71.69959,21.49209],[71.69965,21.49172],[71.69976,21.49115],[71.69983,21.49025],[71.69996,21.48884],[71.7001,21.48808],[71.70016,21.48777],[71.70031,21.48694],[71.70038,21.48615],[71.70066,21.48521],[71.70082,21.484],[71.70088,21.48323],[71.70068,21.48221],[71.70061,21.48203],[71.70029,21.48051],[71.70021,21.4798],[71.69985,21.47749],[71.69944,21.47483],[71.69931,21.47395],[71.6983,21.47433],[71.69771,21.4742],[71.69792,21.47309],[71.69818,21.47194],[71.69839,21.4708],[71.69857,21.46999],[71.69879,21.46864],[71.699,21.46803],[71.69906,21.46729],[71.6991,21.46694],[71.69941,21.46576],[71.70063,21.46604],[71.70253,21.46638],[71.70321,21.46652],[71.70341,21.46662],[71.70413,21.46667],[71.70371,21.46428],[71.70336,21.46266],[71.70328,21.46186],[71.70337,21.46138],[71.70442,21.4597],[71.70489,21.4589],[71.70486,21.4586],[71.70468,21.45844],[71.70295,21.45808],[71.70252,21.45786],[71.70207,21.45713],[71.70201,21.45644],[71.70182,21.45458],[71.70182,21.45307],[71.70179,21.45262],[71.7018,21.45224],[71.70201,21.45197],[71.70244,21.45179],[71.7028,21.4516],[71.70287,21.45144],[71.70286,21.45104],[71.70286,21.45055],[71.70279,21.45001],[71.70264,21.44976],[71.70238,21.44957],[71.70232,21.4492],[71.70226,21.4483],[71.70232,21.44789],[71.70265,21.44753],[71.70287,21.44725],[71.70308,21.44725],[71.70328,21.44738],[71.70363,21.44738],[71.70407,21.44728],[71.70425,21.447],[71.70459,21.4463],[71.70465,21.44585],[71.70459,21.44513],[71.70403,21.44483],[71.70361,21.44459],[71.70354,21.44418],[71.70351,21.44333],[71.70394,21.44249],[71.70409,21.44179],[71.70417,21.441],[71.70428,21.44071],[71.70444,21.44025],[71.70453,21.43989],[71.70499,21.43937],[71.70514,21.43912],[71.70468,21.43826],[71.70465,21.43732],[71.70449,21.4371],[71.70432,21.43658],[71.70456,21.43611],[71.70471,21.43581],[71.70533,21.4353],[71.70511,21.43525],[71.70475,21.43517],[71.70395,21.43503],[71.70362,21.43496],[71.70322,21.43488],[71.70273,21.4348],[71.70211,21.43463],[71.70191,21.43459],[71.70152,21.43449],[71.70061,21.43437],[71.69981,21.43427],[71.6995,21.43416],[71.69905,21.43405],[71.69823,21.43384],[71.69814,21.43309],[71.69813,21.43263],[71.69809,21.43238],[71.69793,21.43157],[71.69775,21.43082],[71.69767,21.43031],[71.69763,21.42996],[71.69752,21.42937],[71.69808,21.42919],[71.70021,21.42872],[71.70141,21.42769],[71.70271,21.42568],[71.70371,21.42517],[71.70554,21.42468],[71.70536,21.42428],[71.70512,21.42372],[71.70471,21.42269],[71.70441,21.42195],[71.7042,21.42194],[71.70403,21.42169],[71.70356,21.42172],[71.70325,21.42092],[71.70312,21.42067],[71.70367,21.42052],[71.70339,21.41975],[71.7048,21.41932],[71.70475,21.41906],[71.70502,21.41892],[71.70482,21.41814],[71.70478,21.41795],[71.70472,21.41769],[71.70449,21.4169],[71.70415,21.41605],[71.7039,21.41539],[71.7037,21.41516],[71.70358,21.41361],[71.70345,21.41284],[71.70343,21.4124],[71.70344,21.41217],[71.70331,21.41182],[71.70318,21.41141],[71.70308,21.41095],[71.70301,21.41044],[71.70302,21.40986],[71.70303,21.40914],[71.70304,21.4085],[71.70307,21.40767],[71.70307,21.4071],[71.70337,21.40577],[71.70347,21.40519],[71.70328,21.40499],[71.70371,21.40485],[71.70487,21.40441],[71.70524,21.40436],[71.70578,21.40407],[71.70603,21.40401],[71.70671,21.40362],[71.70728,21.40322],[71.70796,21.40283],[71.70826,21.40262],[71.70932,21.40173],[71.70997,21.40095],[71.71024,21.39913],[71.71011,21.39855],[71.70976,21.3972],[71.70991,21.39688],[71.71094,21.39645],[71.71114,21.39628],[71.71234,21.39535],[71.71297,21.3948],[71.71393,21.39394],[71.71486,21.39312],[71.71543,21.39258],[71.71611,21.39194],[71.71648,21.39153],[71.71727,21.39078],[71.71739,21.39071],[71.71835,21.39109],[71.7186,21.39113],[71.71905,21.3911],[71.71918,21.39068],[71.71921,21.39052],[71.72034,21.3912],[71.72085,21.39156],[71.72123,21.39187],[71.72179,21.39222],[71.72199,21.39263],[71.72238,21.39333],[71.72258,21.39364],[71.72297,21.39404],[71.72319,21.39422],[71.72335,21.39449],[71.72357,21.39482],[71.72372,21.39471],[71.72392,21.39542],[71.72397,21.3962],[71.72388,21.39694],[71.72373,21.39798],[71.72368,21.39836],[71.72379,21.39862],[71.72374,21.39948],[71.72377,21.39975],[71.72376,21.40007],[71.72391,21.40039],[71.72405,21.40078],[71.72401,21.40118],[71.72404,21.40146],[71.72363,21.4018],[71.72352,21.40183],[71.72335,21.40218],[71.72335,21.40242],[71.7236,21.40275],[71.72336,21.40332],[71.72337,21.40368],[71.7234,21.40386],[71.72356,21.40408],[71.72389,21.40427],[71.72447,21.40452],[71.72467,21.40493],[71.72458,21.40511],[71.72454,21.40545],[71.72468,21.40593],[71.72474,21.40606],[71.72479,21.40631],[71.72505,21.4067],[71.7256,21.40695],[71.72616,21.40712],[71.72661,21.40733],[71.72695,21.40729],[71.72745,21.40749],[71.72781,21.40752],[71.72796,21.40799],[71.72802,21.40817],[71.728,21.40892],[71.72768,21.40903],[71.72748,21.40902],[71.72727,21.40885],[71.72692,21.4089],[71.72689,21.40906],[71.72708,21.40966],[71.72752,21.40976],[71.72798,21.40973],[71.72812,21.41057],[71.72826,21.41092],[71.72764,21.41145],[71.72696,21.4116],[71.72759,21.41206],[71.72801,21.41226],[71.72834,21.41243],[71.72841,21.41276],[71.72885,21.41307],[71.72965,21.4131],[71.73027,21.41326],[71.73046,21.41373],[71.73318,21.41378],[71.73501,21.4139],[71.73861,21.41327],[71.7399,21.41319],[71.74194,21.4131],[71.74597,21.41354],[71.74919,21.41396],[71.75009,21.41452],[71.74885,21.41825],[71.7488,21.41846],[71.74788,21.42021],[71.74749,21.42095],[71.74689,21.42259],[71.7467,21.42283],[71.74644,21.42343],[71.74558,21.42583],[71.74564,21.42631],[71.74556,21.42655],[71.74456,21.43079],[71.74424,21.43235],[71.74411,21.4326],[71.74447,21.43344],[71.74484,21.43372],[71.74533,21.43385],[71.74602,21.43406],[71.74708,21.43424],[71.7473,21.43438],[71.74813,21.43502],[71.74831,21.43523],[71.74865,21.43516],[71.74973,21.43504],[71.75161,21.43502],[71.75195,21.43502],[71.75331,21.43534],[71.75377,21.43537],[71.75488,21.43543],[71.75617,21.43557],[71.75666,21.43558],[71.75757,21.43548],[71.75959,21.4355],[71.76049,21.43535],[71.76144,21.43556],[71.76257,21.43548],[71.76347,21.43548],[71.76383,21.4355],[71.76429,21.43557],[71.76476,21.43557],[71.7658,21.43555],[71.76662,21.43546],[71.76732,21.4354],[71.76789,21.43541],[71.76866,21.43563],[71.76921,21.43571],[71.77067,21.43578],[71.77168,21.43592],[71.77169,21.43674],[71.77175,21.43679],[71.77333,21.43704],[71.77467,21.43701],[71.77665,21.43687],[71.77734,21.4372],[71.77762,21.43744],[71.77792,21.43755],[71.77854,21.4378],[71.77911,21.4377],[71.77931,21.43776],[71.77981,21.43777],[71.77961,21.43755],[71.78004,21.43717],[71.77913,21.43617],[71.77903,21.43591],[71.77937,21.4357],[71.77991,21.43449],[71.78024,21.43367],[71.78104,21.4325],[71.78134,21.43212],[71.78132,21.43202],[71.78201,21.4309],[71.78277,21.42968],[71.78313,21.42906],[71.78374,21.4282],[71.78446,21.4273],[71.78471,21.42699],[71.78607,21.42793],[71.78676,21.42867],[71.78691,21.42877],[71.78654,21.4281],[71.78622,21.42764],[71.78672,21.42722],[71.7863,21.42618],[71.78631,21.42496],[71.78593,21.42496],[71.78478,21.42408],[71.78551,21.42394],[71.78587,21.42383],[71.78569,21.4234],[71.78608,21.42223],[71.7861,21.42219],[71.78635,21.42144],[71.78634,21.42142],[71.78686,21.42143],[71.78683,21.42126],[71.7864,21.42109],[71.78691,21.42081],[71.78699,21.42058],[71.78717,21.42048],[71.78712,21.41968],[71.78703,21.41896],[71.7872,21.41836],[71.78726,21.41824],[71.78761,21.4183],[71.78767,21.41837],[71.78818,21.41796],[71.78868,21.41807],[71.78876,21.41833],[71.78913,21.41807],[71.78936,21.4175],[71.78924,21.41728],[71.7899,21.41708],[71.79029,21.41661],[71.79065,21.41598],[71.79111,21.41605],[71.79143,21.41549],[71.79178,21.41552],[71.79197,21.41525],[71.7925,21.41472],[71.7928,21.41426],[71.79257,21.41416],[71.79256,21.41365],[71.79243,21.41356],[71.79247,21.41346],[71.79244,21.41326],[71.79281,21.41226],[71.79307,21.4122],[71.7931,21.41189],[71.79308,21.41134],[71.79332,21.41097],[71.79288,21.41092],[71.79293,21.41048],[71.79321,21.40941],[71.79316,21.4088],[71.79347,21.40793],[71.79285,21.40778],[71.78926,21.40671],[71.78707,21.40608],[71.78506,21.40531],[71.78474,21.40522],[71.78424,21.40511],[71.78192,21.40397],[71.78164,21.40389],[71.78087,21.4035],[71.78034,21.40318],[71.77751,21.40149],[71.77717,21.40136],[71.77697,21.40129],[71.77706,21.40101],[71.7773,21.40055],[71.77712,21.39962],[71.77695,21.39927],[71.77668,21.39909],[71.77619,21.39847],[71.77561,21.39839],[71.77537,21.39836],[71.77491,21.3984],[71.77397,21.39822],[71.7737,21.39838],[71.77278,21.39846],[71.77108,21.39861],[71.76846,21.39849],[71.76652,21.3985],[71.76531,21.39849],[71.76449,21.39856],[71.76448,21.39741],[71.76444,21.39677],[71.76426,21.39645],[71.76404,21.39593],[71.76396,21.39557],[71.76383,21.39468],[71.76378,21.39442],[71.76331,21.39405],[71.76301,21.39372],[71.76306,21.39245],[71.76314,21.39223],[71.76334,21.39132],[71.76281,21.39078],[71.76288,21.39043],[71.7628,21.39031],[71.76283,21.39013],[71.76278,21.38983],[71.76279,21.38954],[71.76318,21.38923],[71.76372,21.38912],[71.76389,21.38842],[71.76442,21.38844],[71.76497,21.38851],[71.76559,21.38857],[71.76607,21.38864],[71.76658,21.3887],[71.76698,21.38875],[71.76705,21.38873],[71.76708,21.38891],[71.76755,21.38957],[71.76777,21.38948],[71.7677,21.38896],[71.76808,21.38934],[71.76887,21.3901],[71.76926,21.39048],[71.76938,21.39063],[71.76975,21.39085],[71.77046,21.3914],[71.77064,21.39158],[71.77118,21.39199],[71.77185,21.39253],[71.77218,21.3927],[71.7726,21.39306],[71.77342,21.39366],[71.77367,21.39394],[71.77401,21.3942],[71.77414,21.39434],[71.77465,21.39477],[71.77518,21.39522],[71.77602,21.39575],[71.77616,21.39516],[71.7763,21.39499],[71.77648,21.39454],[71.7767,21.39407],[71.77694,21.39389],[71.77879,21.39269],[71.77921,21.3924],[71.77965,21.39235],[71.7799,21.39258],[71.78093,21.39198],[71.78116,21.39172],[71.78181,21.39111],[71.782,21.39082],[71.78245,21.39025],[71.78321,21.38929],[71.78379,21.38865],[71.7845,21.38792],[71.78462,21.38768],[71.78515,21.38707],[71.78533,21.38695],[71.78548,21.38671],[71.78618,21.38551],[71.78663,21.38482],[71.78772,21.38383],[71.79013,21.38227],[71.79127,21.38151],[71.79487,21.38016],[71.79532,21.3798],[71.79691,21.37897],[71.7988,21.37939],[71.79908,21.37902],[71.79991,21.37835],[71.80157,21.37889],[71.80228,21.37946],[71.80447,21.37934],[71.80488,21.37943],[71.80583,21.38004],[71.80605,21.38021],[71.80612,21.38029],[71.80605,21.38034],[71.80613,21.38138],[71.80619,21.38226],[71.80613,21.38332],[71.8061,21.3839],[71.80592,21.38516],[71.80649,21.38573],[71.80711,21.38645],[71.80814,21.38758],[71.80918,21.3886],[71.80991,21.38959],[71.81039,21.39006],[71.81079,21.39058],[71.81087,21.39069],[71.81108,21.39101],[71.81105,21.39118],[71.81143,21.39118],[71.81186,21.39117],[71.81193,21.39108],[71.8124,21.391],[71.81306,21.39109],[71.8136,21.39118],[71.81381,21.3912],[71.81392,21.39121],[71.81464,21.39128],[71.8154,21.39081],[71.8156,21.39087],[71.81636,21.39086],[71.8174,21.39087],[71.81872,21.3913],[71.81911,21.39151],[71.81978,21.39193],[71.82048,21.39233],[71.82229,21.39323],[71.82333,21.39378],[71.82385,21.39394],[71.82462,21.39418],[71.82516,21.39438],[71.82538,21.3945],[71.82614,21.39493],[71.82631,21.39499],[71.82692,21.39509],[71.82755,21.39538],[71.82817,21.396],[71.82932,21.39659],[71.82983,21.39674],[71.83062,21.39713],[71.83158,21.39759],[71.83287,21.39836],[71.83349,21.39885],[71.83363,21.39884],[71.83464,21.3994],[71.835,21.39965],[71.83508,21.39985],[71.83552,21.40034],[71.83613,21.40098],[71.83643,21.40118],[71.83735,21.40156],[71.83746,21.40192],[71.83795,21.40196],[71.83851,21.40226],[71.83915,21.40242],[71.83966,21.40283],[71.84028,21.40358],[71.84119,21.40407],[71.8419,21.40395],[71.84279,21.40503],[71.844,21.40555],[71.84489,21.4058],[71.84568,21.40652],[71.84632,21.40636],[71.8476,21.40669],[71.84815,21.40683],[71.84902,21.40681],[71.84978,21.40698],[71.85021,21.40722],[71.85154,21.40762],[71.852,21.40774],[71.85274,21.40794],[71.85463,21.40892],[71.85661,21.41015],[71.85793,21.41093],[71.85895,21.41188],[71.86057,21.41295],[71.86297,21.41367],[71.86489,21.41411],[71.86611,21.41423],[71.86803,21.41426],[71.86841,21.414],[71.86889,21.41402],[71.86912,21.41413],[71.86953,21.41482],[71.86969,21.41514],[71.86991,21.41507],[71.87129,21.4169],[71.87219,21.41658],[71.87222,21.41657],[71.8734,21.41614],[71.87544,21.41538],[71.876,21.41535],[71.87759,21.41493],[71.878,21.41486],[71.87877,21.41467],[71.87979,21.41449],[71.88057,21.41436],[71.88163,21.41425],[71.88244,21.41424],[71.88305,21.41417],[71.88435,21.41429],[71.88481,21.41418],[71.88613,21.41423],[71.88718,21.41423],[71.88786,21.41421],[71.88879,21.41409],[71.88977,21.41415],[71.89103,21.41433],[71.89162,21.41411],[71.89332,21.41322],[71.89367,21.413],[71.8948,21.41168],[71.896,21.41087],[71.89739,21.40981],[71.898,21.40887],[71.89893,21.40783],[71.89994,21.40703],[71.90064,21.40632],[71.90211,21.40621],[71.90331,21.40611],[71.90584,21.40567],[71.90867,21.40542],[71.90877,21.40422],[71.90911,21.40343],[71.9098,21.40271],[71.91074,21.40202],[71.91068,21.40092],[71.91105,21.40095],[71.91112,21.39997],[71.91262,21.40039],[71.91257,21.39873],[71.91314,21.39852],[71.91372,21.39849],[71.91427,21.39861],[71.91453,21.3988],[71.9151,21.39867],[71.91551,21.39913],[71.91573,21.39949],[71.91644,21.39979],[71.91712,21.39953],[71.9178,21.39894],[71.91831,21.39817],[71.91842,21.39779],[71.91947,21.398],[71.92035,21.3982],[71.92115,21.39669],[71.92177,21.39533],[71.92195,21.39496],[71.9226,21.39341],[71.92311,21.39213],[71.92365,21.39044],[71.92385,21.38978],[71.92406,21.38908],[71.92496,21.38925],[71.92528,21.38809],[71.92546,21.38815],[71.92628,21.38831],[71.92683,21.38844],[71.92721,21.38861],[71.92737,21.38862],[71.92825,21.38869],[71.92902,21.38877],[71.92947,21.38929],[71.92975,21.38881],[71.93039,21.38888],[71.93137,21.38934],[71.93222,21.38989],[71.9331,21.39042],[71.9343,21.39096],[71.93462,21.39107],[71.93555,21.39121],[71.93578,21.39129],[71.9363,21.39115],[71.93716,21.39118],[71.93805,21.39122],[71.93812,21.39102],[71.9386,21.39101],[71.94017,21.39115],[71.94112,21.39111],[71.94211,21.39111],[71.94274,21.39104],[71.9441,21.39105],[71.94438,21.39101],[71.94445,21.39055],[71.94513,21.39047],[71.94612,21.39046],[71.94719,21.3905],[71.94796,21.39057],[71.94842,21.39061],[71.94907,21.39166],[71.94933,21.39211],[71.94977,21.39317],[71.95008,21.39368],[71.95132,21.39437],[71.95168,21.39468],[71.95192,21.39536],[71.95224,21.39553],[71.95258,21.39591],[71.9529,21.39622],[71.95376,21.3971],[71.95427,21.39774],[71.95451,21.39802],[71.95501,21.39819],[71.95559,21.39857],[71.95593,21.39884],[71.95597,21.39908],[71.95603,21.39929],[71.95615,21.39951],[71.95671,21.39994],[71.957,21.40042],[71.95741,21.40077],[71.95782,21.4012],[71.95775,21.40136],[71.95773,21.40183],[71.95771,21.40228],[71.9577,21.4033],[71.95765,21.40388],[71.9574,21.40472],[71.95733,21.40496],[71.95725,21.40541],[71.95723,21.4057],[71.9572,21.40607],[71.95793,21.40597],[71.95827,21.40605],[71.95876,21.40617],[71.95874,21.40681],[71.95874,21.40712],[71.95883,21.40735],[71.95894,21.40818],[71.95882,21.40817],[71.95885,21.40934],[71.95891,21.40966],[71.95924,21.41044],[71.95995,21.41049],[71.95993,21.41076],[71.96009,21.41078],[71.96026,21.41205],[71.96041,21.41258],[71.96048,21.41299],[71.96056,21.4138],[71.96064,21.41441],[71.96072,21.41483],[71.96094,21.41582],[71.96111,21.41624],[71.96121,21.41625],[71.96149,21.41713],[71.96217,21.41787],[71.96223,21.41795],[71.96233,21.41809],[71.96231,21.41875],[71.96215,21.419],[71.96208,21.41943],[71.96261,21.42007],[71.96302,21.42075],[71.96347,21.42132],[71.96386,21.42157],[71.96438,21.42229],[71.96436,21.42305],[71.96447,21.42411],[71.96462,21.42472],[71.96466,21.42525],[71.96459,21.42554],[71.96451,21.42572],[71.96456,21.42689],[71.96457,21.42745],[71.96454,21.4277],[71.96463,21.42896],[71.96474,21.42942],[71.9648,21.42986],[71.96501,21.43065],[71.96524,21.43095],[71.9658,21.43191],[71.96615,21.43275],[71.96649,21.43344],[71.96705,21.43424],[71.96719,21.43439],[71.96709,21.43448],[71.96605,21.43533],[71.96183,21.43904],[71.95955,21.44191],[71.95809,21.44334],[71.9585,21.44374],[71.95892,21.44454],[71.95964,21.44459],[71.95987,21.44494],[71.95988,21.44508],[71.95981,21.44554],[71.96002,21.44605],[71.95969,21.44648],[71.95974,21.44693],[71.95979,21.44761],[71.9607,21.448],[71.96048,21.44834],[71.96064,21.4489],[71.96087,21.44928],[71.96114,21.44953],[71.96163,21.45001],[71.96201,21.45019],[71.96232,21.45023],[71.96234,21.45059],[71.96223,21.45088],[71.96238,21.45116],[71.96298,21.45149],[71.96333,21.45165],[71.96362,21.45196],[71.96392,21.45251],[71.964,21.45277],[71.96421,21.45348],[71.96438,21.45397],[71.96438,21.4544],[71.96434,21.45503],[71.96443,21.45559],[71.96446,21.45606],[71.96522,21.45619],[71.96675,21.45626],[71.96834,21.45634],[71.969,21.45656],[71.9695,21.45661],[71.96983,21.45662],[71.96973,21.45711],[71.96941,21.45763],[71.96903,21.45788],[71.96866,21.45759],[71.96828,21.458],[71.96802,21.45818],[71.96792,21.45847],[71.96715,21.45933],[71.96704,21.45948],[71.96669,21.45948],[71.96663,21.45958],[71.96629,21.45991],[71.96629,21.46005],[71.96609,21.46034],[71.966,21.46106],[71.966,21.46178],[71.96597,21.46223],[71.96595,21.46252],[71.96606,21.46298],[71.96605,21.46367],[71.96609,21.46411],[71.96544,21.46391],[71.96472,21.46376],[71.96375,21.4633],[71.96275,21.46319],[71.96217,21.46308],[71.96172,21.46298],[71.96102,21.46295],[71.96053,21.46377],[71.95989,21.46428],[71.95886,21.46399],[71.95863,21.46385],[71.9578,21.46358],[71.9573,21.46341],[71.95704,21.46307],[71.95669,21.46292],[71.9565,21.463],[71.95574,21.46289],[71.9553,21.46286],[71.9552,21.46287],[71.95505,21.46292],[71.95437,21.46273],[71.95421,21.46265],[71.95377,21.46221],[71.95332,21.46202],[71.95296,21.462],[71.95273,21.46201],[71.95227,21.46186],[71.95188,21.4618],[71.95161,21.46164],[71.95149,21.46157],[71.95133,21.46122],[71.95113,21.46079],[71.95114,21.46026],[71.9511,21.45977],[71.95083,21.45931],[71.9504,21.45849],[71.95035,21.45796],[71.95,21.45745],[71.94988,21.4569],[71.94984,21.45673],[71.94951,21.45635],[71.94943,21.45588],[71.94932,21.45536],[71.94922,21.45522],[71.94866,21.45487],[71.9488,21.45457],[71.94894,21.45417],[71.94871,21.45377],[71.94851,21.45376],[71.94827,21.45398],[71.94765,21.45417],[71.94723,21.45422],[71.94671,21.45447],[71.94565,21.45459],[71.9448,21.45514],[71.94417,21.45633],[71.94358,21.45757],[71.94314,21.45846],[71.9425,21.45939],[71.94155,21.46104],[71.94042,21.46305],[71.93966,21.46441],[71.93874,21.46554],[71.9374,21.46676],[71.93586,21.46766],[71.93464,21.46796],[71.93316,21.46789],[71.93155,21.46867],[71.92949,21.47],[71.92648,21.4723],[71.92702,21.47291],[71.92824,21.47342],[71.92835,21.4736],[71.92899,21.47467],[71.9296,21.47528],[71.9301,21.47603],[71.93016,21.47672],[71.93076,21.4772],[71.93142,21.47778],[71.93185,21.47873],[71.9321,21.47891],[71.93261,21.47933],[71.93291,21.4801],[71.93362,21.48027],[71.93408,21.48073],[71.93383,21.4812],[71.93347,21.48261],[71.93342,21.48356],[71.93371,21.48452],[71.9338,21.48502],[71.93384,21.48558],[71.93385,21.48718],[71.93391,21.48754],[71.93398,21.48819],[71.9339,21.48962],[71.93458,21.49016],[71.93517,21.49083],[71.93508,21.49103],[71.93466,21.49196],[71.93424,21.49281],[71.934,21.49325],[71.93333,21.49446],[71.93332,21.49473],[71.93331,21.49528],[71.93337,21.49605],[71.93342,21.49651],[71.9333,21.49702],[71.93308,21.49819],[71.93295,21.49845],[71.93278,21.49894],[71.93269,21.49918],[71.93261,21.49954],[71.9324,21.5002],[71.93219,21.50058],[71.93177,21.50132],[71.93169,21.50174],[71.9316,21.50208],[71.93129,21.50294],[71.93117,21.50323],[71.93081,21.50388],[71.9304,21.50452],[71.93014,21.50526],[71.92971,21.50651],[71.92949,21.50722],[71.92899,21.50758],[71.92788,21.5071],[71.9278,21.50746],[71.92642,21.50717],[71.92618,21.50823],[71.92562,21.50919],[71.92545,21.50945],[71.92535,21.50992],[71.92486,21.50996],[71.92488,21.51071],[71.92472,21.51112],[71.92553,21.51148],[71.92566,21.51203],[71.92641,21.51254],[71.92648,21.5127],[71.92652,21.51298],[71.92671,21.51357],[71.92691,21.51403],[71.92727,21.51435],[71.9274,21.51468],[71.92755,21.51524],[71.92765,21.51567],[71.92763,21.51603],[71.92786,21.51656],[71.92794,21.517],[71.92801,21.51762],[71.92826,21.51807],[71.92887,21.51857],[71.92922,21.51909],[71.92987,21.51966],[71.93016,21.52004],[71.93067,21.52058],[71.93084,21.52105],[71.93099,21.52124],[71.93111,21.52138],[71.93117,21.52176],[71.9308,21.5217],[71.93005,21.52161],[71.9298,21.52155],[71.92799,21.52118],[71.92672,21.52096],[71.92596,21.52093],[71.92505,21.52062],[71.924,21.52027],[71.92355,21.52013],[71.9231,21.52005],[71.92271,21.51985],[71.92213,21.52011],[71.9217,21.52043],[71.92148,21.52055],[71.92095,21.52077],[71.91956,21.52137],[71.91868,21.52178],[71.91763,21.52233],[71.91652,21.52275],[71.91562,21.52293],[71.91499,21.52303],[71.914,21.52297],[71.91323,21.52301],[71.91251,21.52305],[71.91181,21.52297],[71.91107,21.52223],[71.91118,21.52171],[71.9106,21.52153],[71.91014,21.52114],[71.90994,21.52125],[71.90926,21.52168],[71.90891,21.52207],[71.90849,21.52257],[71.90808,21.52299],[71.90765,21.5235],[71.90726,21.52387],[71.90713,21.52408],[71.90656,21.52485],[71.90625,21.52527],[71.90578,21.5259],[71.9054,21.5263],[71.90502,21.52681],[71.90452,21.52751],[71.90414,21.5281],[71.90342,21.52908],[71.90311,21.52944],[71.9029,21.52967],[71.90267,21.53016],[71.9024,21.53065],[71.9022,21.53149],[71.90216,21.53219],[71.90196,21.53323],[71.90178,21.53372],[71.9015,21.53469],[71.90117,21.53524],[71.9008,21.5359],[71.90074,21.53622],[71.90058,21.5366],[71.90035,21.53727],[71.9003,21.5374],[71.90002,21.53789],[71.89999,21.53826],[71.89963,21.53931],[71.8993,21.54008],[71.89909,21.54079],[71.89893,21.5412],[71.89885,21.54187],[71.89869,21.54241],[71.8986,21.54263],[71.8986,21.54304],[71.89855,21.54344],[71.89816,21.54402],[71.89777,21.54458],[71.8969,21.54571],[71.89659,21.54626],[71.89617,21.54686],[71.89568,21.54781],[71.89568,21.54782],[71.89534,21.54844],[71.895,21.54916],[71.89508,21.54923],[71.89487,21.5497],[71.89456,21.55023],[71.89428,21.55076],[71.89395,21.55149],[71.89359,21.55212],[71.89332,21.55258],[71.89347,21.55267],[71.89317,21.55294],[71.89254,21.55344],[71.89203,21.5539],[71.89159,21.55434],[71.89131,21.55461],[71.89125,21.55466],[71.89124,21.55481],[71.89096,21.55517],[71.89068,21.55578],[71.89054,21.55674],[71.89036,21.5576],[71.89026,21.55777],[71.89016,21.55832],[71.89016,21.55872],[71.89008,21.55898],[71.88999,21.5593],[71.88993,21.5603],[71.88988,21.56117],[71.88987,21.56162],[71.88987,21.56193],[71.88971,21.56193],[71.88968,21.56246],[71.88956,21.56326],[71.8895,21.56407],[71.88945,21.56407],[71.88941,21.56493],[71.88938,21.56541],[71.88938,21.56592],[71.88935,21.56646],[71.8891,21.56704],[71.89003,21.56771],[71.89064,21.56807],[71.89157,21.56865],[71.89128,21.56897],[71.89103,21.56887],[71.891,21.56989],[71.8906,21.5704],[71.89026,21.57117],[71.89015,21.57147],[71.89003,21.57215],[71.88991,21.5725],[71.88971,21.57281],[71.8896,21.57319],[71.88958,21.57344],[71.88941,21.57424],[71.88934,21.57488],[71.8892,21.57536],[71.88908,21.57572],[71.88891,21.57629],[71.88898,21.57702],[71.88893,21.57745],[71.88899,21.57788],[71.88902,21.57832],[71.88872,21.57848],[71.88844,21.5788],[71.88816,21.57932],[71.88792,21.57978],[71.88776,21.58011],[71.88766,21.5804],[71.88744,21.58078],[71.8873,21.58102],[71.88704,21.58124],[71.88696,21.58149],[71.88672,21.5816],[71.886,21.58179],[71.88537,21.58198],[71.88485,21.58209],[71.88403,21.58227],[71.88327,21.58246],[71.88276,21.58258],[71.88264,21.58263],[71.88286,21.58307],[71.88319,21.58348],[71.88335,21.58376],[71.88272,21.58387],[71.8811,21.58413],[71.88063,21.5842],[71.87983,21.58428],[71.87893,21.5844],[71.87838,21.58441],[71.87822,21.58436],[71.87759,21.58437],[71.8768,21.58438],[71.87536,21.58451],[71.87504,21.58453],[71.87476,21.5846],[71.87479,21.58501],[71.87497,21.58538],[71.87502,21.58594],[71.87501,21.58673],[71.87502,21.5873],[71.87474,21.58749],[71.8744,21.58744],[71.87327,21.58747],[71.87193,21.58751],[71.87092,21.58753],[71.87005,21.58756],[71.86992,21.58756],[71.86984,21.58756],[71.86921,21.58744],[71.86888,21.58737],[71.86839,21.58739],[71.86813,21.58754],[71.86813,21.58763],[71.86817,21.58852],[71.8682,21.58921],[71.86821,21.58961],[71.86828,21.59068],[71.8684,21.59146],[71.86839,21.59176],[71.86848,21.59274],[71.86859,21.59316],[71.8687,21.5939],[71.86885,21.59481],[71.86899,21.5957],[71.86906,21.59606],[71.86915,21.59655],[71.86922,21.59723],[71.86925,21.59825],[71.86925,21.59954],[71.86893,21.59966],[71.86815,21.60014],[71.86755,21.60039],[71.86712,21.6007],[71.86518,21.60167],[71.86455,21.60212],[71.86386,21.60256],[71.86246,21.60287],[71.86221,21.60291],[71.86136,21.60217],[71.8599,21.60242],[71.85926,21.60491],[71.85909,21.60593],[71.85902,21.60641],[71.85712,21.60671],[71.85684,21.60676],[71.8568,21.60677],[71.85672,21.60678],[71.85669,21.60709],[71.85683,21.6073],[71.85695,21.6075],[71.8571,21.60774],[71.85724,21.60799],[71.85763,21.60807],[71.85746,21.60833],[71.8577,21.60901],[71.85794,21.60969],[71.85758,21.61009],[71.85789,21.61093],[71.858,21.61146],[71.85868,21.61174],[71.85821,21.61223],[71.85859,21.61231],[71.85932,21.61229],[71.85944,21.61273],[71.85908,21.61337],[71.8582,21.61464],[71.85764,21.61447],[71.85756,21.61479],[71.85766,21.61532],[71.85801,21.61648],[71.85757,21.61679],[71.85735,21.61786],[71.85802,21.61897],[71.85813,21.61924],[71.85782,21.62056],[71.85801,21.62176],[71.85765,21.62326],[71.85728,21.62335],[71.8573,21.62338],[71.85733,21.62343],[71.85742,21.62358],[71.85792,21.62443]]]},"properties":{"Taluka":"Palitana","District":"Bhavnagar","Dist_Id":"14","Taluka_Id":"14009"}},
{"type":"Feature","geometry":{"type":"Polygon","coordinates":[[[72.00552,21.73946],[72.00321,21.73898],[72.00336,21.73789],[72.00357,21.73702],[72.00334,21.73698],[72.00238,21.73728],[72.00211,21.73737],[72.00064,21.73795],[72.00002,21.73775],[71.99991,21.73719],[71.99965,21.73719],[71.99938,21.73705],[71.99943,21.73691],[71.99906,21.73631],[71.99699,21.73704],[71.99619,21.73795],[71.99598,21.73839],[71.99585,21.73863],[71.99589,21.739],[71.99593,21.7394],[71.99747,21.74045],[71.99627,21.74158],[71.99523,21.74172],[71.99484,21.74175],[71.99451,21.74206],[71.99458,21.74298],[71.99477,21.74361],[71.99486,21.74459],[71.99451,21.7457],[71.99411,21.74618],[71.99358,21.74764],[71.99303,21.74866],[71.99233,21.75002],[71.99164,21.75138],[71.99095,21.75259],[71.99095,21.75284],[71.99093,21.75349],[71.991,21.75439],[71.99129,21.75483],[71.99147,21.75502],[71.99171,21.75527],[71.99219,21.75551],[71.99234,21.7557],[71.99282,21.75632],[71.99321,21.75726],[71.99359,21.75849],[71.9942,21.75929],[71.99334,21.75947],[71.99266,21.75967],[71.99254,21.76012],[71.9921,21.7604],[71.99232,21.76181],[71.99247,21.76281],[71.99146,21.7631],[71.99158,21.76444],[71.99076,21.76438],[71.98989,21.76433],[71.98819,21.76472],[71.98653,21.76503],[71.98666,21.76623],[71.98776,21.76689],[71.98926,21.7678],[71.98947,21.76887],[71.98982,21.77068],[71.99006,21.7718],[71.99035,21.77346],[71.99077,21.77613],[71.99062,21.77957],[71.99071,21.78136],[71.99079,21.78345],[71.99092,21.78486],[71.99098,21.78674],[71.99109,21.78821],[71.99119,21.79011],[71.99137,21.79227],[71.99149,21.79434],[71.99161,21.79624],[71.99161,21.79842],[71.99159,21.79947],[71.99146,21.80185],[71.99126,21.80573],[71.99032,21.80657],[71.9885,21.80793],[71.98854,21.80921],[71.98863,21.81057],[71.98874,21.81217],[71.98839,21.814],[71.99002,21.81702],[71.98593,21.8177],[71.98469,21.81796],[71.98276,21.81867],[71.98165,21.81868],[71.97938,21.81836],[71.976,21.81805],[71.96944,21.81775],[71.96675,21.8175],[71.96586,21.81731],[71.96262,21.81744],[71.95855,21.81803],[71.95745,21.81855],[71.956,21.81881],[71.95368,21.81854],[71.95361,21.81785],[71.95355,21.8178],[71.95348,21.81756],[71.95348,21.81724],[71.9534,21.81529],[71.95124,21.81473],[71.94862,21.81458],[71.94589,21.81512],[71.94438,21.81555],[71.94284,21.81618],[71.94113,21.81667],[71.93991,21.81684],[71.93885,21.81683],[71.93732,21.81662],[71.93614,21.81628],[71.93371,21.8158],[71.93157,21.81566],[71.92982,21.81575],[71.9271,21.81583],[71.92543,21.81545],[71.92491,21.81516],[71.92357,21.81472],[71.92307,21.81439],[71.92309,21.81417],[71.92294,21.81281],[71.92247,21.81201],[71.92169,21.8119],[71.92136,21.81137],[71.92091,21.81087],[71.92085,21.81051],[71.92028,21.80985],[71.91917,21.80953],[71.91877,21.80944],[71.91776,21.80964],[71.91652,21.80945],[71.91617,21.80904],[71.9152,21.80996],[71.91432,21.81026],[71.9138,21.81035],[71.91362,21.81042],[71.9132,21.81042],[71.91249,21.81038],[71.91208,21.8104],[71.91171,21.81031],[71.91132,21.81039],[71.91072,21.81032],[71.91,21.8102],[71.90872,21.80996],[71.90681,21.80963],[71.90672,21.80956],[71.90668,21.80952],[71.90447,21.80889],[71.90246,21.80814],[71.90196,21.80784],[71.90089,21.80716],[71.90021,21.80668],[71.90019,21.80667],[71.89983,21.80652],[71.89918,21.80611],[71.89832,21.80576],[71.8967,21.80491],[71.89542,21.8043],[71.89522,21.80478],[71.89433,21.80466],[71.89396,21.80462],[71.89404,21.80432],[71.89409,21.80403],[71.89409,21.80305],[71.89412,21.8025],[71.89313,21.80247],[71.89259,21.80225],[71.89149,21.80191],[71.89138,21.80159],[71.89095,21.80144],[71.89098,21.80125],[71.89045,21.80081],[71.88935,21.80086],[71.88961,21.80135],[71.8889,21.80131],[71.88816,21.80052],[71.88761,21.80018],[71.88745,21.79995],[71.8869,21.79969],[71.88688,21.79908],[71.88662,21.79899],[71.88591,21.7989],[71.8853,21.79879],[71.88457,21.79836],[71.88428,21.79823],[71.88351,21.79672],[71.88318,21.79631],[71.88296,21.79623],[71.88297,21.79597],[71.88274,21.79574],[71.88234,21.79551],[71.88142,21.79533],[71.88134,21.79502],[71.88097,21.79503],[71.88085,21.79502],[71.88082,21.7951],[71.88044,21.79502],[71.87967,21.79522],[71.8789,21.7951],[71.87839,21.79485],[71.87823,21.79488],[71.87784,21.79485],[71.87756,21.79403],[71.8772,21.79393],[71.87693,21.79378],[71.87694,21.79179],[71.87705,21.79098],[71.87708,21.79081],[71.87608,21.79085],[71.87506,21.7908],[71.87483,21.79088],[71.8743,21.79114],[71.87385,21.79118],[71.87296,21.79096],[71.87256,21.79083],[71.87201,21.79029],[71.87156,21.78984],[71.87052,21.78956],[71.86997,21.78949],[71.86942,21.78928],[71.86887,21.78928],[71.86805,21.78924],[71.86699,21.78934],[71.86699,21.78829],[71.86552,21.78811],[71.86402,21.78795],[71.86343,21.78784],[71.86335,21.78745],[71.86173,21.78743],[71.85948,21.78741],[71.85933,21.78775],[71.85826,21.78738],[71.85757,21.78707],[71.85681,21.78674],[71.85435,21.78661],[71.854,21.78646],[71.85332,21.78642],[71.85255,21.78632],[71.85193,21.78629],[71.85133,21.78628],[71.85104,21.7863],[71.85038,21.78628],[71.8502,21.78621],[71.85025,21.7861],[71.84969,21.78586],[71.84912,21.7857],[71.84903,21.78494],[71.84894,21.78474],[71.84887,21.78465],[71.84777,21.78443],[71.84717,21.78437],[71.84554,21.78449],[71.84518,21.78455],[71.84514,21.78437],[71.84481,21.78384],[71.84289,21.78401],[71.84243,21.78388],[71.84225,21.78292],[71.84143,21.78281],[71.84072,21.78289],[71.84049,21.78257],[71.84028,21.78207],[71.84013,21.78208],[71.83998,21.78143],[71.83985,21.78064],[71.8398,21.78007],[71.84018,21.77993],[71.84073,21.77989],[71.84126,21.77996],[71.84254,21.78014],[71.84262,21.7793],[71.84254,21.77801],[71.84245,21.77668],[71.84251,21.7763],[71.84304,21.77511],[71.8438,21.77361],[71.84539,21.77264],[71.84717,21.77292],[71.84737,21.77281],[71.84854,21.77319],[71.84894,21.77332],[71.84983,21.77341],[71.85009,21.7735],[71.85096,21.77363],[71.85234,21.77379],[71.85308,21.77393],[71.85351,21.77395],[71.85389,21.77257],[71.85412,21.77179],[71.85418,21.7711],[71.85422,21.76976],[71.85434,21.76833],[71.85435,21.76771],[71.85435,21.76752],[71.85393,21.76668],[71.8534,21.76572],[71.85323,21.76526],[71.85436,21.76501],[71.85526,21.76481],[71.85601,21.76465],[71.85581,21.76356],[71.85555,21.7624],[71.85538,21.76166],[71.85518,21.76103],[71.85511,21.76008],[71.855,21.75932],[71.85487,21.7588],[71.85486,21.75879],[71.85479,21.7585],[71.85465,21.75788],[71.85452,21.75721],[71.85436,21.75677],[71.85423,21.75629],[71.85388,21.75546],[71.8537,21.75501],[71.85344,21.75455],[71.85311,21.754],[71.85296,21.75355],[71.85283,21.75331],[71.85282,21.75301],[71.85277,21.75268],[71.85269,21.75215],[71.85264,21.75153],[71.85264,21.75133],[71.85252,21.75123],[71.85226,21.75107],[71.85169,21.75045],[71.85155,21.75004],[71.85171,21.74996],[71.85203,21.74988],[71.85273,21.74972],[71.85345,21.74968],[71.85346,21.74924],[71.85344,21.74893],[71.85334,21.74847],[71.85316,21.74817],[71.85291,21.74695],[71.85271,21.74611],[71.85265,21.74533],[71.85247,21.74465],[71.85237,21.74416],[71.85235,21.74401],[71.85223,21.74318],[71.85217,21.74292],[71.852,21.7418],[71.85196,21.74106],[71.85185,21.74016],[71.85194,21.73866],[71.85204,21.73782],[71.85214,21.73675],[71.85221,21.73623],[71.85222,21.73514],[71.85223,21.7345],[71.85204,21.73447],[71.85055,21.73456],[71.84917,21.73461],[71.84804,21.73468],[71.8467,21.73474],[71.84507,21.7348],[71.84481,21.7349],[71.84404,21.73493],[71.84392,21.73495],[71.84305,21.73509],[71.84246,21.73527],[71.84225,21.73525],[71.84207,21.73532],[71.84168,21.73532],[71.84108,21.73536],[71.84082,21.7354],[71.83973,21.73551],[71.83943,21.73552],[71.83859,21.73555],[71.83845,21.73588],[71.83637,21.73596],[71.83415,21.73606],[71.8339,21.73608],[71.83295,21.73611],[71.83272,21.73601],[71.83249,21.73597],[71.83206,21.73599],[71.83137,21.73604],[71.8307,21.73604],[71.83043,21.73603],[71.82996,21.73618],[71.82901,21.73615],[71.82872,21.73625],[71.82871,21.73626],[71.82852,21.73633],[71.82798,21.73634],[71.82689,21.73619],[71.82571,21.73626],[71.82446,21.73643],[71.8221,21.73645],[71.82182,21.73648],[71.82137,21.73656],[71.82151,21.73711],[71.82166,21.73789],[71.82181,21.73839],[71.82202,21.73936],[71.82222,21.73962],[71.82234,21.73974],[71.82244,21.74005],[71.82245,21.74059],[71.82246,21.74106],[71.82233,21.74154],[71.82224,21.74217],[71.82226,21.74242],[71.82225,21.74326],[71.82229,21.74348],[71.82226,21.74431],[71.8222,21.74472],[71.82204,21.7452],[71.82188,21.74519],[71.82192,21.74537],[71.82197,21.74619],[71.82193,21.74638],[71.82183,21.74704],[71.82176,21.74722],[71.82175,21.74766],[71.82186,21.74816],[71.82201,21.7487],[71.8221,21.74943],[71.82162,21.74965],[71.82119,21.74975],[71.82055,21.74986],[71.81991,21.74998],[71.81958,21.75],[71.81815,21.74999],[71.8181,21.75011],[71.81773,21.75012],[71.81782,21.75111],[71.81652,21.75121],[71.81555,21.75129],[71.81533,21.75134],[71.81532,21.75166],[71.81438,21.75161],[71.81383,21.75104],[71.81382,21.75074],[71.81224,21.75045],[71.81232,21.74976],[71.81175,21.74959],[71.81127,21.74945],[71.81107,21.74925],[71.8103,21.7493],[71.81006,21.74939],[71.80943,21.74924],[71.80858,21.74904],[71.80851,21.74859],[71.80761,21.74842],[71.80737,21.74833],[71.8074,21.74772],[71.80718,21.74722],[71.80665,21.74678],[71.80559,21.74665],[71.80471,21.74667],[71.80389,21.74688],[71.80276,21.74708],[71.80222,21.747],[71.80126,21.74691],[71.8007,21.74684],[71.79923,21.7468],[71.7983,21.74681],[71.79763,21.74677],[71.79749,21.74658],[71.79743,21.74576],[71.79757,21.74456],[71.79734,21.74422],[71.79644,21.74399],[71.79571,21.74381],[71.79541,21.74345],[71.79509,21.74303],[71.79524,21.74244],[71.79545,21.74182],[71.79523,21.74164],[71.79445,21.74157],[71.79397,21.7416],[71.7929,21.74146],[71.79216,21.74133],[71.79128,21.74122],[71.79064,21.74085],[71.78998,21.74067],[71.78966,21.74048],[71.78904,21.73998],[71.78886,21.73977],[71.78855,21.73939],[71.78875,21.73925],[71.78814,21.73898],[71.78776,21.73894],[71.78756,21.7387],[71.78751,21.73915],[71.78732,21.73988],[71.78717,21.74095],[71.78708,21.74149],[71.78706,21.74205],[71.7868,21.74255],[71.78676,21.74357],[71.78673,21.74476],[71.7868,21.74609],[71.78624,21.74601],[71.78618,21.74701],[71.78609,21.74793],[71.7858,21.74917],[71.78552,21.74944],[71.78491,21.7499],[71.78515,21.75197],[71.78537,21.75226],[71.78552,21.75277],[71.78582,21.75312],[71.78604,21.75312],[71.78618,21.7536],[71.78661,21.7537],[71.78692,21.75423],[71.78715,21.75489],[71.78722,21.75512],[71.78727,21.75536],[71.78735,21.75613],[71.78784,21.75707],[71.78807,21.75748],[71.78805,21.7579],[71.78801,21.75864],[71.78796,21.75902],[71.78793,21.75979],[71.78794,21.76042],[71.78782,21.7611],[71.78774,21.76168],[71.7877,21.76222],[71.7877,21.7626],[71.78766,21.76305],[71.78759,21.76371],[71.78758,21.76401],[71.78756,21.76446],[71.78749,21.76486],[71.78741,21.76535],[71.78748,21.76575],[71.78779,21.76594],[71.78778,21.7662],[71.78748,21.76674],[71.78743,21.7672],[71.78738,21.76752],[71.7872,21.76782],[71.7868,21.76757],[71.7866,21.76801],[71.78634,21.76824],[71.78605,21.76908],[71.78479,21.76996],[71.78452,21.77075],[71.78437,21.77123],[71.78419,21.77191],[71.78395,21.77279],[71.78421,21.77287],[71.78411,21.7735],[71.78404,21.77402],[71.78357,21.77401],[71.78269,21.77391],[71.78188,21.77369],[71.78181,21.77385],[71.78179,21.77402],[71.78035,21.77378],[71.77967,21.77373],[71.7789,21.77361],[71.77801,21.77355],[71.77674,21.77337],[71.77562,21.77323],[71.77479,21.77321],[71.77382,21.77309],[71.77333,21.77298],[71.7725,21.77277],[71.77192,21.77258],[71.77158,21.77319],[71.77035,21.7732],[71.76974,21.77327],[71.7695,21.77335],[71.76924,21.77327],[71.76871,21.77328],[71.76845,21.77295],[71.76798,21.77294],[71.76729,21.77271],[71.76656,21.77244],[71.76644,21.77242],[71.76598,21.77225],[71.76521,21.77199],[71.76458,21.77173],[71.76368,21.7714],[71.76265,21.77113],[71.76231,21.771],[71.76138,21.7707],[71.76084,21.77057],[71.75966,21.77007],[71.7593,21.76983],[71.75819,21.76938],[71.75789,21.76925],[71.75752,21.76909],[71.75727,21.76902],[71.75706,21.76899],[71.75667,21.7689],[71.7561,21.76873],[71.75466,21.76819],[71.75423,21.76901],[71.75401,21.76949],[71.75369,21.76996],[71.75308,21.77019],[71.75265,21.77045],[71.75189,21.77008],[71.75142,21.76991],[71.75097,21.76961],[71.7499,21.76931],[71.74936,21.76912],[71.74918,21.76908],[71.74801,21.76869],[71.74747,21.76853],[71.74696,21.76839],[71.74577,21.7681],[71.74502,21.76794],[71.7441,21.76781],[71.74316,21.76767],[71.74253,21.76761],[71.74179,21.76741],[71.74136,21.76726],[71.74067,21.76723],[71.73988,21.76713],[71.739,21.76694],[71.738,21.76672],[71.73699,21.76656],[71.73673,21.76658],[71.73607,21.76573],[71.73566,21.76532],[71.73513,21.76495],[71.73433,21.76466],[71.73381,21.76445],[71.73316,21.76414],[71.73249,21.76335],[71.7325,21.76294],[71.73267,21.76173],[71.73233,21.76145],[71.7319,21.76127],[71.73123,21.76114],[71.73009,21.76042],[71.72947,21.75938],[71.72913,21.7587],[71.72875,21.75808],[71.72836,21.75804],[71.728,21.75791],[71.72737,21.75786],[71.72584,21.75824],[71.72441,21.75892],[71.72307,21.75944],[71.72249,21.75969],[71.72233,21.75975],[71.72178,21.75973],[71.7202,21.76033],[71.71957,21.76046],[71.71908,21.76057],[71.71838,21.76085],[71.7175,21.76135],[71.71676,21.76167],[71.71574,21.76196],[71.71465,21.76226],[71.71401,21.76233],[71.71368,21.76229],[71.71351,21.76222],[71.71316,21.76208],[71.71246,21.76162],[71.71176,21.76153],[71.7115,21.76153],[71.711,21.76136],[71.71044,21.76096],[71.70976,21.7602],[71.7092,21.75998],[71.70898,21.7592],[71.70949,21.75839],[71.70954,21.75813],[71.7096,21.75782],[71.70912,21.75777],[71.70768,21.75774],[71.70683,21.75767],[71.70574,21.7577],[71.70566,21.7558],[71.70472,21.7558],[71.70427,21.7558],[71.70361,21.75572],[71.70313,21.7556],[71.70194,21.75538],[71.70033,21.75498],[71.69921,21.75481],[71.69856,21.75469],[71.69802,21.75452],[71.69776,21.75428],[71.69634,21.75402],[71.69482,21.75379],[71.69456,21.75333],[71.69216,21.75302],[71.68939,21.75312],[71.68921,21.75313],[71.6892,21.75312],[71.6892,21.75313],[71.68867,21.7531],[71.68861,21.75265],[71.68808,21.75195],[71.68773,21.75177],[71.68761,21.7517],[71.6876,21.75169],[71.68658,21.75108],[71.68528,21.75035],[71.68482,21.75007],[71.68457,21.75013],[71.68404,21.75005],[71.68356,21.75],[71.68285,21.74995],[71.68289,21.74921],[71.68288,21.74796],[71.68302,21.7473],[71.68322,21.74628],[71.68338,21.74557],[71.68334,21.74522],[71.68259,21.74515],[71.68212,21.74517],[71.68132,21.74499],[71.68134,21.74408],[71.68146,21.74362],[71.68177,21.74251],[71.68174,21.74248],[71.68065,21.74223],[71.67984,21.74204],[71.67822,21.74185],[71.67719,21.74173],[71.67611,21.74164],[71.67459,21.74155],[71.67286,21.7415],[71.67271,21.74055],[71.67259,21.74024],[71.67258,21.74003],[71.67274,21.73926],[71.67285,21.73797],[71.6729,21.73734],[71.673,21.73634],[71.67308,21.73584],[71.67306,21.73551],[71.67201,21.73493],[71.67092,21.73417],[71.67019,21.73376],[71.66969,21.7338],[71.66986,21.73293],[71.66988,21.73283],[71.66988,21.73199],[71.66999,21.7309],[71.67005,21.72996],[71.67005,21.72972],[71.6703,21.72803],[71.67008,21.72792],[71.67004,21.72701],[71.67046,21.72652],[71.67058,21.72534],[71.67065,21.72449],[71.67096,21.72301],[71.67121,21.72217],[71.6714,21.72144],[71.67153,21.72052],[71.67175,21.71962],[71.67191,21.71898],[71.67201,21.71751],[71.67196,21.71697],[71.67259,21.71729],[71.6735,21.71771],[71.67425,21.71788],[71.67426,21.71728],[71.67414,21.71557],[71.67397,21.71427],[71.67375,21.71283],[71.67365,21.71152],[71.67359,21.71037],[71.67368,21.71005],[71.67361,21.70981],[71.67365,21.70945],[71.67414,21.70873],[71.67413,21.7083],[71.67375,21.70827],[71.67383,21.70705],[71.67383,21.70697],[71.67363,21.70676],[71.67338,21.70662],[71.67234,21.70615],[71.67144,21.70531],[71.67104,21.70516],[71.67107,21.70474],[71.6711,21.70413],[71.67156,21.70313],[71.67187,21.70261],[71.67193,21.70256],[71.67292,21.70282],[71.67312,21.70212],[71.67375,21.70065],[71.67416,21.69988],[71.675,21.70039],[71.67514,21.69919],[71.67514,21.69911],[71.67514,21.69867],[71.67517,21.69798],[71.6751,21.69726],[71.67507,21.69665],[71.67503,21.69598],[71.67504,21.69533],[71.67507,21.69503],[71.67504,21.69403],[71.67502,21.6934],[71.67503,21.69262],[71.67501,21.69172],[71.67508,21.69143],[71.67518,21.69073],[71.67529,21.69005],[71.67537,21.68942],[71.67538,21.68883],[71.67541,21.68841],[71.67549,21.68764],[71.67555,21.68641],[71.67576,21.68559],[71.67586,21.685],[71.67599,21.68429],[71.67617,21.68346],[71.67629,21.68284],[71.67647,21.68189],[71.67655,21.68119],[71.67657,21.68081],[71.67662,21.68033],[71.67667,21.68007],[71.67668,21.67973],[71.67675,21.67922],[71.67687,21.67877],[71.67701,21.67832],[71.67713,21.67801],[71.67733,21.67758],[71.67747,21.67718],[71.67764,21.67683],[71.67803,21.67592],[71.67817,21.6756],[71.67798,21.67543],[71.67738,21.67507],[71.6771,21.67485],[71.67701,21.67455],[71.67713,21.67412],[71.67746,21.67358],[71.67775,21.67317],[71.6776,21.67261],[71.6772,21.67252],[71.6767,21.67242],[71.67631,21.6723],[71.6762,21.67165],[71.67618,21.67135],[71.67618,21.67095],[71.67615,21.66992],[71.67597,21.66883],[71.67612,21.66764],[71.67592,21.66669],[71.67604,21.66663],[71.67603,21.66643],[71.6758,21.66553],[71.67661,21.66495],[71.67682,21.66475],[71.6769,21.66451],[71.67692,21.66423],[71.67692,21.66378],[71.67691,21.66333],[71.67691,21.66308],[71.67694,21.66243],[71.67707,21.66219],[71.67711,21.66163],[71.67748,21.66063],[71.6776,21.66028],[71.67768,21.65995],[71.67802,21.65942],[71.67847,21.65876],[71.67874,21.6581],[71.67931,21.65858],[71.67969,21.65882],[71.68012,21.65889],[71.68042,21.65838],[71.68069,21.65806],[71.68083,21.6579],[71.68104,21.65778],[71.68127,21.65769],[71.68177,21.65728],[71.68206,21.65691],[71.68224,21.65641],[71.68249,21.65551],[71.68327,21.65569],[71.68378,21.65587],[71.68409,21.65603],[71.68456,21.6563],[71.68502,21.65651],[71.68542,21.65669],[71.68552,21.65697],[71.68603,21.65699],[71.68629,21.65714],[71.68681,21.65738],[71.68735,21.6573],[71.68782,21.65725],[71.68807,21.65704],[71.68844,21.6569],[71.68887,21.6567],[71.68935,21.65645],[71.68973,21.65613],[71.68987,21.65557],[71.68998,21.65554],[71.69051,21.65556],[71.69085,21.6557],[71.69115,21.65592],[71.6919,21.65599],[71.69227,21.65607],[71.69256,21.65618],[71.69331,21.6556],[71.69333,21.655],[71.69329,21.65381],[71.69399,21.6539],[71.6938,21.65291],[71.69368,21.65252],[71.69362,21.65197],[71.69443,21.65197],[71.69575,21.6519],[71.69744,21.65185],[71.69839,21.65182],[71.69843,21.65199],[71.69918,21.65153],[71.70004,21.65289],[71.70051,21.65302],[71.70043,21.65359],[71.70022,21.6542],[71.70035,21.65426],[71.70126,21.65439],[71.70121,21.65452],[71.70143,21.65453],[71.70283,21.65465],[71.70263,21.65527],[71.70235,21.65607],[71.70228,21.65638],[71.70215,21.65731],[71.70187,21.65833],[71.70173,21.6594],[71.70161,21.66041],[71.7016,21.66127],[71.70162,21.66144],[71.70195,21.66181],[71.70247,21.66233],[71.70362,21.66233],[71.7038,21.66324],[71.7058,21.66435],[71.70791,21.66491],[71.70914,21.66569],[71.70995,21.66585],[71.71068,21.66604],[71.7119,21.66621],[71.71384,21.66631],[71.71502,21.66587],[71.71572,21.66561],[71.71672,21.66514],[71.71786,21.66442],[71.71816,21.66422],[71.71898,21.66373],[71.72034,21.66316],[71.72151,21.6628],[71.72196,21.66265],[71.72312,21.66229],[71.72391,21.66216],[71.72506,21.662],[71.72619,21.66188],[71.72787,21.6618],[71.72895,21.66184],[71.72917,21.66229],[71.72972,21.66341],[71.73067,21.66378],[71.73173,21.66431],[71.73337,21.6651],[71.73489,21.66578],[71.73567,21.66771],[71.73582,21.66833],[71.73604,21.66945],[71.73763,21.6712],[71.73897,21.67259],[71.73995,21.67365],[71.74068,21.67433],[71.74125,21.67501],[71.74175,21.67561],[71.74247,21.67683],[71.74298,21.67768],[71.74319,21.67823],[71.74398,21.6773],[71.74482,21.67613],[71.74507,21.67532],[71.74525,21.6745],[71.74532,21.67413],[71.74524,21.67405],[71.74458,21.67325],[71.74411,21.67267],[71.74351,21.67212],[71.74305,21.67148],[71.74268,21.67117],[71.74184,21.67039],[71.74129,21.66988],[71.74091,21.66955],[71.74009,21.66889],[71.73976,21.66857],[71.73926,21.66811],[71.7388,21.66769],[71.73832,21.66752],[71.73828,21.66661],[71.73808,21.66503],[71.73799,21.66401],[71.73799,21.6634],[71.73788,21.66273],[71.7378,21.6613],[71.73839,21.66127],[71.7385,21.66089],[71.73844,21.66039],[71.73873,21.66041],[71.73887,21.66017],[71.73936,21.65979],[71.73992,21.65939],[71.74084,21.65876],[71.7416,21.65814],[71.74282,21.6574],[71.74313,21.65723],[71.74367,21.65783],[71.7437,21.65775],[71.74388,21.6569],[71.7441,21.65605],[71.74436,21.65508],[71.74435,21.65438],[71.74443,21.65354],[71.74456,21.65275],[71.74467,21.65191],[71.74471,21.65097],[71.74494,21.64938],[71.74693,21.64929],[71.74813,21.64921],[71.74819,21.65],[71.74917,21.64987],[71.75011,21.64986],[71.75081,21.64982],[71.75142,21.64977],[71.75246,21.64971],[71.75337,21.6496],[71.75429,21.64944],[71.75518,21.64931],[71.75559,21.64915],[71.75654,21.64918],[71.75698,21.64913],[71.75772,21.64909],[71.75883,21.64902],[71.76003,21.64893],[71.76129,21.64879],[71.76199,21.64863],[71.76326,21.6484],[71.76345,21.64841],[71.7639,21.6481],[71.76402,21.6482],[71.76428,21.64895],[71.76447,21.6495],[71.76451,21.64977],[71.76459,21.6505],[71.76513,21.65047],[71.76534,21.65106],[71.76548,21.65155],[71.7654,21.65186],[71.76499,21.65207],[71.7645,21.65263],[71.76432,21.65306],[71.76476,21.65399],[71.76482,21.65411],[71.76496,21.65406],[71.76564,21.65393],[71.76617,21.65383],[71.76654,21.6538],[71.76724,21.65317],[71.76741,21.65314],[71.76739,21.65276],[71.76772,21.65258],[71.76837,21.65268],[71.76907,21.65258],[71.76985,21.65297],[71.77062,21.65304],[71.77147,21.65346],[71.77284,21.65428],[71.77401,21.65495],[71.77486,21.65546],[71.77587,21.65716],[71.77675,21.65846],[71.77791,21.65974],[71.77912,21.66091],[71.77956,21.6614],[71.78134,21.66183],[71.783,21.66218],[71.78376,21.66171],[71.78394,21.66139],[71.78481,21.6598],[71.78537,21.6581],[71.78595,21.65696],[71.78657,21.65648],[71.78709,21.65588],[71.78737,21.65565],[71.78752,21.65608],[71.78794,21.65686],[71.78779,21.65841],[71.78852,21.65929],[71.78986,21.6601],[71.79088,21.6605],[71.79146,21.66066],[71.79178,21.66071],[71.79291,21.66122],[71.79416,21.66177],[71.79505,21.66192],[71.79547,21.66218],[71.79621,21.66244],[71.79758,21.66288],[71.79818,21.66323],[71.79858,21.66364],[71.79898,21.66504],[71.79896,21.66567],[71.79909,21.66711],[71.79895,21.66809],[71.79906,21.6693],[71.79926,21.67144],[71.80045,21.67237],[71.80178,21.67315],[71.80263,21.67377],[71.80423,21.67487],[71.80552,21.67584],[71.80719,21.67718],[71.80773,21.67749],[71.80817,21.67867],[71.80871,21.67991],[71.8094,21.68062],[71.80867,21.68142],[71.80783,21.68249],[71.80708,21.68339],[71.80707,21.68405],[71.8063,21.68547],[71.80524,21.68663],[71.80514,21.68726],[71.80535,21.68727],[71.80598,21.68764],[71.80647,21.68789],[71.80687,21.68788],[71.8076,21.68771],[71.8085,21.68751],[71.80961,21.68722],[71.80976,21.6873],[71.81046,21.6876],[71.81101,21.68785],[71.81125,21.68807],[71.81163,21.68844],[71.81203,21.68885],[71.81229,21.68935],[71.81234,21.68973],[71.81202,21.69048],[71.81206,21.69098],[71.81212,21.69173],[71.81199,21.6926],[71.81193,21.69302],[71.81214,21.69312],[71.81263,21.69311],[71.81292,21.69288],[71.8135,21.69235],[71.81413,21.69168],[71.8148,21.69154],[71.81528,21.69102],[71.81582,21.69048],[71.81613,21.6904],[71.81665,21.69034],[71.81691,21.69008],[71.81692,21.68978],[71.81708,21.68972],[71.81824,21.68916],[71.81905,21.68802],[71.81974,21.68689],[71.8204,21.68682],[71.82171,21.68708],[71.82224,21.68745],[71.82278,21.68717],[71.82324,21.6876],[71.82405,21.68857],[71.82502,21.68938],[71.82593,21.69001],[71.82767,21.69005],[71.82848,21.69025],[71.82876,21.69013],[71.82948,21.68963],[71.83008,21.68893],[71.83069,21.68802],[71.83115,21.68702],[71.83139,21.68601],[71.8317,21.68601],[71.83238,21.68512],[71.83304,21.68505],[71.83357,21.68519],[71.83432,21.68571],[71.8348,21.68646],[71.83482,21.68686],[71.83547,21.68764],[71.83576,21.68743],[71.83699,21.69017],[71.83742,21.69115],[71.83795,21.69236],[71.83832,21.69265],[71.84044,21.69405],[71.84216,21.69426],[71.84316,21.6943],[71.84479,21.69426],[71.84614,21.69399],[71.84808,21.69436],[71.84874,21.69386],[71.84939,21.693],[71.84914,21.69239],[71.84923,21.69215],[71.84956,21.69185],[71.85023,21.69085],[71.85044,21.69007],[71.85056,21.68986],[71.85101,21.68908],[71.85211,21.68818],[71.8524,21.68805],[71.85291,21.68728],[71.85324,21.68714],[71.85387,21.68599],[71.85406,21.68513],[71.85439,21.68355],[71.85477,21.68242],[71.85493,21.68162],[71.85542,21.67982],[71.85464,21.67966],[71.85206,21.67907],[71.85094,21.67876],[71.84909,21.67824],[71.84831,21.67734],[71.84605,21.67694],[71.84486,21.67666],[71.84387,21.6764],[71.84197,21.67574],[71.8413,21.67468],[71.83962,21.67183],[71.83884,21.6705],[71.83814,21.6694],[71.83852,21.66813],[71.83867,21.66726],[71.83902,21.66533],[71.83898,21.66426],[71.83889,21.66404],[71.83821,21.66291],[71.83744,21.66159],[71.83657,21.65936],[71.83551,21.65646],[71.83585,21.65659],[71.83708,21.65697],[71.83899,21.65759],[71.83968,21.65794],[71.84196,21.65881],[71.84496,21.65945],[71.84739,21.66006],[71.84917,21.65954],[71.85029,21.65928],[71.85254,21.65892],[71.85451,21.65838],[71.85483,21.6579],[71.85559,21.65658],[71.85563,21.65601],[71.85818,21.65478],[71.85914,21.65421],[71.85956,21.65395],[71.86047,21.65371],[71.86218,21.65335],[71.86347,21.65313],[71.86442,21.65306],[71.86597,21.65332],[71.8673,21.65324],[71.86898,21.65237],[71.86936,21.65204],[71.86925,21.65187],[71.86919,21.6506],[71.86895,21.64984],[71.86846,21.64849],[71.86781,21.6471],[71.86765,21.64477],[71.86771,21.6438],[71.86806,21.64297],[71.86822,21.64231],[71.8683,21.64188],[71.8685,21.64108],[71.8689,21.63998],[71.86915,21.63924],[71.86879,21.63926],[71.86714,21.63889],[71.86592,21.63923],[71.86545,21.63932],[71.86483,21.63905],[71.86441,21.63894],[71.86436,21.63887],[71.86389,21.63788],[71.86325,21.63671],[71.86309,21.63636],[71.86291,21.63563],[71.8628,21.63495],[71.8624,21.63431],[71.86193,21.63323],[71.86099,21.63184],[71.8609,21.63135],[71.86071,21.63034],[71.86048,21.62981],[71.86029,21.62918],[71.85968,21.62814],[71.8593,21.62658],[71.85892,21.62583],[71.85843,21.62552],[71.85792,21.62443],[71.85728,21.62335],[71.85765,21.62326],[71.85801,21.62176],[71.85782,21.62056],[71.85813,21.61924],[71.85802,21.61897],[71.85735,21.61786],[71.85757,21.61679],[71.85801,21.61648],[71.85766,21.61532],[71.85756,21.61479],[71.85764,21.61447],[71.8582,21.61464],[71.85908,21.61337],[71.85944,21.61273],[71.85932,21.61229],[71.85859,21.61231],[71.85821,21.61223],[71.85868,21.61174],[71.858,21.61146],[71.85789,21.61093],[71.85758,21.61009],[71.85794,21.60969],[71.8577,21.60901],[71.85746,21.60833],[71.85763,21.60807],[71.85724,21.60799],[71.8571,21.60774],[71.85669,21.60709],[71.85672,21.60678],[71.85712,21.60671],[71.85902,21.60641],[71.85909,21.60593],[71.85926,21.60491],[71.8599,21.60242],[71.86136,21.60217],[71.86221,21.60291],[71.86246,21.60287],[71.86386,21.60256],[71.86455,21.60212],[71.86518,21.60167],[71.86712,21.6007],[71.86755,21.60039],[71.86815,21.60014],[71.86893,21.59966],[71.86925,21.59954],[71.86925,21.59825],[71.86922,21.59723],[71.86915,21.59655],[71.86906,21.59606],[71.86899,21.5957],[71.86885,21.59481],[71.8687,21.5939],[71.86859,21.59316],[71.86848,21.59274],[71.86839,21.59176],[71.8684,21.59146],[71.86828,21.59068],[71.86821,21.58961],[71.8682,21.58921],[71.86817,21.58852],[71.86813,21.58754],[71.86839,21.58739],[71.86888,21.58737],[71.86921,21.58744],[71.86984,21.58756],[71.86992,21.58756],[71.87005,21.58756],[71.87092,21.58753],[71.87193,21.58751],[71.87327,21.58747],[71.8744,21.58744],[71.87474,21.58749],[71.87502,21.5873],[71.87501,21.58673],[71.87502,21.58594],[71.87497,21.58538],[71.87479,21.58501],[71.87476,21.5846],[71.87504,21.58453],[71.87536,21.58451],[71.8768,21.58438],[71.87759,21.58437],[71.87822,21.58436],[71.87838,21.58441],[71.87893,21.5844],[71.87983,21.58428],[71.88063,21.5842],[71.8811,21.58413],[71.88272,21.58387],[71.88335,21.58376],[71.88319,21.58348],[71.88286,21.58307],[71.88264,21.58263],[71.88276,21.58258],[71.88327,21.58246],[71.88403,21.58227],[71.88485,21.58209],[71.88537,21.58198],[71.886,21.58179],[71.88672,21.5816],[71.88696,21.58149],[71.88704,21.58124],[71.8873,21.58102],[71.88744,21.58078],[71.88766,21.5804],[71.88776,21.58011],[71.88792,21.57978],[71.88816,21.57932],[71.88844,21.5788],[71.88872,21.57848],[71.88902,21.57832],[71.88899,21.57788],[71.88893,21.57745],[71.88898,21.57702],[71.88891,21.57629],[71.88908,21.57572],[71.8892,21.57536],[71.88934,21.57488],[71.88941,21.57424],[71.88958,21.57344],[71.8896,21.57319],[71.88971,21.57281],[71.88991,21.5725],[71.89003,21.57215],[71.89015,21.57147],[71.89026,21.57117],[71.8906,21.5704],[71.891,21.56989],[71.89103,21.56887],[71.89128,21.56897],[71.89157,21.56865],[71.89064,21.56807],[71.89003,21.56771],[71.8891,21.56704],[71.88935,21.56646],[71.88938,21.56592],[71.88938,21.56541],[71.88941,21.56493],[71.88945,21.56407],[71.8895,21.56407],[71.88956,21.56326],[71.88968,21.56246],[71.88971,21.56193],[71.88987,21.56193],[71.88987,21.56162],[71.88988,21.56117],[71.88993,21.5603],[71.88999,21.5593],[71.89008,21.55898],[71.89016,21.55872],[71.89016,21.55832],[71.89026,21.55777],[71.89036,21.5576],[71.89054,21.55674],[71.89068,21.55578],[71.89096,21.55517],[71.89124,21.55481],[71.89125,21.55466],[71.89159,21.55434],[71.89203,21.5539],[71.89254,21.55344],[71.89317,21.55294],[71.89347,21.55267],[71.89332,21.55258],[71.89359,21.55212],[71.89395,21.55149],[71.89428,21.55076],[71.89456,21.55023],[71.89487,21.5497],[71.89508,21.54923],[71.895,21.54916],[71.89534,21.54844],[71.89568,21.54782],[71.89568,21.54781],[71.89617,21.54686],[71.89659,21.54626],[71.8969,21.54571],[71.89777,21.54458],[71.89816,21.54402],[71.89855,21.54344],[71.8986,21.54304],[71.8986,21.54263],[71.89869,21.54241],[71.89885,21.54187],[71.89893,21.5412],[71.89909,21.54079],[71.8993,21.54008],[71.89963,21.53931],[71.89999,21.53826],[71.90002,21.53789],[71.9003,21.5374],[71.90058,21.5366],[71.90074,21.53622],[71.9008,21.5359],[71.90117,21.53524],[71.9015,21.53469],[71.90178,21.53372],[71.90196,21.53323],[71.90216,21.53219],[71.9022,21.53149],[71.9024,21.53065],[71.90267,21.53016],[71.9029,21.52967],[71.90311,21.52944],[71.90342,21.52908],[71.90414,21.5281],[71.90452,21.52751],[71.90502,21.52681],[71.9054,21.5263],[71.90578,21.5259],[71.90625,21.52527],[71.90656,21.52485],[71.90713,21.52408],[71.90726,21.52387],[71.90765,21.5235],[71.90808,21.52299],[71.90849,21.52257],[71.90891,21.52207],[71.90926,21.52168],[71.90994,21.52125],[71.91014,21.52114],[71.9106,21.52153],[71.91118,21.52171],[71.91107,21.52223],[71.91181,21.52297],[71.91251,21.52305],[71.91323,21.52301],[71.914,21.52297],[71.91499,21.52303],[71.91562,21.52293],[71.91652,21.52275],[71.91763,21.52233],[71.91868,21.52178],[71.91956,21.52137],[71.92095,21.52077],[71.92148,21.52055],[71.9217,21.52043],[71.92213,21.52011],[71.92271,21.51985],[71.9231,21.52005],[71.92355,21.52013],[71.924,21.52027],[71.92505,21.52062],[71.92596,21.52093],[71.92672,21.52096],[71.92799,21.52118],[71.9298,21.52155],[71.93005,21.52161],[71.9308,21.5217],[71.93117,21.52176],[71.93111,21.52138],[71.93099,21.52124],[71.93206,21.52144],[71.93261,21.52154],[71.93327,21.5217],[71.93389,21.52193],[71.93404,21.52162],[71.93421,21.52154],[71.93459,21.52119],[71.93546,21.52052],[71.93586,21.52013],[71.93645,21.51974],[71.93693,21.51949],[71.9372,21.51939],[71.93768,21.51928],[71.93826,21.51938],[71.93857,21.51987],[71.93904,21.51992],[71.9393,21.52004],[71.93969,21.52026],[71.94028,21.52086],[71.94056,21.52083],[71.94171,21.52069],[71.94241,21.52068],[71.94299,21.52],[71.94352,21.51967],[71.94445,21.51877],[71.94534,21.51793],[71.94588,21.51702],[71.94617,21.51698],[71.94706,21.51666],[71.94756,21.51638],[71.94801,21.51611],[71.9488,21.51634],[71.94932,21.51653],[71.94988,21.51684],[71.95067,21.51713],[71.95191,21.51764],[71.95235,21.51794],[71.9524,21.51748],[71.95287,21.51721],[71.95322,21.51677],[71.95356,21.51622],[71.95393,21.51587],[71.95418,21.51558],[71.95445,21.51526],[71.95471,21.51509],[71.95521,21.51464],[71.95557,21.51441],[71.95593,21.51422],[71.95628,21.51454],[71.95685,21.51481],[71.95782,21.51561],[71.95818,21.51538],[71.95841,21.51507],[71.95834,21.51401],[71.95873,21.51359],[71.95917,21.51348],[71.95948,21.51342],[71.95964,21.51322],[71.95983,21.51279],[71.95998,21.5124],[71.96042,21.51156],[71.96074,21.5109],[71.9608,21.51077],[71.96108,21.51016],[71.96124,21.50941],[71.96119,21.50919],[71.96056,21.50865],[71.9602,21.5083],[71.96005,21.50797],[71.95978,21.50699],[71.95982,21.50652],[71.96002,21.50613],[71.95987,21.50584],[71.9599,21.50531],[71.95957,21.50488],[71.96,21.50482],[71.96047,21.5046],[71.96096,21.50453],[71.96127,21.50486],[71.96206,21.505],[71.96266,21.50512],[71.96291,21.50441],[71.96301,21.50396],[71.9632,21.5037],[71.96323,21.50315],[71.96326,21.50251],[71.96326,21.50198],[71.96325,21.50154],[71.9632,21.50118],[71.96311,21.50071],[71.96299,21.50012],[71.96286,21.49933],[71.9627,21.49881],[71.96269,21.49825],[71.96239,21.49713],[71.96221,21.49631],[71.9628,21.49582],[71.96178,21.49395],[71.96152,21.49343],[71.96184,21.49286],[71.96209,21.49293],[71.96216,21.49309],[71.9624,21.49329],[71.9641,21.49341],[71.96483,21.49335],[71.96542,21.49351],[71.96609,21.49341],[71.96632,21.49355],[71.96635,21.49387],[71.96628,21.4942],[71.9665,21.49431],[71.9667,21.49424],[71.96723,21.49437],[71.96762,21.4946],[71.96798,21.49493],[71.96902,21.49474],[71.96976,21.49498],[71.97036,21.49527],[71.97152,21.49556],[71.97256,21.49586],[71.9736,21.49603],[71.97387,21.49618],[71.97456,21.49655],[71.97514,21.49676],[71.97546,21.49663],[71.97576,21.4968],[71.97667,21.49698],[71.9771,21.4971],[71.9776,21.49751],[71.97786,21.49738],[71.97836,21.49768],[71.97866,21.49788],[71.97875,21.49819],[71.97875,21.49836],[71.97809,21.4993],[71.97828,21.49948],[71.9783,21.4995],[71.97883,21.49954],[71.97944,21.49945],[71.97989,21.49953],[71.98014,21.4999],[71.98074,21.50011],[71.98114,21.50032],[71.98181,21.50039],[71.98198,21.5004],[71.98223,21.50023],[71.98257,21.50019],[71.98272,21.49992],[71.98305,21.49961],[71.98338,21.49953],[71.98379,21.49877],[71.98424,21.49795],[71.98513,21.49808],[71.98558,21.49819],[71.98619,21.49842],[71.98686,21.49855],[71.98737,21.49842],[71.98749,21.49833],[71.98838,21.49895],[71.98896,21.49949],[71.98924,21.49938],[71.98962,21.49942],[71.98996,21.49919],[71.99054,21.49967],[71.99084,21.49948],[71.9907,21.49909],[71.99089,21.49891],[71.99098,21.49891],[71.99124,21.4991],[71.99155,21.49893],[71.99187,21.49896],[71.99213,21.49858],[71.99292,21.49833],[71.99319,21.49813],[71.99348,21.49814],[71.99366,21.49785],[71.99402,21.49784],[71.99435,21.49745],[71.99458,21.49724],[71.99451,21.49683],[71.99471,21.49651],[71.99491,21.4958],[71.99559,21.49566],[71.99622,21.49542],[71.99664,21.49536],[71.99688,21.49518],[71.99783,21.49478],[71.99839,21.49433],[71.99843,21.4941],[71.99921,21.49413],[71.99942,21.49403],[71.99955,21.49368],[71.99976,21.49361],[72.00025,21.49319],[72.00074,21.4928],[72.00151,21.49242],[72.0018,21.49213],[72.00226,21.49216],[72.00297,21.49231],[72.00305,21.49254],[72.00351,21.49263],[72.00411,21.49271],[72.0042,21.49284],[72.0049,21.49312],[72.00557,21.49316],[72.00567,21.49318],[72.00572,21.49321],[72.00607,21.49304],[72.0065,21.49385],[72.00671,21.49399],[72.00648,21.49451],[72.0065,21.49521],[72.0064,21.49542],[72.00622,21.49571],[72.0065,21.49663],[72.00605,21.49721],[72.00601,21.49733],[72.00618,21.49776],[72.00659,21.49808],[72.00646,21.49885],[72.00662,21.49939],[72.00696,21.50003],[72.00703,21.50038],[72.00718,21.50054],[72.00725,21.50069],[72.00722,21.50096],[72.00718,21.50126],[72.00692,21.50138],[72.00683,21.50157],[72.00692,21.50175],[72.00708,21.50193],[72.00711,21.50236],[72.0075,21.50254],[72.00748,21.50307],[72.00757,21.50333],[72.00773,21.50351],[72.00766,21.50384],[72.00771,21.50439],[72.00779,21.50459],[72.00775,21.50493],[72.00775,21.50508],[72.00798,21.50541],[72.00808,21.50579],[72.00811,21.50592],[72.00835,21.50609],[72.00854,21.50648],[72.0082,21.50674],[72.00794,21.50702],[72.0079,21.50721],[72.00728,21.50767],[72.00701,21.5078],[72.00651,21.50821],[72.00605,21.50882],[72.00575,21.50913],[72.00538,21.50958],[72.0049,21.51014],[72.00473,21.5102],[72.00538,21.51114],[72.00559,21.51124],[72.00639,21.51178],[72.00732,21.5123],[72.00805,21.51275],[72.00868,21.51284],[72.00969,21.51326],[72.0098,21.51353],[72.01019,21.51385],[72.01022,21.51422],[72.01043,21.51457],[72.01042,21.51511],[72.01081,21.51599],[72.01086,21.51629],[72.01096,21.51653],[72.01098,21.51723],[72.01146,21.51778],[72.0116,21.51801],[72.01212,21.51838],[72.01218,21.51869],[72.01237,21.51873],[72.01314,21.5192],[72.01376,21.51959],[72.01407,21.51983],[72.01413,21.52023],[72.014,21.52052],[72.01389,21.521],[72.01419,21.52112],[72.0149,21.52123],[72.01546,21.52138],[72.01592,21.5215],[72.01646,21.52152],[72.01783,21.52174],[72.01874,21.52184],[72.01939,21.52176],[72.01997,21.52193],[72.02078,21.52198],[72.02116,21.52201],[72.02205,21.52223],[72.02272,21.52235],[72.02329,21.5224],[72.02371,21.52242],[72.02398,21.52245],[72.0243,21.52295],[72.02561,21.52303],[72.02668,21.52328],[72.02788,21.52356],[72.02818,21.52351],[72.02942,21.52385],[72.0298,21.52384],[72.03005,21.52397],[72.03092,21.52404],[72.03155,21.52418],[72.03316,21.52439],[72.034,21.52447],[72.03426,21.52451],[72.03457,21.52456],[72.03662,21.52504],[72.03717,21.52509],[72.03757,21.52495],[72.03848,21.52496],[72.03885,21.52498],[72.03934,21.52511],[72.03987,21.52524],[72.04073,21.52541],[72.04163,21.52558],[72.04217,21.52563],[72.04317,21.52579],[72.04421,21.52592],[72.04514,21.52613],[72.04599,21.5263],[72.04647,21.52629],[72.04725,21.52665],[72.04813,21.52677],[72.04902,21.52688],[72.05012,21.52707],[72.05203,21.52747],[72.05259,21.5278],[72.05291,21.52794],[72.05354,21.52811],[72.055,21.52837],[72.05572,21.52846],[72.05671,21.52857],[72.05748,21.52863],[72.05776,21.52865],[72.05771,21.52943],[72.05831,21.53021],[72.05819,21.53102],[72.0584,21.53166],[72.0578,21.53254],[72.0575,21.53365],[72.0582,21.53416],[72.05802,21.53426],[72.05761,21.53518],[72.05775,21.53651],[72.05772,21.53736],[72.05759,21.53899],[72.0572,21.54011],[72.05748,21.54022],[72.05736,21.54066],[72.0562,21.54179],[72.05473,21.54177],[72.05459,21.54215],[72.05482,21.54231],[72.05472,21.54268],[72.05427,21.54276],[72.05386,21.54323],[72.05337,21.54273],[72.05307,21.54297],[72.05302,21.54375],[72.05242,21.54403],[72.05221,21.54427],[72.05225,21.54472],[72.05255,21.54476],[72.05252,21.5449],[72.05241,21.5453],[72.05266,21.54619],[72.05289,21.54661],[72.05269,21.54676],[72.05255,21.54713],[72.05292,21.54772],[72.05231,21.54786],[72.05241,21.54849],[72.05228,21.54867],[72.05143,21.54857],[72.05035,21.54811],[72.04904,21.54752],[72.04789,21.54719],[72.04706,21.54694],[72.04568,21.54665],[72.04441,21.54678],[72.0429,21.54641],[72.04163,21.54618],[72.04082,21.54623],[72.03908,21.54595],[72.0388,21.54576],[72.03709,21.54571],[72.0359,21.54576],[72.03524,21.54593],[72.03472,21.54606],[72.03424,21.5463],[72.03292,21.54668],[72.0312,21.54564],[72.02878,21.54556],[72.0274,21.54513],[72.02671,21.54647],[72.02667,21.54669],[72.02666,21.54674],[72.0265,21.54731],[72.02563,21.54858],[72.02515,21.54977],[72.02426,21.55045],[72.02387,21.55104],[72.0232,21.55202],[72.02312,21.55294],[72.02272,21.55359],[72.02223,21.55445],[72.02141,21.5558],[72.02155,21.55611],[72.02144,21.55672],[72.02036,21.55813],[72.02009,21.55848],[72.01956,21.55929],[72.01938,21.55972],[72.01891,21.56065],[72.01991,21.56199],[72.02023,21.5637],[72.02084,21.56425],[72.02084,21.56476],[72.02069,21.565],[72.02111,21.5651],[72.02114,21.56564],[72.02096,21.56588],[72.021,21.56629],[72.0212,21.56652],[72.02112,21.56717],[72.02117,21.56748],[72.02122,21.56786],[72.02135,21.56898],[72.02236,21.56938],[72.0231,21.56965],[72.02516,21.57056],[72.02539,21.57066],[72.0259,21.57084],[72.02711,21.57116],[72.02883,21.57163],[72.03084,21.57209],[72.03109,21.57203],[72.03142,21.57195],[72.03177,21.57162],[72.03199,21.57132],[72.03219,21.57117],[72.03248,21.57104],[72.03282,21.57093],[72.03345,21.5712],[72.0339,21.57119],[72.03453,21.57113],[72.03513,21.57107],[72.03603,21.57129],[72.03772,21.57167],[72.03827,21.56974],[72.04024,21.56845],[72.04062,21.5691],[72.04057,21.5699],[72.04115,21.57017],[72.04145,21.57035],[72.04216,21.56963],[72.04294,21.56909],[72.04349,21.56908],[72.04398,21.56845],[72.04447,21.56803],[72.04513,21.56771],[72.04677,21.56771],[72.04691,21.56741],[72.04721,21.56732],[72.04754,21.5677],[72.04839,21.56773],[72.04855,21.56765],[72.04866,21.56752],[72.05023,21.56632],[72.0506,21.564],[72.05264,21.56058],[72.05418,21.55884],[72.05445,21.55839],[72.05495,21.5583],[72.05579,21.55767],[72.05711,21.55692],[72.05876,21.55717],[72.05941,21.55725],[72.06061,21.5574],[72.06178,21.55745],[72.06281,21.55754],[72.06321,21.55759],[72.06361,21.55748],[72.06421,21.55735],[72.06445,21.55721],[72.06459,21.55729],[72.06464,21.55748],[72.06493,21.55756],[72.06527,21.55751],[72.06584,21.55795],[72.06614,21.55799],[72.06639,21.55761],[72.06692,21.55818],[72.06692,21.55829],[72.06682,21.55851],[72.06673,21.55876],[72.067,21.55887],[72.06764,21.55903],[72.06808,21.55927],[72.06811,21.55952],[72.06836,21.55965],[72.06887,21.55949],[72.06949,21.55985],[72.06964,21.56049],[72.06989,21.56056],[72.06987,21.56085],[72.07008,21.56133],[72.07074,21.5616],[72.07129,21.56156],[72.07162,21.56116],[72.07234,21.56172],[72.07309,21.5621],[72.07334,21.56235],[72.07394,21.56182],[72.07543,21.56258],[72.07629,21.563],[72.07786,21.56376],[72.07828,21.56437],[72.07967,21.56453],[72.08005,21.56405],[72.08076,21.56361],[72.07971,21.56636],[72.07898,21.56672],[72.07881,21.56705],[72.07763,21.56921],[72.07697,21.5709],[72.07695,21.57104],[72.07535,21.57075],[72.07481,21.57062],[72.07425,21.57058],[72.07357,21.57049],[72.07301,21.57025],[72.07149,21.56965],[72.07034,21.56919],[72.06916,21.56875],[72.06888,21.56874],[72.06863,21.56945],[72.06849,21.56979],[72.0683,21.57001],[72.06775,21.57042],[72.06779,21.57085],[72.06768,21.571],[72.06741,21.57114],[72.06677,21.57161],[72.06662,21.57173],[72.06574,21.57231],[72.06433,21.57172],[72.06321,21.57133],[72.06229,21.57099],[72.06187,21.57094],[72.06127,21.57087],[72.06069,21.57072],[72.06035,21.57061],[72.06041,21.57027],[72.06018,21.57003],[72.05912,21.56978],[72.05784,21.56882],[72.0558,21.56855],[72.05342,21.56822],[72.05217,21.56871],[72.04992,21.56895],[72.04903,21.57082],[72.04851,21.57104],[72.04852,21.57207],[72.04852,21.57253],[72.04848,21.57395],[72.04869,21.57426],[72.04891,21.57594],[72.04825,21.57752],[72.04806,21.5784],[72.04813,21.57879],[72.04787,21.57914],[72.04737,21.5801],[72.04737,21.58033],[72.04715,21.58104],[72.0468,21.58195],[72.04685,21.58203],[72.04684,21.58243],[72.04665,21.58298],[72.0465,21.58376],[72.04607,21.58469],[72.04561,21.58546],[72.0452,21.5866],[72.045,21.58683],[72.04493,21.58712],[72.04474,21.58772],[72.04409,21.58886],[72.04364,21.58959],[72.04342,21.59009],[72.04314,21.59131],[72.044,21.59206],[72.04556,21.59262],[72.04633,21.59283],[72.04649,21.59321],[72.04625,21.59397],[72.04388,21.59609],[72.04421,21.59643],[72.04381,21.59659],[72.04371,21.59692],[72.04405,21.59695],[72.04371,21.59743],[72.04351,21.59852],[72.04315,21.60108],[72.04221,21.60114],[72.04157,21.6016],[72.04082,21.60213],[72.04032,21.60245],[72.0399,21.60384],[72.03943,21.60556],[72.03886,21.60643],[72.03781,21.6075],[72.03755,21.6079],[72.03681,21.60924],[72.03617,21.61009],[72.03608,21.61109],[72.03594,21.61248],[72.03651,21.61335],[72.03622,21.6145],[72.03584,21.61557],[72.03547,21.61657],[72.03481,21.61748],[72.03442,21.61839],[72.03413,21.61888],[72.03396,21.61944],[72.03379,21.61976],[72.03359,21.62032],[72.03353,21.62075],[72.03349,21.62223],[72.03346,21.62262],[72.03337,21.62353],[72.03358,21.62446],[72.03372,21.62474],[72.03363,21.62505],[72.0336,21.62553],[72.03364,21.62597],[72.03387,21.6278],[72.0332,21.62787],[72.03321,21.62798],[72.03288,21.62798],[72.03288,21.6278],[72.0322,21.62791],[72.03178,21.62826],[72.03188,21.62852],[72.03289,21.62841],[72.03267,21.62931],[72.0325,21.62986],[72.03218,21.63003],[72.03191,21.6315],[72.03178,21.63195],[72.03237,21.63216],[72.03245,21.6325],[72.03314,21.63315],[72.0345,21.63405],[72.03502,21.63398],[72.03548,21.63422],[72.03635,21.63481],[72.0374,21.63504],[72.0378,21.63534],[72.03799,21.6356],[72.03786,21.636],[72.03773,21.63656],[72.03767,21.63704],[72.03759,21.63788],[72.03742,21.63825],[72.03637,21.63985],[72.0357,21.64024],[72.03472,21.64083],[72.0342,21.64128],[72.03328,21.64209],[72.03219,21.64303],[72.03151,21.6435],[72.03066,21.64382],[72.03047,21.6439],[72.02952,21.64474],[72.02837,21.64557],[72.02888,21.64737],[72.02879,21.649],[72.02826,21.65037],[72.02698,21.65302],[72.02835,21.65478],[72.02969,21.65534],[72.03042,21.65505],[72.03142,21.65631],[72.03164,21.65697],[72.03151,21.65769],[72.03169,21.65812],[72.03264,21.65914],[72.03279,21.65977],[72.03342,21.66024],[72.03394,21.661],[72.03511,21.66265],[72.03561,21.66338],[72.03506,21.66463],[72.03414,21.66566],[72.03376,21.66682],[72.03326,21.66789],[72.03289,21.66881],[72.03229,21.6697],[72.03135,21.67091],[72.031,21.67137],[72.03009,21.67243],[72.02968,21.67306],[72.02916,21.67363],[72.02862,21.67434],[72.02787,21.67533],[72.02752,21.67619],[72.02722,21.67739],[72.0261,21.67809],[72.02496,21.67922],[72.02684,21.68077],[72.02704,21.68154],[72.02767,21.68206],[72.02748,21.68283],[72.02644,21.68499],[72.0256,21.68617],[72.02555,21.68652],[72.02711,21.68931],[72.02965,21.69108],[72.02989,21.6915],[72.02969,21.69193],[72.02926,21.69278],[72.02887,21.69425],[72.02886,21.69445],[72.02883,21.6952],[72.02896,21.69596],[72.02912,21.69654],[72.0293,21.6974],[72.02946,21.69794],[72.02986,21.69922],[72.03001,21.69963],[72.03001,21.70009],[72.03029,21.7002],[72.03054,21.70275],[72.0301,21.70324],[72.0302,21.70409],[72.02982,21.70518],[72.02943,21.70579],[72.02848,21.70618],[72.02723,21.70806],[72.02784,21.7086],[72.02781,21.70948],[72.02825,21.71002],[72.02803,21.71033],[72.02791,21.71121],[72.02817,21.71214],[72.02696,21.71262],[72.0263,21.71289],[72.02552,21.71319],[72.02395,21.71359],[72.02224,21.71366],[72.02058,21.71458],[72.01965,21.71486],[72.01758,21.71548],[72.01591,21.71489],[72.01582,21.71522],[72.01489,21.71693],[72.01449,21.71744],[72.01346,21.71883],[72.01336,21.71988],[72.01295,21.72249],[72.01282,21.72385],[72.01273,21.72537],[72.01251,21.72569],[72.01253,21.72608],[72.01247,21.72689],[72.01203,21.72783],[72.01219,21.72888],[72.01216,21.72914],[72.0119,21.72915],[72.00896,21.72909],[72.00628,21.72906],[72.00633,21.72921],[72.00658,21.73069],[72.00634,21.73214],[72.00699,21.73232],[72.00703,21.73254],[72.00727,21.73378],[72.0077,21.73567],[72.00802,21.73666],[72.00806,21.73689],[72.00745,21.737],[72.00733,21.73772],[72.0073,21.7381],[72.00628,21.7381],[72.0062,21.73941],[72.00552,21.73946]]]},"properties":{"Taluka":"Sihor","District":"Bhavnagar","Dist_Id":"14","Taluka_Id":"14007"}},
{"type":"Feature","geometry":{"type":"MultiPolygon","coordinates":[[[[72.18419,21.49562],[72.1844,21.49673],[72.18317,21.49686],[72.18254,21.49682],[72.18255,21.49594],[72.18236,21.4959],[72.18246,21.4954],[72.18316,21.49538],[72.18419,21.49562]]],[[[72.18419,21.49562],[72.18424,21.49469],[72.18432,21.49409],[72.18413,21.49404],[72.18411,21.4936],[72.18411,21.49284],[72.18411,21.49281],[72.18411,21.49265],[72.1845,21.49252],[72.18802,21.49228],[72.18853,21.49177],[72.18898,21.49092],[72.18898,21.49085],[72.18744,21.49081],[72.18709,21.48969],[72.18691,21.48922],[72.18765,21.48861],[72.18826,21.48869],[72.18966,21.4888],[72.18946,21.48755],[72.1894,21.48693],[72.18893,21.48684],[72.18923,21.48621],[72.1892,21.48608],[72.18938,21.48532],[72.18788,21.4852],[72.18759,21.48513],[72.18744,21.48503],[72.18788,21.48371],[72.18943,21.48411],[72.1894,21.48358],[72.18931,21.48252],[72.18977,21.48247],[72.19106,21.48224],[72.19167,21.48211],[72.1932,21.48197],[72.19319,21.48102],[72.19373,21.48086],[72.19455,21.48094],[72.19466,21.48011],[72.1943,21.48009],[72.1946,21.47902],[72.19515,21.47903],[72.19659,21.47902],[72.1979,21.47898],[72.19909,21.47947],[72.19975,21.47771],[72.19986,21.4772],[72.19907,21.47704],[72.19873,21.47712],[72.19844,21.47747],[72.19832,21.47705],[72.19825,21.47669],[72.19824,21.47664],[72.19806,21.47577],[72.198,21.47555],[72.19734,21.47385],[72.19709,21.47321],[72.19701,21.47289],[72.19677,21.47265],[72.19656,21.47228],[72.19648,21.47193],[72.19645,21.47115],[72.1964,21.47091],[72.19633,21.47058],[72.19621,21.47022],[72.19602,21.46978],[72.19584,21.46945],[72.19553,21.46867],[72.19526,21.46795],[72.19529,21.46745],[72.19549,21.4674],[72.19534,21.46656],[72.19584,21.46256],[72.19646,21.45786],[72.1966,21.45701],[72.19672,21.45549],[72.19703,21.45267],[72.19712,21.45106],[72.19697,21.45056],[72.19726,21.44894],[72.19755,21.44733],[72.19743,21.44718],[72.19673,21.44645],[72.19605,21.44574],[72.19538,21.44492],[72.19433,21.44402],[72.19404,21.44375],[72.19339,21.44343],[72.19268,21.44283],[72.19175,21.44204],[72.19089,21.44122],[72.18948,21.4403],[72.18905,21.43974],[72.18779,21.43902],[72.18448,21.43611],[72.18465,21.43517],[72.18454,21.43478],[72.18431,21.43357],[72.18418,21.43282],[72.18364,21.43248],[72.18313,21.43213],[72.18288,21.43097],[72.1824,21.43094],[72.18142,21.43098],[72.18006,21.43098],[72.1798,21.43098],[72.17974,21.43053],[72.17963,21.42999],[72.17864,21.42827],[72.17817,21.42681],[72.17801,21.42638],[72.1779,21.4261],[72.17767,21.42524],[72.17735,21.42402],[72.17712,21.42396],[72.17564,21.42373],[72.17411,21.42349],[72.17307,21.42297],[72.17181,21.42441],[72.16963,21.42407],[72.16941,21.42407],[72.16764,21.42418],[72.16667,21.42434],[72.16611,21.42556],[72.16479,21.42531],[72.1631,21.42495],[72.16126,21.42454],[72.15935,21.42398],[72.15679,21.42307],[72.15538,21.42485],[72.15528,21.42496],[72.15367,21.42635],[72.15359,21.42637],[72.1524,21.42688],[72.1515,21.42857],[72.15087,21.42983],[72.1506,21.43002],[72.14901,21.43188],[72.14843,21.4326],[72.14654,21.43521],[72.14581,21.43615],[72.14394,21.43552],[72.14221,21.43532],[72.13842,21.43515],[72.13693,21.43519],[72.13668,21.43604],[72.13649,21.4369],[72.13628,21.43771],[72.13591,21.43839],[72.13541,21.43944],[72.13503,21.44011],[72.13464,21.44082],[72.13417,21.44214],[72.13368,21.44338],[72.13364,21.44363],[72.13286,21.44615],[72.1327,21.44658],[72.13231,21.4475],[72.13215,21.44853],[72.13188,21.44972],[72.13176,21.45078],[72.13166,21.45155],[72.13147,21.453],[72.13133,21.45373],[72.13098,21.45371],[72.13052,21.45365],[72.12933,21.45347],[72.12826,21.45338],[72.12694,21.45323],[72.12506,21.45299],[72.12317,21.45281],[72.12219,21.4527],[72.12224,21.45295],[72.12238,21.45323],[72.12337,21.45462],[72.12394,21.4556],[72.12476,21.45701],[72.12485,21.45718],[72.12502,21.45742],[72.12553,21.45792],[72.12608,21.45827],[72.12678,21.45884],[72.12726,21.45924],[72.12733,21.45934],[72.12613,21.45941],[72.12597,21.45945],[72.12567,21.4596],[72.12492,21.46003],[72.12465,21.46011],[72.12375,21.46036],[72.12346,21.46034],[72.12342,21.46042],[72.12325,21.46176],[72.12339,21.46201],[72.12333,21.46228],[72.12325,21.46236],[72.12295,21.46239],[72.12277,21.4624],[72.12242,21.46252],[72.12234,21.46261],[72.12225,21.46297],[72.1217,21.46334],[72.12144,21.46355],[72.12157,21.4641],[72.12065,21.46463],[72.12011,21.46537],[72.11926,21.46566],[72.11857,21.46603],[72.11807,21.46643],[72.1178,21.46663],[72.11701,21.46666],[72.11654,21.46667],[72.11585,21.46656],[72.11561,21.46674],[72.11483,21.46736],[72.11467,21.46807],[72.11453,21.46835],[72.11454,21.46849],[72.11439,21.46918],[72.11437,21.46954],[72.11432,21.47003],[72.11434,21.47021],[72.11427,21.47067],[72.11439,21.47111],[72.11449,21.47131],[72.11445,21.472],[72.11439,21.47248],[72.11433,21.4729],[72.11615,21.47331],[72.11729,21.47357],[72.11848,21.47367],[72.11926,21.4737],[72.12012,21.47369],[72.12092,21.4737],[72.12204,21.47392],[72.12262,21.47431],[72.12289,21.47445],[72.12342,21.47451],[72.12399,21.47444],[72.12464,21.47428],[72.12487,21.47427],[72.12585,21.47454],[72.12604,21.47455],[72.12646,21.47397],[72.1266,21.47411],[72.12677,21.47467],[72.12821,21.4749],[72.12812,21.4752],[72.13032,21.47595],[72.13119,21.47454],[72.13146,21.47484],[72.13155,21.47517],[72.1316,21.47542],[72.13179,21.47584],[72.13177,21.47691],[72.13199,21.47706],[72.13556,21.47789],[72.13692,21.47819],[72.13839,21.47862],[72.13989,21.47903],[72.14044,21.47914],[72.14155,21.47933],[72.14202,21.4795],[72.14274,21.47973],[72.14415,21.48018],[72.1445,21.4803],[72.14466,21.48032],[72.14481,21.4803],[72.14497,21.48078],[72.14483,21.48156],[72.1448,21.48273],[72.145,21.4845],[72.14505,21.48501],[72.14617,21.486],[72.14649,21.48777],[72.14652,21.4881],[72.14671,21.4902],[72.14675,21.49114],[72.14679,21.49203],[72.14616,21.49279],[72.14567,21.493],[72.1454,21.49412],[72.14463,21.49456],[72.1432,21.49652],[72.143,21.49679],[72.14278,21.49699],[72.14185,21.49761],[72.14,21.4989],[72.14012,21.49973],[72.13993,21.49965],[72.13842,21.4991],[72.13715,21.49854],[72.13659,21.49822],[72.13619,21.49818],[72.13512,21.49775],[72.1334,21.49707],[72.13256,21.49711],[72.13086,21.49698],[72.13071,21.49687],[72.13013,21.49592],[72.12953,21.49546],[72.12857,21.49449],[72.12772,21.49381],[72.12764,21.49375],[72.12707,21.49365],[72.12605,21.49321],[72.12593,21.49315],[72.12482,21.4929],[72.12429,21.49273],[72.12381,21.49259],[72.1236,21.4923],[72.12352,21.49201],[72.12345,21.49162],[72.12324,21.49094],[72.12316,21.4907],[72.12174,21.48946],[72.12121,21.48902],[72.12098,21.4887],[72.12097,21.48779],[72.12076,21.48707],[72.11934,21.48742],[72.11872,21.48755],[72.11754,21.48769],[72.1174,21.4877],[72.11659,21.48768],[72.11627,21.48762],[72.11601,21.48753],[72.11559,21.48735],[72.11539,21.48743],[72.11483,21.48747],[72.11469,21.48747],[72.11379,21.48783],[72.11347,21.48782],[72.11329,21.48785],[72.11268,21.4881],[72.11183,21.48828],[72.11153,21.48847],[72.11067,21.48866],[72.10966,21.48901],[72.10832,21.48954],[72.10739,21.48998],[72.10681,21.49024],[72.10667,21.49041],[72.10618,21.49086],[72.10581,21.49112],[72.10572,21.49107],[72.10538,21.49142],[72.10472,21.49164],[72.10454,21.4917],[72.10441,21.49181],[72.1041,21.49188],[72.10396,21.49206],[72.10382,21.4926],[72.10386,21.49271],[72.10256,21.4929],[72.10137,21.49246],[72.10094,21.49246],[72.10078,21.4932],[72.10072,21.49385],[72.10004,21.49405],[72.09964,21.49445],[72.09888,21.49503],[72.09895,21.49555],[72.09922,21.4965],[72.09889,21.49754],[72.09837,21.49916],[72.09812,21.49947],[72.09781,21.4998],[72.09753,21.49998],[72.0973,21.50008],[72.09726,21.50015],[72.09696,21.50078],[72.0968,21.50102],[72.09625,21.50211],[72.09619,21.50314],[72.0963,21.50416],[72.0963,21.50458],[72.09627,21.50534],[72.09603,21.50621],[72.09608,21.50689],[72.09602,21.50811],[72.09601,21.50841],[72.09577,21.50961],[72.09587,21.50976],[72.09606,21.50964],[72.09573,21.51111],[72.0956,21.51205],[72.09549,21.5125],[72.09443,21.51385],[72.09351,21.51476],[72.09327,21.51499],[72.09325,21.51501],[72.093,21.51526],[72.09231,21.51547],[72.09212,21.5164],[72.09207,21.51752],[72.09163,21.51821],[72.09193,21.52044],[72.09171,21.52215],[72.09208,21.5239],[72.0924,21.52524],[72.09219,21.52552],[72.09229,21.52601],[72.09242,21.52621],[72.09259,21.52673],[72.09265,21.52763],[72.09299,21.52864],[72.09306,21.52927],[72.0934,21.52986],[72.09347,21.53],[72.09343,21.5305],[72.09338,21.53139],[72.09342,21.53159],[72.09343,21.53178],[72.09362,21.53239],[72.0942,21.53301],[72.09378,21.53365],[72.09363,21.53435],[72.09372,21.53575],[72.09376,21.53641],[72.09554,21.53644],[72.09601,21.53635],[72.09541,21.53671],[72.09392,21.53771],[72.09303,21.53793],[72.09274,21.538],[72.09263,21.53824],[72.09052,21.53796],[72.08984,21.53811],[72.08969,21.53816],[72.08877,21.53825],[72.08798,21.53793],[72.08688,21.53787],[72.08641,21.53783],[72.08605,21.53795],[72.08558,21.53821],[72.08373,21.5381],[72.08267,21.53782],[72.08178,21.53764],[72.08125,21.53785],[72.07926,21.53741],[72.07757,21.537],[72.07731,21.53701],[72.07701,21.53697],[72.07672,21.53646],[72.07608,21.53589],[72.07593,21.53577],[72.07581,21.53577],[72.07509,21.53574],[72.07423,21.53566],[72.0741,21.53646],[72.07402,21.53678],[72.07187,21.53618],[72.07201,21.53551],[72.07049,21.53503],[72.06926,21.53446],[72.06837,21.53419],[72.06747,21.53425],[72.06572,21.53443],[72.06497,21.53433],[72.06469,21.53425],[72.06443,21.53411],[72.0623,21.53359],[72.06207,21.53352],[72.06167,21.53339],[72.06046,21.53327],[72.06028,21.53342],[72.05972,21.53355],[72.05945,21.53371],[72.05853,21.53398],[72.0582,21.53416],[72.0575,21.53365],[72.0578,21.53254],[72.0584,21.53166],[72.05819,21.53102],[72.05831,21.53021],[72.05771,21.52943],[72.05776,21.52865],[72.05748,21.52863],[72.05671,21.52857],[72.05572,21.52846],[72.055,21.52837],[72.05354,21.52811],[72.05291,21.52794],[72.05259,21.5278],[72.05203,21.52747],[72.05012,21.52707],[72.04902,21.52688],[72.04813,21.52677],[72.04725,21.52665],[72.04647,21.52629],[72.04599,21.5263],[72.04514,21.52613],[72.04421,21.52592],[72.04317,21.52579],[72.04217,21.52563],[72.04163,21.52558],[72.04073,21.52541],[72.03987,21.52524],[72.03934,21.52511],[72.03885,21.52498],[72.03848,21.52496],[72.03757,21.52495],[72.03717,21.52509],[72.03662,21.52504],[72.03457,21.52456],[72.03426,21.52451],[72.034,21.52447],[72.03316,21.52439],[72.03155,21.52418],[72.03092,21.52404],[72.03005,21.52397],[72.0298,21.52384],[72.02942,21.52385],[72.02818,21.52351],[72.02788,21.52356],[72.02668,21.52328],[72.02561,21.52303],[72.0243,21.52295],[72.02398,21.52245],[72.02371,21.52242],[72.02329,21.5224],[72.02272,21.52235],[72.02205,21.52223],[72.02116,21.52201],[72.02078,21.52198],[72.01997,21.52193],[72.01939,21.52176],[72.01874,21.52184],[72.01783,21.52174],[72.01646,21.52152],[72.01592,21.5215],[72.01546,21.52138],[72.0149,21.52123],[72.01419,21.52112],[72.01389,21.521],[72.014,21.52052],[72.01413,21.52023],[72.01407,21.51983],[72.01376,21.51959],[72.01314,21.5192],[72.01237,21.51873],[72.01218,21.51869],[72.01212,21.51838],[72.0116,21.51801],[72.01146,21.51778],[72.01098,21.51723],[72.01096,21.51653],[72.01086,21.51629],[72.01081,21.51599],[72.01042,21.51511],[72.01043,21.51457],[72.01022,21.51422],[72.01019,21.51385],[72.0098,21.51353],[72.00969,21.51326],[72.00868,21.51284],[72.00805,21.51275],[72.00732,21.5123],[72.00639,21.51178],[72.00559,21.51124],[72.00538,21.51114],[72.00473,21.5102],[72.0049,21.51014],[72.00538,21.50958],[72.00575,21.50913],[72.00605,21.50882],[72.00651,21.50821],[72.00701,21.5078],[72.00728,21.50767],[72.0079,21.50721],[72.00794,21.50702],[72.0082,21.50674],[72.00854,21.50648],[72.00835,21.50609],[72.00811,21.50592],[72.00808,21.50579],[72.00798,21.50541],[72.00775,21.50508],[72.00775,21.50493],[72.00779,21.50459],[72.00771,21.50439],[72.00766,21.50384],[72.00773,21.50351],[72.00757,21.50333],[72.00748,21.50307],[72.0075,21.50254],[72.00711,21.50236],[72.00708,21.50193],[72.00692,21.50175],[72.00683,21.50157],[72.00692,21.50138],[72.00718,21.50126],[72.00722,21.50096],[72.00725,21.50069],[72.00718,21.50054],[72.00703,21.50038],[72.00696,21.50003],[72.00662,21.49939],[72.00646,21.49885],[72.00659,21.49808],[72.00618,21.49776],[72.00601,21.49733],[72.00605,21.49721],[72.0065,21.49663],[72.00622,21.49571],[72.0064,21.49542],[72.0065,21.49521],[72.00648,21.49451],[72.00671,21.49399],[72.0065,21.49385],[72.00607,21.49304],[72.00572,21.49321],[72.00567,21.49318],[72.00557,21.49316],[72.0049,21.49312],[72.0042,21.49284],[72.00411,21.49271],[72.00351,21.49263],[72.00305,21.49254],[72.00297,21.49231],[72.00226,21.49216],[72.0018,21.49213],[72.00151,21.49242],[72.00074,21.4928],[72.00025,21.49319],[71.99976,21.49361],[71.99955,21.49368],[71.99942,21.49403],[71.99921,21.49413],[71.99843,21.4941],[71.99839,21.49433],[71.99783,21.49478],[71.99688,21.49518],[71.99664,21.49536],[71.99622,21.49542],[71.99559,21.49566],[71.99491,21.4958],[71.99471,21.49651],[71.99451,21.49683],[71.99458,21.49724],[71.99435,21.49745],[71.99402,21.49784],[71.99366,21.49785],[71.99348,21.49814],[71.99319,21.49813],[71.99292,21.49833],[71.99213,21.49858],[71.99187,21.49896],[71.99155,21.49893],[71.99124,21.4991],[71.99098,21.49891],[71.99089,21.49891],[71.9907,21.49909],[71.99084,21.49948],[71.99054,21.49967],[71.98996,21.49919],[71.98962,21.49942],[71.98924,21.49938],[71.98896,21.49949],[71.98838,21.49895],[71.98749,21.49833],[71.98737,21.49842],[71.98686,21.49855],[71.98619,21.49842],[71.98558,21.49819],[71.98513,21.49808],[71.98424,21.49795],[71.98379,21.49877],[71.98338,21.49953],[71.98305,21.49961],[71.98272,21.49992],[71.98257,21.50019],[71.98223,21.50023],[71.98198,21.5004],[71.98181,21.50039],[71.98114,21.50032],[71.98074,21.50011],[71.98014,21.4999],[71.97989,21.49953],[71.97944,21.49945],[71.97883,21.49954],[71.9783,21.4995],[71.97828,21.49948],[71.97809,21.4993],[71.97875,21.49836],[71.97875,21.49819],[71.97866,21.49788],[71.97836,21.49768],[71.97786,21.49738],[71.9776,21.49751],[71.9771,21.4971],[71.97667,21.49698],[71.97576,21.4968],[71.97546,21.49663],[71.97514,21.49676],[71.97456,21.49655],[71.97387,21.49618],[71.9736,21.49603],[71.97256,21.49586],[71.97152,21.49556],[71.97036,21.49527],[71.96976,21.49498],[71.96902,21.49474],[71.96798,21.49493],[71.96762,21.4946],[71.96723,21.49437],[71.9667,21.49424],[71.9665,21.49431],[71.96628,21.4942],[71.96635,21.49387],[71.96632,21.49355],[71.96609,21.49341],[71.96542,21.49351],[71.96483,21.49335],[71.9641,21.49341],[71.9624,21.49329],[71.96216,21.49309],[71.96209,21.49293],[71.96184,21.49286],[71.96152,21.49343],[71.96178,21.49395],[71.9628,21.49582],[71.96221,21.49631],[71.96239,21.49713],[71.96269,21.49825],[71.9627,21.49881],[71.96286,21.49933],[71.96299,21.50012],[71.96311,21.50071],[71.9632,21.50118],[71.96325,21.50154],[71.96326,21.50198],[71.96326,21.50251],[71.96323,21.50315],[71.9632,21.5037],[71.96301,21.50396],[71.96291,21.50441],[71.96266,21.50512],[71.96206,21.505],[71.96127,21.50486],[71.96096,21.50453],[71.96047,21.5046],[71.96,21.50482],[71.95957,21.50488],[71.9599,21.50531],[71.95987,21.50584],[71.96002,21.50613],[71.95982,21.50652],[71.95978,21.50699],[71.96005,21.50797],[71.9602,21.5083],[71.96056,21.50865],[71.96119,21.50919],[71.96124,21.50941],[71.96108,21.51016],[71.9608,21.51077],[71.96042,21.51156],[71.95998,21.5124],[71.95983,21.51279],[71.95964,21.51322],[71.95948,21.51342],[71.95917,21.51348],[71.95873,21.51359],[71.95834,21.51401],[71.95841,21.51507],[71.95818,21.51538],[71.95782,21.51561],[71.95685,21.51481],[71.95628,21.51454],[71.95593,21.51422],[71.95557,21.51441],[71.95521,21.51464],[71.95471,21.51509],[71.95445,21.51526],[71.95418,21.51558],[71.95393,21.51587],[71.95356,21.51622],[71.95322,21.51677],[71.95287,21.51721],[71.9524,21.51748],[71.95235,21.51794],[71.95191,21.51764],[71.95067,21.51713],[71.94988,21.51684],[71.94932,21.51653],[71.9488,21.51634],[71.94801,21.51611],[71.94756,21.51638],[71.94706,21.51666],[71.94617,21.51698],[71.94588,21.51702],[71.94534,21.51793],[71.94445,21.51877],[71.94352,21.51967],[71.94299,21.52],[71.94241,21.52068],[71.94171,21.52069],[71.94056,21.52083],[71.94028,21.52086],[71.93969,21.52026],[71.9393,21.52004],[71.93904,21.51992],[71.93857,21.51987],[71.93826,21.51938],[71.93768,21.51928],[71.9372,21.51939],[71.93693,21.51949],[71.93645,21.51974],[71.93586,21.52013],[71.93546,21.52052],[71.93459,21.52119],[71.93421,21.52154],[71.93404,21.52162],[71.93389,21.52193],[71.93327,21.5217],[71.93261,21.52154],[71.93206,21.52144],[71.93099,21.52124],[71.93084,21.52105],[71.93067,21.52058],[71.93016,21.52004],[71.92987,21.51966],[71.92922,21.51909],[71.92887,21.51857],[71.92826,21.51807],[71.92801,21.51762],[71.92794,21.517],[71.92786,21.51656],[71.92763,21.51603],[71.92765,21.51567],[71.92755,21.51524],[71.9274,21.51468],[71.92727,21.51435],[71.92691,21.51403],[71.92671,21.51357],[71.92652,21.51298],[71.92648,21.5127],[71.92641,21.51254],[71.92566,21.51203],[71.92553,21.51148],[71.92472,21.51112],[71.92488,21.51071],[71.92486,21.50996],[71.92535,21.50992],[71.92545,21.50945],[71.92562,21.50919],[71.92618,21.50823],[71.92642,21.50717],[71.9278,21.50746],[71.92788,21.5071],[71.92899,21.50758],[71.92949,21.50722],[71.92971,21.50651],[71.93014,21.50526],[71.9304,21.50452],[71.93081,21.50388],[71.93117,21.50323],[71.93129,21.50294],[71.9316,21.50208],[71.93169,21.50174],[71.93177,21.50132],[71.93219,21.50058],[71.9324,21.5002],[71.93261,21.49954],[71.93269,21.49918],[71.93278,21.49894],[71.93295,21.49845],[71.93308,21.49819],[71.9333,21.49702],[71.93342,21.49651],[71.93337,21.49605],[71.93331,21.49528],[71.93332,21.49473],[71.93333,21.49446],[71.934,21.49325],[71.93424,21.49281],[71.93466,21.49196],[71.93508,21.49103],[71.93517,21.49083],[71.93458,21.49016],[71.9339,21.48962],[71.93398,21.48819],[71.93391,21.48754],[71.93385,21.48718],[71.93384,21.48558],[71.9338,21.48502],[71.93371,21.48452],[71.93342,21.48356],[71.93347,21.48261],[71.93383,21.4812],[71.93408,21.48073],[71.93362,21.48027],[71.93291,21.4801],[71.93261,21.47933],[71.9321,21.47891],[71.93185,21.47873],[71.93142,21.47778],[71.93076,21.4772],[71.93016,21.47672],[71.9301,21.47603],[71.9296,21.47528],[71.92899,21.47467],[71.92835,21.4736],[71.92824,21.47342],[71.92702,21.47291],[71.92648,21.4723],[71.92949,21.47],[71.93155,21.46867],[71.93316,21.46789],[71.93464,21.46796],[71.93586,21.46766],[71.9374,21.46676],[71.93874,21.46554],[71.93966,21.46441],[71.94042,21.46305],[71.94155,21.46104],[71.9425,21.45939],[71.94314,21.45846],[71.94358,21.45757],[71.94417,21.45633],[71.9448,21.45514],[71.94565,21.45459],[71.94671,21.45447],[71.94723,21.45422],[71.94765,21.45417],[71.94827,21.45398],[71.94851,21.45376],[71.94871,21.45377],[71.94894,21.45417],[71.9488,21.45457],[71.94866,21.45487],[71.94922,21.45522],[71.94932,21.45536],[71.94943,21.45588],[71.94951,21.45635],[71.94984,21.45673],[71.94988,21.4569],[71.95,21.45745],[71.95035,21.45796],[71.9504,21.45849],[71.95083,21.45931],[71.9511,21.45977],[71.95114,21.46026],[71.95113,21.46079],[71.95133,21.46122],[71.95149,21.46157],[71.95161,21.46164],[71.95188,21.4618],[71.95227,21.46186],[71.95273,21.46201],[71.95296,21.462],[71.95332,21.46202],[71.95377,21.46221],[71.95421,21.46265],[71.95437,21.46273],[71.95505,21.46292],[71.9552,21.46287],[71.9553,21.46286],[71.95574,21.46289],[71.9565,21.463],[71.95669,21.46292],[71.95704,21.46307],[71.9573,21.46341],[71.9578,21.46358],[71.95863,21.46385],[71.95886,21.46399],[71.95989,21.46428],[71.96053,21.46377],[71.96102,21.46295],[71.96172,21.46298],[71.96217,21.46308],[71.96275,21.46319],[71.96375,21.4633],[71.96472,21.46376],[71.9651,21.46384],[71.96512,21.46384],[71.96544,21.46391],[71.96609,21.46411],[71.96605,21.46367],[71.96606,21.46314],[71.96606,21.46312],[71.96606,21.46298],[71.96595,21.46252],[71.96597,21.46223],[71.966,21.46178],[71.966,21.46106],[71.96609,21.46034],[71.96629,21.46005],[71.96629,21.45991],[71.96663,21.45958],[71.96669,21.45948],[71.96704,21.45948],[71.96715,21.45933],[71.96792,21.45847],[71.96802,21.45818],[71.96828,21.458],[71.96866,21.45759],[71.96903,21.45788],[71.96941,21.45763],[71.96973,21.45711],[71.96983,21.45662],[71.9695,21.45661],[71.969,21.45656],[71.96834,21.45634],[71.96675,21.45626],[71.96522,21.45619],[71.96446,21.45606],[71.96443,21.45559],[71.96434,21.45503],[71.96438,21.4544],[71.96438,21.45397],[71.96421,21.45348],[71.964,21.45277],[71.96392,21.45251],[71.96362,21.45196],[71.96333,21.45165],[71.96298,21.45149],[71.96238,21.45116],[71.96223,21.45088],[71.96234,21.45059],[71.96232,21.45023],[71.96201,21.45019],[71.96163,21.45001],[71.96114,21.44953],[71.96087,21.44928],[71.96064,21.4489],[71.96048,21.44834],[71.9607,21.448],[71.95979,21.44761],[71.95974,21.44693],[71.95969,21.44648],[71.96002,21.44605],[71.95981,21.44554],[71.95988,21.44508],[71.95987,21.44494],[71.95964,21.44459],[71.95892,21.44454],[71.9585,21.44374],[71.95809,21.44334],[71.95955,21.44191],[71.96183,21.43904],[71.96605,21.43533],[71.96719,21.43439],[71.96705,21.43424],[71.96649,21.43344],[71.96615,21.43275],[71.9658,21.43191],[71.96524,21.43095],[71.96501,21.43065],[71.9648,21.42986],[71.96474,21.42942],[71.96463,21.42896],[71.96454,21.4277],[71.96457,21.42745],[71.96456,21.42689],[71.96451,21.42572],[71.96459,21.42554],[71.96466,21.42525],[71.96462,21.42472],[71.96447,21.42411],[71.96436,21.42305],[71.96438,21.42229],[71.96386,21.42157],[71.96347,21.42132],[71.96302,21.42075],[71.96261,21.42007],[71.96208,21.41943],[71.96215,21.419],[71.96231,21.41875],[71.96233,21.41809],[71.96217,21.41787],[71.96149,21.41713],[71.96121,21.41625],[71.96111,21.41624],[71.96094,21.41582],[71.96072,21.41483],[71.96064,21.41441],[71.96056,21.4138],[71.96048,21.41299],[71.96041,21.41258],[71.96026,21.41205],[71.96009,21.41078],[71.95993,21.41076],[71.95995,21.41049],[71.95924,21.41044],[71.95891,21.40966],[71.95885,21.40934],[71.95882,21.40817],[71.95894,21.40818],[71.95883,21.40735],[71.95874,21.40712],[71.95874,21.40681],[71.95876,21.40617],[71.95827,21.40605],[71.95793,21.40597],[71.9572,21.40607],[71.95723,21.4057],[71.95725,21.40541],[71.95733,21.40496],[71.9574,21.40472],[71.95765,21.40388],[71.9577,21.4033],[71.95771,21.40228],[71.95773,21.40183],[71.95775,21.40136],[71.95782,21.4012],[71.95741,21.40077],[71.957,21.40042],[71.95671,21.39994],[71.95615,21.39951],[71.95603,21.39929],[71.95597,21.39908],[71.95593,21.39884],[71.95559,21.39857],[71.95501,21.39819],[71.95451,21.39802],[71.95427,21.39774],[71.95376,21.3971],[71.9529,21.39622],[71.95258,21.39591],[71.95224,21.39553],[71.95192,21.39536],[71.95168,21.39468],[71.95132,21.39437],[71.95008,21.39368],[71.94977,21.39317],[71.94933,21.39211],[71.94907,21.39166],[71.94842,21.39061],[71.94796,21.39057],[71.94719,21.3905],[71.94612,21.39046],[71.94513,21.39047],[71.94445,21.39055],[71.94438,21.39101],[71.9441,21.39105],[71.94274,21.39104],[71.94211,21.39111],[71.94112,21.39111],[71.94017,21.39115],[71.9386,21.39101],[71.93812,21.39102],[71.93805,21.39122],[71.93716,21.39118],[71.9363,21.39115],[71.93578,21.39129],[71.93555,21.39121],[71.93462,21.39107],[71.9343,21.39096],[71.9331,21.39042],[71.93222,21.38989],[71.93137,21.38934],[71.93039,21.38888],[71.92975,21.38881],[71.92947,21.38929],[71.92902,21.38877],[71.92825,21.38869],[71.92737,21.38862],[71.92721,21.38861],[71.92683,21.38844],[71.92628,21.38831],[71.92555,21.38817],[71.92546,21.38815],[71.9253,21.3881],[71.92529,21.3881],[71.92528,21.38809],[71.92496,21.38925],[71.92406,21.38908],[71.92385,21.38978],[71.92365,21.39044],[71.92311,21.39213],[71.9226,21.39341],[71.92195,21.39496],[71.92177,21.39533],[71.92115,21.39669],[71.92035,21.3982],[71.91947,21.398],[71.91842,21.39779],[71.91831,21.39817],[71.9178,21.39894],[71.91712,21.39953],[71.91644,21.39979],[71.91573,21.39949],[71.91551,21.39913],[71.9151,21.39867],[71.91453,21.3988],[71.91427,21.39861],[71.91372,21.39849],[71.91314,21.39852],[71.91257,21.39873],[71.91262,21.40039],[71.91112,21.39997],[71.91105,21.40095],[71.91068,21.40092],[71.91074,21.40202],[71.9098,21.40271],[71.90911,21.40343],[71.90877,21.40422],[71.90867,21.40542],[71.90584,21.40567],[71.90331,21.40611],[71.90211,21.40621],[71.90064,21.40632],[71.89994,21.40703],[71.89893,21.40783],[71.898,21.40887],[71.89739,21.40981],[71.896,21.41087],[71.8948,21.41168],[71.89367,21.413],[71.89332,21.41322],[71.89162,21.41411],[71.89103,21.41433],[71.88977,21.41415],[71.88879,21.41409],[71.88786,21.41421],[71.88718,21.41423],[71.88613,21.41423],[71.88481,21.41418],[71.88435,21.41429],[71.88305,21.41417],[71.88244,21.41424],[71.88163,21.41425],[71.88057,21.41436],[71.87979,21.41449],[71.87877,21.41467],[71.878,21.41486],[71.87759,21.41493],[71.876,21.41535],[71.87544,21.41538],[71.8734,21.41614],[71.87129,21.4169],[71.86991,21.41507],[71.86969,21.41514],[71.86953,21.41482],[71.86912,21.41413],[71.86889,21.41402],[71.86841,21.414],[71.86803,21.41426],[71.86611,21.41423],[71.86607,21.41376],[71.86572,21.41232],[71.86518,21.41109],[71.86548,21.41026],[71.86578,21.40936],[71.86578,21.40886],[71.86595,21.40774],[71.8661,21.40739],[71.8664,21.40712],[71.86633,21.40685],[71.86579,21.40693],[71.8638,21.40697],[71.86203,21.40671],[71.85988,21.40637],[71.85879,21.40645],[71.8576,21.40627],[71.85607,21.40615],[71.85423,21.4064],[71.85333,21.40638],[71.85346,21.40617],[71.85378,21.4054],[71.85367,21.40431],[71.85323,21.40419],[71.85315,21.40386],[71.8535,21.4034],[71.85414,21.40333],[71.85407,21.40309],[71.85391,21.4025],[71.85379,21.40202],[71.85362,21.40111],[71.85353,21.40065],[71.85339,21.39995],[71.85337,21.39915],[71.85331,21.3986],[71.85382,21.39791],[71.85483,21.39765],[71.85559,21.39748],[71.85575,21.39673],[71.85659,21.39629],[71.85736,21.39657],[71.85787,21.39675],[71.85857,21.39669],[71.85931,21.3972],[71.86016,21.39748],[71.86121,21.39775],[71.86255,21.39803],[71.86459,21.39842],[71.86588,21.39797],[71.86635,21.39799],[71.86686,21.39774],[71.86769,21.39673],[71.86865,21.39642],[71.86893,21.39615],[71.86927,21.39554],[71.86953,21.39497],[71.87006,21.39361],[71.87039,21.39259],[71.87007,21.39142],[71.87023,21.3908],[71.87033,21.3903],[71.86948,21.38878],[71.86866,21.38729],[71.86902,21.38637],[71.86944,21.38517],[71.87042,21.3852],[71.8707,21.38482],[71.87097,21.38377],[71.87093,21.38283],[71.87112,21.38279],[71.87209,21.38288],[71.87355,21.38299],[71.87462,21.38328],[71.87493,21.38333],[71.87533,21.38333],[71.87735,21.38356],[71.87781,21.3837],[71.87912,21.38396],[71.87994,21.3841],[71.8802,21.38403],[71.88039,21.38392],[71.88113,21.38348],[71.8815,21.38326],[71.88229,21.3831],[71.88204,21.38292],[71.88206,21.38268],[71.8821,21.38254],[71.88219,21.38243],[71.88229,21.38237],[71.8827,21.38228],[71.88349,21.38164],[71.8839,21.38167],[71.88458,21.38168],[71.88496,21.38138],[71.88533,21.3816],[71.88588,21.38157],[71.88636,21.38127],[71.88711,21.38073],[71.88763,21.38029],[71.88828,21.37961],[71.889,21.37926],[71.88952,21.37871],[71.88998,21.37771],[71.8901,21.3775],[71.89008,21.3772],[71.88941,21.37675],[71.88932,21.37627],[71.88869,21.37586],[71.88821,21.3756],[71.88803,21.37527],[71.88782,21.37497],[71.88752,21.37427],[71.88707,21.37407],[71.88667,21.37366],[71.88648,21.37344],[71.88614,21.37307],[71.88574,21.37264],[71.88501,21.37183],[71.88483,21.37161],[71.88472,21.37141],[71.88453,21.37143],[71.88411,21.37074],[71.88351,21.37022],[71.8832,21.36991],[71.88289,21.36922],[71.88225,21.36859],[71.88151,21.36785],[71.88126,21.36755],[71.88078,21.36703],[71.88052,21.36677],[71.88076,21.36635],[71.88106,21.36614],[71.88139,21.36607],[71.88077,21.36577],[71.88007,21.36548],[71.87978,21.36509],[71.87955,21.36407],[71.87972,21.36398],[71.87916,21.36335],[71.87823,21.3622],[71.87721,21.36099],[71.87678,21.35958],[71.87634,21.35855],[71.87573,21.35764],[71.87511,21.35716],[71.87432,21.35664],[71.87452,21.35626],[71.8734,21.35525],[71.87229,21.35441],[71.87165,21.3543],[71.87129,21.35397],[71.87113,21.35336],[71.87082,21.35273],[71.87023,21.35182],[71.87017,21.35178],[71.8691,21.35134],[71.8678,21.35079],[71.86675,21.35038],[71.86634,21.35025],[71.86541,21.34995],[71.86438,21.34955],[71.86516,21.34878],[71.86473,21.34865],[71.86384,21.34854],[71.86379,21.3484],[71.86351,21.34848],[71.86346,21.34864],[71.86306,21.34893],[71.86262,21.34876],[71.86198,21.34861],[71.86167,21.34829],[71.86083,21.34776],[71.86144,21.34715],[71.8623,21.34613],[71.8628,21.34561],[71.8637,21.34459],[71.86412,21.34405],[71.86436,21.34376],[71.86388,21.34341],[71.86272,21.34259],[71.86111,21.34144],[71.86124,21.3408],[71.8614,21.33993],[71.86156,21.33966],[71.8617,21.33917],[71.86159,21.33825],[71.86138,21.33711],[71.86157,21.33648],[71.86118,21.33612],[71.8602,21.3359],[71.85896,21.33567],[71.8581,21.33559],[71.85811,21.33519],[71.85826,21.33371],[71.85718,21.33378],[71.85563,21.33397],[71.85388,21.33432],[71.85407,21.33392],[71.85425,21.33355],[71.85422,21.33302],[71.8538,21.33259],[71.85331,21.33206],[71.85307,21.33167],[71.85272,21.3312],[71.85312,21.3299],[71.85315,21.3292],[71.85353,21.32852],[71.85366,21.32806],[71.854,21.32702],[71.8543,21.32654],[71.8542,21.3261],[71.85402,21.32553],[71.85393,21.32528],[71.85342,21.32459],[71.85484,21.32422],[71.85645,21.32366],[71.85885,21.3229],[71.86049,21.32239],[71.86219,21.32188],[71.86263,21.32269],[71.86304,21.32341],[71.8638,21.32357],[71.86463,21.32367],[71.86545,21.3238],[71.86616,21.324],[71.86695,21.32418],[71.86725,21.3243],[71.86805,21.32468],[71.86919,21.32527],[71.86985,21.3245],[71.87029,21.32473],[71.87082,21.32516],[71.87081,21.32519],[71.87082,21.32537],[71.87182,21.32564],[71.87188,21.32557],[71.87272,21.32582],[71.87342,21.32607],[71.87458,21.32552],[71.87526,21.32577],[71.87557,21.32556],[71.87584,21.32561],[71.876,21.32556],[71.87626,21.3256],[71.87651,21.32563],[71.87637,21.32608],[71.87605,21.32676],[71.87596,21.32736],[71.87647,21.32742],[71.87699,21.32753],[71.87742,21.32756],[71.87797,21.32761],[71.87877,21.32764],[71.8792,21.32734],[71.87936,21.32732],[71.8804,21.32744],[71.8808,21.32678],[71.88101,21.32664],[71.88032,21.32565],[71.88014,21.32459],[71.88022,21.32389],[71.88011,21.32249],[71.87985,21.32185],[71.87974,21.32069],[71.87986,21.31956],[71.87991,21.31853],[71.88018,21.31797],[71.88094,21.3174],[71.88189,21.31714],[71.88275,21.31702],[71.8837,21.31679],[71.88482,21.31612],[71.88618,21.31545],[71.88712,21.31533],[71.88811,21.31491],[71.88877,21.31427],[71.88904,21.31406],[71.89084,21.31328],[71.89295,21.31261],[71.89438,21.31212],[71.89558,21.31176],[71.89737,21.31136],[71.89793,21.31122],[71.89863,21.31023],[71.89972,21.30894],[71.89985,21.30725],[71.89904,21.30547],[71.89842,21.3046],[71.89793,21.30395],[71.89796,21.30361],[71.89886,21.30225],[71.89881,21.3019],[71.89879,21.30046],[71.89931,21.29952],[71.89918,21.29727],[71.89839,21.29615],[71.89824,21.29547],[71.89767,21.29395],[71.89624,21.29297],[71.89511,21.29236],[71.89508,21.29195],[71.89509,21.28943],[71.89566,21.28864],[71.8967,21.28699],[71.89713,21.28555],[71.897,21.28544],[71.89644,21.28502],[71.89633,21.28474],[71.8961,21.28337],[71.89611,21.283],[71.89613,21.283],[71.89717,21.283],[71.89875,21.28295],[71.89989,21.28291],[71.90045,21.28281],[71.90134,21.28256],[71.90209,21.28205],[71.90242,21.28114],[71.90313,21.27847],[71.90358,21.2778],[71.90441,21.27671],[71.90506,21.27581],[71.9053,21.27481],[71.90555,21.27369],[71.90565,21.27274],[71.90567,21.27195],[71.90542,21.27054],[71.90544,21.26938],[71.90518,21.26751],[71.90531,21.26604],[71.90563,21.26524],[71.90635,21.26301],[71.90633,21.26274],[71.90572,21.26154],[71.90547,21.25994],[71.90539,21.25822],[71.90586,21.25681],[71.90631,21.25584],[71.90668,21.25441],[71.90685,21.25327],[71.90687,21.25127],[71.90671,21.25018],[71.9061,21.24774],[71.90554,21.24664],[71.90465,21.24567],[71.90444,21.24504],[71.90423,21.24379],[71.90439,21.24263],[71.90485,21.24144],[71.90635,21.24192],[71.90717,21.2421],[71.90787,21.24234],[71.90865,21.24257],[71.90958,21.24279],[71.91013,21.24292],[71.91127,21.24312],[71.91205,21.24325],[71.91335,21.24369],[71.91373,21.24387],[71.91509,21.24429],[71.91567,21.24466],[71.9161,21.24473],[71.91757,21.24493],[71.91758,21.24545],[71.9187,21.2455],[71.92052,21.24535],[71.92174,21.2452],[71.92206,21.24512],[71.92352,21.24439],[71.9241,21.24406],[71.9245,21.244],[71.92504,21.24379],[71.9259,21.24361],[71.92743,21.24313],[71.9286,21.24289],[71.92955,21.24261],[71.93068,21.24231],[71.9321,21.24183],[71.93272,21.24153],[71.93379,21.24109],[71.93407,21.24107],[71.93508,21.24079],[71.93575,21.24077],[71.93681,21.24062],[71.93762,21.24053],[71.93901,21.24037],[71.93887,21.2401],[71.93843,21.23931],[71.93758,21.23796],[71.93656,21.23657],[71.93567,21.23523],[71.93445,21.23366],[71.93387,21.23283],[71.93359,21.23066],[71.93358,21.22974],[71.93345,21.22773],[71.93329,21.22471],[71.93325,21.22414],[71.93316,21.22242],[71.93396,21.22238],[71.93456,21.22232],[71.9354,21.22211],[71.93652,21.22189],[71.93731,21.22073],[71.93861,21.21849],[71.93878,21.21817],[71.93953,21.21673],[71.9408,21.21454],[71.9412,21.21361],[71.94157,21.21269],[71.94161,21.2125],[71.94215,21.21181],[71.94239,21.21149],[71.94248,21.21122],[71.94278,21.2108],[71.94346,21.20952],[71.94304,21.20891],[71.94293,21.20873],[71.94234,21.20822],[71.94187,21.20758],[71.94118,21.2067],[71.94082,21.20711],[71.94046,21.20693],[71.93973,21.20652],[71.9391,21.20608],[71.93856,21.20568],[71.93804,21.20523],[71.93776,21.20476],[71.93762,21.20434],[71.93748,21.20423],[71.93669,21.20427],[71.93661,21.20395],[71.93655,21.20281],[71.93599,21.2027],[71.93593,21.20259],[71.9354,21.20278],[71.93462,21.20217],[71.93442,21.20214],[71.93389,21.20166],[71.93323,21.20112],[71.93261,21.20057],[71.93204,21.20012],[71.93129,21.19957],[71.93069,21.19908],[71.93033,21.19879],[71.92992,21.19853],[71.92983,21.19844],[71.92968,21.19801],[71.92951,21.19763],[71.92945,21.19736],[71.92935,21.19694],[71.92921,21.19659],[71.92903,21.19624],[71.92903,21.19602],[71.92896,21.19556],[71.92885,21.19458],[71.92879,21.19404],[71.92868,21.19356],[71.9287,21.19304],[71.92886,21.19245],[71.92892,21.19204],[71.92904,21.19175],[71.92917,21.19179],[71.92943,21.19174],[71.92968,21.1916],[71.92996,21.19115],[71.93027,21.1909],[71.93051,21.19079],[71.93065,21.19031],[71.93094,21.19006],[71.93154,21.18968],[71.93163,21.18936],[71.93198,21.18889],[71.93234,21.1883],[71.93296,21.18762],[71.93329,21.18717],[71.93366,21.18661],[71.93435,21.18563],[71.93504,21.18479],[71.93558,21.18411],[71.9361,21.18355],[71.93688,21.18255],[71.93691,21.18252],[71.93756,21.18189],[71.93787,21.18145],[71.93788,21.18145],[71.93797,21.18137],[71.93863,21.18185],[71.93936,21.18248],[71.94015,21.18295],[71.9406,21.18307],[71.94092,21.18317],[71.94101,21.18327],[71.94166,21.18298],[71.94139,21.18266],[71.94118,21.18251],[71.9417,21.18243],[71.94186,21.18239],[71.9425,21.18211],[71.94288,21.18164],[71.94331,21.18143],[71.94396,21.18114],[71.94411,21.18089],[71.94453,21.18085],[71.94546,21.18039],[71.94586,21.18017],[71.94665,21.17986],[71.9468,21.17974],[71.94681,21.17946],[71.94725,21.17863],[71.94762,21.17861],[71.94818,21.17817],[71.94842,21.17806],[71.94874,21.178],[71.94898,21.17775],[71.94941,21.17726],[71.94978,21.17688],[71.95018,21.17649],[71.95043,21.17645],[71.95052,21.17598],[71.95015,21.17594],[71.95032,21.17544],[71.95129,21.17564],[71.95146,21.17536],[71.95282,21.17468],[71.95326,21.17468],[71.95383,21.17464],[71.95506,21.17466],[71.95602,21.17424],[71.95649,21.17436],[71.95676,21.1743],[71.95753,21.1742],[71.95845,21.17395],[71.95876,21.17382],[71.95965,21.17379],[71.96013,21.17369],[71.96093,21.1735],[71.96141,21.17329],[71.96225,21.17298],[71.96225,21.17282],[71.9622,21.17233],[71.96229,21.17224],[71.96247,21.17215],[71.96283,21.17184],[71.96293,21.17195],[71.96391,21.17216],[71.96447,21.17232],[71.96525,21.17184],[71.96606,21.17135],[71.96667,21.17154],[71.96798,21.17088],[71.96928,21.17017],[71.97012,21.16998],[71.97141,21.16971],[71.97282,21.16942],[71.97343,21.16935],[71.97336,21.16856],[71.97314,21.16693],[71.97286,21.1663],[71.97256,21.1655],[71.97237,21.16519],[71.97135,21.16435],[71.96993,21.16321],[71.96925,21.16183],[71.96864,21.16074],[71.96823,21.16026],[71.96818,21.15997],[71.96769,21.15969],[71.96706,21.15939],[71.96688,21.15932],[71.9654,21.1588],[71.96555,21.15842],[71.96555,21.15727],[71.96561,21.15625],[71.9657,21.15615],[71.96595,21.15577],[71.9665,21.1557],[71.96666,21.15573],[71.9671,21.15602],[71.96764,21.15628],[71.96812,21.15647],[71.96838,21.15595],[71.96869,21.15539],[71.96966,21.15545],[71.96993,21.15542],[71.96993,21.15505],[71.97017,21.15467],[71.96975,21.15398],[71.96948,21.1536],[71.96984,21.15324],[71.97085,21.15309],[71.9719,21.15303],[71.97321,21.15284],[71.9743,21.15269],[71.97566,21.15257],[71.97638,21.15242],[71.97683,21.1524],[71.97771,21.1522],[71.98054,21.15193],[71.98369,21.15151],[71.98543,21.15127],[71.98669,21.1511],[71.99006,21.15066],[71.99055,21.15067],[71.99071,21.15046],[71.99195,21.15012],[71.99283,21.14829],[71.99343,21.14752],[71.99493,21.14575],[71.9966,21.14266],[71.9974,21.14174],[71.99804,21.14152],[72.00274,21.14214],[72.00412,21.14237],[72.00497,21.14156],[72.00592,21.14071],[72.00474,21.1382],[72.00754,21.13793],[72.00832,21.13662],[72.00814,21.13573],[72.00868,21.13485],[72.00959,21.13469],[72.01037,21.13638],[72.00846,21.13777],[72.00833,21.13883],[72.00776,21.13969],[72.00832,21.14218],[72.00778,21.14294],[72.00778,21.14507],[72.00873,21.14661],[72.00918,21.14736],[72.01002,21.14864],[72.01118,21.14959],[72.01325,21.15073],[72.01609,21.15232],[72.01733,21.15396],[72.01981,21.15522],[72.02015,21.15531],[72.02428,21.156],[72.02654,21.15697],[72.03005,21.15817],[72.03273,21.15911],[72.03284,21.15895],[72.0333,21.1587],[72.03357,21.15922],[72.03458,21.15937],[72.03511,21.15947],[72.03531,21.15944],[72.03612,21.15954],[72.03651,21.16008],[72.03653,21.16153],[72.03717,21.16221],[72.03874,21.16285],[72.03943,21.16271],[72.03997,21.16293],[72.04079,21.16282],[72.04135,21.16324],[72.04207,21.16341],[72.04343,21.16311],[72.04438,21.16303],[72.04528,21.16337],[72.04589,21.16569],[72.0466,21.1663],[72.04719,21.16708],[72.04796,21.16791],[72.0489,21.16877],[72.04946,21.16916],[72.05023,21.16969],[72.05051,21.1697],[72.05071,21.16984],[72.05092,21.17007],[72.05198,21.17074],[72.05317,21.17126],[72.05529,21.17269],[72.05788,21.17389],[72.06104,21.17413],[72.06204,21.17373],[72.06209,21.17451],[72.06147,21.17555],[72.06263,21.17697],[72.06281,21.17739],[72.06395,21.17836],[72.06529,21.17886],[72.06807,21.17923],[72.06819,21.17939],[72.06877,21.18025],[72.06973,21.18031],[72.07046,21.18022],[72.0708,21.18051],[72.07146,21.18051],[72.0718,21.18028],[72.07269,21.18053],[72.07305,21.18063],[72.07367,21.18082],[72.07434,21.18205],[72.0747,21.18293],[72.07585,21.18344],[72.07767,21.18368],[72.07844,21.18398],[72.07846,21.18461],[72.07879,21.18519],[72.07912,21.18612],[72.0821,21.18751],[72.08276,21.18752],[72.08427,21.18772],[72.08597,21.18776],[72.08635,21.18795],[72.08617,21.18862],[72.08551,21.18963],[72.08533,21.19033],[72.08706,21.19201],[72.08829,21.19231],[72.08983,21.19257],[72.09085,21.19274],[72.09131,21.19295],[72.09199,21.19292],[72.09233,21.19337],[72.09462,21.1942],[72.09569,21.19453],[72.097,21.19467],[72.09774,21.195],[72.09875,21.19548],[72.09945,21.19551],[72.10058,21.19534],[72.10097,21.19539],[72.10199,21.19596],[72.1026,21.19617],[72.10291,21.19616],[72.10344,21.19626],[72.10417,21.19664],[72.10502,21.19725],[72.10589,21.19765],[72.10693,21.19787],[72.10763,21.19807],[72.10825,21.19818],[72.10934,21.19829],[72.11028,21.19829],[72.11073,21.19842],[72.11135,21.19864],[72.11167,21.19895],[72.11182,21.19954],[72.11169,21.19988],[72.11131,21.20037],[72.11085,21.20066],[72.11031,21.20091],[72.10977,21.20167],[72.10959,21.20235],[72.10957,21.20289],[72.10982,21.20358],[72.11017,21.20462],[72.11022,21.20563],[72.11005,21.20638],[72.10956,21.20687],[72.10894,21.20743],[72.10848,21.20792],[72.10842,21.2084],[72.10875,21.20965],[72.10872,21.21005],[72.10849,21.21054],[72.10787,21.21117],[72.10699,21.21239],[72.10663,21.21248],[72.10595,21.21245],[72.10541,21.2125],[72.10473,21.21292],[72.10407,21.21376],[72.10328,21.21447],[72.10312,21.21472],[72.10276,21.2158],[72.10253,21.21629],[72.102,21.21686],[72.10149,21.21704],[72.10104,21.21723],[72.10061,21.21756],[72.10002,21.21832],[72.0997,21.2192],[72.09946,21.22061],[72.09936,21.22078],[72.09919,21.22088],[72.09893,21.2209],[72.09844,21.22092],[72.09795,21.22098],[72.09726,21.22117],[72.0966,21.2217],[72.09603,21.22267],[72.09537,21.22397],[72.09463,21.22485],[72.09385,21.22539],[72.09218,21.2261],[72.09049,21.22725],[72.08997,21.22789],[72.08896,21.2295],[72.08778,21.23238],[72.08708,21.23383],[72.08644,21.23467],[72.0863,21.23467],[72.08559,21.23445],[72.08396,21.23681],[72.08361,21.23872],[72.08356,21.24025],[72.08363,21.24258],[72.08265,21.24452],[72.0826,21.24594],[72.08388,21.24661],[72.08637,21.24986],[72.08914,21.25387],[72.09076,21.25628],[72.09288,21.25942],[72.09431,21.26146],[72.09667,21.26364],[72.09749,21.27031],[72.09752,21.27119],[72.09675,21.27566],[72.09641,21.27838],[72.09711,21.27973],[72.09827,21.2797],[72.10079,21.27965],[72.10527,21.28445],[72.10757,21.28862],[72.10986,21.29209],[72.11042,21.29464],[72.10709,21.29922],[72.10668,21.30076],[72.10611,21.30202],[72.1083,21.30258],[72.10978,21.30309],[72.11226,21.30631],[72.11361,21.30879],[72.11478,21.31135],[72.11688,21.31519],[72.11912,21.31936],[72.11939,21.32032],[72.12104,21.32255],[72.1221,21.32407],[72.12402,21.32751],[72.12481,21.32877],[72.12619,21.33078],[72.12756,21.33276],[72.12986,21.33559],[72.13218,21.33831],[72.1311,21.33905],[72.13518,21.34332],[72.13816,21.34582],[72.14172,21.34879],[72.14488,21.35196],[72.14639,21.35308],[72.1477,21.35463],[72.14908,21.35627],[72.14965,21.35581],[72.14985,21.35577],[72.15258,21.3589],[72.15455,21.36078],[72.15531,21.36352],[72.15572,21.36523],[72.15652,21.366],[72.15848,21.36794],[72.16023,21.36976],[72.16146,21.37094],[72.16423,21.37386],[72.16526,21.37484],[72.1662,21.37572],[72.16657,21.3766],[72.16685,21.37746],[72.16776,21.37896],[72.16817,21.37962],[72.16926,21.38143],[72.16891,21.38295],[72.16877,21.38377],[72.16877,21.38436],[72.16994,21.3859],[72.17023,21.38637],[72.1704,21.38662],[72.17088,21.38725],[72.17124,21.38754],[72.17179,21.38796],[72.17231,21.38844],[72.17279,21.38902],[72.17315,21.38959],[72.17372,21.3905],[72.17439,21.39129],[72.17587,21.3928],[72.1768,21.39368],[72.1803,21.39671],[72.18199,21.39822],[72.18322,21.39936],[72.18484,21.40067],[72.18664,21.40177],[72.18754,21.40254],[72.18847,21.40375],[72.18912,21.40445],[72.18989,21.40467],[72.19094,21.40525],[72.19187,21.40575],[72.19274,21.40619],[72.19317,21.40669],[72.19389,21.40746],[72.19427,21.40796],[72.19517,21.40887],[72.19573,21.40929],[72.19728,21.4104],[72.19801,21.41113],[72.19903,21.41223],[72.1998,21.41293],[72.20042,21.4134],[72.20138,21.41434],[72.20293,21.4158],[72.20416,21.41691],[72.20537,21.41818],[72.20587,21.41827],[72.20781,21.41983],[72.20873,21.42059],[72.20971,21.42143],[72.21057,21.42257],[72.2117,21.42357],[72.21231,21.42438],[72.2132,21.4254],[72.21368,21.42608],[72.21468,21.42756],[72.21519,21.42779],[72.21535,21.42868],[72.21573,21.42931],[72.21672,21.43203],[72.21854,21.43477],[72.21865,21.43553],[72.21899,21.43563],[72.22052,21.43615],[72.22249,21.43833],[72.22346,21.43931],[72.22417,21.43984],[72.22507,21.4415],[72.22517,21.44179],[72.2251,21.44192],[72.22491,21.44214],[72.22457,21.44226],[72.22436,21.44245],[72.22419,21.44296],[72.22418,21.44318],[72.22431,21.44374],[72.22447,21.44415],[72.22472,21.44438],[72.22596,21.44613],[72.22695,21.44752],[72.22834,21.44948],[72.22959,21.45123],[72.23038,21.45231],[72.23059,21.45253],[72.23193,21.45373],[72.23296,21.45464],[72.23364,21.45529],[72.23414,21.45594],[72.23463,21.45676],[72.23466,21.45836],[72.23432,21.46006],[72.23414,21.46109],[72.23518,21.46352],[72.2352,21.46366],[72.23579,21.46535],[72.23714,21.46714],[72.23891,21.46898],[72.23989,21.47001],[72.24053,21.47078],[72.24124,21.47168],[72.24235,21.47322],[72.24282,21.47423],[72.24198,21.47568],[72.24323,21.47695],[72.24337,21.47752],[72.24428,21.47923],[72.24464,21.48023],[72.2445,21.48083],[72.24465,21.48193],[72.24467,21.48228],[72.24532,21.48268],[72.24693,21.48476],[72.24736,21.4855],[72.24789,21.48681],[72.24838,21.48792],[72.24924,21.48946],[72.25034,21.49132],[72.25116,21.49407],[72.25171,21.49705],[72.25235,21.4984],[72.25125,21.49883],[72.25103,21.49877],[72.25052,21.49834],[72.24943,21.49924],[72.2492,21.50038],[72.24862,21.50075],[72.24803,21.50106],[72.24717,21.50152],[72.24652,21.50183],[72.24641,21.50211],[72.24559,21.50264],[72.24515,21.50308],[72.24433,21.50344],[72.24374,21.50369],[72.24308,21.50404],[72.24252,21.5043],[72.24228,21.50451],[72.24181,21.50481],[72.24137,21.5052],[72.24052,21.50558],[72.23997,21.50611],[72.24001,21.50638],[72.23976,21.50653],[72.2395,21.50707],[72.2386,21.50779],[72.23732,21.50876],[72.23558,21.50941],[72.23433,21.50954],[72.23253,21.50981],[72.23094,21.50983],[72.2302,21.50962],[72.22968,21.50959],[72.22895,21.50997],[72.22814,21.51036],[72.22843,21.51178],[72.22794,21.5137],[72.2277,21.51433],[72.22736,21.51534],[72.22665,21.51719],[72.22612,21.5179],[72.22559,21.51848],[72.2207,21.51943],[72.21887,21.51971],[72.21677,21.51914],[72.21384,21.51915],[72.21244,21.51915],[72.21171,21.51902],[72.21048,21.51893],[72.2111,21.51794],[72.21145,21.51677],[72.212,21.51441],[72.2124,21.51263],[72.21252,21.51106],[72.21263,21.51079],[72.21271,21.50956],[72.2126,21.50918],[72.21281,21.50886],[72.21254,21.50737],[72.2126,21.5072],[72.21313,21.50738],[72.21315,21.50718],[72.21319,21.50647],[72.21345,21.50448],[72.21237,21.50424],[72.21113,21.50408],[72.21073,21.50401],[72.21004,21.50382],[72.20942,21.50362],[72.20934,21.50347],[72.20877,21.5015],[72.20855,21.50118],[72.20743,21.50147],[72.20656,21.50161],[72.20575,21.5018],[72.20471,21.50195],[72.2042,21.50184],[72.20347,21.50157],[72.20301,21.50143],[72.20232,21.50117],[72.20107,21.50067],[72.20062,21.50061],[72.20042,21.50063],[72.19926,21.50081],[72.19906,21.50099],[72.19859,21.50136],[72.19803,21.50154],[72.19729,21.50171],[72.19738,21.5032],[72.19745,21.50435],[72.19668,21.50479],[72.19597,21.50516],[72.19564,21.50549],[72.19487,21.5056],[72.19477,21.50715],[72.19473,21.50844],[72.19283,21.50835],[72.19267,21.50858],[72.19226,21.5089],[72.19138,21.50947],[72.19111,21.50957],[72.19012,21.51019],[72.19009,21.51035],[72.18982,21.51038],[72.18913,21.51048],[72.18883,21.51054],[72.18781,21.51069],[72.18661,21.51088],[72.18658,21.51077],[72.18648,21.51036],[72.18628,21.50929],[72.18624,21.50883],[72.18614,21.50828],[72.18607,21.50776],[72.18603,21.50732],[72.18592,21.50665],[72.18583,21.50619],[72.18572,21.50579],[72.18556,21.50507],[72.18551,21.50465],[72.18515,21.50372],[72.18493,21.5029],[72.18504,21.50254],[72.18504,21.50253],[72.18542,21.50128],[72.18674,21.50117],[72.1869,21.50008],[72.18689,21.49861],[72.18694,21.49753],[72.18847,21.49763],[72.18931,21.49772],[72.19053,21.49776],[72.19056,21.4964],[72.19052,21.49475],[72.19075,21.49409],[72.19018,21.4943],[72.18788,21.49425],[72.18673,21.49406],[72.1867,21.49425],[72.18624,21.49423],[72.18618,21.49498],[72.18603,21.49592],[72.18542,21.49582],[72.18419,21.49562]],[[72.08036,21.44293],[72.0801,21.44279],[72.07851,21.44171],[72.07793,21.44131],[72.07629,21.44012],[72.0758,21.43974],[72.07568,21.43969],[72.07552,21.43968],[72.07458,21.43961],[72.07437,21.43951],[72.0728,21.43899],[72.07176,21.43863],[72.07083,21.43829],[72.07044,21.43816],[72.06874,21.43773],[72.06733,21.43754],[72.06649,21.43665],[72.06662,21.43779],[72.06659,21.43908],[72.0666,21.43973],[72.06585,21.44122],[72.0654,21.44213],[72.0654,21.44253],[72.06506,21.4428],[72.0642,21.44382],[72.0637,21.44444],[72.06319,21.44642],[72.06264,21.44777],[72.06247,21.4481],[72.0621,21.44915],[72.06208,21.44975],[72.06179,21.45098],[72.06155,21.4513],[72.06154,21.45138],[72.06179,21.4516],[72.06231,21.45153],[72.06294,21.45134],[72.0635,21.45132],[72.06424,21.45235],[72.06447,21.45247],[72.06496,21.45253],[72.06556,21.45316],[72.06566,21.45495],[72.06662,21.45628],[72.06686,21.45673],[72.06671,21.45688],[72.06544,21.4575],[72.06538,21.45779],[72.06461,21.45797],[72.0638,21.45934],[72.06332,21.45977],[72.06279,21.45972],[72.06073,21.45955],[72.05989,21.46073],[72.06164,21.46188],[72.06179,21.46204],[72.06242,21.46258],[72.06295,21.46289],[72.06328,21.46312],[72.06364,21.46312],[72.06629,21.46423],[72.06648,21.46433],[72.06783,21.46485],[72.0682,21.46539],[72.06882,21.4655],[72.0694,21.46594],[72.06957,21.46602],[72.07039,21.46609],[72.07052,21.46609],[72.07054,21.46639],[72.07073,21.46656],[72.07105,21.46628],[72.07202,21.46663],[72.07275,21.46698],[72.07304,21.46709],[72.07379,21.46829],[72.07486,21.46929],[72.07583,21.47037],[72.07614,21.47045],[72.07706,21.47081],[72.07743,21.4717],[72.07857,21.47227],[72.07882,21.47225],[72.07908,21.47218],[72.07957,21.47177],[72.0811,21.47177],[72.08261,21.47266],[72.08422,21.47311],[72.08518,21.47352],[72.0862,21.47471],[72.08629,21.47524],[72.08689,21.47561],[72.08795,21.47539],[72.08891,21.47526],[72.09043,21.47578],[72.09133,21.47634],[72.09178,21.47651],[72.09188,21.47653],[72.09232,21.47661],[72.09314,21.47672],[72.09479,21.4769],[72.09517,21.47685],[72.09604,21.47676],[72.09668,21.47675],[72.09863,21.47671],[72.10013,21.47674],[72.10057,21.47672],[72.10085,21.4767],[72.10129,21.47675],[72.10145,21.47672],[72.10144,21.47655],[72.10127,21.47466],[72.10124,21.47413],[72.10122,21.47373],[72.10114,21.47293],[72.10117,21.47215],[72.10117,21.47214],[72.10117,21.47202],[72.10118,21.47145],[72.10119,21.47003],[72.10122,21.46902],[72.10149,21.46798],[72.10153,21.46774],[72.10173,21.46664],[72.10193,21.46553],[72.10215,21.46386],[72.10221,21.46348],[72.10227,21.46326],[72.10246,21.46228],[72.10264,21.46151],[72.10275,21.46084],[72.10286,21.46021],[72.10293,21.45976],[72.10301,21.45899],[72.10309,21.45825],[72.10331,21.45743],[72.10369,21.45626],[72.10385,21.45581],[72.10395,21.45546],[72.10415,21.45485],[72.10421,21.45461],[72.10428,21.45452],[72.10432,21.45405],[72.10429,21.45384],[72.10419,21.45317],[72.10317,21.45296],[72.10275,21.45289],[72.10208,21.45263],[72.10123,21.45229],[72.10052,21.45197],[72.09955,21.45189],[72.09981,21.45144],[72.10011,21.45134],[72.10058,21.45067],[72.10079,21.45063],[72.10107,21.44984],[72.09989,21.44932],[72.09822,21.4486],[72.09751,21.44878],[72.09672,21.44855],[72.09648,21.44848],[72.09616,21.44839],[72.09572,21.44824],[72.09471,21.44784],[72.09328,21.44749],[72.09204,21.44693],[72.09107,21.44645],[72.08972,21.44593],[72.08855,21.44547],[72.08809,21.44528],[72.08637,21.44461],[72.08449,21.44383],[72.08381,21.44355],[72.08354,21.44345],[72.08263,21.4431],[72.0817,21.44299],[72.08146,21.44308],[72.08106,21.44319],[72.0808,21.44315],[72.08036,21.44293]]]]},"properties":{"Taluka":"Talaja","District":"Bhavnagar","Dist_Id":"14","Taluka_Id":"14010"}},
{"type":"Feature","geometry":{"type":"Polygon","coordinates":[[[71.73225,21.96405],[71.73126,21.96438],[71.73041,21.96479],[71.72969,21.96508],[71.72896,21.9654],[71.72794,21.96577],[71.72739,21.96597],[71.72678,21.96618],[71.72625,21.96616],[71.72547,21.96618],[71.72476,21.96621],[71.72405,21.96628],[71.72318,21.96638],[71.72225,21.96651],[71.72213,21.96756],[71.72208,21.96794],[71.72178,21.96797],[71.72171,21.96854],[71.7217,21.96891],[71.72165,21.96988],[71.72041,21.96989],[71.71972,21.96985],[71.71879,21.96976],[71.71865,21.97009],[71.71824,21.97104],[71.71809,21.97149],[71.71789,21.97222],[71.71789,21.97244],[71.71775,21.97283],[71.71756,21.97345],[71.71536,21.97334],[71.71356,21.97324],[71.71183,21.97262],[71.70951,21.97176],[71.70964,21.97098],[71.70971,21.97049],[71.7092,21.97028],[71.7085,21.97005],[71.70852,21.96992],[71.70834,21.96927],[71.70807,21.96842],[71.70788,21.96777],[71.70773,21.96709],[71.70757,21.96647],[71.70756,21.96536],[71.70728,21.96457],[71.70716,21.96436],[71.70678,21.96384],[71.7064,21.9632],[71.70604,21.96247],[71.70564,21.96185],[71.70537,21.96135],[71.70508,21.96091],[71.70484,21.96048],[71.70436,21.95974],[71.70397,21.95911],[71.70366,21.95859],[71.70326,21.95781],[71.70308,21.95735],[71.70277,21.957],[71.70222,21.9565],[71.70156,21.95585],[71.70136,21.95566],[71.70118,21.95545],[71.70105,21.95496],[71.70096,21.95459],[71.70083,21.95414],[71.70075,21.95382],[71.70062,21.95326],[71.70045,21.95255],[71.70036,21.95223],[71.70021,21.95206],[71.69969,21.95165],[71.69901,21.95137],[71.69825,21.95117],[71.69818,21.95067],[71.69719,21.95075],[71.69615,21.95073],[71.69546,21.95081],[71.69465,21.95092],[71.69469,21.95075],[71.69453,21.95011],[71.69443,21.94943],[71.69429,21.9489],[71.69417,21.94865],[71.69402,21.94806],[71.69394,21.94779],[71.69386,21.94709],[71.69376,21.94678],[71.69353,21.94632],[71.69334,21.9461],[71.69304,21.94584],[71.69258,21.94553],[71.69192,21.94525],[71.6917,21.94516],[71.69164,21.94458],[71.69158,21.94392],[71.69148,21.94343],[71.69141,21.94289],[71.69118,21.94304],[71.69089,21.94321],[71.69074,21.9434],[71.69057,21.94373],[71.6905,21.94403],[71.69029,21.94426],[71.69001,21.94454],[71.68957,21.94523],[71.68851,21.94501],[71.68805,21.94487],[71.68767,21.94481],[71.68721,21.94476],[71.68646,21.94482],[71.68598,21.9447],[71.68544,21.94462],[71.68449,21.94438],[71.68329,21.94392],[71.68262,21.94366],[71.6819,21.94335],[71.68097,21.94304],[71.68022,21.94365],[71.67985,21.94356],[71.67946,21.9435],[71.67868,21.9434],[71.67741,21.94328],[71.6764,21.94328],[71.67623,21.94209],[71.67628,21.94158],[71.67625,21.94115],[71.67627,21.94068],[71.67617,21.9404],[71.67603,21.93987],[71.67586,21.93938],[71.67567,21.93885],[71.6752,21.93778],[71.67456,21.93658],[71.67426,21.93593],[71.67558,21.9353],[71.67577,21.93489],[71.67592,21.93448],[71.67602,21.93359],[71.67592,21.93266],[71.67587,21.93197],[71.67598,21.93097],[71.67638,21.92984],[71.67647,21.92943],[71.67669,21.92891],[71.67685,21.92853],[71.67722,21.92783],[71.67761,21.92698],[71.67792,21.92613],[71.67808,21.92573],[71.67827,21.92528],[71.67884,21.92447],[71.67931,21.92376],[71.67959,21.92338],[71.68006,21.9226],[71.6803,21.92219],[71.68061,21.92176],[71.68069,21.92158],[71.6813,21.92099],[71.68149,21.92066],[71.68194,21.91996],[71.68229,21.91945],[71.68259,21.91903],[71.68303,21.9185],[71.68348,21.9178],[71.68384,21.91731],[71.68422,21.91692],[71.68472,21.91639],[71.68512,21.91582],[71.68529,21.91564],[71.6857,21.91525],[71.68661,21.91541],[71.68675,21.91427],[71.68696,21.91342],[71.68718,21.91273],[71.68742,21.91185],[71.6876,21.91129],[71.68777,21.91051],[71.68882,21.91017],[71.6889,21.90842],[71.69024,21.9083],[71.69041,21.90837],[71.69029,21.90759],[71.69029,21.90695],[71.69079,21.9063],[71.69083,21.90573],[71.69076,21.90486],[71.69066,21.90435],[71.69062,21.904],[71.69028,21.90324],[71.69001,21.90258],[71.68958,21.90168],[71.68926,21.90093],[71.68909,21.90064],[71.68888,21.90031],[71.68847,21.90001],[71.68827,21.89978],[71.68808,21.89943],[71.68766,21.8991],[71.68739,21.89914],[71.6869,21.89866],[71.68608,21.8989],[71.68537,21.89905],[71.68503,21.89843],[71.68501,21.89817],[71.68484,21.89797],[71.68481,21.89769],[71.68493,21.89741],[71.68503,21.89719],[71.68525,21.89681],[71.68536,21.89657],[71.68513,21.89622],[71.68488,21.89628],[71.6844,21.89571],[71.68405,21.89534],[71.68371,21.89494],[71.68338,21.89465],[71.68297,21.89426],[71.68255,21.89385],[71.68222,21.89331],[71.68193,21.89287],[71.68156,21.8924],[71.68156,21.89176],[71.68161,21.89108],[71.68159,21.89025],[71.68163,21.88968],[71.68166,21.88935],[71.68171,21.88903],[71.68187,21.88864],[71.68199,21.88818],[71.68213,21.88778],[71.68231,21.88741],[71.68239,21.8871],[71.68248,21.88677],[71.68269,21.88624],[71.68286,21.88578],[71.68294,21.88545],[71.68307,21.88494],[71.68307,21.88472],[71.6832,21.88405],[71.68326,21.88353],[71.6833,21.88294],[71.68342,21.88238],[71.68364,21.88236],[71.68366,21.88159],[71.68369,21.88096],[71.68369,21.88084],[71.68374,21.88054],[71.68384,21.88023],[71.68389,21.88007],[71.68395,21.87893],[71.68402,21.87863],[71.68417,21.87798],[71.68423,21.87752],[71.6843,21.87714],[71.68441,21.87674],[71.6845,21.87624],[71.6845,21.87599],[71.68453,21.87522],[71.68454,21.87462],[71.68452,21.8739],[71.68451,21.8734],[71.68451,21.87265],[71.68449,21.87188],[71.68453,21.87158],[71.68458,21.87085],[71.68461,21.87057],[71.68394,21.8705],[71.68302,21.87047],[71.68207,21.87047],[71.68192,21.87048],[71.68126,21.87032],[71.68088,21.87021],[71.68008,21.87003],[71.67948,21.86991],[71.67919,21.86989],[71.67914,21.86981],[71.67916,21.86964],[71.67885,21.86948],[71.67839,21.86927],[71.67797,21.86921],[71.67776,21.86917],[71.67704,21.86906],[71.67663,21.86899],[71.67652,21.86895],[71.67636,21.86879],[71.67588,21.86868],[71.67567,21.86858],[71.67522,21.86831],[71.67472,21.86797],[71.67422,21.86765],[71.67369,21.86732],[71.67335,21.86709],[71.67296,21.86682],[71.6726,21.86672],[71.67239,21.8667],[71.67225,21.86657],[71.67146,21.86624],[71.67068,21.86634],[71.6698,21.86644],[71.66956,21.86649],[71.66927,21.86647],[71.66876,21.86638],[71.66808,21.86626],[71.66721,21.86621],[71.66659,21.86618],[71.66601,21.86624],[71.66538,21.86633],[71.66511,21.86636],[71.66447,21.86638],[71.66378,21.8664],[71.66368,21.86598],[71.6636,21.86518],[71.66359,21.86473],[71.66372,21.86376],[71.66374,21.8633],[71.66375,21.86246],[71.66379,21.86175],[71.66376,21.8613],[71.66372,21.86087],[71.66366,21.86022],[71.66353,21.85962],[71.66379,21.85925],[71.66403,21.85894],[71.66453,21.85826],[71.66527,21.85729],[71.66544,21.85702],[71.66557,21.85672],[71.66586,21.85637],[71.66583,21.85604],[71.66601,21.85527],[71.66615,21.85406],[71.66619,21.85311],[71.66628,21.85277],[71.6663,21.85203],[71.6663,21.85088],[71.66613,21.85078],[71.66614,21.85055],[71.66612,21.85039],[71.66597,21.85033],[71.66587,21.85002],[71.66528,21.85001],[71.66475,21.84991],[71.66438,21.84988],[71.66438,21.8491],[71.66452,21.84819],[71.6645,21.84757],[71.66456,21.8469],[71.66367,21.84693],[71.66313,21.84696],[71.66308,21.8468],[71.66265,21.84667],[71.66197,21.84652],[71.66132,21.84636],[71.66069,21.8462],[71.66025,21.84614],[71.65962,21.846],[71.65908,21.84596],[71.65848,21.84589],[71.65807,21.84586],[71.65685,21.84571],[71.6565,21.84565],[71.656,21.84563],[71.65521,21.84564],[71.65459,21.84561],[71.65378,21.84548],[71.65314,21.84537],[71.65275,21.8447],[71.65254,21.84439],[71.65249,21.84342],[71.65221,21.84314],[71.65198,21.84293],[71.6518,21.84289],[71.65109,21.84275],[71.65063,21.84266],[71.65042,21.8426],[71.64993,21.84238],[71.6495,21.84224],[71.64952,21.84192],[71.6492,21.84183],[71.64877,21.84167],[71.64853,21.84164],[71.64823,21.84147],[71.64831,21.84049],[71.6483,21.83998],[71.64763,21.83991],[71.64711,21.83988],[71.64703,21.83972],[71.64677,21.8386],[71.64652,21.83742],[71.64577,21.83737],[71.64491,21.83737],[71.64383,21.83732],[71.64324,21.83631],[71.64264,21.83531],[71.64233,21.8348],[71.64215,21.83454],[71.64173,21.83416],[71.64128,21.83379],[71.64085,21.83339],[71.64041,21.83338],[71.63942,21.83349],[71.63837,21.83338],[71.63794,21.83312],[71.63764,21.83293],[71.63724,21.83294],[71.63673,21.83297],[71.63631,21.83302],[71.63593,21.83303],[71.63541,21.83311],[71.63496,21.83315],[71.63435,21.83311],[71.63401,21.83308],[71.63336,21.83299],[71.63285,21.83295],[71.6317,21.83296],[71.63149,21.83294],[71.63089,21.833],[71.63042,21.83311],[71.62976,21.83321],[71.62947,21.83325],[71.62886,21.83339],[71.6286,21.83347],[71.62808,21.83356],[71.62787,21.83359],[71.62737,21.8336],[71.62728,21.8337],[71.62621,21.83363],[71.62542,21.83353],[71.62312,21.83349],[71.62298,21.83349],[71.622,21.83371],[71.62099,21.83379],[71.62019,21.8339],[71.61925,21.83385],[71.61846,21.83378],[71.61746,21.83392],[71.61747,21.83377],[71.61755,21.83317],[71.61762,21.83246],[71.61768,21.83176],[71.61774,21.83089],[71.61778,21.83018],[71.61788,21.82936],[71.61806,21.82855],[71.61822,21.82792],[71.61834,21.82714],[71.61836,21.82695],[71.61849,21.82655],[71.61859,21.8258],[71.61864,21.82549],[71.61866,21.82499],[71.61869,21.82488],[71.6188,21.82421],[71.6189,21.82363],[71.61893,21.82342],[71.61909,21.82266],[71.6192,21.82185],[71.6186,21.82107],[71.61827,21.82065],[71.61806,21.82041],[71.6174,21.81967],[71.61681,21.81897],[71.61639,21.81869],[71.61611,21.81856],[71.61517,21.81836],[71.61419,21.81813],[71.61336,21.81793],[71.61173,21.8177],[71.61093,21.81762],[71.6102,21.81747],[71.6098,21.81736],[71.60914,21.81725],[71.60837,21.81706],[71.60755,21.81678],[71.6073,21.81669],[71.60702,21.81669],[71.60665,21.81658],[71.60569,21.81631],[71.60534,21.81522],[71.60529,21.81457],[71.60533,21.81399],[71.60465,21.81333],[71.60472,21.81311],[71.60427,21.81227],[71.60329,21.81221],[71.60258,21.81219],[71.6016,21.81223],[71.60159,21.81147],[71.60165,21.81125],[71.60172,21.81054],[71.60166,21.80958],[71.60168,21.80853],[71.60167,21.80778],[71.60167,21.80687],[71.60144,21.80668],[71.60125,21.80604],[71.60094,21.80508],[71.60055,21.80392],[71.6003,21.80347],[71.59994,21.80252],[71.59996,21.80223],[71.59979,21.80148],[71.59973,21.80095],[71.59967,21.79972],[71.59968,21.79892],[71.59982,21.79667],[71.59962,21.79652],[71.59952,21.79645],[71.5994,21.79663],[71.59877,21.79606],[71.59894,21.79592],[71.59902,21.7948],[71.59916,21.79407],[71.59927,21.79321],[71.59955,21.79252],[71.59959,21.7921],[71.59954,21.79183],[71.59945,21.79095],[71.5994,21.79002],[71.5994,21.78888],[71.59942,21.78769],[71.59934,21.78658],[71.59931,21.78551],[71.59924,21.78503],[71.59919,21.78476],[71.59909,21.78334],[71.59905,21.78271],[71.59904,21.78242],[71.59902,21.78169],[71.59898,21.78107],[71.59975,21.78079],[71.60035,21.78057],[71.60088,21.78035],[71.60113,21.78022],[71.60141,21.78008],[71.60173,21.78016],[71.60194,21.78013],[71.60276,21.78008],[71.60343,21.77995],[71.60426,21.77991],[71.60488,21.77986],[71.60569,21.77972],[71.60663,21.77963],[71.60759,21.77947],[71.60827,21.77946],[71.60852,21.77944],[71.60967,21.77918],[71.61061,21.77889],[71.61118,21.77842],[71.6123,21.7766],[71.6136,21.77687],[71.61454,21.77714],[71.61526,21.77734],[71.61531,21.77753],[71.6161,21.77759],[71.6169,21.77755],[71.61712,21.77767],[71.61734,21.7776],[71.61752,21.77767],[71.61753,21.77782],[71.61812,21.77795],[71.61856,21.77749],[71.61918,21.77764],[71.6198,21.77772],[71.61984,21.77746],[71.62065,21.7775],[71.6213,21.77755],[71.62134,21.77718],[71.62219,21.77717],[71.62298,21.7772],[71.62331,21.77724],[71.62442,21.77733],[71.62541,21.77728],[71.62556,21.77726],[71.62593,21.7771],[71.62607,21.77719],[71.62695,21.77689],[71.62714,21.77708],[71.62791,21.77707],[71.62894,21.77702],[71.62902,21.77742],[71.63067,21.77731],[71.63064,21.77658],[71.63139,21.77651],[71.63157,21.77647],[71.63147,21.776],[71.63148,21.7755],[71.63229,21.77547],[71.63306,21.77529],[71.63348,21.7752],[71.6336,21.77602],[71.63424,21.77594],[71.63545,21.77587],[71.63575,21.77581],[71.63568,21.77556],[71.63552,21.77514],[71.63526,21.77466],[71.63507,21.77459],[71.63488,21.77434],[71.63483,21.77396],[71.63495,21.7732],[71.63504,21.77256],[71.63511,21.77202],[71.63513,21.77178],[71.63504,21.77124],[71.63508,21.77106],[71.63513,21.77044],[71.63521,21.77012],[71.63525,21.76991],[71.63575,21.76871],[71.63536,21.76813],[71.63463,21.76723],[71.6342,21.76661],[71.63355,21.76567],[71.63308,21.76484],[71.63261,21.76399],[71.63174,21.76255],[71.63119,21.76189],[71.63062,21.76117],[71.63016,21.76061],[71.63026,21.75974],[71.63016,21.75951],[71.63036,21.75874],[71.6304,21.75846],[71.63059,21.75813],[71.63075,21.75786],[71.63099,21.75746],[71.63138,21.75709],[71.63178,21.75683],[71.63226,21.75653],[71.63246,21.75632],[71.63253,21.75616],[71.63249,21.75578],[71.63239,21.75538],[71.63238,21.7551],[71.63242,21.75455],[71.63248,21.75407],[71.63243,21.75343],[71.63241,21.75322],[71.63196,21.75305],[71.63188,21.75291],[71.63148,21.75287],[71.63091,21.75284],[71.63038,21.75278],[71.62907,21.75263],[71.62837,21.75267],[71.62778,21.75273],[71.62695,21.7527],[71.62686,21.75263],[71.62659,21.75272],[71.62602,21.75269],[71.62551,21.75277],[71.62507,21.75284],[71.6247,21.75284],[71.62435,21.75289],[71.62402,21.75287],[71.62273,21.75269],[71.62086,21.75248],[71.62013,21.75291],[71.61934,21.75229],[71.61798,21.7513],[71.61785,21.7507],[71.6172,21.7506],[71.61714,21.75029],[71.61722,21.74986],[71.61722,21.74944],[71.61724,21.74915],[71.61732,21.74832],[71.61734,21.74754],[71.61736,21.7466],[71.61628,21.74654],[71.61597,21.74653],[71.61441,21.74638],[71.61352,21.74625],[71.61339,21.74556],[71.61339,21.7455],[71.61315,21.74499],[71.61293,21.74451],[71.61253,21.74449],[71.6125,21.7436],[71.61246,21.74318],[71.61252,21.74251],[71.61271,21.74104],[71.61276,21.74059],[71.61282,21.73938],[71.61292,21.73814],[71.61308,21.73739],[71.6134,21.73666],[71.61408,21.73519],[71.6147,21.73449],[71.61516,21.734],[71.61589,21.73287],[71.61655,21.73177],[71.61672,21.73143],[71.61684,21.73095],[71.6175,21.7305],[71.61758,21.73015],[71.6176,21.72974],[71.61786,21.72972],[71.61819,21.72968],[71.61895,21.72985],[71.61946,21.72994],[71.62028,21.73009],[71.62037,21.72922],[71.62089,21.72928],[71.62283,21.72939],[71.62372,21.72939],[71.62375,21.72915],[71.62468,21.72926],[71.62546,21.72934],[71.62563,21.72916],[71.62715,21.72907],[71.62721,21.72845],[71.62782,21.72878],[71.62852,21.72903],[71.62909,21.72916],[71.62972,21.72911],[71.63024,21.72909],[71.63098,21.72907],[71.63171,21.72901],[71.6317,21.72734],[71.63163,21.72641],[71.63218,21.72608],[71.63336,21.72516],[71.63429,21.72438],[71.63596,21.72336],[71.63559,21.72294],[71.63517,21.72191],[71.63442,21.71974],[71.63505,21.7191],[71.63522,21.71841],[71.63549,21.71738],[71.63565,21.71658],[71.63613,21.71615],[71.63613,21.71551],[71.63611,21.71492],[71.63608,21.71444],[71.6362,21.71321],[71.63644,21.7132],[71.63649,21.71306],[71.63689,21.71217],[71.63724,21.71139],[71.63786,21.71015],[71.63853,21.70896],[71.63894,21.70825],[71.63935,21.70718],[71.63936,21.70706],[71.63916,21.70569],[71.63916,21.70413],[71.63927,21.70286],[71.63993,21.70285],[71.64034,21.70283],[71.64052,21.70284],[71.64141,21.70282],[71.64175,21.70274],[71.64326,21.70259],[71.6433,21.70248],[71.64372,21.70237],[71.64412,21.70228],[71.64478,21.70223],[71.64539,21.70218],[71.64554,21.70216],[71.64536,21.70162],[71.64525,21.70137],[71.64513,21.7013],[71.64489,21.70068],[71.64462,21.69987],[71.64492,21.69968],[71.64577,21.69942],[71.6463,21.6993],[71.64669,21.69924],[71.64676,21.69918],[71.64717,21.69909],[71.64766,21.69904],[71.64771,21.6992],[71.64802,21.69918],[71.64846,21.69921],[71.64946,21.69914],[71.64951,21.69854],[71.65035,21.69852],[71.65096,21.69855],[71.65182,21.6981],[71.65217,21.6979],[71.65242,21.69778],[71.6528,21.69768],[71.65331,21.69755],[71.65396,21.69748],[71.65441,21.69745],[71.65489,21.69749],[71.65518,21.69751],[71.65528,21.69737],[71.65535,21.69711],[71.65545,21.69641],[71.65618,21.69677],[71.65668,21.69704],[71.65687,21.69712],[71.65805,21.69768],[71.65914,21.69824],[71.65959,21.69846],[71.6609,21.69893],[71.66164,21.69925],[71.66239,21.69957],[71.66348,21.70003],[71.66425,21.70043],[71.66487,21.7006],[71.66531,21.70077],[71.66625,21.70106],[71.66741,21.70141],[71.66871,21.70178],[71.66978,21.70213],[71.6706,21.70233],[71.67193,21.70256],[71.67187,21.70261],[71.67156,21.70313],[71.6711,21.70413],[71.67104,21.70516],[71.67144,21.70531],[71.67234,21.70615],[71.67338,21.70662],[71.67363,21.70676],[71.67383,21.70697],[71.67383,21.70705],[71.67375,21.70827],[71.67413,21.7083],[71.67414,21.70873],[71.67365,21.70945],[71.67361,21.70981],[71.67368,21.71005],[71.67359,21.71037],[71.67365,21.71152],[71.67375,21.71283],[71.67397,21.71427],[71.67414,21.71557],[71.67426,21.71728],[71.67425,21.71788],[71.6735,21.71771],[71.67259,21.71729],[71.67196,21.71697],[71.67201,21.71751],[71.67191,21.71898],[71.67175,21.71962],[71.67153,21.72052],[71.6714,21.72144],[71.67121,21.72217],[71.67096,21.72301],[71.67065,21.72449],[71.67058,21.72534],[71.67046,21.72652],[71.67004,21.72701],[71.67008,21.72792],[71.6703,21.72803],[71.67005,21.72972],[71.67005,21.72996],[71.66999,21.7309],[71.66988,21.73199],[71.66988,21.73283],[71.66986,21.73293],[71.66969,21.7338],[71.67019,21.73376],[71.67092,21.73417],[71.67201,21.73493],[71.67306,21.73551],[71.67308,21.73584],[71.673,21.73634],[71.6729,21.73734],[71.67285,21.73797],[71.67274,21.73926],[71.67258,21.74003],[71.67259,21.74024],[71.67271,21.74055],[71.67286,21.7415],[71.67459,21.74155],[71.67611,21.74164],[71.67719,21.74173],[71.67822,21.74185],[71.67984,21.74204],[71.68065,21.74223],[71.68174,21.74248],[71.68177,21.74251],[71.68146,21.74362],[71.68134,21.74408],[71.68132,21.74499],[71.68212,21.74517],[71.68259,21.74515],[71.68334,21.74522],[71.68338,21.74557],[71.68322,21.74628],[71.68302,21.7473],[71.68288,21.74796],[71.68289,21.74921],[71.68285,21.74995],[71.68356,21.75],[71.68404,21.75005],[71.68457,21.75013],[71.68482,21.75007],[71.68528,21.75035],[71.68658,21.75108],[71.6876,21.75169],[71.68761,21.7517],[71.68773,21.75177],[71.68808,21.75195],[71.68861,21.75265],[71.68867,21.7531],[71.6892,21.75313],[71.6892,21.75312],[71.68921,21.75313],[71.68939,21.75312],[71.69216,21.75302],[71.69456,21.75333],[71.69482,21.75379],[71.69634,21.75402],[71.69776,21.75428],[71.69802,21.75452],[71.69856,21.75469],[71.69921,21.75481],[71.70033,21.75498],[71.70194,21.75538],[71.70313,21.7556],[71.70361,21.75572],[71.70427,21.7558],[71.70472,21.7558],[71.70566,21.7558],[71.70574,21.7577],[71.70683,21.75767],[71.70768,21.75774],[71.70912,21.75777],[71.7096,21.75782],[71.70954,21.75813],[71.70949,21.75839],[71.70898,21.7592],[71.7092,21.75998],[71.70976,21.7602],[71.71044,21.76096],[71.711,21.76136],[71.7115,21.76153],[71.71176,21.76153],[71.71246,21.76162],[71.71316,21.76208],[71.71351,21.76222],[71.71368,21.76229],[71.71401,21.76233],[71.71465,21.76226],[71.71574,21.76196],[71.71676,21.76167],[71.7175,21.76135],[71.71838,21.76085],[71.71908,21.76057],[71.71957,21.76046],[71.7202,21.76033],[71.72178,21.75973],[71.72233,21.75975],[71.72249,21.75969],[71.72307,21.75944],[71.72441,21.75892],[71.72584,21.75824],[71.72737,21.75786],[71.728,21.75791],[71.72836,21.75804],[71.72875,21.75808],[71.72913,21.7587],[71.72947,21.75938],[71.73009,21.76042],[71.73123,21.76114],[71.7319,21.76127],[71.73233,21.76145],[71.73267,21.76173],[71.7325,21.76294],[71.73249,21.76335],[71.73316,21.76414],[71.73381,21.76445],[71.73433,21.76466],[71.73513,21.76495],[71.73566,21.76532],[71.73607,21.76573],[71.73673,21.76658],[71.73699,21.76656],[71.738,21.76672],[71.739,21.76694],[71.73988,21.76713],[71.74067,21.76723],[71.74136,21.76726],[71.74179,21.76741],[71.74253,21.76761],[71.74316,21.76767],[71.7441,21.76781],[71.74457,21.76787],[71.74458,21.76787],[71.74502,21.76794],[71.74577,21.7681],[71.74696,21.76839],[71.74747,21.76853],[71.74801,21.76869],[71.74918,21.76908],[71.74936,21.76912],[71.7499,21.76931],[71.75097,21.76961],[71.75142,21.76991],[71.75189,21.77008],[71.75265,21.77045],[71.75308,21.77019],[71.75369,21.76996],[71.75401,21.76949],[71.75423,21.76901],[71.75466,21.76819],[71.7561,21.76873],[71.75667,21.7689],[71.75706,21.76899],[71.75727,21.76902],[71.75752,21.76909],[71.75789,21.76925],[71.75819,21.76938],[71.7593,21.76983],[71.75966,21.77007],[71.76084,21.77057],[71.76138,21.7707],[71.76231,21.771],[71.76265,21.77113],[71.76368,21.7714],[71.76458,21.77173],[71.76521,21.77199],[71.76598,21.77225],[71.76644,21.77242],[71.76656,21.77244],[71.76729,21.77271],[71.76798,21.77294],[71.76845,21.77295],[71.76871,21.77328],[71.76924,21.77327],[71.7695,21.77335],[71.76974,21.77327],[71.77035,21.7732],[71.77158,21.77319],[71.77192,21.77258],[71.7725,21.77277],[71.77333,21.77298],[71.77382,21.77309],[71.77479,21.77321],[71.77562,21.77323],[71.77674,21.77337],[71.77801,21.77355],[71.7789,21.77361],[71.77967,21.77373],[71.78035,21.77378],[71.78179,21.77402],[71.78181,21.77385],[71.78188,21.77369],[71.78269,21.77391],[71.78357,21.77401],[71.78404,21.77402],[71.78411,21.7735],[71.78421,21.77287],[71.78395,21.77279],[71.78419,21.77191],[71.78437,21.77123],[71.78452,21.77075],[71.78479,21.76996],[71.78605,21.76908],[71.78634,21.76824],[71.7866,21.76801],[71.7868,21.76757],[71.7872,21.76782],[71.78738,21.76752],[71.78743,21.7672],[71.78748,21.76674],[71.78778,21.7662],[71.78779,21.76594],[71.78748,21.76575],[71.78741,21.76535],[71.78749,21.76486],[71.78756,21.76446],[71.78758,21.76401],[71.78759,21.76371],[71.78766,21.76305],[71.7877,21.7626],[71.7877,21.76222],[71.78774,21.76168],[71.78782,21.7611],[71.78794,21.76042],[71.78793,21.75979],[71.78796,21.75902],[71.78801,21.75864],[71.78805,21.7579],[71.78807,21.75748],[71.78784,21.75707],[71.78735,21.75613],[71.78727,21.75536],[71.78722,21.75512],[71.78715,21.75489],[71.78692,21.75423],[71.78661,21.7537],[71.78618,21.7536],[71.78604,21.75312],[71.78582,21.75312],[71.78552,21.75277],[71.78537,21.75226],[71.78515,21.75197],[71.78491,21.7499],[71.78552,21.74944],[71.7858,21.74917],[71.78609,21.74793],[71.78618,21.74701],[71.78624,21.74601],[71.7868,21.74609],[71.78673,21.74476],[71.78676,21.74357],[71.7868,21.74255],[71.78706,21.74205],[71.78708,21.74149],[71.78717,21.74095],[71.78732,21.73988],[71.78751,21.73915],[71.78756,21.7387],[71.78776,21.73894],[71.78814,21.73898],[71.78875,21.73925],[71.78855,21.73939],[71.78886,21.73977],[71.78904,21.73998],[71.78966,21.74048],[71.78998,21.74067],[71.79064,21.74085],[71.79128,21.74122],[71.79216,21.74133],[71.7929,21.74146],[71.79397,21.7416],[71.79445,21.74157],[71.79523,21.74164],[71.79545,21.74182],[71.79524,21.74244],[71.79509,21.74303],[71.79541,21.74345],[71.79571,21.74381],[71.79644,21.74399],[71.79734,21.74422],[71.79757,21.74456],[71.79743,21.74576],[71.79749,21.74658],[71.79763,21.74677],[71.7983,21.74681],[71.79923,21.7468],[71.8007,21.74684],[71.80126,21.74691],[71.80222,21.747],[71.80276,21.74708],[71.80389,21.74688],[71.80471,21.74667],[71.80559,21.74665],[71.80665,21.74678],[71.80718,21.74722],[71.8074,21.74772],[71.80737,21.74833],[71.80761,21.74842],[71.80851,21.74859],[71.80858,21.74904],[71.80943,21.74924],[71.81006,21.74939],[71.8103,21.7493],[71.81107,21.74925],[71.81127,21.74945],[71.81175,21.74959],[71.81232,21.74976],[71.81224,21.75045],[71.81382,21.75074],[71.81383,21.75104],[71.81438,21.75161],[71.81532,21.75166],[71.81533,21.75134],[71.81555,21.75129],[71.81652,21.75121],[71.81782,21.75111],[71.81773,21.75012],[71.8181,21.75011],[71.81815,21.74999],[71.81958,21.75],[71.81991,21.74998],[71.82055,21.74986],[71.82119,21.74975],[71.82162,21.74965],[71.8221,21.74943],[71.82201,21.7487],[71.82186,21.74816],[71.82175,21.74766],[71.82176,21.74722],[71.82183,21.74704],[71.82193,21.74638],[71.82197,21.74619],[71.82192,21.74537],[71.82188,21.74519],[71.82204,21.7452],[71.8222,21.74472],[71.82226,21.74431],[71.82229,21.74348],[71.82225,21.74326],[71.82226,21.74242],[71.82224,21.74217],[71.82233,21.74154],[71.82246,21.74106],[71.82245,21.74059],[71.82244,21.74005],[71.82234,21.73974],[71.82222,21.73962],[71.82202,21.73936],[71.82181,21.73839],[71.82166,21.73789],[71.82151,21.73711],[71.82137,21.73656],[71.82182,21.73648],[71.8221,21.73645],[71.82446,21.73643],[71.82571,21.73626],[71.82689,21.73619],[71.82798,21.73634],[71.82852,21.73633],[71.82901,21.73615],[71.82996,21.73618],[71.83043,21.73603],[71.8307,21.73604],[71.83137,21.73604],[71.83206,21.73599],[71.83249,21.73597],[71.83272,21.73601],[71.83295,21.73611],[71.8339,21.73608],[71.83415,21.73606],[71.83637,21.73596],[71.83845,21.73588],[71.83859,21.73555],[71.83943,21.73552],[71.83973,21.73551],[71.84082,21.7354],[71.84108,21.73536],[71.84168,21.73532],[71.84207,21.73532],[71.84225,21.73525],[71.84246,21.73527],[71.84305,21.73509],[71.84392,21.73495],[71.84404,21.73493],[71.84481,21.7349],[71.84507,21.7348],[71.8467,21.73474],[71.84804,21.73468],[71.84917,21.73461],[71.85055,21.73456],[71.85204,21.73447],[71.85223,21.7345],[71.85222,21.73514],[71.85221,21.73623],[71.85214,21.73675],[71.85204,21.73782],[71.85194,21.73866],[71.85185,21.74016],[71.85196,21.74106],[71.852,21.7418],[71.85217,21.74292],[71.85223,21.74318],[71.85235,21.74401],[71.85237,21.74416],[71.85247,21.74465],[71.85265,21.74533],[71.85271,21.74611],[71.85291,21.74695],[71.85316,21.74817],[71.85334,21.74847],[71.85344,21.74893],[71.85346,21.74924],[71.85345,21.74968],[71.85273,21.74972],[71.85203,21.74988],[71.85171,21.74996],[71.85155,21.75004],[71.85169,21.75045],[71.85226,21.75107],[71.85252,21.75123],[71.85264,21.75133],[71.85264,21.75153],[71.85269,21.75215],[71.85277,21.75268],[71.85282,21.75301],[71.85283,21.75331],[71.85296,21.75355],[71.85311,21.754],[71.85344,21.75455],[71.8537,21.75501],[71.85388,21.75546],[71.85423,21.75629],[71.85436,21.75677],[71.85452,21.75721],[71.85465,21.75788],[71.85479,21.7585],[71.855,21.75932],[71.85511,21.76008],[71.85518,21.76103],[71.85538,21.76166],[71.85555,21.7624],[71.85581,21.76356],[71.85601,21.76465],[71.85526,21.76481],[71.85436,21.76501],[71.85323,21.76526],[71.8534,21.76572],[71.85393,21.76668],[71.85435,21.76752],[71.85435,21.76771],[71.85434,21.76833],[71.85422,21.76976],[71.85418,21.7711],[71.85412,21.77179],[71.85389,21.77257],[71.85351,21.77395],[71.85308,21.77393],[71.85234,21.77379],[71.85096,21.77363],[71.85009,21.7735],[71.84983,21.77341],[71.84894,21.77332],[71.84854,21.77319],[71.84737,21.77281],[71.84717,21.77292],[71.84539,21.77264],[71.8438,21.77361],[71.84304,21.77511],[71.84251,21.7763],[71.84245,21.77668],[71.84254,21.77801],[71.84262,21.7793],[71.84254,21.78014],[71.84126,21.77996],[71.84073,21.77989],[71.84018,21.77993],[71.8398,21.78007],[71.83985,21.78064],[71.83998,21.78143],[71.84013,21.78208],[71.84028,21.78207],[71.84049,21.78257],[71.84072,21.78289],[71.84143,21.78281],[71.84225,21.78292],[71.84243,21.78388],[71.84289,21.78401],[71.84481,21.78384],[71.84514,21.78437],[71.84518,21.78455],[71.84554,21.78449],[71.84717,21.78437],[71.84777,21.78443],[71.84887,21.78465],[71.84894,21.78474],[71.84903,21.78494],[71.84912,21.7857],[71.84969,21.78586],[71.85025,21.7861],[71.8502,21.78621],[71.85038,21.78628],[71.85104,21.7863],[71.85133,21.78628],[71.85193,21.78629],[71.85255,21.78632],[71.85332,21.78642],[71.854,21.78646],[71.85435,21.78661],[71.85681,21.78674],[71.85757,21.78707],[71.85826,21.78738],[71.85933,21.78775],[71.85948,21.78741],[71.86173,21.78743],[71.86335,21.78745],[71.86343,21.78784],[71.86402,21.78795],[71.86552,21.78811],[71.86699,21.78829],[71.86699,21.78934],[71.86805,21.78924],[71.86887,21.78928],[71.86942,21.78928],[71.86997,21.78949],[71.87052,21.78956],[71.87156,21.78984],[71.87201,21.79029],[71.87256,21.79083],[71.87296,21.79096],[71.87385,21.79118],[71.8743,21.79114],[71.87483,21.79088],[71.87506,21.7908],[71.87608,21.79085],[71.87708,21.79081],[71.87705,21.79098],[71.87694,21.79179],[71.87693,21.79378],[71.8772,21.79393],[71.87756,21.79403],[71.87784,21.79485],[71.87823,21.79488],[71.87839,21.79485],[71.8789,21.7951],[71.87967,21.79522],[71.88044,21.79502],[71.88082,21.7951],[71.88085,21.79502],[71.88097,21.79503],[71.88134,21.79502],[71.88142,21.79533],[71.88234,21.79551],[71.88274,21.79574],[71.88297,21.79597],[71.88296,21.79623],[71.88318,21.79631],[71.88351,21.79672],[71.88428,21.79823],[71.88457,21.79836],[71.8853,21.79879],[71.88591,21.7989],[71.88662,21.79899],[71.88688,21.79908],[71.8869,21.79969],[71.88745,21.79995],[71.88761,21.80018],[71.88816,21.80052],[71.8889,21.80131],[71.88961,21.80135],[71.88935,21.80086],[71.89045,21.80081],[71.89098,21.80125],[71.89095,21.80144],[71.89138,21.80159],[71.89149,21.80191],[71.89259,21.80225],[71.89313,21.80247],[71.89412,21.8025],[71.89409,21.80305],[71.89409,21.80403],[71.89404,21.80432],[71.89396,21.80462],[71.89374,21.80467],[71.89364,21.805],[71.89268,21.80474],[71.89264,21.80488],[71.89238,21.80563],[71.89215,21.8063],[71.89192,21.80734],[71.89256,21.80756],[71.89231,21.80857],[71.89205,21.80957],[71.89175,21.80953],[71.89169,21.81001],[71.89063,21.80991],[71.89043,21.80984],[71.89023,21.81097],[71.88868,21.81107],[71.88916,21.81246],[71.88949,21.8131],[71.8898,21.81362],[71.89045,21.81456],[71.89118,21.81548],[71.89181,21.81624],[71.89218,21.81672],[71.8921,21.81773],[71.89127,21.8183],[71.89065,21.81877],[71.8905,21.81884],[71.88905,21.81911],[71.88855,21.81932],[71.88855,21.81995],[71.88859,21.82049],[71.88866,21.82099],[71.88885,21.82159],[71.88894,21.82211],[71.89013,21.82272],[71.8907,21.82306],[71.8908,21.82361],[71.88972,21.82375],[71.88942,21.82404],[71.89098,21.82397],[71.89147,21.82432],[71.8923,21.82515],[71.89208,21.82569],[71.89166,21.82641],[71.89138,21.82682],[71.89124,21.8271],[71.89223,21.82742],[71.8928,21.82759],[71.89256,21.82797],[71.89328,21.82793],[71.89427,21.8278],[71.89494,21.82839],[71.89495,21.82944],[71.8949,21.82951],[71.89499,21.83052],[71.89509,21.83123],[71.89515,21.83142],[71.89527,21.83194],[71.89521,21.83269],[71.89509,21.83312],[71.89488,21.83419],[71.89434,21.83467],[71.89345,21.83545],[71.89246,21.83624],[71.89207,21.83722],[71.89195,21.83766],[71.8919,21.83822],[71.89096,21.83851],[71.89058,21.83865],[71.88976,21.83896],[71.88907,21.8391],[71.88841,21.83932],[71.88798,21.8394],[71.88746,21.83949],[71.88643,21.83985],[71.88587,21.84026],[71.88569,21.84041],[71.88541,21.84063],[71.88481,21.84079],[71.88425,21.84098],[71.88379,21.84105],[71.88382,21.84084],[71.88361,21.84079],[71.88284,21.84106],[71.8825,21.84111],[71.88207,21.84106],[71.8816,21.84103],[71.88116,21.84101],[71.8811,21.84204],[71.88074,21.84199],[71.88047,21.84192],[71.88052,21.84242],[71.88063,21.84288],[71.8818,21.84297],[71.88184,21.84456],[71.88076,21.84429],[71.87995,21.84435],[71.87977,21.84338],[71.87871,21.84347],[71.87865,21.84403],[71.87855,21.8449],[71.87726,21.84477],[71.87603,21.84498],[71.87608,21.84676],[71.87651,21.84682],[71.87645,21.84763],[71.87638,21.84869],[71.87581,21.8491],[71.87537,21.84939],[71.8747,21.85009],[71.87463,21.85038],[71.87363,21.85032],[71.8732,21.85018],[71.87259,21.85017],[71.87253,21.8504],[71.87211,21.8505],[71.87138,21.85059],[71.87125,21.85045],[71.87095,21.85054],[71.87019,21.85111],[71.86968,21.85145],[71.86934,21.85181],[71.86886,21.85227],[71.86871,21.85249],[71.86851,21.85246],[71.86836,21.85246],[71.86816,21.85251],[71.8677,21.85227],[71.86738,21.8521],[71.86686,21.8518],[71.86635,21.8514],[71.86581,21.85096],[71.8654,21.85066],[71.86521,21.85097],[71.86505,21.8518],[71.865,21.85229],[71.86492,21.85286],[71.86403,21.85261],[71.86431,21.85154],[71.86462,21.85038],[71.86418,21.85017],[71.86397,21.85056],[71.86341,21.85236],[71.86269,21.85224],[71.86215,21.85208],[71.86163,21.85195],[71.86169,21.85171],[71.86189,21.85172],[71.86204,21.85118],[71.86181,21.85097],[71.86205,21.8506],[71.8622,21.84996],[71.86249,21.84987],[71.86267,21.8497],[71.86309,21.84962],[71.86248,21.85143],[71.86282,21.85151],[71.86341,21.84971],[71.86338,21.84926],[71.86327,21.84888],[71.86301,21.8486],[71.86257,21.84822],[71.86227,21.84782],[71.86203,21.84788],[71.86157,21.84762],[71.86136,21.84758],[71.86054,21.84774],[71.86013,21.8475],[71.85978,21.84744],[71.85925,21.84808],[71.85911,21.84835],[71.85899,21.8486],[71.8586,21.84927],[71.85791,21.84904],[71.85748,21.84983],[71.85699,21.85045],[71.85661,21.85045],[71.85644,21.85108],[71.85633,21.85121],[71.85626,21.85153],[71.85599,21.85189],[71.85573,21.85251],[71.85541,21.85311],[71.8553,21.85338],[71.85527,21.85373],[71.85518,21.85405],[71.85513,21.85426],[71.85505,21.85478],[71.855,21.85497],[71.85485,21.85549],[71.85469,21.8563],[71.85445,21.85699],[71.85438,21.85759],[71.85422,21.85789],[71.85406,21.85851],[71.8531,21.85811],[71.85289,21.85847],[71.85221,21.85847],[71.85105,21.85815],[71.84983,21.8578],[71.84926,21.85752],[71.84902,21.85739],[71.84823,21.85699],[71.84815,21.8569],[71.84728,21.85633],[71.84667,21.85596],[71.84583,21.85547],[71.84573,21.85535],[71.84497,21.85466],[71.84461,21.85438],[71.84426,21.85417],[71.84374,21.85388],[71.8431,21.85355],[71.84251,21.8532],[71.84184,21.8528],[71.84114,21.85238],[71.84023,21.85187],[71.83979,21.85168],[71.83926,21.85138],[71.83868,21.85112],[71.83836,21.85104],[71.83827,21.85101],[71.83772,21.8508],[71.83738,21.85068],[71.83648,21.85042],[71.83597,21.85035],[71.83544,21.85026],[71.83514,21.85019],[71.83485,21.85015],[71.83458,21.85058],[71.83441,21.85083],[71.83407,21.85082],[71.83351,21.85078],[71.83348,21.8509],[71.83342,21.85115],[71.83257,21.85114],[71.8318,21.85115],[71.83177,21.8516],[71.83132,21.8515],[71.83082,21.85138],[71.83009,21.8513],[71.82974,21.8512],[71.82933,21.8512],[71.82893,21.85071],[71.82865,21.85024],[71.828,21.85003],[71.82793,21.85021],[71.82687,21.84985],[71.82608,21.84953],[71.82524,21.84923],[71.82522,21.84991],[71.82509,21.85014],[71.82497,21.85051],[71.82477,21.85051],[71.82464,21.85107],[71.8245,21.85169],[71.82443,21.85252],[71.82445,21.85271],[71.82389,21.85266],[71.82249,21.85258],[71.82238,21.85389],[71.8223,21.85487],[71.82226,21.85524],[71.8223,21.85639],[71.82008,21.85695],[71.81961,21.85706],[71.8184,21.85737],[71.81702,21.85764],[71.81608,21.85779],[71.81559,21.85784],[71.81432,21.85783],[71.8133,21.85789],[71.81355,21.8586],[71.81424,21.85942],[71.81435,21.85956],[71.81493,21.86002],[71.81445,21.86016],[71.81413,21.86019],[71.81367,21.86017],[71.81302,21.86029],[71.81283,21.86057],[71.81188,21.86068],[71.81099,21.86077],[71.81018,21.86085],[71.80941,21.86091],[71.80947,21.86146],[71.80953,21.86181],[71.80952,21.86191],[71.80916,21.86208],[71.80873,21.8622],[71.80822,21.86233],[71.8077,21.86234],[71.80681,21.86237],[71.80612,21.86234],[71.8057,21.86237],[71.80568,21.86212],[71.8058,21.86113],[71.80584,21.8602],[71.80604,21.85934],[71.80625,21.85852],[71.80646,21.85793],[71.80648,21.85769],[71.80601,21.85768],[71.80542,21.85762],[71.80468,21.85748],[71.80453,21.8574],[71.8035,21.85667],[71.80277,21.85624],[71.80193,21.85569],[71.80076,21.85482],[71.79948,21.85483],[71.79822,21.8548],[71.79734,21.85471],[71.79728,21.85417],[71.79726,21.85397],[71.79728,21.85345],[71.79732,21.85324],[71.79734,21.85297],[71.79735,21.85272],[71.79738,21.85254],[71.79718,21.85214],[71.79706,21.85198],[71.79674,21.8516],[71.79452,21.85075],[71.79431,21.85056],[71.79405,21.85029],[71.7938,21.84961],[71.79374,21.84946],[71.79309,21.84958],[71.79292,21.84959],[71.79254,21.84965],[71.79165,21.84981],[71.79162,21.8495],[71.79161,21.84908],[71.79161,21.84841],[71.79156,21.84813],[71.79159,21.84742],[71.79155,21.84718],[71.79153,21.84689],[71.79146,21.84657],[71.79143,21.84588],[71.79092,21.84587],[71.78995,21.84586],[71.78946,21.84583],[71.7892,21.84576],[71.78829,21.84566],[71.78761,21.84555],[71.78669,21.84551],[71.78593,21.8455],[71.78603,21.84617],[71.7861,21.84634],[71.78619,21.84739],[71.78625,21.84847],[71.78615,21.84943],[71.786,21.84986],[71.78565,21.85055],[71.78495,21.852],[71.78482,21.85217],[71.7844,21.85273],[71.78419,21.85297],[71.78395,21.85327],[71.78381,21.85368],[71.78333,21.85363],[71.78293,21.85346],[71.78256,21.85333],[71.78206,21.85336],[71.78156,21.85356],[71.78137,21.8537],[71.78127,21.85395],[71.78119,21.85421],[71.78104,21.85433],[71.78064,21.85442],[71.77995,21.85443],[71.77934,21.85435],[71.77887,21.85416],[71.77854,21.85389],[71.77835,21.8538],[71.77806,21.85383],[71.77806,21.85394],[71.77771,21.85488],[71.77743,21.85572],[71.77715,21.85648],[71.77692,21.85713],[71.77668,21.85781],[71.77654,21.85847],[71.77588,21.85874],[71.77554,21.85893],[71.77495,21.85927],[71.77502,21.86004],[71.77509,21.86072],[71.77511,21.86144],[71.7751,21.86171],[71.77505,21.86259],[71.77504,21.86314],[71.77505,21.86356],[71.7751,21.86447],[71.77512,21.86446],[71.77567,21.86446],[71.7758,21.8644],[71.77652,21.86427],[71.77656,21.86478],[71.77661,21.86582],[71.77673,21.86674],[71.77689,21.86758],[71.77667,21.86785],[71.77709,21.86836],[71.77747,21.86884],[71.77794,21.86947],[71.77844,21.87013],[71.7789,21.87071],[71.77952,21.87145],[71.77994,21.87194],[71.78004,21.87222],[71.78062,21.87274],[71.78124,21.87338],[71.78178,21.8739],[71.78207,21.87412],[71.78307,21.87491],[71.78388,21.87563],[71.78407,21.87583],[71.78507,21.87569],[71.78529,21.87655],[71.78534,21.87694],[71.7854,21.87749],[71.78551,21.87826],[71.78561,21.87893],[71.78585,21.8789],[71.78675,21.8788],[71.78767,21.8787],[71.78864,21.87861],[71.78868,21.8784],[71.78942,21.87834],[71.78968,21.87828],[71.79029,21.87828],[71.79032,21.87839],[71.79172,21.87837],[71.79164,21.87938],[71.79161,21.88036],[71.79249,21.88044],[71.79327,21.88053],[71.79325,21.8809],[71.79315,21.88156],[71.79303,21.88201],[71.79291,21.88244],[71.79268,21.88307],[71.79254,21.88367],[71.79239,21.88403],[71.79192,21.88479],[71.79183,21.88509],[71.79142,21.88577],[71.79112,21.88629],[71.79084,21.88687],[71.7908,21.88696],[71.79077,21.88736],[71.7907,21.88766],[71.79053,21.88839],[71.79032,21.88926],[71.79017,21.88989],[71.78995,21.89055],[71.78953,21.89117],[71.78919,21.89168],[71.78894,21.89213],[71.78836,21.89205],[71.78795,21.89202],[71.78737,21.89195],[71.78665,21.89194],[71.78606,21.89188],[71.78532,21.8919],[71.78425,21.89181],[71.78327,21.89178],[71.78243,21.89179],[71.78237,21.89141],[71.78193,21.89143],[71.78192,21.89149],[71.78157,21.89151],[71.78087,21.89159],[71.78058,21.89163],[71.78036,21.89166],[71.78006,21.89179],[71.77977,21.89188],[71.77836,21.89214],[71.77811,21.89212],[71.77683,21.89233],[71.77566,21.89251],[71.7754,21.89259],[71.77463,21.89281],[71.77373,21.89302],[71.77285,21.89314],[71.7719,21.89332],[71.77101,21.89333],[71.77061,21.89333],[71.76991,21.8933],[71.76905,21.89318],[71.76919,21.89346],[71.76923,21.8942],[71.76928,21.89439],[71.76937,21.89518],[71.76938,21.89587],[71.76949,21.89689],[71.76956,21.89773],[71.76966,21.89892],[71.76968,21.89973],[71.76943,21.89995],[71.76916,21.90045],[71.76899,21.90066],[71.76871,21.90126],[71.76849,21.90181],[71.76825,21.90233],[71.76814,21.90264],[71.76813,21.90294],[71.76783,21.90314],[71.76754,21.90341],[71.76691,21.90396],[71.76643,21.90445],[71.76617,21.90462],[71.76587,21.90486],[71.76521,21.90563],[71.76476,21.90571],[71.76435,21.90571],[71.76373,21.90562],[71.76325,21.90552],[71.76281,21.90548],[71.76224,21.90535],[71.76226,21.90509],[71.76198,21.905],[71.76122,21.90476],[71.7613,21.90492],[71.76142,21.90526],[71.76191,21.90613],[71.76186,21.90647],[71.76262,21.90672],[71.76288,21.90672],[71.7629,21.90687],[71.76284,21.90706],[71.76315,21.90739],[71.76392,21.90774],[71.76389,21.90806],[71.76463,21.9084],[71.76488,21.90849],[71.76487,21.90892],[71.76494,21.90972],[71.76495,21.91054],[71.76497,21.9113],[71.76538,21.91163],[71.76558,21.91178],[71.76564,21.91206],[71.76583,21.91287],[71.76603,21.91367],[71.76615,21.91398],[71.76625,21.91422],[71.76639,21.91478],[71.7666,21.91541],[71.7667,21.91578],[71.76685,21.91628],[71.76698,21.91661],[71.76718,21.91722],[71.76735,21.91771],[71.76762,21.91824],[71.76773,21.91844],[71.76801,21.91926],[71.76833,21.92018],[71.76844,21.92063],[71.76857,21.92108],[71.76862,21.92138],[71.7687,21.92178],[71.76873,21.922],[71.76885,21.92243],[71.76884,21.92289],[71.76893,21.92345],[71.76899,21.92401],[71.76897,21.92443],[71.76903,21.92504],[71.76904,21.9257],[71.76907,21.92703],[71.76906,21.92743],[71.76876,21.92811],[71.7686,21.9284],[71.76826,21.92875],[71.76809,21.92898],[71.76805,21.92915],[71.76692,21.92954],[71.766,21.92951],[71.76513,21.93147],[71.76284,21.93209],[71.76204,21.93232],[71.76132,21.93249],[71.76061,21.93272],[71.7599,21.933],[71.75972,21.9331],[71.759,21.93343],[71.75826,21.93377],[71.75705,21.93436],[71.75578,21.93469],[71.75431,21.93491],[71.75268,21.93512],[71.75139,21.93529],[71.75098,21.93531],[71.75068,21.93531],[71.7497,21.9352],[71.74945,21.93518],[71.74823,21.93506],[71.74769,21.93501],[71.74765,21.93532],[71.74735,21.93529],[71.74625,21.93512],[71.74539,21.935],[71.74467,21.9349],[71.74338,21.93473],[71.74314,21.93468],[71.74268,21.93461],[71.74185,21.93447],[71.74152,21.93587],[71.74095,21.93616],[71.74052,21.93693],[71.74023,21.93727],[71.7398,21.93819],[71.73944,21.9387],[71.73917,21.93871],[71.73909,21.93906],[71.73864,21.93905],[71.7382,21.94055],[71.73812,21.94078],[71.73774,21.94226],[71.73769,21.94263],[71.73751,21.94325],[71.73723,21.94389],[71.7371,21.9444],[71.73703,21.94475],[71.73671,21.94517],[71.73625,21.94562],[71.73573,21.94608],[71.73547,21.94635],[71.73536,21.94708],[71.73502,21.94799],[71.73501,21.94846],[71.73498,21.94867],[71.73485,21.94899],[71.73472,21.94931],[71.73452,21.94982],[71.73445,21.95096],[71.73423,21.95124],[71.73416,21.95148],[71.73401,21.95152],[71.7338,21.9516],[71.73368,21.95236],[71.73352,21.95337],[71.7333,21.95379],[71.73333,21.95421],[71.73332,21.95463],[71.73333,21.95492],[71.73322,21.95632],[71.73285,21.95629],[71.73271,21.95684],[71.7326,21.95734],[71.73252,21.95757],[71.7324,21.95811],[71.73228,21.95871],[71.73198,21.9596],[71.73183,21.9599],[71.73174,21.96027],[71.73159,21.96112],[71.7315,21.96126],[71.73166,21.96147],[71.73208,21.9622],[71.73246,21.9627],[71.73286,21.96307],[71.73326,21.96362],[71.73225,21.96405]],[[71.71109,21.90138],[71.71219,21.90113],[71.71297,21.90098],[71.71339,21.90076],[71.71383,21.90066],[71.71437,21.90046],[71.71531,21.90016],[71.71557,21.90012],[71.71563,21.89986],[71.71586,21.89993],[71.71638,21.89982],[71.71736,21.89965],[71.71857,21.89939],[71.71958,21.89916],[71.7203,21.89905],[71.72057,21.89896],[71.72089,21.89844],[71.72145,21.89767],[71.72164,21.89734],[71.72186,21.89703],[71.72209,21.8965],[71.72228,21.89604],[71.72273,21.89538],[71.723,21.8948],[71.72303,21.89446],[71.72325,21.89397],[71.72338,21.89335],[71.72383,21.89289],[71.72414,21.89247],[71.72437,21.89217],[71.72484,21.89155],[71.72511,21.89108],[71.72546,21.89027],[71.72559,21.88989],[71.72578,21.88916],[71.7259,21.88865],[71.72614,21.88739],[71.72637,21.88592],[71.72648,21.88515],[71.72648,21.88514],[71.72651,21.88495],[71.72662,21.88387],[71.72695,21.88256],[71.7273,21.88166],[71.72768,21.88036],[71.72806,21.87941],[71.72808,21.87907],[71.728,21.87754],[71.72793,21.87625],[71.72784,21.87564],[71.72765,21.8737],[71.72765,21.87214],[71.72756,21.87131],[71.72751,21.87036],[71.7275,21.86904],[71.72764,21.86777],[71.72754,21.86742],[71.7271,21.86744],[71.72634,21.8674],[71.72573,21.86735],[71.72472,21.86723],[71.7242,21.86711],[71.72383,21.86707],[71.72286,21.867],[71.72255,21.8669],[71.72241,21.86682],[71.72144,21.8667],[71.72115,21.86667],[71.7211,21.86661],[71.72084,21.8666],[71.72042,21.86661],[71.7198,21.86654],[71.71911,21.86652],[71.71869,21.86652],[71.71835,21.86648],[71.71807,21.86641],[71.71737,21.86619],[71.71647,21.86616],[71.71545,21.86604],[71.71446,21.86589],[71.71367,21.8656],[71.7124,21.86526],[71.71149,21.86502],[71.71034,21.8647],[71.71005,21.86464],[71.7096,21.86459],[71.70902,21.86452],[71.70832,21.86453],[71.7077,21.86446],[71.70676,21.86439],[71.7059,21.86432],[71.70524,21.8643],[71.70479,21.86421],[71.70418,21.86414],[71.70323,21.86406],[71.70296,21.86399],[71.70262,21.86389],[71.70194,21.86382],[71.70152,21.86378],[71.70063,21.86364],[71.70003,21.86363],[71.69973,21.86355],[71.69891,21.86334],[71.69853,21.86399],[71.69811,21.86472],[71.69793,21.86519],[71.6977,21.86614],[71.69744,21.86689],[71.69725,21.86773],[71.69673,21.86839],[71.69695,21.86912],[71.69643,21.87015],[71.69634,21.8704],[71.69622,21.87095],[71.69552,21.87116],[71.69552,21.87145],[71.6957,21.87243],[71.6952,21.87302],[71.69455,21.87362],[71.69542,21.87487],[71.69562,21.87512],[71.69551,21.87556],[71.69509,21.87654],[71.69442,21.8772],[71.69356,21.87769],[71.69339,21.87792],[71.69313,21.87918],[71.69309,21.87993],[71.69262,21.88119],[71.69306,21.88103],[71.69342,21.88105],[71.69397,21.88098],[71.69475,21.88089],[71.69495,21.88167],[71.69508,21.88221],[71.69568,21.88201],[71.69623,21.88189],[71.69652,21.88285],[71.69708,21.88264],[71.69745,21.88253],[71.69785,21.88247],[71.69801,21.88361],[71.69777,21.88386],[71.69751,21.88382],[71.6976,21.88478],[71.69839,21.88469],[71.69924,21.8846],[71.70017,21.88454],[71.7006,21.88445],[71.7005,21.88504],[71.70042,21.88534],[71.70063,21.88566],[71.70098,21.88591],[71.70131,21.88631],[71.70148,21.88647],[71.70141,21.88728],[71.70136,21.888],[71.70131,21.88861],[71.70128,21.88931],[71.70124,21.89026],[71.70126,21.89148],[71.70128,21.89184],[71.70126,21.89298],[71.70305,21.89305],[71.70321,21.89325],[71.7033,21.89357],[71.70301,21.89478],[71.70289,21.8956],[71.70288,21.89606],[71.70257,21.89703],[71.70231,21.89776],[71.70219,21.89819],[71.70205,21.89907],[71.70233,21.90017],[71.7027,21.90024],[71.7033,21.90049],[71.70407,21.90067],[71.70449,21.9008],[71.70451,21.90081],[71.70479,21.9009],[71.70515,21.90081],[71.70557,21.90093],[71.70568,21.90116],[71.70617,21.90132],[71.70664,21.90138],[71.7075,21.90133],[71.70819,21.90128],[71.70902,21.90124],[71.70972,21.90124],[71.71058,21.90119],[71.71109,21.90138]]]},"properties":{"Taluka":"Umrala","District":"Bhavnagar","Dist_Id":"14","Taluka_Id":"14004"}},
{"type":"Feature","geometry":{"type":"Polygon","coordinates":[[[72.02078,22.10455],[72.01469,22.10555],[72.00963,22.1064],[72.00545,22.10701],[72.00387,22.10733],[72.00071,22.10787],[71.99724,22.10872],[71.99368,22.10947],[71.99095,22.11013],[71.98911,22.11051],[71.98539,22.11138],[71.98286,22.11194],[71.97991,22.11266],[71.97772,22.11311],[71.97447,22.11379],[71.97333,22.11402],[71.97091,22.11467],[71.9681,22.11499],[71.96637,22.11535],[71.96439,22.11576],[71.96328,22.11609],[71.96217,22.11679],[71.96018,22.11806],[71.95871,22.1191],[71.95787,22.11968],[71.95684,22.12023],[71.9564,22.12042],[71.95469,22.12093],[71.95285,22.1215],[71.95145,22.12166],[71.95056,22.12186],[71.94932,22.12217],[71.9477,22.12256],[71.94658,22.12273],[71.94446,22.12301],[71.94347,22.1231],[71.9427,22.12325],[71.94184,22.12336],[71.93985,22.12354],[71.93884,22.12363],[71.93794,22.1238],[71.93726,22.12406],[71.93636,22.12426],[71.93554,22.12449],[71.93548,22.12491],[71.9349,22.12536],[71.93342,22.12598],[71.93279,22.12464],[71.93125,22.12472],[71.93021,22.12514],[71.92854,22.12597],[71.92764,22.12643],[71.92713,22.12665],[71.92649,22.12678],[71.92592,22.127],[71.92528,22.128],[71.92459,22.12847],[71.92314,22.12939],[71.92203,22.13001],[71.92158,22.13009],[71.92091,22.1302],[71.92092,22.12995],[71.92088,22.12961],[71.92087,22.12953],[71.92061,22.12709],[71.92044,22.12548],[71.92048,22.12505],[71.92017,22.12291],[71.91964,22.11963],[71.91924,22.11716],[71.91884,22.11504],[71.91834,22.11232],[71.91791,22.11181],[71.91693,22.11028],[71.91631,22.10953],[71.91566,22.10856],[71.91524,22.10812],[71.91403,22.10794],[71.91277,22.10761],[71.91279,22.10742],[71.91171,22.10723],[71.91085,22.10706],[71.91029,22.10718],[71.91006,22.1056],[71.90857,22.10573],[71.9066,22.10583],[71.90468,22.10588],[71.9047,22.10519],[71.90462,22.10413],[71.90462,22.1039],[71.90254,22.10471],[71.90124,22.10452],[71.89914,22.10449],[71.89785,22.1048],[71.89685,22.10486],[71.89677,22.10487],[71.89654,22.1043],[71.89618,22.10325],[71.89597,22.10227],[71.89576,22.10104],[71.89564,22.10057],[71.89534,22.09948],[71.89517,22.09876],[71.89524,22.09718],[71.89518,22.09627],[71.89515,22.09546],[71.8951,22.09525],[71.89501,22.09397],[71.89488,22.09345],[71.8947,22.09275],[71.89453,22.09196],[71.89406,22.09013],[71.89318,22.09021],[71.89271,22.09018],[71.89239,22.09013],[71.89175,22.08996],[71.89186,22.08927],[71.89195,22.08837],[71.89177,22.08724],[71.89126,22.08721],[71.89124,22.08699],[71.89154,22.08601],[71.89122,22.08598],[71.89014,22.08577],[71.88989,22.08579],[71.8895,22.08583],[71.88853,22.08582],[71.88829,22.08583],[71.88749,22.08574],[71.88684,22.08562],[71.88611,22.08545],[71.88597,22.08535],[71.88497,22.08466],[71.88445,22.08428],[71.88372,22.08367],[71.88352,22.08354],[71.88243,22.08295],[71.88143,22.0824],[71.88098,22.08223],[71.88031,22.08256],[71.87945,22.08265],[71.87929,22.08223],[71.87866,22.08224],[71.87824,22.08222],[71.87715,22.08223],[71.87613,22.08221],[71.87484,22.08212],[71.87424,22.08193],[71.87333,22.08176],[71.87324,22.0814],[71.87344,22.08023],[71.87345,22.08005],[71.87339,22.07987],[71.87305,22.07893],[71.87299,22.07881],[71.87278,22.07814],[71.87221,22.07709],[71.87197,22.07667],[71.87181,22.07617],[71.87112,22.07614],[71.87095,22.07512],[71.87088,22.07495],[71.87071,22.07386],[71.87041,22.07343],[71.87001,22.07361],[71.86985,22.07262],[71.86962,22.0726],[71.86962,22.07218],[71.86962,22.07198],[71.86958,22.07134],[71.86933,22.07136],[71.86929,22.07027],[71.86885,22.07031],[71.86782,22.07053],[71.86778,22.0694],[71.86689,22.06928],[71.86712,22.06787],[71.86731,22.06731],[71.86685,22.06725],[71.86615,22.06711],[71.86457,22.06675],[71.8646,22.06632],[71.86407,22.06621],[71.8638,22.06568],[71.86347,22.06511],[71.86345,22.06407],[71.86348,22.06328],[71.86313,22.06324],[71.86202,22.06337],[71.86174,22.0637],[71.86016,22.06358],[71.85945,22.06353],[71.85921,22.06252],[71.85792,22.06258],[71.85788,22.06179],[71.85768,22.06177],[71.8567,22.06185],[71.85611,22.06189],[71.85478,22.06189],[71.85454,22.06341],[71.85294,22.06341],[71.85278,22.06201],[71.85272,22.06156],[71.85157,22.06175],[71.85152,22.06196],[71.85011,22.06203],[71.84973,22.0621],[71.8498,22.06261],[71.84917,22.06268],[71.84811,22.06268],[71.84728,22.06281],[71.84707,22.06306],[71.8466,22.06319],[71.84646,22.06427],[71.84554,22.06422],[71.84443,22.06409],[71.84415,22.0648],[71.84258,22.06479],[71.84243,22.0656],[71.84074,22.0655],[71.84079,22.06672],[71.84078,22.06839],[71.84071,22.06865],[71.84064,22.06959],[71.83937,22.06929],[71.8387,22.0692],[71.83806,22.06909],[71.83727,22.06898],[71.83615,22.0687],[71.83621,22.06834],[71.83631,22.06782],[71.83632,22.0668],[71.83638,22.0662],[71.83637,22.06587],[71.83644,22.06562],[71.83666,22.06425],[71.83687,22.06358],[71.83708,22.06296],[71.83747,22.062],[71.83762,22.06164],[71.83781,22.06106],[71.83767,22.06102],[71.83502,22.06034],[71.83506,22.05943],[71.83389,22.05931],[71.83376,22.05915],[71.83341,22.05908],[71.8322,22.05869],[71.83202,22.05851],[71.83205,22.05795],[71.8321,22.05771],[71.8323,22.05769],[71.83243,22.05669],[71.83257,22.05541],[71.83311,22.05541],[71.83308,22.05519],[71.83409,22.05517],[71.83488,22.05517],[71.83564,22.05526],[71.83626,22.05516],[71.83674,22.05507],[71.83747,22.05479],[71.83834,22.05445],[71.83891,22.05441],[71.83896,22.05505],[71.84031,22.05512],[71.8404,22.05381],[71.84044,22.05271],[71.84049,22.05208],[71.84061,22.05159],[71.84072,22.051],[71.84088,22.05068],[71.84112,22.05043],[71.84191,22.05056],[71.8428,22.0507],[71.84279,22.05026],[71.8427,22.04992],[71.8427,22.0494],[71.84281,22.04898],[71.84345,22.04896],[71.8442,22.04884],[71.84431,22.049],[71.84519,22.04905],[71.84572,22.04911],[71.84668,22.04912],[71.84684,22.04856],[71.84709,22.04779],[71.84871,22.04778],[71.84896,22.04707],[71.84911,22.04665],[71.85013,22.04646],[71.85066,22.04703],[71.85126,22.0478],[71.85183,22.04871],[71.85208,22.04912],[71.85228,22.04907],[71.85323,22.04901],[71.85416,22.04901],[71.85552,22.04902],[71.85585,22.04944],[71.85604,22.0499],[71.85609,22.05015],[71.85606,22.0509],[71.85601,22.0516],[71.85675,22.05147],[71.85682,22.05208],[71.8569,22.05283],[71.85694,22.05355],[71.85734,22.05348],[71.85788,22.05343],[71.85843,22.05339],[71.85906,22.05326],[71.85959,22.05308],[71.86139,22.05245],[71.86141,22.0519],[71.86138,22.05157],[71.86139,22.05061],[71.86249,22.05062],[71.86258,22.05084],[71.86297,22.05074],[71.86312,22.04946],[71.86377,22.04946],[71.86431,22.04941],[71.86437,22.04876],[71.86454,22.04816],[71.86535,22.04857],[71.86566,22.04868],[71.86577,22.04784],[71.86568,22.04775],[71.8657,22.04746],[71.86583,22.04679],[71.86654,22.04684],[71.86661,22.04651],[71.86714,22.04648],[71.86775,22.04651],[71.868,22.04651],[71.86882,22.0463],[71.86924,22.04629],[71.86892,22.04514],[71.86882,22.04435],[71.86829,22.04436],[71.86795,22.04432],[71.86755,22.04438],[71.86676,22.04456],[71.8664,22.04457],[71.8665,22.04423],[71.86658,22.04364],[71.86666,22.04302],[71.86729,22.04315],[71.86788,22.04324],[71.86793,22.04312],[71.86871,22.04314],[71.86953,22.04313],[71.86927,22.04284],[71.86891,22.04237],[71.86902,22.04189],[71.86939,22.04128],[71.86967,22.04079],[71.86971,22.04052],[71.86997,22.04041],[71.87009,22.0403],[71.87015,22.04009],[71.8697,22.04005],[71.8687,22.03985],[71.86907,22.03888],[71.86928,22.03885],[71.86936,22.03836],[71.86964,22.03751],[71.87008,22.03752],[71.8702,22.03683],[71.87056,22.03561],[71.87174,22.03573],[71.87187,22.03532],[71.87208,22.03452],[71.87215,22.03392],[71.87225,22.03317],[71.87254,22.03225],[71.87276,22.03159],[71.87309,22.03039],[71.87345,22.02935],[71.87374,22.02894],[71.87394,22.02811],[71.87409,22.02808],[71.87437,22.02768],[71.8741,22.02715],[71.87412,22.02658],[71.87497,22.0263],[71.87492,22.02558],[71.8749,22.02508],[71.8749,22.02458],[71.87495,22.02417],[71.87501,22.02359],[71.87483,22.02357],[71.87283,22.02346],[71.87241,22.0217],[71.8723,22.02128],[71.8721,22.02115],[71.8719,22.02009],[71.87171,22.01919],[71.87085,22.01911],[71.87061,22.01858],[71.87035,22.01855],[71.8703,22.01812],[71.87022,22.01761],[71.87009,22.01696],[71.8699,22.01629],[71.86789,22.01666],[71.86757,22.01555],[71.86736,22.01485],[71.86726,22.01403],[71.86728,22.01307],[71.86713,22.01225],[71.86702,22.01141],[71.86703,22.0108],[71.86699,22.01002],[71.86643,22.00999],[71.86594,22.01006],[71.86488,22.01],[71.86364,22.00995],[71.86244,22.00993],[71.86136,22.00992],[71.86101,22.00988],[71.8603,22.00991],[71.8592,22.01025],[71.85817,22.01063],[71.85722,22.01094],[71.85643,22.01121],[71.85616,22.01132],[71.85518,22.01172],[71.85411,22.012],[71.85314,22.01211],[71.85288,22.01211],[71.85186,22.01223],[71.85134,22.01233],[71.84966,22.01257],[71.84931,22.01261],[71.8483,22.01274],[71.84784,22.01277],[71.84698,22.01299],[71.84674,22.01306],[71.84577,22.01321],[71.8447,22.01346],[71.84368,22.01371],[71.84229,22.01403],[71.84153,22.01425],[71.84056,22.01429],[71.84036,22.01433],[71.83939,22.01438],[71.83818,22.01445],[71.83781,22.01451],[71.83765,22.01456],[71.8362,22.01463],[71.83528,22.01469],[71.83441,22.0147],[71.83312,22.01473],[71.83257,22.01475],[71.83117,22.01472],[71.83046,22.01473],[71.82985,22.01468],[71.82903,22.01467],[71.829,22.01594],[71.82897,22.01616],[71.82897,22.01658],[71.82897,22.01729],[71.82895,22.01788],[71.82856,22.01798],[71.82749,22.01818],[71.82613,22.01833],[71.8248,22.01846],[71.8239,22.01852],[71.82325,22.0185],[71.82198,22.01851],[71.8212,22.01856],[71.81983,22.0188],[71.81853,22.0188],[71.81751,22.01865],[71.8166,22.01851],[71.81606,22.01851],[71.81544,22.01872],[71.81454,22.01917],[71.81347,22.0196],[71.81247,22.01982],[71.81107,22.02018],[71.81036,22.02034],[71.80961,22.02034],[71.80828,22.02044],[71.80769,22.02048],[71.8069,22.02066],[71.80624,22.02107],[71.80525,22.02169],[71.80451,22.02209],[71.80417,22.02178],[71.80353,22.02135],[71.80319,22.02135],[71.80216,22.0215],[71.80126,22.02164],[71.79988,22.02172],[71.79819,22.02173],[71.79724,22.02183],[71.79639,22.0218],[71.79578,22.02167],[71.79514,22.02167],[71.79472,22.0218],[71.79401,22.02212],[71.79318,22.02238],[71.79309,22.02213],[71.79303,22.02126],[71.79296,22.02039],[71.79289,22.01963],[71.79292,22.01872],[71.79298,22.01801],[71.79298,22.01752],[71.79294,22.01655],[71.79292,22.01586],[71.79297,22.01491],[71.79307,22.01337],[71.79314,22.01263],[71.79302,22.01211],[71.79278,22.01042],[71.79191,22.00997],[71.79079,22.00936],[71.78965,22.00874],[71.78837,22.00838],[71.78747,22.00822],[71.78629,22.00804],[71.78497,22.0081],[71.78493,22.00846],[71.78511,22.00883],[71.78539,22.00928],[71.78531,22.00965],[71.78519,22.00992],[71.78475,22.01028],[71.78437,22.01051],[71.78377,22.01065],[71.78325,22.01079],[71.7825,22.01088],[71.78188,22.01094],[71.78197,22.01006],[71.78207,22.00938],[71.78171,22.00899],[71.78086,22.00894],[71.77894,22.0101],[71.77808,22.01063],[71.77726,22.0115],[71.7767,22.01209],[71.77601,22.01227],[71.77535,22.01214],[71.77428,22.01187],[71.77316,22.01132],[71.77193,22.01066],[71.77025,22.00973],[71.76849,22.00873],[71.76685,22.00796],[71.76524,22.00756],[71.7635,22.00742],[71.76235,22.00738],[71.76036,22.00729],[71.75886,22.00731],[71.75875,22.00782],[71.75866,22.00886],[71.75848,22.01067],[71.7585,22.0109],[71.75845,22.01165],[71.75746,22.01172],[71.75689,22.01179],[71.75583,22.01212],[71.75553,22.01258],[71.75525,22.01302],[71.75496,22.01305],[71.75442,22.01293],[71.7541,22.01287],[71.75366,22.01285],[71.75276,22.01257],[71.75185,22.01234],[71.75103,22.01212],[71.7499,22.01194],[71.74978,22.01241],[71.74938,22.01374],[71.74857,22.0136],[71.74848,22.01374],[71.74764,22.01366],[71.7469,22.01351],[71.74705,22.01312],[71.74713,22.01285],[71.74736,22.0124],[71.74741,22.01197],[71.74747,22.01167],[71.7474,22.01149],[71.74699,22.01149],[71.74646,22.01144],[71.74529,22.0113],[71.74498,22.01121],[71.74428,22.01112],[71.7432,22.0111],[71.74296,22.01114],[71.7425,22.01109],[71.74176,22.01097],[71.74128,22.01082],[71.74064,22.01068],[71.74058,22.01049],[71.74054,22.01029],[71.74061,22.01013],[71.7409,22.00959],[71.74104,22.00933],[71.74115,22.00917],[71.74123,22.00874],[71.74044,22.00888],[71.738,22.00909],[71.73658,22.00914],[71.73468,22.00916],[71.73469,22.00849],[71.73472,22.00786],[71.73476,22.00769],[71.73479,22.00711],[71.7348,22.00664],[71.73482,22.00626],[71.73484,22.00595],[71.73468,22.00574],[71.7348,22.00538],[71.73482,22.00495],[71.73481,22.00463],[71.73486,22.00414],[71.73491,22.0033],[71.73492,22.00282],[71.735,22.00256],[71.73497,22.00226],[71.73519,22.00174],[71.73532,22.00137],[71.73547,22.00108],[71.73567,22.00053],[71.73579,21.99986],[71.73582,21.99911],[71.7364,21.99851],[71.73646,21.99832],[71.73505,21.99801],[71.73421,21.99778],[71.73363,21.99743],[71.73299,21.99681],[71.7326,21.99636],[71.73244,21.9957],[71.73203,21.99549],[71.73148,21.9955],[71.73079,21.99561],[71.73016,21.99563],[71.72892,21.99541],[71.72782,21.99543],[71.72701,21.99503],[71.72615,21.99487],[71.72501,21.9947],[71.7246,21.99423],[71.72394,21.9937],[71.72353,21.99322],[71.72324,21.99292],[71.7226,21.99266],[71.72257,21.99215],[71.7226,21.9914],[71.72258,21.99093],[71.72276,21.99048],[71.72238,21.9901],[71.72151,21.99],[71.72152,21.98932],[71.72191,21.98894],[71.7221,21.98879],[71.72213,21.98857],[71.72189,21.98835],[71.72135,21.98806],[71.72083,21.98772],[71.72002,21.98707],[71.71947,21.98663],[71.71839,21.98591],[71.71801,21.98573],[71.7176,21.98573],[71.71696,21.98508],[71.71641,21.98448],[71.71599,21.98403],[71.71534,21.98338],[71.71454,21.98265],[71.71391,21.98214],[71.71334,21.98163],[71.71259,21.98113],[71.71198,21.98059],[71.71114,21.97985],[71.71126,21.97958],[71.71156,21.97886],[71.71187,21.97814],[71.71223,21.97732],[71.71265,21.97616],[71.71276,21.97575],[71.71303,21.97493],[71.71338,21.97378],[71.71356,21.97324],[71.71536,21.97334],[71.71756,21.97345],[71.71775,21.97283],[71.71789,21.97244],[71.71789,21.97222],[71.71809,21.97149],[71.71824,21.97104],[71.71865,21.97009],[71.71879,21.96976],[71.71972,21.96985],[71.72041,21.96989],[71.72165,21.96988],[71.7217,21.96891],[71.72171,21.96854],[71.72178,21.96797],[71.72208,21.96794],[71.72213,21.96756],[71.72225,21.96651],[71.72318,21.96638],[71.72405,21.96628],[71.72476,21.96621],[71.72547,21.96618],[71.72625,21.96616],[71.72678,21.96618],[71.72739,21.96597],[71.72794,21.96577],[71.72896,21.9654],[71.72969,21.96508],[71.73041,21.96479],[71.73126,21.96438],[71.73225,21.96405],[71.73326,21.96362],[71.73286,21.96307],[71.73246,21.9627],[71.73208,21.9622],[71.73166,21.96147],[71.7315,21.96126],[71.73159,21.96112],[71.73174,21.96027],[71.73183,21.9599],[71.73198,21.9596],[71.73228,21.95871],[71.7324,21.95811],[71.73252,21.95757],[71.7326,21.95734],[71.73271,21.95684],[71.73285,21.95629],[71.73322,21.95632],[71.73333,21.95492],[71.73332,21.95463],[71.73333,21.95421],[71.7333,21.95379],[71.73352,21.95337],[71.73368,21.95236],[71.7338,21.9516],[71.73401,21.95152],[71.73416,21.95148],[71.73423,21.95124],[71.73445,21.95096],[71.73452,21.94982],[71.73472,21.94931],[71.73485,21.94899],[71.73498,21.94867],[71.73501,21.94846],[71.73502,21.94799],[71.73536,21.94708],[71.73547,21.94635],[71.73573,21.94608],[71.73625,21.94562],[71.73671,21.94517],[71.73703,21.94475],[71.7371,21.9444],[71.73723,21.94389],[71.73751,21.94325],[71.73769,21.94263],[71.73774,21.94226],[71.73812,21.94078],[71.7382,21.94055],[71.73864,21.93905],[71.73909,21.93906],[71.73917,21.93871],[71.73944,21.9387],[71.7398,21.93819],[71.74023,21.93727],[71.74052,21.93693],[71.74095,21.93616],[71.74152,21.93587],[71.74185,21.93447],[71.74268,21.93461],[71.74314,21.93468],[71.74338,21.93473],[71.74467,21.9349],[71.74539,21.935],[71.74625,21.93512],[71.74735,21.93529],[71.74765,21.93532],[71.74769,21.93501],[71.74823,21.93506],[71.74945,21.93518],[71.7497,21.9352],[71.75068,21.93531],[71.75098,21.93531],[71.75139,21.93529],[71.75268,21.93512],[71.75431,21.93491],[71.75578,21.93469],[71.75705,21.93436],[71.75826,21.93377],[71.759,21.93343],[71.75972,21.9331],[71.7599,21.933],[71.76061,21.93272],[71.76132,21.93249],[71.76204,21.93232],[71.76284,21.93209],[71.76513,21.93147],[71.766,21.92951],[71.76692,21.92954],[71.76805,21.92915],[71.76809,21.92898],[71.76826,21.92875],[71.7686,21.9284],[71.76876,21.92811],[71.76906,21.92743],[71.76907,21.92703],[71.76904,21.9257],[71.76903,21.92504],[71.76897,21.92443],[71.76899,21.92401],[71.76893,21.92345],[71.76884,21.92289],[71.76885,21.92243],[71.76873,21.922],[71.7687,21.92178],[71.76862,21.92138],[71.76857,21.92108],[71.76844,21.92063],[71.76833,21.92018],[71.76801,21.91926],[71.76773,21.91844],[71.76762,21.91824],[71.76735,21.91771],[71.76718,21.91722],[71.76698,21.91661],[71.76685,21.91628],[71.7667,21.91578],[71.7666,21.91541],[71.76639,21.91478],[71.76625,21.91422],[71.76615,21.91398],[71.76603,21.91367],[71.76583,21.91287],[71.76564,21.91206],[71.76558,21.91178],[71.76538,21.91163],[71.76497,21.9113],[71.76495,21.91054],[71.76494,21.90972],[71.76487,21.90892],[71.76488,21.90849],[71.76463,21.9084],[71.76389,21.90806],[71.76392,21.90774],[71.76315,21.90739],[71.76284,21.90706],[71.7629,21.90687],[71.76288,21.90672],[71.76262,21.90672],[71.76186,21.90647],[71.76191,21.90613],[71.76142,21.90526],[71.7613,21.90492],[71.76122,21.90476],[71.76198,21.905],[71.76226,21.90509],[71.76224,21.90535],[71.76281,21.90548],[71.76325,21.90552],[71.76373,21.90562],[71.76435,21.90571],[71.76476,21.90571],[71.76521,21.90563],[71.76587,21.90486],[71.76617,21.90462],[71.76643,21.90445],[71.76691,21.90396],[71.76754,21.90341],[71.76783,21.90314],[71.76813,21.90294],[71.76814,21.90264],[71.76825,21.90233],[71.76849,21.90181],[71.76871,21.90126],[71.76899,21.90066],[71.76916,21.90045],[71.76943,21.89995],[71.76968,21.89973],[71.76966,21.89892],[71.76956,21.89773],[71.76949,21.89689],[71.76938,21.89587],[71.76937,21.89518],[71.76928,21.89439],[71.76923,21.8942],[71.76919,21.89346],[71.76905,21.89318],[71.76991,21.8933],[71.77061,21.89333],[71.77101,21.89333],[71.7719,21.89332],[71.77285,21.89314],[71.77373,21.89302],[71.77463,21.89281],[71.7754,21.89259],[71.77566,21.89251],[71.77683,21.89233],[71.77811,21.89212],[71.77836,21.89214],[71.77977,21.89188],[71.78006,21.89179],[71.78036,21.89166],[71.78058,21.89163],[71.78087,21.89159],[71.78157,21.89151],[71.78192,21.89149],[71.78193,21.89143],[71.78237,21.89141],[71.78243,21.89179],[71.78327,21.89178],[71.78425,21.89181],[71.78532,21.8919],[71.78606,21.89188],[71.78665,21.89194],[71.78737,21.89195],[71.78795,21.89202],[71.78836,21.89205],[71.78894,21.89213],[71.78919,21.89168],[71.78953,21.89117],[71.78995,21.89055],[71.79017,21.88989],[71.79032,21.88926],[71.79053,21.88839],[71.7907,21.88766],[71.79077,21.88736],[71.7908,21.88696],[71.79084,21.88687],[71.79112,21.88629],[71.79142,21.88577],[71.79183,21.88509],[71.79192,21.88479],[71.79239,21.88403],[71.79254,21.88367],[71.79268,21.88307],[71.79291,21.88244],[71.79303,21.88201],[71.79315,21.88156],[71.79325,21.8809],[71.79327,21.88053],[71.79249,21.88044],[71.79161,21.88036],[71.79164,21.87938],[71.79172,21.87837],[71.79032,21.87839],[71.79029,21.87828],[71.78968,21.87828],[71.78942,21.87834],[71.78868,21.8784],[71.78864,21.87861],[71.78767,21.8787],[71.78675,21.8788],[71.78585,21.8789],[71.78561,21.87893],[71.78551,21.87826],[71.7854,21.87749],[71.78534,21.87694],[71.78529,21.87655],[71.78507,21.87569],[71.78407,21.87583],[71.78388,21.87563],[71.78307,21.87491],[71.78207,21.87412],[71.78178,21.8739],[71.78124,21.87338],[71.78062,21.87274],[71.78004,21.87222],[71.77994,21.87194],[71.77952,21.87145],[71.7789,21.87071],[71.77844,21.87013],[71.77794,21.86947],[71.77747,21.86884],[71.77709,21.86836],[71.77667,21.86785],[71.77689,21.86758],[71.77673,21.86674],[71.77661,21.86582],[71.77656,21.86478],[71.77652,21.86427],[71.7758,21.8644],[71.77567,21.86446],[71.77512,21.86446],[71.7751,21.86447],[71.77505,21.86356],[71.77504,21.86314],[71.77505,21.86259],[71.7751,21.86171],[71.77511,21.86144],[71.77509,21.86072],[71.77502,21.86004],[71.77495,21.85927],[71.77554,21.85893],[71.77588,21.85874],[71.77654,21.85847],[71.77668,21.85781],[71.77692,21.85713],[71.77715,21.85648],[71.77743,21.85572],[71.77771,21.85488],[71.77806,21.85394],[71.77806,21.85383],[71.77835,21.8538],[71.77854,21.85389],[71.77887,21.85416],[71.77934,21.85435],[71.77995,21.85443],[71.78064,21.85442],[71.78104,21.85433],[71.78119,21.85421],[71.78127,21.85395],[71.78137,21.8537],[71.78156,21.85356],[71.78206,21.85336],[71.78256,21.85333],[71.78293,21.85346],[71.78333,21.85363],[71.78381,21.85368],[71.78395,21.85327],[71.78419,21.85297],[71.7844,21.85273],[71.78482,21.85217],[71.78495,21.852],[71.78565,21.85055],[71.786,21.84986],[71.78615,21.84943],[71.78625,21.84847],[71.78619,21.84739],[71.7861,21.84634],[71.78603,21.84617],[71.78594,21.84553],[71.78593,21.8455],[71.78669,21.84551],[71.78761,21.84555],[71.78829,21.84566],[71.7892,21.84576],[71.78946,21.84583],[71.78995,21.84586],[71.79092,21.84587],[71.79143,21.84588],[71.79146,21.84657],[71.79153,21.84689],[71.79155,21.84718],[71.79159,21.84742],[71.79156,21.84813],[71.79161,21.84841],[71.79161,21.84908],[71.79162,21.8495],[71.79165,21.84981],[71.79254,21.84965],[71.79292,21.84959],[71.79309,21.84958],[71.79374,21.84946],[71.7938,21.84961],[71.79405,21.85029],[71.79431,21.85056],[71.79452,21.85075],[71.79674,21.8516],[71.79706,21.85198],[71.79718,21.85214],[71.79738,21.85254],[71.79735,21.85272],[71.79734,21.85297],[71.79732,21.85324],[71.79728,21.85345],[71.79726,21.85397],[71.79728,21.85417],[71.79734,21.85471],[71.79822,21.8548],[71.79948,21.85483],[71.80076,21.85482],[71.80193,21.85569],[71.80277,21.85624],[71.8035,21.85667],[71.80453,21.8574],[71.80468,21.85748],[71.80542,21.85762],[71.80601,21.85768],[71.80648,21.85769],[71.80646,21.85793],[71.80625,21.85852],[71.80604,21.85934],[71.80584,21.8602],[71.8058,21.86113],[71.80568,21.86212],[71.8057,21.86237],[71.80612,21.86234],[71.80681,21.86237],[71.8077,21.86234],[71.80822,21.86233],[71.80873,21.8622],[71.80916,21.86208],[71.80952,21.86191],[71.80953,21.86181],[71.80947,21.86146],[71.80941,21.86091],[71.81018,21.86085],[71.81099,21.86077],[71.81188,21.86068],[71.81283,21.86057],[71.81302,21.86029],[71.81367,21.86017],[71.81413,21.86019],[71.81445,21.86016],[71.81493,21.86002],[71.81435,21.85956],[71.81424,21.85942],[71.81355,21.8586],[71.8133,21.85789],[71.81432,21.85783],[71.81559,21.85784],[71.81608,21.85779],[71.81702,21.85764],[71.8184,21.85737],[71.81961,21.85706],[71.82008,21.85695],[71.8223,21.85639],[71.82226,21.85524],[71.8223,21.85487],[71.82238,21.85389],[71.82249,21.85258],[71.82389,21.85266],[71.82445,21.85271],[71.82443,21.85252],[71.8245,21.85169],[71.82464,21.85107],[71.82477,21.85051],[71.82497,21.85051],[71.82509,21.85014],[71.82522,21.84991],[71.82524,21.84923],[71.82608,21.84953],[71.82687,21.84985],[71.82793,21.85021],[71.828,21.85003],[71.82865,21.85024],[71.82893,21.85071],[71.82933,21.8512],[71.82974,21.8512],[71.83009,21.8513],[71.83082,21.85138],[71.83132,21.8515],[71.83177,21.8516],[71.8318,21.85115],[71.83257,21.85114],[71.83342,21.85115],[71.83348,21.8509],[71.83351,21.85078],[71.83407,21.85082],[71.83441,21.85083],[71.83485,21.85015],[71.83514,21.85019],[71.83544,21.85026],[71.83597,21.85035],[71.83648,21.85042],[71.83738,21.85068],[71.83772,21.8508],[71.83827,21.85101],[71.83836,21.85104],[71.83868,21.85112],[71.83926,21.85138],[71.83979,21.85168],[71.84023,21.85187],[71.84114,21.85238],[71.84184,21.8528],[71.84251,21.8532],[71.8431,21.85355],[71.84374,21.85388],[71.84426,21.85417],[71.84461,21.85438],[71.84497,21.85466],[71.84573,21.85535],[71.84583,21.85547],[71.84667,21.85596],[71.84728,21.85633],[71.84815,21.8569],[71.84823,21.85699],[71.84902,21.85739],[71.84926,21.85752],[71.84983,21.8578],[71.85105,21.85815],[71.85221,21.85847],[71.85289,21.85847],[71.8531,21.85811],[71.85406,21.85851],[71.85422,21.85789],[71.85438,21.85759],[71.85445,21.85699],[71.85469,21.8563],[71.85485,21.85549],[71.855,21.85497],[71.85505,21.85478],[71.85513,21.85426],[71.85518,21.85405],[71.85527,21.85373],[71.8553,21.85338],[71.85541,21.85311],[71.85573,21.85251],[71.85599,21.85189],[71.85626,21.85153],[71.85633,21.85121],[71.85644,21.85108],[71.85661,21.85045],[71.85699,21.85045],[71.85748,21.84983],[71.85791,21.84904],[71.8586,21.84927],[71.85899,21.8486],[71.85911,21.84835],[71.85925,21.84808],[71.85978,21.84744],[71.86013,21.8475],[71.86054,21.84774],[71.86136,21.84758],[71.86157,21.84762],[71.86203,21.84788],[71.86227,21.84782],[71.86257,21.84822],[71.86301,21.8486],[71.86327,21.84888],[71.86338,21.84926],[71.86341,21.84971],[71.86282,21.85151],[71.86248,21.85143],[71.86309,21.84962],[71.86267,21.8497],[71.86249,21.84987],[71.8622,21.84996],[71.86205,21.8506],[71.86181,21.85097],[71.86204,21.85118],[71.86189,21.85172],[71.86169,21.85171],[71.86163,21.85195],[71.86215,21.85208],[71.86269,21.85224],[71.86341,21.85236],[71.86397,21.85056],[71.86418,21.85017],[71.86462,21.85038],[71.86431,21.85154],[71.86403,21.85261],[71.86492,21.85286],[71.865,21.85229],[71.86505,21.8518],[71.86521,21.85097],[71.8654,21.85066],[71.86581,21.85096],[71.86635,21.8514],[71.86686,21.8518],[71.86738,21.8521],[71.8677,21.85227],[71.86816,21.85251],[71.86836,21.85246],[71.86851,21.85246],[71.86871,21.85249],[71.86886,21.85227],[71.86934,21.85181],[71.86968,21.85145],[71.87019,21.85111],[71.87095,21.85054],[71.87125,21.85045],[71.87138,21.85059],[71.87211,21.8505],[71.87253,21.8504],[71.87259,21.85017],[71.8732,21.85018],[71.87363,21.85032],[71.87463,21.85038],[71.8747,21.85009],[71.87537,21.84939],[71.87581,21.8491],[71.87638,21.84869],[71.87645,21.84763],[71.87651,21.84682],[71.87608,21.84676],[71.87603,21.84498],[71.87726,21.84477],[71.87855,21.8449],[71.87865,21.84403],[71.87871,21.84347],[71.87977,21.84338],[71.87995,21.84435],[71.88076,21.84429],[71.88184,21.84456],[71.8818,21.84297],[71.88063,21.84288],[71.88052,21.84242],[71.88047,21.84192],[71.88074,21.84199],[71.8811,21.84204],[71.88116,21.84101],[71.8816,21.84103],[71.88207,21.84106],[71.8825,21.84111],[71.88284,21.84106],[71.88361,21.84079],[71.88382,21.84084],[71.88379,21.84105],[71.88425,21.84098],[71.88481,21.84079],[71.88541,21.84063],[71.88569,21.84041],[71.88587,21.84026],[71.88643,21.83985],[71.88746,21.83949],[71.88798,21.8394],[71.88841,21.83932],[71.88907,21.8391],[71.88976,21.83896],[71.89058,21.83865],[71.89096,21.83851],[71.8919,21.83822],[71.89195,21.83766],[71.89207,21.83722],[71.89246,21.83624],[71.89345,21.83545],[71.89434,21.83467],[71.89488,21.83419],[71.89509,21.83312],[71.89521,21.83269],[71.89527,21.83194],[71.89515,21.83142],[71.89509,21.83123],[71.89499,21.83052],[71.8949,21.82951],[71.89495,21.82944],[71.89494,21.82839],[71.89427,21.8278],[71.89328,21.82793],[71.89256,21.82797],[71.8928,21.82759],[71.89223,21.82742],[71.89124,21.8271],[71.89138,21.82682],[71.89166,21.82641],[71.89208,21.82569],[71.8923,21.82515],[71.89147,21.82432],[71.89098,21.82397],[71.88942,21.82404],[71.88972,21.82375],[71.8908,21.82361],[71.8907,21.82306],[71.89013,21.82272],[71.88894,21.82211],[71.88885,21.82159],[71.88866,21.82099],[71.88859,21.82049],[71.88855,21.81995],[71.88855,21.81932],[71.88905,21.81911],[71.8905,21.81884],[71.89065,21.81877],[71.89127,21.8183],[71.8921,21.81773],[71.89218,21.81672],[71.89181,21.81624],[71.89118,21.81548],[71.89045,21.81456],[71.8898,21.81362],[71.88949,21.8131],[71.88916,21.81246],[71.88868,21.81107],[71.89023,21.81097],[71.89043,21.80984],[71.89063,21.80991],[71.89169,21.81001],[71.89175,21.80953],[71.89205,21.80957],[71.89231,21.80857],[71.89256,21.80756],[71.89192,21.80734],[71.89215,21.8063],[71.89238,21.80563],[71.89264,21.80488],[71.89268,21.80474],[71.89364,21.805],[71.89374,21.80467],[71.89396,21.80462],[71.89433,21.80466],[71.89522,21.80478],[71.89542,21.8043],[71.8967,21.80491],[71.89832,21.80576],[71.89918,21.80611],[71.89983,21.80652],[71.90019,21.80667],[71.90089,21.80716],[71.90196,21.80784],[71.90246,21.80814],[71.90447,21.80889],[71.90668,21.80952],[71.90681,21.80963],[71.90872,21.80996],[71.91,21.8102],[71.91072,21.81032],[71.91132,21.81039],[71.91171,21.81031],[71.91208,21.8104],[71.91249,21.81038],[71.9132,21.81042],[71.91362,21.81042],[71.9138,21.81035],[71.91432,21.81026],[71.9152,21.80996],[71.91617,21.80904],[71.91652,21.80945],[71.91776,21.80964],[71.91877,21.80944],[71.91917,21.80953],[71.92028,21.80985],[71.92085,21.81051],[71.92091,21.81087],[71.92136,21.81137],[71.92169,21.8119],[71.92247,21.81201],[71.92294,21.81281],[71.92309,21.81417],[71.92307,21.81439],[71.92357,21.81472],[71.92491,21.81516],[71.92543,21.81545],[71.9271,21.81583],[71.92982,21.81575],[71.93157,21.81566],[71.93371,21.8158],[71.93614,21.81628],[71.93732,21.81662],[71.93885,21.81683],[71.93991,21.81684],[71.94113,21.81667],[71.94284,21.81618],[71.94438,21.81555],[71.94589,21.81512],[71.94862,21.81458],[71.95124,21.81473],[71.9534,21.81529],[71.95348,21.81724],[71.95348,21.81756],[71.95355,21.8178],[71.95361,21.81785],[71.95368,21.81854],[71.95378,21.81922],[71.95403,21.81998],[71.9542,21.82071],[71.95425,21.82122],[71.95451,21.82238],[71.95459,21.82327],[71.95466,21.82374],[71.95478,21.82472],[71.95524,21.82555],[71.95563,21.82672],[71.95574,21.82695],[71.95602,21.82802],[71.95624,21.82915],[71.95649,21.83074],[71.95672,21.83283],[71.95708,21.83446],[71.95729,21.83545],[71.95719,21.83551],[71.95779,21.83729],[71.95813,21.83906],[71.95819,21.83986],[71.95825,21.84016],[71.95747,21.84111],[71.95667,21.8422],[71.95647,21.84256],[71.95609,21.84299],[71.95557,21.84376],[71.95525,21.84405],[71.95352,21.84554],[71.95322,21.84607],[71.95271,21.84681],[71.95242,21.84747],[71.95195,21.84869],[71.9516,21.84938],[71.95137,21.84989],[71.95209,21.84981],[71.95215,21.84962],[71.95229,21.84944],[71.95343,21.84927],[71.95373,21.8492],[71.95387,21.84877],[71.95429,21.84853],[71.9546,21.84826],[71.95528,21.848],[71.9558,21.84783],[71.9589,21.84694],[71.95938,21.84706],[71.95927,21.84845],[71.95968,21.8498],[71.96013,21.85059],[71.96041,21.8517],[71.96056,21.8524],[71.96117,21.85239],[71.96137,21.85209],[71.96136,21.85186],[71.96157,21.85125],[71.9622,21.85067],[71.96245,21.85046],[71.96269,21.85048],[71.96279,21.8507],[71.96305,21.85074],[71.96349,21.85086],[71.96395,21.85096],[71.9642,21.8509],[71.96422,21.85109],[71.96451,21.85115],[71.9652,21.85132],[71.966,21.85147],[71.96653,21.85156],[71.96719,21.85164],[71.96792,21.85182],[71.96845,21.85194],[71.96958,21.85215],[71.96989,21.85294],[71.96923,21.85279],[71.96876,21.85284],[71.96812,21.85303],[71.96748,21.85288],[71.96706,21.85269],[71.96677,21.8526],[71.96586,21.85239],[71.96606,21.853],[71.96669,21.8534],[71.9677,21.85401],[71.97009,21.85546],[71.97127,21.85613],[71.97241,21.85685],[71.97368,21.8578],[71.9755,21.85894],[71.97887,21.86098],[71.98017,21.86178],[71.98133,21.86249],[71.98416,21.86397],[71.98468,21.86409],[71.98461,21.8649],[71.98405,21.86729],[71.98335,21.87015],[71.98296,21.87184],[71.98263,21.87311],[71.98235,21.8746],[71.98214,21.87547],[71.98193,21.87626],[71.98175,21.8769],[71.98168,21.87733],[71.98164,21.87753],[71.98163,21.87844],[71.98168,21.88021],[71.9817,21.88122],[71.98176,21.88229],[71.98182,21.88377],[71.98193,21.88469],[71.9821,21.88638],[71.98225,21.88777],[71.98238,21.88908],[71.98251,21.89064],[71.98262,21.89193],[71.98267,21.89236],[71.98286,21.89284],[71.98334,21.89399],[71.98394,21.89549],[71.9843,21.89642],[71.98476,21.89741],[71.98536,21.89869],[71.98578,21.89964],[71.98601,21.90017],[71.98693,21.90225],[71.98736,21.90331],[71.98799,21.90485],[71.98833,21.9056],[71.98873,21.90653],[71.98881,21.90672],[71.98933,21.90781],[71.98981,21.90908],[71.99037,21.91057],[71.99058,21.91106],[71.99144,21.91305],[71.99218,21.91481],[71.99284,21.9163],[71.99081,21.91689],[71.99038,21.91676],[71.98941,21.9163],[71.98846,21.91585],[71.98644,21.91531],[71.98604,21.91531],[71.9846,21.91577],[71.98478,21.91594],[71.98629,21.91753],[71.98684,21.91808],[71.98642,21.91895],[71.98597,21.91936],[71.98526,21.91957],[71.98417,21.91978],[71.98387,21.92014],[71.98374,21.92056],[71.98621,21.91968],[71.98951,21.91848],[71.99126,21.91795],[71.99348,21.91815],[71.99558,21.91881],[71.99711,21.9193],[71.99867,21.92024],[72.00255,21.92009],[72.0035,21.92151],[72.00487,21.92343],[72.00587,21.92475],[72.00686,21.92622],[72.00794,21.92773],[72.00876,21.92884],[72.0093,21.92961],[72.0101,21.93072],[72.01049,21.93135],[72.01102,21.93203],[72.01118,21.93233],[72.01199,21.93344],[72.01314,21.93498],[72.01341,21.93523],[72.01373,21.93575],[72.01411,21.93636],[72.01454,21.93692],[72.01548,21.93826],[72.01631,21.93942],[72.01753,21.94122],[72.01822,21.94217],[72.01864,21.94272],[72.01901,21.94324],[72.01979,21.94439],[72.02038,21.94521],[72.02101,21.9463],[72.02243,21.94848],[72.02296,21.94878],[72.02602,21.94826],[72.03003,21.94746],[72.03203,21.94658],[72.03431,21.94557],[72.03623,21.94484],[72.03846,21.9436],[72.04169,21.94177],[72.04404,21.94017],[72.04402,21.94203],[72.04413,21.94284],[72.04434,21.94387],[72.04437,21.94577],[72.04436,21.9482],[72.04436,21.94825],[72.04436,21.9488],[72.04431,21.94923],[72.04384,21.95226],[72.0436,21.95339],[72.04346,21.95402],[72.04341,21.95507],[72.04301,21.95597],[72.04297,21.9567],[72.04252,21.95791],[72.04159,21.96168],[72.04103,21.96382],[72.04077,21.96546],[72.04049,21.9665],[72.03991,21.96813],[72.03976,21.96905],[72.03955,21.96997],[72.03911,21.97157],[72.03867,21.97258],[72.03858,21.97369],[72.03832,21.97464],[72.03802,21.9753],[72.03783,21.97674],[72.03748,21.97763],[72.03724,21.97891],[72.03677,21.98055],[72.03636,21.98204],[72.03628,21.983],[72.0358,21.98406],[72.03564,21.98451],[72.03544,21.9858],[72.03487,21.98704],[72.03442,21.98872],[72.03401,21.98997],[72.03366,21.99108],[72.03356,21.99246],[72.03333,21.99314],[72.03272,21.99473],[72.03251,21.99544],[72.03218,21.99696],[72.03186,21.99781],[72.03113,22.00019],[72.03095,22.0012],[72.03028,22.00319],[72.02958,22.00384],[72.0275,22.00463],[72.02598,22.00503],[72.02477,22.00516],[72.02388,22.00508],[72.02339,22.00497],[72.02262,22.00426],[72.0215,22.00306],[72.02061,22.00255],[72.0196,22.00233],[72.01907,22.00248],[72.01843,22.00283],[72.01765,22.00353],[72.0168,22.00438],[72.01624,22.00483],[72.01496,22.00587],[72.01402,22.00669],[72.01339,22.00722],[72.01246,22.00703],[72.01148,22.00748],[72.01063,22.00787],[72.00953,22.00786],[72.00864,22.00732],[72.00785,22.0068],[72.00722,22.00595],[72.00624,22.00568],[72.00509,22.00541],[72.00446,22.00582],[72.00375,22.00626],[72.00279,22.00686],[72.00138,22.0068],[72.001,22.00615],[72.00048,22.00528],[72.00038,22.0052],[71.99901,22.0045],[71.99876,22.00439],[71.9983,22.00414],[71.9974,22.00366],[71.99647,22.00392],[71.99633,22.00474],[71.99569,22.0039],[71.99537,22.00286],[71.99455,22.00229],[71.99423,22.00141],[71.99417,22.00136],[71.99386,22.00054],[71.99275,22.00009],[71.99155,21.99974],[71.99145,21.99971],[71.99012,21.99935],[71.98876,21.99977],[71.98764,22.0001],[71.98754,22.00081],[71.98684,22.00189],[71.98561,22.00222],[71.98498,22.0024],[71.98422,22.0026],[71.98378,22.00234],[71.98279,22.00175],[71.98281,22.00148],[71.98293,21.99989],[71.9811,21.9995],[71.98004,21.99887],[71.9784,21.99796],[71.97824,21.99784],[71.97829,21.99912],[71.97839,21.99974],[71.97851,22.00087],[71.97851,22.00239],[71.97677,22.00317],[71.97505,22.00388],[71.9745,22.00414],[71.9726,22.0049],[71.97182,22.00521],[71.97107,22.00554],[71.9702,22.00582],[71.96977,22.00593],[71.96924,22.00612],[71.96866,22.00631],[71.9678,22.00655],[71.96568,22.00743],[71.96354,22.00819],[71.96284,22.00842],[71.96245,22.00854],[71.96205,22.00862],[71.96076,22.00909],[71.95947,22.00961],[71.95806,22.0101],[71.95634,22.01071],[71.95463,22.01133],[71.95455,22.01137],[71.95325,22.01186],[71.95141,22.01254],[71.95028,22.01292],[71.94878,22.01346],[71.94762,22.0138],[71.94698,22.01379],[71.94618,22.01412],[71.94548,22.01443],[71.94505,22.01464],[71.94335,22.01541],[71.94269,22.01568],[71.94173,22.01609],[71.94065,22.01766],[71.93954,22.01905],[71.93947,22.01909],[71.93678,22.01923],[71.93665,22.01927],[71.93497,22.01918],[71.93377,22.01912],[71.93354,22.01916],[71.93163,22.01924],[71.93148,22.01924],[71.93179,22.02169],[71.93279,22.02326],[71.93333,22.02625],[71.93312,22.0283],[71.9331,22.03167],[71.93303,22.03448],[71.93317,22.03762],[71.93325,22.0401],[71.93331,22.04282],[71.93342,22.04592],[71.93377,22.04582],[71.93551,22.04492],[71.93711,22.04413],[71.93851,22.04358],[71.93981,22.04357],[71.94148,22.04372],[71.94301,22.04404],[71.94302,22.04488],[71.94542,22.04593],[71.94546,22.04511],[71.94753,22.04556],[71.94918,22.04477],[71.94969,22.04468],[71.95203,22.0447],[71.95396,22.04313],[71.95662,22.04269],[71.95888,22.04238],[71.96204,22.04191],[71.96216,22.04182],[71.96389,22.04284],[71.96435,22.0431],[71.96675,22.04394],[71.9688,22.04449],[71.97109,22.04514],[71.97087,22.04668],[71.97055,22.048],[71.97042,22.04851],[71.97036,22.04975],[71.97167,22.04896],[71.97278,22.04939],[71.9734,22.05412],[71.97411,22.05591],[71.97525,22.05723],[71.97632,22.05861],[71.97769,22.05957],[71.97786,22.06142],[71.97765,22.06351],[71.97662,22.06781],[71.97269,22.07498],[71.97023,22.07953],[71.96993,22.08074],[71.96966,22.08159],[71.96904,22.08556],[71.96891,22.08807],[71.97326,22.09353],[71.97588,22.09731],[71.9783,22.09665],[71.98049,22.09621],[71.98322,22.09557],[71.98661,22.09474],[71.98794,22.09437],[71.9911,22.09313],[71.99185,22.09284],[71.99586,22.09246],[71.99707,22.09453],[71.99769,22.09659],[71.99831,22.09871],[72.00227,22.09807],[72.0056,22.09862],[72.00865,22.09983],[72.00969,22.10025],[72.0136,22.10171],[72.01577,22.10245],[72.01987,22.10387],[72.02078,22.10455]],[[71.85218,22.0511],[71.85202,22.05174],[71.85369,22.05201],[71.85344,22.05131],[71.85301,22.05035],[71.85264,22.04962],[71.85221,22.04964],[71.85225,22.05043],[71.85218,22.0511]]]},"properties":{"Taluka":"Vallabhipur","District":"Bhavnagar","Dist_Id":"14","Taluka_Id":"14002"}},
{"type":"Feature","geometry":{"type":"Polygon","coordinates":[[[71.8961,21.28337],[71.89633,21.28474],[71.89644,21.28502],[71.897,21.28544],[71.89713,21.28555],[71.8967,21.28699],[71.89566,21.28864],[71.89509,21.28943],[71.89508,21.29195],[71.89511,21.29236],[71.89624,21.29297],[71.89767,21.29395],[71.89824,21.29547],[71.89839,21.29615],[71.89918,21.29727],[71.89931,21.29952],[71.89879,21.30046],[71.89881,21.3019],[71.89886,21.30225],[71.89796,21.30361],[71.89793,21.30395],[71.89842,21.3046],[71.89904,21.30547],[71.89985,21.30725],[71.89972,21.30894],[71.89863,21.31023],[71.89793,21.31122],[71.89737,21.31136],[71.89558,21.31176],[71.89438,21.31212],[71.89295,21.31261],[71.89084,21.31328],[71.88904,21.31406],[71.88877,21.31427],[71.88811,21.31491],[71.88712,21.31533],[71.88618,21.31545],[71.88482,21.31612],[71.8837,21.31679],[71.88275,21.31702],[71.88189,21.31714],[71.88094,21.3174],[71.88018,21.31797],[71.87991,21.31853],[71.87986,21.31956],[71.87974,21.32069],[71.87985,21.32185],[71.88011,21.32249],[71.88022,21.32389],[71.88014,21.32459],[71.88032,21.32565],[71.88101,21.32664],[71.8808,21.32678],[71.8804,21.32744],[71.87936,21.32732],[71.8792,21.32734],[71.87877,21.32764],[71.87797,21.32761],[71.87742,21.32756],[71.87699,21.32753],[71.87647,21.32742],[71.87596,21.32736],[71.87605,21.32676],[71.87637,21.32608],[71.87651,21.32563],[71.87626,21.3256],[71.876,21.32556],[71.87584,21.32561],[71.87557,21.32556],[71.87526,21.32577],[71.87458,21.32552],[71.87342,21.32607],[71.87272,21.32582],[71.87188,21.32557],[71.87182,21.32564],[71.87082,21.32537],[71.87081,21.32519],[71.87082,21.32516],[71.87029,21.32473],[71.86985,21.3245],[71.86919,21.32527],[71.86805,21.32468],[71.86725,21.3243],[71.86695,21.32418],[71.86616,21.324],[71.86545,21.3238],[71.86463,21.32367],[71.8638,21.32357],[71.86304,21.32341],[71.86263,21.32269],[71.86219,21.32188],[71.86049,21.32239],[71.85885,21.3229],[71.85645,21.32366],[71.85484,21.32422],[71.85342,21.32459],[71.85393,21.32528],[71.85402,21.32553],[71.8542,21.3261],[71.8543,21.32654],[71.854,21.32702],[71.85366,21.32806],[71.85353,21.32852],[71.85315,21.3292],[71.85312,21.3299],[71.85272,21.3312],[71.85307,21.33167],[71.85331,21.33206],[71.8538,21.33259],[71.85422,21.33302],[71.85425,21.33355],[71.85407,21.33392],[71.85388,21.33432],[71.85563,21.33397],[71.85718,21.33378],[71.85826,21.33371],[71.85811,21.33519],[71.8581,21.33559],[71.85896,21.33567],[71.8602,21.3359],[71.86118,21.33612],[71.86157,21.33648],[71.86138,21.33711],[71.86159,21.33825],[71.8617,21.33917],[71.86156,21.33966],[71.8614,21.33993],[71.86124,21.3408],[71.86111,21.34144],[71.86272,21.34259],[71.86388,21.34341],[71.86436,21.34376],[71.86412,21.34405],[71.8637,21.34459],[71.8628,21.34561],[71.8623,21.34613],[71.86144,21.34715],[71.86083,21.34776],[71.86167,21.34829],[71.86198,21.34861],[71.86262,21.34876],[71.86306,21.34893],[71.86346,21.34864],[71.86351,21.34848],[71.86379,21.3484],[71.86384,21.34854],[71.86473,21.34865],[71.86516,21.34878],[71.86438,21.34955],[71.86541,21.34995],[71.86634,21.35025],[71.86675,21.35038],[71.8678,21.35079],[71.8691,21.35134],[71.87017,21.35178],[71.87023,21.35182],[71.87082,21.35273],[71.87113,21.35336],[71.87129,21.35397],[71.87165,21.3543],[71.87229,21.35441],[71.8734,21.35525],[71.87452,21.35626],[71.87432,21.35664],[71.87511,21.35716],[71.87573,21.35764],[71.87634,21.35855],[71.87678,21.35958],[71.87721,21.36099],[71.87823,21.3622],[71.87916,21.36335],[71.87972,21.36398],[71.87955,21.36407],[71.87978,21.36509],[71.88007,21.36548],[71.88077,21.36577],[71.88139,21.36607],[71.88106,21.36614],[71.88076,21.36635],[71.88052,21.36677],[71.88078,21.36703],[71.88126,21.36755],[71.88151,21.36785],[71.88225,21.36859],[71.88289,21.36922],[71.8832,21.36991],[71.88351,21.37022],[71.88411,21.37074],[71.88453,21.37143],[71.88472,21.37141],[71.88483,21.37161],[71.88501,21.37183],[71.88574,21.37264],[71.88614,21.37307],[71.88648,21.37344],[71.88667,21.37366],[71.88707,21.37407],[71.88752,21.37427],[71.88782,21.37497],[71.88803,21.37527],[71.88821,21.3756],[71.88869,21.37586],[71.88932,21.37627],[71.88941,21.37675],[71.89008,21.3772],[71.8901,21.3775],[71.88998,21.37771],[71.88952,21.37871],[71.889,21.37926],[71.88828,21.37961],[71.88763,21.38029],[71.88711,21.38073],[71.88636,21.38127],[71.88588,21.38157],[71.88533,21.3816],[71.88496,21.38138],[71.88458,21.38168],[71.8839,21.38167],[71.88349,21.38164],[71.8827,21.38228],[71.88229,21.38237],[71.88219,21.38243],[71.8821,21.38254],[71.88206,21.38268],[71.88204,21.38292],[71.88229,21.3831],[71.8815,21.38326],[71.88113,21.38348],[71.88039,21.38392],[71.8802,21.38403],[71.87994,21.3841],[71.87912,21.38396],[71.87781,21.3837],[71.87735,21.38356],[71.87533,21.38333],[71.87493,21.38333],[71.87462,21.38328],[71.87355,21.38299],[71.87209,21.38288],[71.87112,21.38279],[71.87093,21.38283],[71.87097,21.38377],[71.8707,21.38482],[71.87042,21.3852],[71.86944,21.38517],[71.86902,21.38637],[71.86866,21.38729],[71.86948,21.38878],[71.87033,21.3903],[71.87023,21.3908],[71.87007,21.39142],[71.87039,21.39259],[71.87006,21.39361],[71.86953,21.39497],[71.86927,21.39554],[71.86893,21.39615],[71.86865,21.39642],[71.86769,21.39673],[71.86686,21.39774],[71.86635,21.39799],[71.86588,21.39797],[71.86459,21.39842],[71.86255,21.39803],[71.86121,21.39775],[71.86016,21.39748],[71.85931,21.3972],[71.85857,21.39669],[71.85787,21.39675],[71.85736,21.39657],[71.85659,21.39629],[71.85575,21.39673],[71.85559,21.39748],[71.85483,21.39765],[71.85382,21.39791],[71.85331,21.3986],[71.85337,21.39915],[71.85339,21.39995],[71.85353,21.40065],[71.85362,21.40111],[71.85379,21.40202],[71.85391,21.4025],[71.85407,21.40309],[71.85414,21.40333],[71.8535,21.4034],[71.85315,21.40386],[71.85323,21.40419],[71.85367,21.40431],[71.85378,21.4054],[71.85346,21.40617],[71.85333,21.40638],[71.85423,21.4064],[71.85607,21.40615],[71.8576,21.40627],[71.85879,21.40645],[71.85988,21.40637],[71.86203,21.40671],[71.8638,21.40697],[71.86579,21.40693],[71.86633,21.40685],[71.8664,21.40712],[71.8661,21.40739],[71.86595,21.40774],[71.86578,21.40886],[71.86578,21.40936],[71.86548,21.41026],[71.86518,21.41109],[71.86572,21.41232],[71.86607,21.41376],[71.86611,21.41423],[71.86489,21.41411],[71.86297,21.41367],[71.86057,21.41295],[71.85895,21.41188],[71.85793,21.41093],[71.85661,21.41015],[71.85463,21.40892],[71.85274,21.40794],[71.852,21.40774],[71.85154,21.40762],[71.85021,21.40722],[71.84978,21.40698],[71.84902,21.40681],[71.84815,21.40683],[71.8476,21.40669],[71.84632,21.40636],[71.84568,21.40652],[71.84489,21.4058],[71.844,21.40555],[71.84279,21.40503],[71.8419,21.40395],[71.84119,21.40407],[71.84028,21.40358],[71.83966,21.40283],[71.83915,21.40242],[71.83851,21.40226],[71.83795,21.40196],[71.83746,21.40192],[71.83735,21.40156],[71.83643,21.40118],[71.83613,21.40098],[71.83552,21.40034],[71.83508,21.39985],[71.835,21.39965],[71.83464,21.3994],[71.83363,21.39884],[71.83349,21.39885],[71.83287,21.39836],[71.83158,21.39759],[71.83062,21.39713],[71.82983,21.39674],[71.82932,21.39659],[71.82817,21.396],[71.82755,21.39538],[71.82692,21.39509],[71.82631,21.39499],[71.82614,21.39493],[71.82538,21.3945],[71.82516,21.39438],[71.82462,21.39418],[71.82385,21.39394],[71.82333,21.39378],[71.82229,21.39323],[71.82048,21.39233],[71.81978,21.39193],[71.81911,21.39151],[71.81872,21.3913],[71.8174,21.39087],[71.81636,21.39086],[71.8156,21.39087],[71.8154,21.39081],[71.81464,21.39128],[71.81392,21.39121],[71.81381,21.3912],[71.8136,21.39118],[71.81306,21.39109],[71.8124,21.391],[71.81193,21.39108],[71.81186,21.39117],[71.81143,21.39118],[71.81105,21.39118],[71.81108,21.39101],[71.81087,21.39069],[71.81079,21.39058],[71.81039,21.39006],[71.80991,21.38959],[71.80918,21.3886],[71.80814,21.38758],[71.80711,21.38645],[71.80649,21.38573],[71.80592,21.38516],[71.8061,21.3839],[71.80613,21.38332],[71.80619,21.38226],[71.80613,21.38138],[71.80605,21.38034],[71.80612,21.38029],[71.80735,21.37953],[71.80787,21.37892],[71.80805,21.37844],[71.80827,21.37802],[71.8084,21.37766],[71.80847,21.3772],[71.80859,21.37661],[71.80872,21.37612],[71.80857,21.37562],[71.80805,21.37508],[71.80731,21.37433],[71.80679,21.37402],[71.80612,21.37431],[71.80533,21.37412],[71.80484,21.3735],[71.80425,21.37337],[71.80364,21.37324],[71.80302,21.37322],[71.80228,21.37338],[71.80134,21.37314],[71.80096,21.37302],[71.80069,21.37276],[71.80001,21.37257],[71.79905,21.37242],[71.79832,21.37213],[71.79784,21.37159],[71.79686,21.37109],[71.79599,21.37074],[71.79569,21.37012],[71.79526,21.36973],[71.79502,21.3691],[71.79463,21.36846],[71.79401,21.36767],[71.7941,21.36736],[71.7942,21.3666],[71.79387,21.36572],[71.79291,21.36494],[71.79195,21.36382],[71.79094,21.36378],[71.78979,21.36383],[71.78827,21.36394],[71.78645,21.36362],[71.78522,21.36347],[71.78418,21.36333],[71.78273,21.3631],[71.78236,21.36316],[71.78152,21.36354],[71.78074,21.36375],[71.77961,21.36234],[71.77929,21.36223],[71.77764,21.36183],[71.77563,21.3613],[71.77259,21.36052],[71.77011,21.35988],[71.76789,21.35924],[71.76539,21.35848],[71.76211,21.35749],[71.76049,21.35703],[71.75775,21.35613],[71.75489,21.35525],[71.75369,21.35484],[71.75347,21.35402],[71.7522,21.35352],[71.75103,21.35455],[71.75051,21.35494],[71.75008,21.35528],[71.74992,21.35479],[71.74964,21.35382],[71.74929,21.35305],[71.74887,21.35232],[71.74852,21.35147],[71.74733,21.34981],[71.74764,21.34945],[71.74722,21.34792],[71.74704,21.3471],[71.74716,21.3463],[71.74717,21.34482],[71.74711,21.34421],[71.74698,21.34356],[71.746,21.34285],[71.74685,21.34262],[71.7465,21.34021],[71.74591,21.33931],[71.74509,21.33835],[71.74419,21.33801],[71.74467,21.3367],[71.74434,21.33523],[71.74365,21.33452],[71.74204,21.33227],[71.74193,21.33193],[71.74211,21.33142],[71.74285,21.33114],[71.74517,21.33159],[71.74671,21.33185],[71.74928,21.33361],[71.75185,21.33387],[71.75421,21.33413],[71.75674,21.33325],[71.75786,21.33269],[71.76237,21.33269],[71.76539,21.33262],[71.76599,21.33259],[71.76676,21.33273],[71.76963,21.33339],[71.77013,21.33352],[71.77125,21.33352],[71.77164,21.33367],[71.77219,21.33341],[71.77282,21.33362],[71.77379,21.33308],[71.77416,21.33282],[71.77436,21.3326],[71.77456,21.33244],[71.77615,21.33158],[71.77737,21.33084],[71.77739,21.33064],[71.77743,21.32929],[71.77739,21.32863],[71.77721,21.32763],[71.77703,21.32685],[71.777,21.32662],[71.77704,21.32626],[71.77716,21.32597],[71.77785,21.32425],[71.77798,21.32393],[71.77818,21.32367],[71.77808,21.32362],[71.77817,21.32292],[71.77855,21.32124],[71.77894,21.32075],[71.77889,21.32063],[71.77862,21.31864],[71.7785,21.31782],[71.7776,21.31717],[71.77591,21.31626],[71.77482,21.3158],[71.77374,21.31505],[71.77217,21.31442],[71.77158,21.31396],[71.77027,21.31295],[71.76903,21.31234],[71.76766,21.3111],[71.76649,21.3104],[71.76696,21.30865],[71.76723,21.30749],[71.76729,21.30648],[71.76734,21.30567],[71.76773,21.3042],[71.76873,21.3026],[71.76916,21.3023],[71.76951,21.30209],[71.77008,21.30125],[71.7702,21.30095],[71.77021,21.30084],[71.77148,21.29948],[71.77186,21.29874],[71.77218,21.29803],[71.77342,21.2971],[71.77443,21.29596],[71.77455,21.29582],[71.77504,21.29524],[71.77632,21.29353],[71.77708,21.29251],[71.7773,21.29225],[71.7781,21.29099],[71.77762,21.29089],[71.77698,21.29046],[71.77638,21.29012],[71.77555,21.28974],[71.77497,21.28921],[71.77428,21.28873],[71.77362,21.28804],[71.77319,21.28749],[71.77263,21.28688],[71.77202,21.28632],[71.77147,21.28574],[71.77081,21.28491],[71.76979,21.28365],[71.76923,21.28296],[71.76893,21.28253],[71.76847,21.28184],[71.76823,21.28139],[71.76785,21.28097],[71.76731,21.2801],[71.76692,21.27959],[71.76676,21.27959],[71.76645,21.27934],[71.76585,21.27893],[71.76547,21.27861],[71.76556,21.27793],[71.76617,21.27763],[71.76624,21.27747],[71.7653,21.27671],[71.76511,21.27625],[71.76442,21.27547],[71.76353,21.27476],[71.76233,21.27322],[71.76215,21.27196],[71.76198,21.27118],[71.76131,21.27038],[71.76051,21.26997],[71.75969,21.27039],[71.75912,21.27068],[71.75837,21.27103],[71.75827,21.27167],[71.75763,21.27146],[71.75731,21.27142],[71.75715,21.27135],[71.75665,21.2715],[71.75638,21.27167],[71.75569,21.27181],[71.75508,21.27193],[71.75493,21.27206],[71.75459,21.27227],[71.75401,21.27252],[71.75332,21.27281],[71.75262,21.27307],[71.75238,21.2732],[71.75193,21.27337],[71.75136,21.27413],[71.75027,21.27482],[71.74959,21.27522],[71.74915,21.27549],[71.74869,21.27553],[71.74848,21.27565],[71.74823,21.27582],[71.7473,21.2761],[71.74664,21.27621],[71.7458,21.27637],[71.745,21.27654],[71.74456,21.27681],[71.74443,21.277],[71.74448,21.27732],[71.74424,21.27752],[71.74347,21.27899],[71.74334,21.27939],[71.74329,21.27996],[71.74309,21.28059],[71.74253,21.28057],[71.74255,21.28092],[71.74246,21.28253],[71.74182,21.28238],[71.7415,21.2829],[71.74146,21.28326],[71.74112,21.2837],[71.74124,21.28429],[71.74145,21.28459],[71.74198,21.28559],[71.74167,21.28624],[71.74165,21.2866],[71.74165,21.28703],[71.74232,21.28748],[71.74275,21.28733],[71.74317,21.28724],[71.74282,21.28786],[71.74241,21.28791],[71.74127,21.28808],[71.74059,21.28823],[71.74006,21.28858],[71.73984,21.28863],[71.73961,21.28888],[71.7388,21.2894],[71.73815,21.2899],[71.73775,21.29045],[71.7373,21.2917],[71.73706,21.29225],[71.73699,21.29238],[71.73642,21.29222],[71.73569,21.29198],[71.73458,21.29137],[71.73307,21.29132],[71.73144,21.2904],[71.73023,21.2894],[71.72913,21.28826],[71.72801,21.28732],[71.72717,21.28669],[71.72577,21.28552],[71.72543,21.28533],[71.72333,21.28463],[71.72313,21.28405],[71.72235,21.28388],[71.72157,21.28365],[71.72115,21.28293],[71.71983,21.28233],[71.71892,21.28197],[71.71841,21.28147],[71.71786,21.28123],[71.7174,21.28096],[71.71736,21.28043],[71.71681,21.28],[71.71628,21.2796],[71.71583,21.27946],[71.71545,21.27938],[71.71475,21.27897],[71.71444,21.27855],[71.71415,21.27821],[71.71404,21.27807],[71.7142,21.27729],[71.71415,21.27716],[71.71379,21.27683],[71.71387,21.27607],[71.71337,21.27562],[71.71364,21.27544],[71.71379,21.27501],[71.71374,21.27471],[71.7131,21.27436],[71.71139,21.27357],[71.71049,21.27328],[71.70952,21.27296],[71.70898,21.27275],[71.70799,21.27225],[71.70701,21.27174],[71.7064,21.27145],[71.70464,21.2707],[71.70414,21.2705],[71.70403,21.27019],[71.70376,21.26982],[71.70331,21.26957],[71.70205,21.26886],[71.70127,21.26925],[71.70041,21.26968],[71.69913,21.27056],[71.6978,21.26985],[71.69741,21.26962],[71.69676,21.26933],[71.69596,21.26898],[71.69583,21.26876],[71.69555,21.26853],[71.69492,21.26907],[71.69445,21.26961],[71.69392,21.27032],[71.69354,21.2704],[71.69254,21.27135],[71.69146,21.27196],[71.69145,21.27138],[71.69187,21.27069],[71.6921,21.27019],[71.69103,21.26932],[71.69138,21.26864],[71.69155,21.26817],[71.69076,21.26746],[71.69028,21.267],[71.68988,21.26629],[71.68939,21.26568],[71.68925,21.26559],[71.68875,21.26564],[71.68846,21.26532],[71.68852,21.26513],[71.68896,21.26503],[71.68905,21.26476],[71.68884,21.26455],[71.68845,21.26435],[71.68825,21.264],[71.68824,21.26397],[71.68822,21.26383],[71.68801,21.26314],[71.68788,21.26267],[71.68845,21.26242],[71.68909,21.2621],[71.68958,21.26171],[71.68982,21.2615],[71.69005,21.26014],[71.68973,21.2592],[71.69056,21.25751],[71.69059,21.25739],[71.68977,21.2563],[71.6898,21.25508],[71.68981,21.25452],[71.68945,21.25318],[71.68929,21.2528],[71.68891,21.25238],[71.68797,21.25233],[71.68699,21.25153],[71.68619,21.25127],[71.68546,21.25081],[71.68551,21.2502],[71.68532,21.2502],[71.685,21.25016],[71.68455,21.25003],[71.68409,21.24984],[71.68355,21.24965],[71.68354,21.24944],[71.68274,21.249],[71.68241,21.2488],[71.68175,21.24859],[71.68119,21.24831],[71.68087,21.24821],[71.68025,21.24812],[71.67931,21.24781],[71.67932,21.24766],[71.67913,21.24755],[71.67853,21.24748],[71.67755,21.24724],[71.67746,21.24727],[71.67719,21.24718],[71.67687,21.24705],[71.67677,21.24722],[71.67633,21.247],[71.67578,21.247],[71.67541,21.24701],[71.67467,21.24696],[71.67443,21.24721],[71.67395,21.24743],[71.67359,21.2473],[71.67314,21.24718],[71.67274,21.24698],[71.6722,21.24681],[71.67133,21.24671],[71.66955,21.24597],[71.668,21.24523],[71.66727,21.24512],[71.66476,21.24391],[71.66445,21.2438],[71.66404,21.2435],[71.66324,21.24314],[71.66241,21.24306],[71.66183,21.24285],[71.66145,21.24266],[71.6604,21.2426],[71.65956,21.24288],[71.65951,21.2428],[71.65899,21.24243],[71.65725,21.2409],[71.65693,21.24062],[71.6559,21.23979],[71.65557,21.23945],[71.65422,21.23816],[71.65289,21.23694],[71.65141,21.23562],[71.65004,21.23433],[71.649,21.23347],[71.6492,21.23284],[71.65004,21.23295],[71.65021,21.23253],[71.6502,21.23219],[71.64992,21.23182],[71.64975,21.23132],[71.64976,21.23067],[71.64912,21.23031],[71.64876,21.23005],[71.64823,21.22964],[71.64787,21.22914],[71.64748,21.22911],[71.64722,21.22841],[71.64728,21.22801],[71.64701,21.22742],[71.64694,21.227],[71.64674,21.22585],[71.6464,21.22591],[71.6456,21.22557],[71.64454,21.22516],[71.64344,21.22474],[71.64146,21.22416],[71.6407,21.22395],[71.64027,21.22366],[71.63931,21.22313],[71.63802,21.22257],[71.63707,21.22225],[71.63633,21.22207],[71.63575,21.222],[71.63523,21.22375],[71.63491,21.22483],[71.63381,21.22489],[71.63014,21.22506],[71.62866,21.22501],[71.62787,21.22461],[71.62753,21.22392],[71.62771,21.22338],[71.62788,21.22321],[71.62819,21.22329],[71.62807,21.22293],[71.6269,21.22209],[71.62614,21.22124],[71.62563,21.22096],[71.62554,21.22106],[71.6249,21.22053],[71.62407,21.21998],[71.62434,21.21992],[71.62462,21.2192],[71.62457,21.21855],[71.62453,21.21746],[71.62456,21.21667],[71.62478,21.21681],[71.62488,21.21625],[71.62492,21.21609],[71.62535,21.21595],[71.62563,21.21572],[71.6254,21.21543],[71.62498,21.21523],[71.6252,21.21488],[71.62542,21.21465],[71.62553,21.21442],[71.62559,21.21419],[71.62574,21.21397],[71.62614,21.21334],[71.62541,21.21287],[71.62487,21.21254],[71.62414,21.21199],[71.62367,21.21166],[71.62361,21.21137],[71.62347,21.2113],[71.62309,21.21103],[71.62242,21.21059],[71.62168,21.21007],[71.62106,21.20954],[71.6205,21.20906],[71.61999,21.20865],[71.61981,21.20848],[71.61946,21.20835],[71.61933,21.20816],[71.61914,21.20796],[71.61875,21.20762],[71.61818,21.20724],[71.61765,21.20689],[71.61716,21.20642],[71.61686,21.20613],[71.61668,21.20587],[71.6166,21.20578],[71.61617,21.20551],[71.61592,21.20539],[71.61568,21.2053],[71.61532,21.20507],[71.61501,21.20482],[71.61462,21.2045],[71.61435,21.20425],[71.61393,21.20398],[71.61398,21.20381],[71.6141,21.20353],[71.6143,21.20322],[71.61418,21.20314],[71.61395,21.20306],[71.61377,21.20276],[71.61361,21.20234],[71.61356,21.20197],[71.61353,21.20141],[71.6135,21.20121],[71.61302,21.20129],[71.61275,21.20115],[71.61246,21.20093],[71.61175,21.20038],[71.61132,21.20002],[71.61106,21.20025],[71.61077,21.20006],[71.6102,21.19958],[71.60955,21.19906],[71.6092,21.19878],[71.60905,21.19873],[71.60884,21.19864],[71.60828,21.19819],[71.60761,21.19766],[71.60689,21.19705],[71.60623,21.19655],[71.60612,21.1964],[71.60604,21.196],[71.60625,21.19575],[71.60667,21.19518],[71.60722,21.19443],[71.6076,21.19399],[71.60786,21.19367],[71.60812,21.19377],[71.60832,21.19357],[71.60845,21.19329],[71.60856,21.19286],[71.60857,21.19263],[71.60816,21.19236],[71.60786,21.19237],[71.60749,21.19229],[71.60717,21.19189],[71.60689,21.19174],[71.60639,21.19184],[71.60601,21.19203],[71.6056,21.19248],[71.60538,21.19255],[71.60487,21.19273],[71.60453,21.19314],[71.6042,21.19382],[71.6034,21.19318],[71.60313,21.19279],[71.60279,21.19257],[71.6022,21.19218],[71.60135,21.19159],[71.60075,21.19118],[71.60043,21.19134],[71.60028,21.19155],[71.59993,21.19205],[71.59967,21.19252],[71.59883,21.19242],[71.59831,21.19221],[71.59815,21.19268],[71.59767,21.19255],[71.59729,21.19227],[71.59675,21.19238],[71.596,21.19251],[71.59563,21.19256],[71.59495,21.19246],[71.59452,21.19207],[71.59408,21.19168],[71.59356,21.19113],[71.59304,21.19048],[71.59249,21.18976],[71.59205,21.19047],[71.5918,21.19081],[71.59147,21.19119],[71.59093,21.19153],[71.5907,21.19178],[71.5904,21.19207],[71.5901,21.1923],[71.58958,21.19224],[71.58949,21.19243],[71.58934,21.19256],[71.5891,21.19303],[71.58837,21.19308],[71.58804,21.1928],[71.58768,21.19261],[71.58666,21.19221],[71.58614,21.19198],[71.58582,21.19218],[71.58483,21.1919],[71.58437,21.19173],[71.58359,21.19166],[71.58335,21.19164],[71.58339,21.19187],[71.58366,21.19214],[71.58395,21.19235],[71.58373,21.19276],[71.58351,21.19307],[71.5832,21.19337],[71.58292,21.19403],[71.58252,21.19484],[71.58213,21.19556],[71.58194,21.19608],[71.58174,21.19627],[71.58168,21.19647],[71.58163,21.19686],[71.58143,21.19725],[71.58117,21.1972],[71.58106,21.19746],[71.58097,21.1978],[71.58086,21.19827],[71.58121,21.19839],[71.58166,21.19855],[71.5818,21.19873],[71.58195,21.19877],[71.58229,21.19885],[71.58217,21.1991],[71.58192,21.19977],[71.58173,21.20021],[71.58151,21.20077],[71.5813,21.20132],[71.58117,21.20167],[71.58085,21.20225],[71.5806,21.20274],[71.58028,21.20347],[71.58042,21.20357],[71.58033,21.20374],[71.58005,21.20429],[71.57983,21.20478],[71.57967,21.20525],[71.57934,21.20589],[71.57883,21.20575],[71.57823,21.20548],[71.57773,21.20534],[71.57765,21.2054],[71.57761,21.20561],[71.57763,21.20574],[71.57763,21.20623],[71.57791,21.20624],[71.57778,21.20645],[71.57761,21.2067],[71.57758,21.20695],[71.57742,21.20734],[71.57765,21.20741],[71.57796,21.20761],[71.57824,21.20774],[71.57852,21.20781],[71.57843,21.20808],[71.57832,21.20847],[71.57815,21.20889],[71.57797,21.20886],[71.57763,21.20871],[71.57742,21.2089],[71.57708,21.20881],[71.57669,21.20889],[71.57614,21.20913],[71.576,21.20945],[71.57593,21.20963],[71.57556,21.20976],[71.57527,21.20983],[71.57514,21.21001],[71.57486,21.21006],[71.57481,21.21029],[71.57405,21.21063],[71.5735,21.21074],[71.57347,21.21095],[71.57317,21.2112],[71.57269,21.21127],[71.57252,21.2112],[71.57227,21.2111],[71.57181,21.21091],[71.57167,21.21108],[71.57138,21.21101],[71.57112,21.21071],[71.57099,21.21053],[71.57053,21.21039],[71.57043,21.21066],[71.57026,21.21058],[71.56983,21.21067],[71.56934,21.21075],[71.56876,21.21071],[71.56842,21.21076],[71.56869,21.21133],[71.56895,21.21158],[71.56901,21.21167],[71.56852,21.21218],[71.56824,21.21251],[71.56868,21.2129],[71.56916,21.21341],[71.56938,21.21355],[71.56977,21.21378],[71.56996,21.2139],[71.57054,21.21439],[71.57113,21.21493],[71.57132,21.21505],[71.57206,21.21565],[71.57253,21.21608],[71.57318,21.21664],[71.57338,21.21689],[71.57376,21.21721],[71.5742,21.21764],[71.57473,21.2181],[71.57487,21.21828],[71.57542,21.21879],[71.5755,21.21891],[71.57591,21.21931],[71.57598,21.21945],[71.57628,21.21975],[71.57649,21.22003],[71.57652,21.22006],[71.57624,21.22026],[71.57611,21.22023],[71.57461,21.21934],[71.57389,21.21933],[71.57324,21.21936],[71.57265,21.21907],[71.57204,21.21905],[71.57116,21.21907],[71.57008,21.21917],[71.56992,21.21928],[71.56967,21.21927],[71.56922,21.21929],[71.56817,21.22013],[71.56744,21.22098],[71.56686,21.22178],[71.56668,21.22202],[71.56621,21.22204],[71.56551,21.22229],[71.565,21.2224],[71.56478,21.22241],[71.56459,21.22236],[71.56448,21.22284],[71.56448,21.22304],[71.56401,21.22323],[71.56388,21.22358],[71.56349,21.22349],[71.56338,21.22365],[71.56333,21.22397],[71.56322,21.22425],[71.56329,21.22433],[71.56316,21.22448],[71.56292,21.22451],[71.56235,21.22647],[71.56175,21.22633],[71.56141,21.22616],[71.56141,21.22597],[71.5612,21.22595],[71.56043,21.22564],[71.56021,21.22585],[71.55982,21.22709],[71.55972,21.22748],[71.56017,21.22755],[71.56004,21.22803],[71.55981,21.22898],[71.55878,21.22893],[71.55678,21.22823],[71.55633,21.22805],[71.55606,21.22786],[71.55508,21.2276],[71.55437,21.22741],[71.55423,21.22738],[71.5541,21.22754],[71.55413,21.22769],[71.5546,21.22795],[71.55486,21.22841],[71.55479,21.22853],[71.55498,21.22863],[71.55514,21.22849],[71.55503,21.22916],[71.5552,21.22946],[71.55521,21.2302],[71.55567,21.2307],[71.55575,21.23125],[71.55644,21.23179],[71.55736,21.23238],[71.55763,21.2326],[71.55731,21.23342],[71.55691,21.23412],[71.55657,21.23491],[71.55631,21.23554],[71.55572,21.23556],[71.5556,21.23634],[71.55555,21.2367],[71.55532,21.23764],[71.55518,21.23824],[71.55505,21.2386],[71.55536,21.23909],[71.55531,21.2398],[71.55554,21.24052],[71.5556,21.24098],[71.5557,21.24203],[71.55573,21.24271],[71.55576,21.24368],[71.55569,21.2441],[71.55562,21.24461],[71.55549,21.24508],[71.55541,21.24547],[71.55525,21.2459],[71.55525,21.24627],[71.55511,21.24645],[71.55522,21.24661],[71.55534,21.2469],[71.55583,21.24692],[71.55622,21.24728],[71.55634,21.24737],[71.55679,21.2481],[71.55693,21.24843],[71.5571,21.24869],[71.55729,21.24878],[71.55781,21.24954],[71.55721,21.25048],[71.55756,21.25085],[71.55842,21.25158],[71.55871,21.25182],[71.55876,21.25219],[71.55916,21.25268],[71.55982,21.25346],[71.56006,21.25365],[71.56069,21.25404],[71.56089,21.25452],[71.56079,21.25485],[71.56064,21.25562],[71.56049,21.25675],[71.55989,21.25637],[71.55928,21.25588],[71.55853,21.2554],[71.55816,21.2553],[71.5578,21.2557],[71.55761,21.2561],[71.55749,21.25643],[71.55751,21.25669],[71.5577,21.25737],[71.55734,21.25868],[71.55692,21.25909],[71.55554,21.25934],[71.55496,21.25917],[71.55428,21.25876],[71.55385,21.25856],[71.55373,21.25825],[71.55341,21.25828],[71.55331,21.25786],[71.55277,21.25755],[71.55211,21.25692],[71.55162,21.25624],[71.55224,21.25522],[71.55239,21.25472],[71.55187,21.25445],[71.55164,21.25444],[71.55081,21.25414],[71.54995,21.25371],[71.54931,21.25345],[71.54891,21.25328],[71.54875,21.25317],[71.54833,21.25303],[71.54793,21.25287],[71.54789,21.25296],[71.54766,21.25296],[71.54739,21.25362],[71.54697,21.25436],[71.54601,21.25393],[71.54541,21.25363],[71.545,21.25346],[71.54459,21.25455],[71.54437,21.25518],[71.54364,21.2554],[71.54374,21.2558],[71.54367,21.25586],[71.54351,21.25611],[71.54266,21.25621],[71.54223,21.25712],[71.54185,21.25768],[71.54163,21.25813],[71.54069,21.25792],[71.5405,21.25811],[71.54001,21.258],[71.5394,21.25964],[71.53927,21.25966],[71.53892,21.26053],[71.53847,21.2607],[71.53776,21.26097],[71.53745,21.26094],[71.53679,21.26051],[71.53678,21.26034],[71.536,21.25979],[71.53605,21.25959],[71.53576,21.25939],[71.53539,21.2593],[71.53496,21.25879],[71.53393,21.25848],[71.53347,21.25886],[71.53301,21.25938],[71.53225,21.26013],[71.53215,21.26016],[71.53197,21.26044],[71.53169,21.26038],[71.53142,21.26086],[71.53085,21.26133],[71.53072,21.26127],[71.53,21.26092],[71.52883,21.26024],[71.52795,21.25962],[71.52767,21.25972],[71.52733,21.25964],[71.52759,21.25915],[71.52801,21.2584],[71.52821,21.25765],[71.52824,21.25739],[71.52816,21.25724],[71.52871,21.2557],[71.52861,21.25526],[71.5283,21.25508],[71.52844,21.25436],[71.52784,21.25411],[71.52743,21.25377],[71.52679,21.25316],[71.52661,21.25303],[71.52642,21.25271],[71.52617,21.25265],[71.52601,21.25267],[71.52566,21.25245],[71.52559,21.25225],[71.52542,21.25217],[71.52517,21.25186],[71.52458,21.25157],[71.52415,21.25115],[71.52358,21.25075],[71.52343,21.25026],[71.52362,21.25014],[71.52367,21.25002],[71.52428,21.24896],[71.52464,21.24819],[71.52426,21.24798],[71.52382,21.24777],[71.5244,21.24678],[71.5244,21.24661],[71.52444,21.24609],[71.52347,21.24608],[71.52347,21.24599],[71.52365,21.24505],[71.52413,21.24364],[71.52433,21.24337],[71.52455,21.24273],[71.52482,21.24313],[71.52519,21.24339],[71.52532,21.24328],[71.52535,21.24296],[71.52594,21.2408],[71.52649,21.23884],[71.52629,21.23867],[71.52645,21.23771],[71.52661,21.23742],[71.52702,21.23539],[71.52722,21.23361],[71.5274,21.23258],[71.52751,21.23205],[71.5276,21.23109],[71.52791,21.22968],[71.52828,21.22776],[71.52751,21.2272],[71.52683,21.22663],[71.52665,21.22631],[71.52586,21.22564],[71.52509,21.22504],[71.52409,21.22404],[71.52336,21.22317],[71.52279,21.22272],[71.52263,21.22267],[71.52226,21.2224],[71.52222,21.22231],[71.5216,21.22178],[71.52081,21.22111],[71.52067,21.22106],[71.5203,21.22074],[71.5193,21.21978],[71.51857,21.21923],[71.51747,21.21854],[71.51731,21.21825],[71.51783,21.21752],[71.51835,21.21624],[71.51928,21.21435],[71.52003,21.21278],[71.52,21.21254],[71.52011,21.21225],[71.52066,21.2113],[71.52131,21.21127],[71.52125,21.2111],[71.52133,21.21101],[71.52195,21.21034],[71.52242,21.21002],[71.52244,21.20962],[71.52251,21.20901],[71.52277,21.20863],[71.52275,21.20816],[71.52293,21.20741],[71.52336,21.20743],[71.52358,21.20698],[71.52338,21.20688],[71.5234,21.20637],[71.52355,21.20635],[71.52377,21.20576],[71.52418,21.20454],[71.52416,21.20423],[71.52425,21.20383],[71.52392,21.20324],[71.52414,21.20271],[71.52423,21.2025],[71.52446,21.20187],[71.5249,21.20043],[71.52548,21.19897],[71.52583,21.19777],[71.52587,21.19746],[71.52594,21.19714],[71.52594,21.19691],[71.526,21.1964],[71.52639,21.19557],[71.52613,21.19445],[71.52585,21.19447],[71.52589,21.19402],[71.52607,21.19352],[71.52661,21.19209],[71.52568,21.19136],[71.52442,21.19073],[71.52229,21.18962],[71.52247,21.18957],[71.52275,21.18896],[71.52252,21.18885],[71.52287,21.18827],[71.5227,21.18822],[71.52268,21.18795],[71.52276,21.18781],[71.52293,21.18706],[71.52299,21.18668],[71.52308,21.1864],[71.52323,21.18626],[71.52401,21.18632],[71.52458,21.18638],[71.52479,21.1865],[71.52518,21.1867],[71.52541,21.18663],[71.52542,21.18639],[71.52555,21.18629],[71.52582,21.18617],[71.52589,21.18617],[71.52599,21.18595],[71.52611,21.18567],[71.52624,21.18548],[71.52601,21.18531],[71.52562,21.18504],[71.52547,21.18497],[71.52509,21.1849],[71.52472,21.18467],[71.5243,21.18439],[71.52336,21.18373],[71.5223,21.18297],[71.52096,21.18192],[71.52059,21.18211],[71.52003,21.18177],[71.51894,21.18106],[71.51784,21.18029],[71.51762,21.18006],[71.51711,21.1797],[71.5165,21.17932],[71.51666,21.17892],[71.51716,21.17784],[71.51745,21.17711],[71.51754,21.17673],[71.51678,21.17639],[71.51715,21.1753],[71.51592,21.17492],[71.51624,21.17424],[71.51669,21.17401],[71.51738,21.17357],[71.51788,21.17317],[71.51799,21.17301],[71.51864,21.17351],[71.51969,21.17393],[71.52053,21.17418],[71.52079,21.17382],[71.52146,21.17283],[71.52228,21.17288],[71.52267,21.17296],[71.52286,21.17262],[71.52397,21.1727],[71.52456,21.17279],[71.52476,21.17282],[71.52518,21.17297],[71.52558,21.17316],[71.52586,21.1732],[71.52626,21.17309],[71.52687,21.1728],[71.52701,21.17285],[71.52746,21.1731],[71.528,21.17331],[71.52909,21.1737],[71.52984,21.17395],[71.53078,21.17418],[71.53135,21.17418],[71.53159,21.17438],[71.5319,21.17428],[71.53212,21.1742],[71.53308,21.17453],[71.53394,21.17439],[71.53546,21.17537],[71.53627,21.17519],[71.53688,21.17554],[71.53742,21.17535],[71.53766,21.17535],[71.53792,21.17555],[71.53843,21.17607],[71.53868,21.17635],[71.53881,21.17643],[71.53895,21.17644],[71.53914,21.17638],[71.53942,21.17621],[71.53959,21.1761],[71.53997,21.17618],[71.54049,21.17626],[71.54087,21.17655],[71.54137,21.17703],[71.54203,21.17694],[71.54339,21.17653],[71.54407,21.17638],[71.54501,21.17596],[71.54557,21.17581],[71.54588,21.17576],[71.54614,21.17552],[71.54686,21.17477],[71.54699,21.17465],[71.54805,21.1746],[71.54856,21.17363],[71.54871,21.17255],[71.54871,21.17151],[71.54854,21.17141],[71.54842,21.1713],[71.54836,21.17104],[71.54856,21.17082],[71.54935,21.17007],[71.55004,21.16964],[71.55081,21.1692],[71.5509,21.16913],[71.55096,21.16908],[71.55166,21.16851],[71.55227,21.16821],[71.55319,21.16811],[71.55423,21.16717],[71.5543,21.167],[71.55409,21.16647],[71.55496,21.16497],[71.55537,21.16431],[71.55541,21.16351],[71.55506,21.16235],[71.55492,21.16171],[71.55467,21.1601],[71.55446,21.15958],[71.55452,21.15957],[71.55579,21.15934],[71.55632,21.15928],[71.55688,21.159],[71.55713,21.15898],[71.55723,21.15894],[71.55774,21.15876],[71.55846,21.15874],[71.55954,21.15901],[71.56083,21.15943],[71.56125,21.15957],[71.56211,21.15992],[71.56263,21.16016],[71.56288,21.16047],[71.56347,21.16064],[71.56399,21.16065],[71.56475,21.16052],[71.56522,21.16025],[71.56591,21.15983],[71.5662,21.16017],[71.56669,21.16004],[71.56707,21.15963],[71.56719,21.1597],[71.56776,21.15894],[71.56842,21.1583],[71.56875,21.15792],[71.56962,21.15691],[71.56975,21.15665],[71.56988,21.15643],[71.57021,21.15601],[71.57073,21.15543],[71.57139,21.15468],[71.57186,21.15429],[71.57236,21.15366],[71.5731,21.15266],[71.57367,21.15204],[71.57391,21.15171],[71.57411,21.15108],[71.57424,21.14996],[71.57472,21.15014],[71.57542,21.15027],[71.57642,21.15066],[71.57748,21.151],[71.57828,21.15133],[71.57905,21.15152],[71.57931,21.15117],[71.57975,21.15056],[71.58038,21.14994],[71.58115,21.14923],[71.58172,21.14875],[71.58193,21.14838],[71.5821,21.14805],[71.58184,21.1477],[71.58226,21.14748],[71.58267,21.14761],[71.58305,21.14774],[71.58356,21.14779],[71.58403,21.14793],[71.58434,21.148],[71.58476,21.14688],[71.58498,21.14637],[71.58533,21.14567],[71.58557,21.1452],[71.58617,21.14403],[71.58624,21.14387],[71.58813,21.14439],[71.58862,21.14334],[71.58956,21.14361],[71.59048,21.14404],[71.59077,21.14414],[71.59099,21.14344],[71.5912,21.14258],[71.5915,21.14173],[71.59168,21.14132],[71.59192,21.14062],[71.5922,21.13985],[71.59246,21.13928],[71.59253,21.13901],[71.59275,21.13871],[71.59257,21.13836],[71.59235,21.13775],[71.59233,21.13725],[71.59237,21.13653],[71.59256,21.13652],[71.59298,21.13626],[71.59336,21.13619],[71.59366,21.13609],[71.5941,21.13593],[71.59442,21.13598],[71.5947,21.1361],[71.59498,21.13622],[71.59544,21.13657],[71.59581,21.13672],[71.59612,21.13681],[71.59677,21.13692],[71.59744,21.13706],[71.59844,21.13718],[71.59897,21.13722],[71.59948,21.13722],[71.59978,21.13695],[71.6002,21.13656],[71.60038,21.13593],[71.60048,21.13588],[71.60082,21.1358],[71.6011,21.13582],[71.60192,21.13599],[71.60265,21.13608],[71.60322,21.1361],[71.60328,21.13557],[71.6033,21.13501],[71.60316,21.13492],[71.6028,21.13487],[71.60221,21.13477],[71.60199,21.13444],[71.6016,21.13425],[71.60203,21.13387],[71.60216,21.13374],[71.60228,21.13352],[71.6025,21.13307],[71.60281,21.13233],[71.60311,21.13181],[71.60343,21.13143],[71.60359,21.13092],[71.60385,21.13073],[71.6045,21.13032],[71.6047,21.12967],[71.60473,21.1293],[71.60482,21.12902],[71.60497,21.12908],[71.6051,21.12832],[71.60526,21.12754],[71.60543,21.12671],[71.60557,21.12612],[71.60579,21.12562],[71.60576,21.12527],[71.60584,21.1247],[71.606,21.12437],[71.60616,21.12392],[71.6064,21.12344],[71.60654,21.12319],[71.60667,21.12279],[71.60684,21.12274],[71.607,21.1225],[71.60723,21.12222],[71.60764,21.1219],[71.60797,21.12162],[71.60842,21.12139],[71.60867,21.12099],[71.60904,21.1207],[71.60987,21.1208],[71.60999,21.1207],[71.61027,21.12073],[71.61038,21.12061],[71.61079,21.12054],[71.61119,21.12044],[71.61167,21.12032],[71.61218,21.12022],[71.61223,21.11951],[71.61223,21.11926],[71.61227,21.11883],[71.61239,21.11827],[71.61256,21.11752],[71.61271,21.11667],[71.61308,21.11681],[71.61347,21.11689],[71.61401,21.11698],[71.61496,21.11717],[71.61497,21.11652],[71.61511,21.11627],[71.61505,21.11577],[71.61523,21.1158],[71.61523,21.11524],[71.61525,21.11448],[71.61526,21.11377],[71.6153,21.1135],[71.61533,21.11321],[71.61545,21.11273],[71.61565,21.11239],[71.61581,21.1124],[71.61654,21.11246],[71.61715,21.11248],[71.61737,21.11248],[71.61815,21.11253],[71.61884,21.11255],[71.61961,21.1126],[71.62051,21.11261],[71.62106,21.11264],[71.62127,21.11268],[71.62182,21.11278],[71.62224,21.11284],[71.6223,21.11286],[71.62238,21.11249],[71.62263,21.11183],[71.62287,21.11179],[71.62279,21.11139],[71.62287,21.11096],[71.62286,21.11073],[71.62273,21.11023],[71.62271,21.10977],[71.62263,21.10955],[71.62286,21.10943],[71.62295,21.10907],[71.62318,21.10811],[71.62348,21.10689],[71.62373,21.10576],[71.62393,21.10475],[71.62432,21.10472],[71.6245,21.10417],[71.62469,21.10346],[71.62452,21.10343],[71.62476,21.10267],[71.62509,21.10162],[71.62532,21.10086],[71.62566,21.1],[71.62586,21.09923],[71.62609,21.0986],[71.62637,21.09813],[71.62649,21.09778],[71.6266,21.09714],[71.62669,21.09624],[71.62678,21.09493],[71.62582,21.09461],[71.62499,21.09432],[71.62516,21.094],[71.62561,21.09346],[71.62624,21.09282],[71.62666,21.09247],[71.6274,21.0917],[71.62791,21.09126],[71.62836,21.09066],[71.6283,21.08999],[71.62834,21.08955],[71.62849,21.08947],[71.62898,21.08916],[71.62967,21.08886],[71.63,21.08844],[71.63009,21.0877],[71.63028,21.08742],[71.63043,21.08687],[71.63033,21.08635],[71.63077,21.08559],[71.63069,21.08524],[71.63009,21.08549],[71.62993,21.08539],[71.62915,21.08499],[71.62902,21.08508],[71.62868,21.08521],[71.62814,21.08538],[71.62776,21.08501],[71.62776,21.08467],[71.62791,21.0842],[71.62819,21.08343],[71.62809,21.0833],[71.62826,21.08271],[71.62835,21.08244],[71.62849,21.08222],[71.62833,21.08213],[71.62858,21.08154],[71.62824,21.08142],[71.62851,21.08044],[71.62875,21.07974],[71.62898,21.07907],[71.6291,21.07866],[71.62858,21.07878],[71.62808,21.07887],[71.62731,21.07893],[71.62738,21.07873],[71.62732,21.07868],[71.62682,21.07842],[71.62724,21.07756],[71.62754,21.07661],[71.62813,21.07675],[71.62816,21.07658],[71.62829,21.0755],[71.62837,21.07507],[71.62844,21.07449],[71.62857,21.07355],[71.62783,21.07302],[71.62739,21.07277],[71.62728,21.07258],[71.62705,21.07262],[71.6271,21.07238],[71.62723,21.07178],[71.62732,21.07113],[71.62731,21.07086],[71.62735,21.07036],[71.62734,21.06977],[71.62663,21.06964],[71.62608,21.06956],[71.62565,21.06948],[71.62533,21.06943],[71.62452,21.06927],[71.62373,21.0691],[71.62288,21.06885],[71.62215,21.06856],[71.62183,21.06849],[71.62175,21.06869],[71.62169,21.06894],[71.62148,21.06941],[71.62116,21.06934],[71.62091,21.06925],[71.62059,21.06917],[71.62046,21.06966],[71.62032,21.06988],[71.61979,21.0707],[71.61891,21.07045],[71.61891,21.07081],[71.61914,21.07143],[71.61915,21.07178],[71.61896,21.07232],[71.6188,21.07232],[71.61833,21.07229],[71.61793,21.07219],[71.6174,21.07204],[71.61755,21.0712],[71.61778,21.07014],[71.61765,21.07008],[71.6172,21.07007],[71.6169,21.07004],[71.61636,21.0701],[71.61631,21.07047],[71.61614,21.07115],[71.61603,21.07172],[71.6154,21.07153],[71.61468,21.07137],[71.61427,21.07128],[71.61434,21.07072],[71.61445,21.0702],[71.61445,21.07],[71.61449,21.06935],[71.61399,21.06943],[71.61324,21.06953],[71.61327,21.06982],[71.61286,21.06984],[71.61228,21.06989],[71.61229,21.06974],[71.61154,21.06984],[71.61107,21.06993],[71.6105,21.07004],[71.61001,21.07006],[71.60936,21.07018],[71.60941,21.06983],[71.6095,21.06926],[71.60918,21.06926],[71.60865,21.0693],[71.60799,21.06935],[71.60792,21.06914],[71.60774,21.06873],[71.60772,21.06833],[71.60768,21.06787],[71.60766,21.06719],[71.60735,21.06715],[71.60727,21.06708],[71.60732,21.06652],[71.60728,21.06631],[71.60731,21.06576],[71.60731,21.0652],[71.60732,21.06484],[71.60747,21.06427],[71.60765,21.06353],[71.60773,21.06317],[71.60782,21.06269],[71.60788,21.06199],[71.60802,21.06111],[71.60823,21.06],[71.60841,21.05888],[71.60845,21.05866],[71.6086,21.05839],[71.60867,21.05799],[71.6088,21.05752],[71.60857,21.05745],[71.60857,21.05726],[71.60872,21.05734],[71.60899,21.0569],[71.60931,21.05642],[71.60966,21.05603],[71.60971,21.05582],[71.60982,21.05545],[71.60992,21.05512],[71.61002,21.05482],[71.61035,21.05387],[71.61127,21.05347],[71.6113,21.05387],[71.612,21.05442],[71.61274,21.05502],[71.6133,21.05545],[71.61307,21.05619],[71.6135,21.05637],[71.61389,21.05653],[71.61441,21.05666],[71.61486,21.05686],[71.61536,21.05714],[71.61585,21.05745],[71.61654,21.05786],[71.61737,21.05832],[71.61832,21.05886],[71.6189,21.05909],[71.61943,21.05947],[71.61998,21.05979],[71.62021,21.0599],[71.62129,21.06007],[71.62205,21.06018],[71.62193,21.06035],[71.62266,21.06061],[71.62367,21.06085],[71.62439,21.06101],[71.62481,21.06109],[71.62551,21.06128],[71.62616,21.06135],[71.62694,21.06141],[71.6281,21.0615],[71.62885,21.06154],[71.62896,21.06139],[71.62892,21.0612],[71.62933,21.06112],[71.6297,21.06108],[71.63019,21.06108],[71.63032,21.06106],[71.63097,21.06095],[71.6314,21.06089],[71.63179,21.06079],[71.63206,21.06067],[71.63255,21.0606],[71.63305,21.06056],[71.63373,21.06053],[71.63393,21.06059],[71.63413,21.06057],[71.63455,21.06046],[71.63482,21.06033],[71.63524,21.06028],[71.63545,21.06017],[71.63561,21.05983],[71.63568,21.0594],[71.63563,21.05913],[71.63581,21.05916],[71.6359,21.05864],[71.63624,21.05855],[71.6366,21.05868],[71.63681,21.0587],[71.63704,21.05864],[71.63733,21.05873],[71.63738,21.05829],[71.63739,21.05792],[71.63744,21.0575],[71.63745,21.05695],[71.63751,21.05607],[71.63749,21.05554],[71.63749,21.05473],[71.63752,21.05382],[71.63789,21.05397],[71.63791,21.05397],[71.63818,21.05262],[71.63806,21.05236],[71.63814,21.05224],[71.63817,21.05197],[71.63828,21.0512],[71.63814,21.05048],[71.63833,21.04978],[71.63836,21.04879],[71.63842,21.04816],[71.63884,21.04751],[71.63891,21.0467],[71.63902,21.04619],[71.63912,21.04604],[71.63914,21.04596],[71.63901,21.04559],[71.63883,21.04502],[71.63875,21.04469],[71.63847,21.04445],[71.63844,21.04427],[71.63836,21.04392],[71.63846,21.04369],[71.63845,21.04358],[71.63833,21.04342],[71.63835,21.04309],[71.6385,21.04286],[71.63844,21.04251],[71.63832,21.0424],[71.6382,21.04235],[71.63786,21.04232],[71.63783,21.04227],[71.6378,21.04205],[71.63776,21.04198],[71.63754,21.04195],[71.63724,21.04195],[71.63702,21.04177],[71.63718,21.04161],[71.63712,21.0413],[71.63713,21.04114],[71.63708,21.04101],[71.63677,21.04084],[71.63617,21.04026],[71.63602,21.04015],[71.63598,21.0398],[71.63616,21.03905],[71.63637,21.03864],[71.63655,21.03803],[71.63685,21.0376],[71.63734,21.03664],[71.63765,21.03603],[71.63779,21.03556],[71.6381,21.0348],[71.63845,21.0342],[71.63855,21.03397],[71.63856,21.03338],[71.63863,21.03263],[71.63884,21.03242],[71.6389,21.03214],[71.63898,21.03167],[71.63922,21.0311],[71.6395,21.03049],[71.63972,21.02983],[71.63986,21.02927],[71.63995,21.02858],[71.64045,21.02873],[71.64054,21.02881],[71.64092,21.02881],[71.64133,21.02893],[71.64138,21.02871],[71.64159,21.02824],[71.64292,21.02856],[71.64387,21.02881],[71.64436,21.02892],[71.64462,21.02887],[71.64476,21.02861],[71.64478,21.02824],[71.64536,21.02832],[71.64602,21.02843],[71.6467,21.02863],[71.6473,21.02873],[71.64797,21.02891],[71.64852,21.02897],[71.64945,21.029],[71.64997,21.02892],[71.65052,21.029],[71.65123,21.02895],[71.65196,21.02894],[71.65279,21.02901],[71.65416,21.02922],[71.65482,21.02927],[71.65544,21.02939],[71.65665,21.02951],[71.65785,21.02967],[71.65886,21.02993],[71.65972,21.03014],[71.66059,21.03044],[71.6614,21.0308],[71.66168,21.03087],[71.66271,21.0311],[71.66354,21.0312],[71.66457,21.03121],[71.66525,21.03112],[71.66549,21.03108],[71.66544,21.03074],[71.66542,21.03001],[71.66523,21.02897],[71.66428,21.02831],[71.66383,21.02794],[71.66532,21.02485],[71.66641,21.02243],[71.66729,21.02036],[71.66798,21.01966],[71.66924,21.01906],[71.67027,21.01634],[71.67061,21.01535],[71.67091,21.01445],[71.67133,21.01274],[71.67144,21.01176],[71.67155,21.01098],[71.67201,21.00953],[71.67229,21.00907],[71.67233,21.00855],[71.67237,21.0069],[71.67248,21.0066],[71.67321,21.00567],[71.67387,21.00525],[71.67455,21.00473],[71.67481,21.00441],[71.67513,21.00396],[71.67573,21.00272],[71.67654,21.00181],[71.67675,21.00163],[71.67739,21.00049],[71.67807,20.99808],[71.67843,20.99647],[71.67836,20.99622],[71.67831,20.99608],[71.67824,20.99585],[71.67809,20.99555],[71.68279,20.9969],[71.68321,20.9974],[71.68327,20.99872],[71.68234,21.00063],[71.6813,21.00248],[71.68198,21.00396],[71.68263,21.00476],[71.68522,21.00642],[71.68666,21.00716],[71.68942,21.00806],[71.69219,21.00895],[71.69525,21.00988],[71.69712,21.01012],[71.69818,21.01036],[71.69986,21.01116],[71.70153,21.01222],[71.70562,21.01482],[71.70893,21.01686],[71.71052,21.01791],[71.71255,21.01905],[71.71441,21.01992],[71.71644,21.02056],[71.71805,21.02085],[71.71869,21.02085],[71.72164,21.02088],[71.72431,21.021],[71.72731,21.02099],[71.72791,21.021],[71.72814,21.02101],[71.72889,21.02081],[71.72963,21.02046],[71.72992,21.02026],[71.73027,21.01958],[71.73053,21.01911],[71.73112,21.01911],[71.73145,21.01942],[71.73164,21.01995],[71.73178,21.02049],[71.73233,21.02081],[71.7329,21.02085],[71.73385,21.02138],[71.7345,21.02175],[71.73584,21.02161],[71.73671,21.02044],[71.73734,21.01902],[71.73806,21.01801],[71.73895,21.01761],[71.7396,21.01753],[71.74028,21.01777],[71.741,21.01843],[71.74136,21.01914],[71.74162,21.01949],[71.74223,21.02007],[71.74285,21.02031],[71.74356,21.02034],[71.74384,21.01981],[71.74434,21.01972],[71.74483,21.0197],[71.74537,21.01999],[71.74595,21.02047],[71.74694,21.02065],[71.74779,21.0207],[71.74897,21.02006],[71.74975,21.02026],[71.75107,21.02071],[71.75138,21.02115],[71.75168,21.02172],[71.75215,21.02205],[71.75304,21.02239],[71.75416,21.02248],[71.75651,21.02247],[71.75755,21.02219],[71.75853,21.02186],[71.7596,21.02202],[71.7598,21.02181],[71.75953,21.02122],[71.76007,21.02086],[71.76079,21.02101],[71.76175,21.02138],[71.76247,21.02172],[71.76302,21.02164],[71.76355,21.02168],[71.76369,21.0219],[71.76366,21.02243],[71.76346,21.02299],[71.76321,21.02333],[71.76303,21.02393],[71.76278,21.02416],[71.76293,21.02484],[71.76362,21.02596],[71.76453,21.02677],[71.76528,21.02709],[71.76666,21.02746],[71.76779,21.02764],[71.76914,21.0275],[71.7695,21.02757],[71.77027,21.02821],[71.77095,21.02869],[71.77121,21.02896],[71.77144,21.02935],[71.77184,21.02961],[71.77323,21.02977],[71.77712,21.03001],[71.77968,21.03005],[71.78021,21.02998],[71.78054,21.02998],[71.78103,21.03061],[71.78191,21.03166],[71.78242,21.03246],[71.78247,21.03282],[71.7823,21.03319],[71.78167,21.03356],[71.78102,21.03409],[71.78073,21.03422],[71.77966,21.03427],[71.77852,21.03465],[71.77705,21.03587],[71.77627,21.03656],[71.77903,21.0386],[71.78167,21.04011],[71.78391,21.04101],[71.78596,21.04136],[71.78767,21.04091],[71.78891,21.04021],[71.78981,21.03904],[71.79027,21.03776],[71.79052,21.03645],[71.7907,21.03569],[71.79133,21.03534],[71.79294,21.03592],[71.79394,21.03699],[71.79444,21.03781],[71.79565,21.03868],[71.79764,21.03886],[71.80044,21.03885],[71.80144,21.03861],[71.80288,21.03902],[71.80384,21.0391],[71.80499,21.03834],[71.80569,21.0381],[71.80625,21.03952],[71.80595,21.04031],[71.80583,21.04134],[71.8056,21.04211],[71.80428,21.04298],[71.80355,21.04336],[71.80349,21.04403],[71.80251,21.04443],[71.80239,21.04572],[71.80263,21.04732],[71.79993,21.04737],[71.7986,21.04691],[71.7975,21.04746],[71.79566,21.04801],[71.79668,21.05724],[71.79729,21.05805],[71.79962,21.05846],[71.80093,21.05904],[71.80237,21.06002],[71.80425,21.06135],[71.80665,21.06306],[71.80811,21.06404],[71.81113,21.0662],[71.81246,21.06725],[71.81432,21.06817],[71.8162,21.06895],[71.81982,21.07003],[71.82196,21.07035],[71.82346,21.07025],[71.82496,21.06951],[71.82644,21.06914],[71.82752,21.06916],[71.82848,21.06964],[71.82912,21.0704],[71.83036,21.0717],[71.83218,21.07262],[71.83603,21.07397],[71.84054,21.0761],[71.84259,21.07704],[71.84458,21.07774],[71.84641,21.07787],[71.84889,21.07697],[71.85068,21.07768],[71.85037,21.07899],[71.85097,21.08014],[71.85181,21.0806],[71.85436,21.08191],[71.85392,21.08285],[71.85387,21.08316],[71.85398,21.08335],[71.85464,21.08358],[71.85543,21.08385],[71.85641,21.08438],[71.8571,21.08483],[71.85905,21.08617],[71.86049,21.08675],[71.86208,21.08696],[71.86385,21.08712],[71.8653,21.08742],[71.86687,21.08777],[71.86849,21.08831],[71.86965,21.08866],[71.87087,21.08888],[71.87322,21.08903],[71.87429,21.089],[71.87472,21.08865],[71.87594,21.08848],[71.8773,21.08886],[71.8786,21.08927],[71.87959,21.08975],[71.88049,21.09038],[71.88148,21.09138],[71.88261,21.0926],[71.88354,21.09328],[71.8847,21.09417],[71.88555,21.09553],[71.88662,21.0967],[71.88797,21.0983],[71.88849,21.0992],[71.8889,21.10013],[71.88858,21.10108],[71.88842,21.10138],[71.88816,21.10195],[71.88852,21.1025],[71.88978,21.10379],[71.8907,21.10476],[71.89203,21.10523],[71.894,21.10633],[71.895,21.10722],[71.89496,21.10781],[71.89516,21.10842],[71.89591,21.1087],[71.89735,21.10929],[71.89875,21.10964],[71.90124,21.1099],[71.90347,21.11022],[71.90669,21.11057],[71.91007,21.11097],[71.91315,21.1114],[71.91698,21.11201],[71.92045,21.11257],[71.92437,21.11201],[71.92489,21.11218],[71.92829,21.11457],[71.92992,21.11585],[71.9331,21.11613],[71.93752,21.11652],[71.93783,21.11508],[71.93815,21.11482],[71.93949,21.11452],[71.93981,21.11471],[71.94078,21.1167],[71.94067,21.11695],[71.93942,21.11793],[71.93946,21.11849],[71.93967,21.11929],[71.9402,21.11977],[71.94094,21.12027],[71.94154,21.12074],[71.9422,21.12102],[71.94313,21.12133],[71.94405,21.1215],[71.94434,21.12146],[71.94503,21.12121],[71.94593,21.12081],[71.94751,21.12029],[71.9479,21.12037],[71.94842,21.12053],[71.94892,21.12068],[71.95,21.12074],[71.95055,21.12079],[71.95079,21.12088],[71.95074,21.12139],[71.95076,21.12175],[71.95116,21.12224],[71.95157,21.12264],[71.95216,21.12291],[71.95267,21.12324],[71.95306,21.12336],[71.95443,21.12357],[71.95554,21.1236],[71.95716,21.12367],[71.95874,21.12386],[71.96035,21.12408],[71.96263,21.12394],[71.96536,21.12363],[71.96709,21.12346],[71.96907,21.12315],[71.97067,21.12278],[71.97136,21.1225],[71.97177,21.12207],[71.97263,21.12189],[71.97343,21.12209],[71.97407,21.1225],[71.97431,21.12305],[71.97414,21.12345],[71.97341,21.12454],[71.97273,21.12483],[71.97203,21.1251],[71.97182,21.1256],[71.97179,21.12698],[71.97235,21.12844],[71.97338,21.12952],[71.97436,21.1308],[71.97558,21.13268],[71.97637,21.1333],[71.97718,21.13355],[71.97836,21.13403],[71.9809,21.1356],[71.98236,21.13624],[71.98444,21.13691],[71.98732,21.13775],[71.99134,21.13888],[71.99371,21.13941],[71.99583,21.13962],[71.99867,21.13964],[72.00151,21.13961],[72.00249,21.13946],[72.00326,21.13896],[72.00389,21.13861],[72.00474,21.1382],[72.00592,21.14071],[72.00497,21.14156],[72.00412,21.14237],[72.00274,21.14214],[71.99804,21.14152],[71.9974,21.14174],[71.9966,21.14266],[71.99493,21.14575],[71.99343,21.14752],[71.99283,21.14829],[71.99195,21.15012],[71.99071,21.15046],[71.99055,21.15067],[71.99006,21.15066],[71.98669,21.1511],[71.98543,21.15127],[71.98369,21.15151],[71.98054,21.15193],[71.97771,21.1522],[71.97683,21.1524],[71.97638,21.15242],[71.97566,21.15257],[71.9743,21.15269],[71.97321,21.15284],[71.9719,21.15303],[71.97085,21.15309],[71.96984,21.15324],[71.96948,21.1536],[71.96975,21.15398],[71.97017,21.15467],[71.96993,21.15505],[71.96993,21.15542],[71.96966,21.15545],[71.96869,21.15539],[71.96838,21.15595],[71.96812,21.15647],[71.96764,21.15628],[71.9671,21.15602],[71.96666,21.15573],[71.9665,21.1557],[71.96595,21.15577],[71.9657,21.15615],[71.96561,21.15625],[71.96555,21.15727],[71.96555,21.15842],[71.9654,21.1588],[71.96688,21.15932],[71.96706,21.15939],[71.96769,21.15969],[71.96818,21.15997],[71.96823,21.16026],[71.96852,21.16059],[71.96864,21.16074],[71.96925,21.16183],[71.96993,21.16321],[71.97135,21.16435],[71.97237,21.16519],[71.97256,21.1655],[71.97286,21.1663],[71.97314,21.16693],[71.97336,21.16856],[71.97343,21.16935],[71.97282,21.16942],[71.97141,21.16971],[71.97012,21.16998],[71.96928,21.17017],[71.96798,21.17088],[71.96667,21.17154],[71.96606,21.17135],[71.96525,21.17184],[71.96447,21.17232],[71.96391,21.17216],[71.96293,21.17195],[71.96283,21.17184],[71.96247,21.17215],[71.96229,21.17224],[71.9622,21.17233],[71.96225,21.17282],[71.96225,21.17298],[71.96141,21.17329],[71.96093,21.1735],[71.96013,21.17369],[71.95965,21.17379],[71.95876,21.17382],[71.95845,21.17395],[71.95753,21.1742],[71.95676,21.1743],[71.95649,21.17436],[71.95602,21.17424],[71.95506,21.17466],[71.95383,21.17464],[71.95326,21.17468],[71.95282,21.17468],[71.95146,21.17536],[71.95129,21.17564],[71.95032,21.17544],[71.95015,21.17594],[71.95052,21.17598],[71.95043,21.17645],[71.95018,21.17649],[71.94978,21.17688],[71.94941,21.17726],[71.94898,21.17775],[71.94874,21.178],[71.94842,21.17806],[71.94818,21.17817],[71.94762,21.17861],[71.94725,21.17863],[71.94681,21.17946],[71.9468,21.17974],[71.94665,21.17986],[71.94586,21.18017],[71.94546,21.18039],[71.94453,21.18085],[71.94411,21.18089],[71.94396,21.18114],[71.94331,21.18143],[71.94288,21.18164],[71.9425,21.18211],[71.94186,21.18239],[71.9417,21.18243],[71.94118,21.18251],[71.94139,21.18266],[71.94166,21.18298],[71.94101,21.18327],[71.94092,21.18317],[71.9406,21.18307],[71.94015,21.18295],[71.93936,21.18248],[71.93863,21.18185],[71.93797,21.18137],[71.93788,21.18145],[71.93787,21.18145],[71.93756,21.18189],[71.93688,21.18255],[71.9361,21.18355],[71.93558,21.18411],[71.93504,21.18479],[71.93435,21.18563],[71.93366,21.18661],[71.93329,21.18717],[71.93296,21.18762],[71.93234,21.1883],[71.93198,21.18889],[71.93163,21.18936],[71.93154,21.18968],[71.93094,21.19006],[71.93065,21.19031],[71.93051,21.19079],[71.93027,21.1909],[71.92996,21.19115],[71.92968,21.1916],[71.92943,21.19174],[71.92917,21.19179],[71.92904,21.19175],[71.92892,21.19204],[71.92886,21.19245],[71.9287,21.19304],[71.92868,21.19356],[71.92879,21.19404],[71.92885,21.19458],[71.92896,21.19556],[71.92903,21.19602],[71.92903,21.19624],[71.92921,21.19659],[71.92935,21.19694],[71.92945,21.19736],[71.92951,21.19763],[71.92968,21.19801],[71.92983,21.19844],[71.92992,21.19853],[71.93033,21.19879],[71.93069,21.19908],[71.93129,21.19957],[71.93204,21.20012],[71.93261,21.20057],[71.93323,21.20112],[71.93389,21.20166],[71.93442,21.20214],[71.93462,21.20217],[71.9354,21.20278],[71.93593,21.20259],[71.93599,21.2027],[71.93655,21.20281],[71.93661,21.20395],[71.93669,21.20427],[71.93748,21.20423],[71.93762,21.20434],[71.93776,21.20476],[71.93804,21.20523],[71.93856,21.20568],[71.9391,21.20608],[71.93973,21.20652],[71.94046,21.20693],[71.94082,21.20711],[71.94118,21.2067],[71.94187,21.20758],[71.94234,21.20822],[71.94293,21.20873],[71.94304,21.20891],[71.94346,21.20952],[71.94278,21.2108],[71.94248,21.21122],[71.94239,21.21149],[71.94215,21.21181],[71.94161,21.2125],[71.94157,21.21269],[71.9412,21.21361],[71.9408,21.21454],[71.93953,21.21673],[71.93878,21.21817],[71.93861,21.21849],[71.93731,21.22073],[71.93652,21.22189],[71.9354,21.22211],[71.93456,21.22232],[71.93396,21.22238],[71.93316,21.22242],[71.93316,21.22243],[71.93325,21.22414],[71.93329,21.22471],[71.93345,21.22773],[71.93358,21.22974],[71.93359,21.23066],[71.93387,21.23283],[71.93445,21.23366],[71.93567,21.23523],[71.93656,21.23657],[71.93758,21.23796],[71.93843,21.23931],[71.93887,21.2401],[71.93901,21.24037],[71.93762,21.24053],[71.93681,21.24062],[71.93575,21.24077],[71.93508,21.24079],[71.93407,21.24107],[71.93379,21.24109],[71.93272,21.24153],[71.9321,21.24183],[71.93068,21.24231],[71.92955,21.24261],[71.9286,21.24289],[71.92743,21.24313],[71.9259,21.24361],[71.92504,21.24379],[71.9245,21.244],[71.9241,21.24406],[71.92352,21.24439],[71.92206,21.24512],[71.92174,21.2452],[71.92052,21.24535],[71.9187,21.2455],[71.91758,21.24545],[71.91757,21.24493],[71.9161,21.24473],[71.91567,21.24466],[71.91509,21.24429],[71.91373,21.24387],[71.91335,21.24369],[71.91205,21.24325],[71.91127,21.24312],[71.91013,21.24292],[71.90958,21.24279],[71.90865,21.24257],[71.90787,21.24234],[71.90717,21.2421],[71.90635,21.24192],[71.90506,21.24151],[71.90485,21.24144],[71.90439,21.24263],[71.90423,21.24379],[71.90444,21.24504],[71.90465,21.24567],[71.90554,21.24664],[71.9061,21.24774],[71.90671,21.25018],[71.90687,21.25127],[71.90685,21.25327],[71.90668,21.25441],[71.90631,21.25584],[71.90586,21.25681],[71.90539,21.25822],[71.90547,21.25994],[71.90572,21.26154],[71.90633,21.26274],[71.90635,21.26301],[71.90598,21.26415],[71.90563,21.26524],[71.90531,21.26604],[71.90518,21.26751],[71.90544,21.26938],[71.90542,21.27054],[71.90567,21.27195],[71.90565,21.27274],[71.90555,21.27369],[71.9053,21.27481],[71.90506,21.27581],[71.90441,21.27671],[71.90358,21.2778],[71.90313,21.27847],[71.90242,21.28114],[71.90209,21.28205],[71.90134,21.28256],[71.90045,21.28281],[71.89989,21.28291],[71.89875,21.28295],[71.89717,21.283],[71.89623,21.283],[71.89613,21.283],[71.89611,21.283],[71.89611,21.28301],[71.8961,21.28337]],[[71.64819,21.1162],[71.64935,21.1166],[71.65053,21.11695],[71.65062,21.11619],[71.65043,21.11611],[71.65046,21.1159],[71.65051,21.11513],[71.65051,21.11425],[71.65055,21.11404],[71.65081,21.11415],[71.65081,21.1129],[71.65107,21.11286],[71.65109,21.11228],[71.65178,21.11226],[71.65228,21.11229],[71.65261,21.11232],[71.65275,21.11134],[71.65283,21.11115],[71.65275,21.11022],[71.65258,21.10971],[71.65271,21.10932],[71.65285,21.10935],[71.653,21.10905],[71.65304,21.10883],[71.65337,21.10818],[71.65414,21.10694],[71.65478,21.10594],[71.65447,21.10578],[71.65427,21.10583],[71.65402,21.10564],[71.65383,21.10555],[71.65344,21.10537],[71.65309,21.10513],[71.65267,21.10493],[71.65269,21.10462],[71.65277,21.10441],[71.65286,21.10423],[71.65296,21.10396],[71.65301,21.10366],[71.65315,21.10299],[71.6532,21.10245],[71.65324,21.10216],[71.65323,21.10183],[71.65343,21.10186],[71.65349,21.10143],[71.65349,21.10086],[71.65358,21.10042],[71.65364,21.09914],[71.65377,21.09825],[71.65262,21.09815],[71.65207,21.09941],[71.65168,21.10042],[71.65124,21.10188],[71.651,21.10267],[71.65069,21.10349],[71.65043,21.10336],[71.64962,21.10304],[71.64927,21.10286],[71.6495,21.1023],[71.64873,21.10209],[71.64871,21.10153],[71.64885,21.10109],[71.64852,21.10096],[71.64861,21.10047],[71.64828,21.10025],[71.6485,21.09951],[71.64733,21.09917],[71.64764,21.09811],[71.64801,21.09723],[71.64908,21.09758],[71.64947,21.09676],[71.64999,21.09683],[71.65023,21.09589],[71.6502,21.09509],[71.65016,21.09473],[71.64953,21.09508],[71.64936,21.09511],[71.6487,21.09531],[71.64832,21.09544],[71.64786,21.09565],[71.64735,21.09542],[71.64671,21.09507],[71.6462,21.09494],[71.64502,21.09455],[71.64455,21.09439],[71.6431,21.09395],[71.64294,21.09392],[71.6427,21.0938],[71.64334,21.09226],[71.64349,21.09189],[71.64294,21.09155],[71.64199,21.0909],[71.64181,21.09075],[71.64189,21.09047],[71.64155,21.09032],[71.6416,21.09009],[71.641,21.08984],[71.64062,21.08966],[71.64024,21.08918],[71.6403,21.08894],[71.64007,21.08885],[71.64008,21.08848],[71.6399,21.08836],[71.6395,21.08821],[71.63937,21.08833],[71.6391,21.08857],[71.6388,21.08878],[71.63852,21.08916],[71.63829,21.08926],[71.63805,21.08958],[71.63771,21.09021],[71.6374,21.09092],[71.63724,21.09162],[71.63712,21.09208],[71.63685,21.09212],[71.63638,21.09223],[71.63585,21.09229],[71.63586,21.09241],[71.63565,21.09229],[71.63551,21.09256],[71.63486,21.09254],[71.63472,21.09313],[71.63445,21.09312],[71.63427,21.09438],[71.6348,21.09444],[71.63544,21.09452],[71.63553,21.09436],[71.63577,21.0945],[71.63625,21.09455],[71.63699,21.09468],[71.63668,21.09562],[71.63654,21.09604],[71.6362,21.096],[71.63568,21.09583],[71.63558,21.09642],[71.63624,21.09655],[71.6366,21.09658],[71.63719,21.09677],[71.63738,21.09679],[71.63737,21.09652],[71.63836,21.09665],[71.63847,21.0965],[71.63943,21.09657],[71.63946,21.09542],[71.64005,21.09542],[71.64019,21.09571],[71.64056,21.09624],[71.6407,21.09597],[71.64132,21.09632],[71.64172,21.09653],[71.64229,21.09687],[71.64309,21.09746],[71.64329,21.0976],[71.64387,21.09795],[71.64316,21.09858],[71.64294,21.09882],[71.64249,21.09938],[71.6422,21.09976],[71.64154,21.10032],[71.64096,21.10077],[71.6408,21.10067],[71.64019,21.09915],[71.63943,21.09915],[71.63883,21.09908],[71.63829,21.09895],[71.63739,21.09871],[71.637,21.09867],[71.63625,21.09864],[71.63618,21.09875],[71.63573,21.09879],[71.63466,21.09873],[71.63443,21.09855],[71.63379,21.09798],[71.63329,21.09745],[71.63306,21.09713],[71.63282,21.0968],[71.63267,21.09629],[71.63272,21.0958],[71.63261,21.09578],[71.63156,21.09559],[71.63066,21.0954],[71.63018,21.0953],[71.62994,21.09591],[71.62958,21.09703],[71.62913,21.09849],[71.62827,21.09825],[71.62814,21.09874],[71.62857,21.09881],[71.62841,21.09924],[71.62906,21.09972],[71.63005,21.10034],[71.6306,21.10022],[71.63124,21.10008],[71.63334,21.0996],[71.6334,21.09971],[71.63359,21.09995],[71.63384,21.10042],[71.63401,21.10099],[71.63423,21.10162],[71.63424,21.10226],[71.63468,21.10166],[71.63507,21.10172],[71.63523,21.10207],[71.63548,21.10264],[71.63558,21.10271],[71.63622,21.10323],[71.63652,21.10345],[71.63666,21.10346],[71.63759,21.10345],[71.63855,21.10342],[71.63913,21.10341],[71.63999,21.10348],[71.64061,21.10354],[71.64101,21.10362],[71.64128,21.10387],[71.64119,21.10403],[71.64129,21.10443],[71.64116,21.10481],[71.64116,21.10508],[71.64116,21.10552],[71.64071,21.10551],[71.63993,21.10539],[71.63953,21.10534],[71.63919,21.10519],[71.63901,21.10517],[71.63861,21.1052],[71.63837,21.10539],[71.63833,21.10572],[71.6383,21.10614],[71.63837,21.10629],[71.6387,21.10638],[71.63922,21.10662],[71.63953,21.10672],[71.6403,21.10715],[71.64071,21.10737],[71.64051,21.10825],[71.64026,21.1082],[71.64007,21.10869],[71.64027,21.10876],[71.64025,21.10889],[71.64006,21.10934],[71.63995,21.10979],[71.64055,21.11008],[71.64102,21.11024],[71.6418,21.11053],[71.6425,21.11082],[71.64258,21.11072],[71.64288,21.1099],[71.64319,21.10997],[71.6433,21.10956],[71.64407,21.10974],[71.64392,21.1102],[71.64497,21.11063],[71.64466,21.1113],[71.64458,21.11165],[71.64545,21.11224],[71.6459,21.11251],[71.64622,21.11266],[71.64653,21.11283],[71.64709,21.1132],[71.64745,21.11359],[71.64803,21.11404],[71.64838,21.11434],[71.64832,21.11518],[71.64819,21.1162]]]},"properties":{"Taluka":"Mahuva","District":"Bhavnagar","Dist_Id":"14","Taluka_Id":"14011"}}
]}